Relative_Path,Axis,COM_Before_X,COM_Before_Y,COM_Before_Z,Shift_X,Shift_Y,Shift_Z,COM_After_X,COM_After_Y,COM_After_Z
r0\t0\t0_120.cif,1,9.133616609936462,5.012004858442436,8.335969816072875,0.0,-5.012004858442436,0.0,9.58506208786094,9.01998193812,8.335969816072875
r0\t0\t0_0.cif,1,9.073496878882091,4.948755953355749,8.722642626715983,0.0,-4.948755953355749,0.0,9.55902108673347,9.803558826404037,8.722642626715983
r0\t0\t0_180.cif,1,9.369212476224655,4.825243769478932,9.514740004310518,0.0,-4.825243769478932,0.0,9.896710782124275,9.959813347878281,9.514740004310518
r0\t0\t0_160.cif,1,9.260654951717308,4.881080974222897,9.241198596185118,0.0,-4.881080974222897,0.0,9.744027198538655,8.905805250541672,9.241198596185118
r0\t0\t0_100.cif,1,8.783768333656123,4.929436160504084,8.262515917628306,0.0,-4.929436160504084,0.0,9.312883374603345,8.893339155170409,8.262515917628306
r0\t0\t0_140.cif,1,9.286476905010499,5.014703704358344,8.746530313384703,0.0,-5.014703704358344,0.0,9.861781591495872,9.93901391493788,8.746530313384703
r0\t0\t0_20.cif,1,9.207775591524044,5.188038510366444,8.784862110628582,0.0,-5.188038510366444,0.0,9.958445531532698,11.16088337453294,8.784862110628582
r0\t0\t0_200.cif,1,9.389732736625273,4.723528023930791,9.676821438996315,0.0,-4.723528023930791,0.0,9.892860014193193,9.476307176675643,9.676821438996315
r0\t0\t0_220.cif,1,10.520473775788282,4.94427986115686,8.857063438522621,0.0,-4.94427986115686,0.0,10.707644640612035,8.158109338400683,8.857063438522621
r0\t0\t0_240.cif,1,11.074189815072376,5.662435723503938,8.121193232416633,0.0,-5.662435723503938,0.0,11.382764825713572,10.940549430672254,8.121193232416633
r0\t0\t0_280.cif,1,9.138085023348744,5.05616992811158,8.507728787584401,0.0,-5.05616992811158,0.0,9.593212827567394,9.081267572938373,8.507728787584401
r0\t0\t0_260.cif,1,9.40038171293747,4.804339275886433,8.577345516841417,0.0,-4.804339275886433,0.0,9.762430408456568,7.523890408439247,8.577345516841417
r0\t0\t0_320.cif,1,9.250145884316911,4.855997728894845,8.451333555914852,0.0,-4.855997728894845,0.0,9.616296453929827,8.479503403626703,8.451333555914852
r0\t0\t0_300.cif,1,9.162800766091095,4.998865708229221,8.507884968147486,0.0,-4.998865708229221,0.0,9.588665262364316,8.367764954185509,8.507884968147486
r0\t0\t0_80.cif,1,8.860059102282367,5.335309978866771,8.416455865619866,0.0,-5.335309978866771,0.0,9.825949683948963,10.743397372164264,8.416455865619866
r0\t0\t0_40.cif,1,9.151409638546458,4.862752092786094,9.103949267750684,0.0,-4.862752092786094,0.0,9.824353464085165,9.33341863068885,9.103949267750684
r0\t1.2\t1.2_100.cif,1,9.242075426256607,4.428730586100992,8.413788024023358,0.0,-4.428730586100992,0.0,9.018254441371246,5.541389974745518,8.413788024023358
r0\t0\t0_340.cif,1,9.36223894761758,4.909739234195309,8.567009553123953,0.0,-4.909739234195309,0.0,10.0359289591228,9.94852213257366,8.567009553123953
r0\t0\t0_60.cif,1,9.180593465361355,4.880490205566851,8.943744712434919,0.0,-4.880490205566851,0.0,9.749043460692754,8.946039744396357,8.943744712434919
r0\t1.2\t1.2_0.cif,1,8.954770962137337,4.888216974094231,9.002088232826761,0.0,-4.888216974094231,0.0,9.322762850126034,10.253680210804818,9.002088232826761
r0\t1.2\t1.2_140.cif,1,9.232769014743843,5.191713535015921,8.550005615005384,0.0,-5.191713535015921,0.0,9.489862577965411,10.361936309070641,8.550005615005384
r0\t1.2\t1.2_180.cif,1,9.257160927564849,4.812507979917774,9.493624357739938,0.0,-4.812507979917774,0.0,9.332030417318268,9.249668509076237,9.493624357739938
r0\t1.2\t1.2_120.cif,1,9.001044887369671,4.879132733682429,8.371896518116953,0.0,-4.879132733682429,0.0,9.010182756887492,8.487486828991447,8.371896518116953
r0\t1.2\t1.2_220.cif,1,9.752171738466142,4.81290540468245,9.014980303927967,0.0,-4.81290540468245,0.0,9.68440982495217,7.878726333915534,9.014980303927967
r0\t1.2\t1.2_160.cif,1,9.157203127301043,4.9525050671985715,9.119980858374717,0.0,-4.9525050671985715,0.0,9.276452033207553,9.023484739947504,9.119980858374717
r0\t1.2\t1.2_20.cif,1,9.087130635887345,4.882727550516438,9.291705950893942,0.0,-4.882727550516438,0.0,9.18422166645442,10.181719069396989,9.291705950893942
r0\t1.2\t1.2_200.cif,1,9.340607662105153,4.889282837837081,9.555363020273576,0.0,-4.889282837837081,0.0,9.465957761154208,10.536302479004917,9.555363020273576
r0\t1.2\t1.2_260.cif,1,10.011416825245067,5.650733423642437,8.123344527423349,0.0,-5.650733423642437,0.0,10.233719235244642,11.205442335914547,8.123344527423349
r0\t1.2\t1.2_280.cif,1,9.276517472214602,5.172297106802852,8.470380351630261,0.0,-5.172297106802852,0.0,9.739764172696649,9.468284436047263,8.470380351630261
r0\t1.2\t1.2_340.cif,1,8.722121524372547,5.011388511411326,8.713739844782417,0.0,-5.011388511411326,0.0,9.375918121388855,10.63659768000282,8.713739844782417
r0\t1.2\t1.2_240.cif,1,10.145337839465304,5.500350962185252,8.308017054734913,0.0,-5.500350962185252,0.0,10.267008110645826,10.513116291275672,8.308017054734913
r0\t1.2\t1.2_320.cif,1,8.924791046960141,5.043504190034872,8.490548023967131,0.0,-5.043504190034872,0.0,9.496686913834974,9.894440078777873,8.490548023967131
r0\t1.2\t1.2_40.cif,1,8.947183637602754,4.6911836103215645,9.417464918679629,0.0,-4.6911836103215645,0.0,9.287544887013146,8.772915257200372,9.417464918679629
r0\t2.4\t2.4_100.cif,1,9.627742941892967,4.4630262432307966,8.493736274740932,0.0,-4.4630262432307966,0.0,9.84882997924857,5.838994250177325,8.493736274740932
r0\t1.2\t1.2_300.cif,1,9.17699294397473,5.03831638945409,8.483399497299171,0.0,-5.03831638945409,0.0,9.599632416229571,8.385068654009885,8.483399497299171
r0\t2.4\t2.4_0.cif,1,9.038579671447886,4.73887771338292,9.222689844080444,0.0,-4.73887771338292,0.0,9.311202874287666,9.21757200637311,9.222689844080444
r0\t1.2\t1.2_80.cif,1,9.249007465820732,4.87016286099194,8.978998602105364,0.0,-4.87016286099194,0.0,9.691761443080859,9.83710470303189,8.978998602105364
r0\t2.4\t2.4_120.cif,1,9.437664200308493,4.958399191600923,8.39054170029747,0.0,-4.958399191600923,0.0,9.662636145647662,8.246836553718882,8.39054170029747
r0\t1.2\t1.2_60.cif,1,8.959580073915728,4.625255668073456,9.076377792429751,0.0,-4.625255668073456,0.0,9.24649007056799,7.861640534639559,9.076377792429751
r0\t2.4\t2.4_140.cif,1,9.223494329724232,5.249054025395625,8.467171380705306,0.0,-5.249054025395625,0.0,9.738421032571933,10.280353845459127,8.467171380705306
r0\t2.4\t2.4_180.cif,1,9.30387993969454,4.801338774896226,9.44911827701196,0.0,-4.801338774896226,0.0,9.643349819735947,9.296939948255249,9.44911827701196
r0\t2.4\t2.4_160.cif,1,9.231505141538275,4.958788890052876,9.015387171274813,0.0,-4.958788890052876,0.0,9.662737719884614,8.651286852282736,9.015387171274813
r0\t2.4\t2.4_20.cif,1,9.265905346261466,4.823023089328872,9.40755491512338,0.0,-4.823023089328872,0.0,9.664867666962621,10.053402272208597,9.40755491512338
r0\t2.4\t2.4_200.cif,1,9.381123283793087,4.925913116190196,9.445928860103779,0.0,-4.925913116190196,0.0,9.743945896318401,10.1915553664885,9.445928860103779
r0\t2.4\t2.4_240.cif,1,9.197250390771696,5.024538758006907,9.134091963430139,0.0,-5.024538758006907,0.0,9.733259560916892,9.965196688149938,9.134091963430139
r0\t2.4\t2.4_220.cif,1,10.040695693787816,5.511291236926003,8.539947390947992,0.0,-5.511291236926003,0.0,10.31289373161846,12.210155105370307,8.539947390947992
r0\t2.4\t2.4_320.cif,1,9.479751098878959,5.285611088214561,8.486101169526021,0.0,-5.285611088214561,0.0,9.84882913884823,10.77772353551119,8.486101169526021
r0\t2.4\t2.4_280.cif,1,9.551452800199225,5.432452547859352,8.306928350284343,0.0,-5.432452547859352,0.0,9.876999053639578,10.491642107087477,8.306928350284343
r0\t2.4\t2.4_260.cif,1,9.6281126265122,5.602180849484555,8.190165391700459,0.0,-5.602180849484555,0.0,10.05238725314209,11.14162328560779,8.190165391700459
r0\t2.4\t2.4_300.cif,1,9.385865951351775,5.156251629493499,8.449925315790628,0.0,-5.156251629493499,0.0,9.696034162950806,9.120900631675916,8.449925315790628
r0\t2.4\t2.4_340.cif,1,9.136688453121003,5.027386769228693,8.87520559189657,0.0,-5.027386769228693,0.0,9.358058894624959,10.451202535348065,8.87520559189657
r0\t2.4\t2.4_60.cif,1,9.308198714988125,4.4826115361995935,9.148216157333563,0.0,-4.4826115361995935,0.0,9.552495610487778,7.438693360342292,9.148216157333563
r0\t2.4\t2.4_40.cif,1,9.364667964196286,4.5334564266469775,9.53507566783379,0.0,-4.5334564266469775,0.0,9.671869328126034,7.8137017569770295,9.53507566783379
r0\t2.4\t2.4_80.cif,1,9.626338091141186,4.5056408701161885,9.014716522503734,0.0,-4.5056408701161885,0.0,9.89268414508285,7.535500986195635,9.014716522503734
r0\t3.6\t3.6_100.cif,1,10.188350132820263,5.01315161878299,8.158199226744642,0.0,-5.01315161878299,0.0,10.496893076427753,9.011418471893384,8.158199226744642
r0\t3.6\t3.6_120.cif,1,9.188753986120838,5.02527094040652,8.402900531292719,0.0,-5.02527094040652,0.0,9.246875994109692,9.333244396313516,8.402900531292719
r0\t3.6\t3.6_0.cif,1,9.487201513025918,4.943928286445045,8.970897762865906,0.0,-4.943928286445045,0.0,9.745254443139789,9.82618090393042,8.970897762865906
r0\t3.6\t3.6_140.cif,1,8.906673105637504,5.1802426187480375,8.54333064700763,0.0,-5.1802426187480375,0.0,9.20259555047537,10.191993698044676,8.54333064700763
r0\t3.6\t3.6_160.cif,1,8.846855949616483,4.877105148277212,9.059427952998874,0.0,-4.877105148277212,0.0,8.974884134222286,8.610256776112946,9.059427952998874
r0\t3.6\t3.6_200.cif,1,8.974630090565105,5.268339929485271,9.192573626398119,0.0,-5.268339929485271,0.0,9.458924475887686,12.726692200911774,9.192573626398119
r0\t3.6\t3.6_220.cif,1,9.277605183187394,5.555360846917813,8.543130410077767,0.0,-5.555360846917813,0.0,9.50680964488764,12.222150889057822,8.543130410077767
r0\t3.6\t3.6_180.cif,1,8.98098345748734,4.840586006708782,9.399505852849375,0.0,-4.840586006708782,0.0,9.22733157859116,9.348978118152267,9.399505852849375
r0\t3.6\t3.6_20.cif,1,9.127910532671576,4.79575068943749,9.355541321296014,0.0,-4.79575068943749,0.0,9.45233673344211,9.29709967629277,9.355541321296014
r0\t3.6\t3.6_260.cif,1,9.163531290685642,5.531287985543222,8.250021217574675,0.0,-5.531287985543222,0.0,9.771813562455566,11.099822821131648,8.250021217574675
r0\t3.6\t3.6_240.cif,1,9.291072625662727,5.490760644114868,8.406104911542641,0.0,-5.490760644114868,0.0,9.798210455249574,11.266488105140418,8.406104911542641
r0\t3.6\t3.6_320.cif,1,9.630494198238914,5.190322997543258,8.458008120046198,0.0,-5.190322997543258,0.0,9.991080193720682,9.935154006928505,8.458008120046198
r0\t3.6\t3.6_340.cif,1,9.66830136421713,5.25148918389974,8.642291031905883,0.0,-5.25148918389974,0.0,10.058613839223066,10.987407316214508,8.642291031905883
r0\t3.6\t3.6_300.cif,1,9.747443984184567,5.631575003079416,8.157186590371916,0.0,-5.631575003079416,0.0,10.246816174626392,11.015796859189377,8.157186590371916
r0\t3.6\t3.6_280.cif,1,9.54431068540548,5.476354783002658,8.276156574035712,0.0,-5.476354783002658,0.0,10.104673278405311,10.529790964284915,8.276156574035712
r0\t3.6\t3.6_60.cif,1,9.242000470208712,4.447497051070123,8.999086786607819,0.0,-4.447497051070123,0.0,9.278401668125083,6.801504687900755,8.999086786607819
r0\t4.8\t4.8_0.cif,1,10.054309949663496,5.318966814153588,8.575438002061452,0.0,-5.318966814153588,0.0,10.274147886801998,11.798802154948488,8.575438002061452
r0\t3.6\t3.6_80.cif,1,9.858471620629953,4.636391429956142,8.558494485965173,0.0,-4.636391429956142,0.0,10.038273066660128,7.3514049904155865,8.558494485965173
r0\t3.6\t3.6_40.cif,1,9.140003467626045,4.573417962221593,9.584105812149163,0.0,-4.573417962221593,0.0,9.488009311722559,8.632327810768107,9.584105812149163
r0\t4.8\t4.8_100.cif,1,9.920287578644439,5.279343782211445,8.032837431828023,0.0,-5.279343782211445,0.0,10.439052854037058,10.491055623112361,8.032837431828023
r0\t4.8\t4.8_120.cif,1,9.942870368837562,5.462530729712318,8.112073803544451,0.0,-5.462530729712318,0.0,10.281038640970541,11.339956103683628,8.112073803544451
r0\t4.8\t4.8_140.cif,1,9.84803639360132,5.278983268531591,8.445462071511805,0.0,-5.278983268531591,0.0,10.164406695031268,10.209300136054487,8.445462071511805
r0\t4.8\t4.8_160.cif,1,9.406005082514467,4.8799924448664,9.068438722567265,0.0,-4.8799924448664,0.0,9.367332662977654,8.594103964193073,9.068438722567265
r0\t4.8\t4.8_200.cif,1,9.136572127546971,5.2610938182457945,9.184721914947671,0.0,-5.2610938182457945,0.0,9.578097116051435,12.380390098538038,9.184721914947671
r0\t4.8\t4.8_20.cif,1,9.301022900715639,4.866140603464078,9.209434247585826,0.0,-4.866140603464078,0.0,9.843136294180475,9.445447118746678,9.209434247585826
r0\t4.8\t4.8_220.cif,1,8.905683547798718,5.607916506166066,8.54724890953803,0.0,-5.607916506166066,0.0,9.587009500112167,13.024305854013038,8.54724890953803
r0\t4.8\t4.8_180.cif,1,9.171983844551209,4.886240843633853,9.298899393236455,0.0,-4.886240843633853,0.0,9.473326646466884,9.453883026631193,9.298899393236455
r0\t4.8\t4.8_240.cif,1,9.365507147243383,5.434475178381835,8.454577486600911,0.0,-5.434475178381835,0.0,10.013047997301143,10.371510408725952,8.454577486600911
r0\t4.8\t4.8_260.cif,1,9.190278144541843,5.224363032386223,8.4214082715926,0.0,-5.224363032386223,0.0,9.700585462205387,9.632106147212633,8.4214082715926
r0\t4.8\t4.8_280.cif,1,9.28370330346354,5.180508108755754,8.384756361592675,0.0,-5.180508108755754,0.0,9.744718867605394,9.55767588414702,8.384756361592675
r0\t4.8\t4.8_300.cif,1,9.262386643892595,5.322841531413633,8.284752232678903,0.0,-5.322841531413633,0.0,9.701315538873182,9.817156508746255,8.284752232678903
r0\t4.8\t4.8_40.cif,1,9.297053827510366,4.7712271868462635,9.397234201073303,0.0,-4.7712271868462635,0.0,9.599242973777741,8.804537257345078,9.397234201073303
r0\t4.8\t4.8_60.cif,1,9.583462666164523,4.8161039765755564,8.30606429595974,0.0,-4.8161039765755564,0.0,9.706890454129978,5.925787893728698,8.30606429595974
r0\t4.8\t4.8_80.cif,1,9.77807575334053,5.057720399156682,8.398660119614773,0.0,-5.057720399156682,0.0,9.838964185298899,9.141888226619399,8.398660119614773
r0\t4.8\t4.8_340.cif,1,8.927433704826916,5.205029704807229,8.670391889381873,0.0,-5.205029704807229,0.0,9.64029941930136,11.172964308666813,8.670391889381873
r0\t4.8\t4.8_320.cif,1,9.482799136525282,5.2438879144611095,8.436127042680592,0.0,-5.2438879144611095,0.0,10.063091121277134,9.431515148955372,8.436127042680592
r0\t6.0\t6.0_0.cif,1,9.448664528640167,4.898672220721841,9.019795739260285,0.0,-4.898672220721841,0.0,9.64053983791021,10.21737499166871,9.019795739260285
r0\t6.0\t6.0_100.cif,1,9.232937754249066,5.308131784730409,8.060342479607822,0.0,-5.308131784730409,0.0,9.334653438537945,10.47990263160485,8.060342479607822
r0\t6.0\t6.0_20.cif,1,9.545763507839922,5.038206049299041,9.072009657780653,0.0,-5.038206049299041,0.0,9.747395894619595,10.780055424829968,9.072009657780653
r0\t6.0\t6.0_120.cif,1,9.164412402019321,5.183260783742002,8.341758079889784,0.0,-5.183260783742002,0.0,9.116595556272337,10.256227727491273,8.341758079889784
r0\t6.0\t6.0_160.cif,1,8.792822192274834,4.953066011697867,9.001669240592634,0.0,-4.953066011697867,0.0,9.290793357159403,9.12742316033879,9.001669240592634
r0\t6.0\t6.0_140.cif,1,8.309698311148432,4.662998869181721,8.512819965546534,0.0,-4.662998869181721,0.0,8.07820554698199,5.739514756908753,8.512819965546534
r0\t6.0\t6.0_220.cif,1,8.600925822292764,5.206285087242093,8.861041558833728,0.0,-5.206285087242093,0.0,9.179624213593588,11.631628461951635,8.861041558833728
r0\t6.0\t6.0_180.cif,1,8.642259454592432,4.840701644863002,9.41923280594257,0.0,-4.840701644863002,0.0,9.070650397631248,9.33060660334173,9.41923280594257
r0\t6.0\t6.0_260.cif,1,9.20668801622607,5.1279884036297,8.520432200910536,0.0,-5.1279884036297,0.0,9.310232127020607,9.51821904276518,8.520432200910536
r0\t6.0\t6.0_200.cif,1,8.854589540394569,5.124670548998353,9.25101879604283,0.0,-5.124670548998353,0.0,9.401723240001177,12.261530967535656,9.25101879604283
r0\t6.0\t6.0_320.cif,1,9.06309551998599,5.907020560903551,8.199305251558972,0.0,-5.907020560903551,0.0,9.569348232751551,12.442128622651426,8.199305251558972
r0\t6.0\t6.0_300.cif,1,9.266205088329333,5.17916487281837,8.409206417118806,0.0,-5.17916487281837,0.0,9.530554325108247,9.135064423537907,8.409206417118806
r0\t6.0\t6.0_240.cif,1,8.880868813391047,5.3653095876104615,8.485359557295281,0.0,-5.3653095876104615,0.0,9.150129027685963,10.335307431822432,8.485359557295281
r0\t6.0\t6.0_40.cif,1,9.366905349888262,4.842739318241746,9.291502545311275,0.0,-4.842739318241746,0.0,9.290479770857845,8.917518713636538,9.291502545311275
r0\t6.0\t6.0_60.cif,1,9.282734052373577,4.94463656449253,8.799783201610195,0.0,-4.94463656449253,0.0,9.173459520345322,9.088661581373353,8.799783201610195
r0\t6.0\t6.0_280.cif,1,9.183781919693779,5.071402311497868,8.483907945616382,0.0,-5.071402311497868,0.0,9.359362967617916,9.102559326099744,8.483907945616382
r0\t6.0\t6.0_340.cif,1,9.168168671189205,4.911290423617656,8.855616806982734,0.0,-4.911290423617656,0.0,9.713547980764053,10.261116701963157,8.855616806982733
r0\t6.0\t6.0_80.cif,1,9.29847630578945,5.219315525011427,8.171972551655163,0.0,-5.219315525011427,0.0,9.311179936020816,10.370287932845924,8.171972551655163
r0\t7.2\t7.2_120.cif,1,8.600833580775713,5.193418138452566,8.404296306470041,0.0,-5.193418138452566,0.0,8.778932245781931,10.647197818313833,8.404296306470041
r0\t7.2\t7.2_180.cif,1,8.74534310395301,4.765983446921486,9.525769543838678,0.0,-4.765983446921486,0.0,8.876267800939763,9.224647082400807,9.525769543838678
r0\t7.2\t7.2_100.cif,1,8.390193221203596,5.2638208903590655,8.13587790715322,0.0,-5.2638208903590655,0.0,8.602330649339933,10.414940703962209,8.13587790715322
r0\t7.2\t7.2_0.cif,1,9.759617506702257,5.393160422352403,8.625351125977888,0.0,-5.393160422352403,0.0,10.305897406132226,12.147845710026123,8.625351125977888
r0\t7.2\t7.2_160.cif,1,8.832834819638787,4.911561004675384,9.044594608750009,0.0,-4.911561004675384,0.0,8.95539943046355,8.607425571767207,9.044594608750009
r0\t7.2\t7.2_140.cif,1,8.777846607153466,4.939632514344428,8.763053599675102,0.0,-4.939632514344428,0.0,9.030331930060946,9.220411424049797,8.763053599675102
r0\t7.2\t7.2_20.cif,1,9.155691042742527,5.0914605500142684,9.036784124945338,0.0,-5.0914605500142684,0.0,9.690774720005905,11.293328940363596,9.036784124945338
r0\t7.2\t7.2_200.cif,1,8.55054774443529,4.98148593811638,9.44048015049615,0.0,-4.98148593811638,0.0,9.08153993234642,11.112906517739376,9.44048015049615
r0\t7.2\t7.2_220.cif,1,8.449041732431382,4.915843155052963,9.042570268824486,0.0,-4.915843155052963,0.0,8.622811101014568,8.641092933527323,9.042570268824486
r0\t7.2\t7.2_240.cif,1,8.747203499543781,4.954639007050394,8.750248477641835,0.0,-4.954639007050394,0.0,9.285056196786586,9.161467253456816,8.750248477641835
r0\t7.2\t7.2_320.cif,1,8.913356840083244,5.112935190128032,8.642675145696606,0.0,-5.112935190128032,0.0,9.30527212605302,9.674855613706926,8.642675145696606
r0\t7.2\t7.2_280.cif,1,8.780536711734747,4.928217294953785,8.569152398408828,0.0,-4.928217294953785,0.0,9.127980217006838,8.674438723175188,8.569152398408828
r0\t7.2\t7.2_300.cif,1,8.894251960152527,5.0585521295157125,8.546122283963259,0.0,-5.0585521295157125,0.0,9.343767982844483,9.008474647139186,8.546122283963259
r0\t7.2\t7.2_260.cif,1,8.743706588186114,5.055231873116741,8.647211938252632,0.0,-5.055231873116741,0.0,9.217110910554577,9.380899608267772,8.647211938252632
r0\t7.2\t7.2_340.cif,1,9.301579397412324,4.694770954708025,8.988972315597417,0.0,-4.694770954708025,0.0,9.577974290375318,8.337534887598254,8.988972315597417
r0\t7.2\t7.2_40.cif,1,8.997645896719343,4.916992591129165,9.240044656671243,0.0,-4.916992591129165,0.0,9.287470722071557,9.796727105494007,9.240044656671243
r0\t8.4\t8.4_0.cif,1,9.678893414070634,5.075641981987568,8.718029729309922,0.0,-5.075641981987568,0.0,10.042194684397609,10.07707702635206,8.718029729309922
r0\t7.2\t7.2_60.cif,1,8.976503017490282,5.03655732170979,8.78088486951645,0.0,-5.03655732170979,0.0,9.323361108951959,9.974610721013693,8.78088486951645
r0\t7.2\t7.2_80.cif,1,8.853184427339151,5.1518163976772,8.381703269111679,0.0,-5.1518163976772,0.0,9.122345708226973,10.154336355195104,8.381703269111679
r0\t8.4\t8.4_120.cif,1,9.164584436795208,5.153908888756015,8.325085603896488,0.0,-5.153908888756015,0.0,9.554711400433613,10.262073660888452,8.325085603896488
r0\t8.4\t8.4_100.cif,1,8.8252909019533,5.03931374583318,8.209261575098408,0.0,-5.03931374583318,0.0,9.155747016454631,9.483124343449578,8.209261575098408
r0\t8.4\t8.4_220.cif,1,8.574889917674803,4.899340765499667,9.112649353446695,0.0,-4.899340765499667,0.0,9.097755925763543,8.766979108671274,9.112649353446695
r0\t8.4\t8.4_140.cif,1,8.861296457830203,5.017656241887033,8.796921923911128,0.0,-5.017656241887033,0.0,9.223519203842699,10.261167811727496,8.796921923911128
r0\t8.4\t8.4_160.cif,1,8.723759388554175,4.952413461487801,9.143969368037245,0.0,-4.952413461487801,0.0,8.895448884809477,10.1554026412959,9.143969368037245
r0\t8.4\t8.4_20.cif,1,9.346331653550806,5.257441105890227,8.99608580632235,0.0,-5.257441105890227,0.0,9.978762141110874,12.11459088735878,8.99608580632235
r0\t8.4\t8.4_180.cif,1,8.7777644577213,4.840936416190473,9.555937205866195,0.0,-4.840936416190473,0.0,9.019763487094872,9.224673174819216,9.555937205866195
r0\t8.4\t8.4_200.cif,1,8.75424150534092,4.81102356459685,9.619266442333386,0.0,-4.81102356459685,0.0,9.191907543689942,9.78602310582537,9.619266442333386
r0\t8.4\t8.4_240.cif,1,8.587578899481088,4.7804458738133295,8.690663049947709,0.0,-4.7804458738133295,0.0,8.975445918717174,7.385962609577791,8.690663049947709
r0\t8.4\t8.4_260.cif,1,8.899678178345619,4.932344656422478,8.604963395935789,0.0,-4.932344656422478,0.0,9.25850419802373,7.783250434376906,8.60496339593579
r0\t8.4\t8.4_280.cif,1,8.97985829923971,4.953161145209506,8.549138167807234,0.0,-4.953161145209506,0.0,9.377251315394949,8.462236172558043,8.549138167807234
r0\t8.4\t8.4_60.cif,1,9.149495156787104,5.042828290238737,8.816222283891925,0.0,-5.042828290238737,0.0,9.52700030937827,9.93727152582605,8.816222283891925
r0\t8.4\t8.4_40.cif,1,9.241866889162923,4.987259415896188,9.217174533654386,0.0,-4.987259415896188,0.0,9.639049322709988,10.184759799449976,9.217174533654386
r0\t8.4\t8.4_300.cif,1,9.036676188377102,5.031123922052077,8.51874818932278,0.0,-5.031123922052077,0.0,9.258952687854142,8.68480586324204,8.51874818932278
r0\t8.4\t8.4_340.cif,1,9.814703198287331,4.849196896881354,8.698905801613721,0.0,-4.849196896881354,0.0,10.253053338297244,9.44124947307936,8.698905801613721
r0\t8.4\t8.4_320.cif,1,9.576863035635828,5.0039655001095,8.513604074125489,0.0,-5.0039655001095,0.0,9.935723554057127,9.008223342915613,8.513604074125489
r0\t8.4\t8.4_80.cif,1,8.900265381680397,5.041916035463784,8.60338547154973,0.0,-5.041916035463784,0.0,9.272352008927633,9.85930677148552,8.60338547154973
r0\t9.6\t9.6_0.cif,1,9.444146465552011,4.874175420775259,8.790289064762199,0.0,-4.874175420775259,0.0,9.910118785696405,9.96419558365209,8.790289064762199
r0\t9.6\t9.6_140.cif,1,9.67063174783567,5.0428132685621385,8.675754783029216,0.0,-5.0428132685621385,0.0,10.4197059321287,10.033500837971895,8.675754783029216
r0\t9.6\t9.6_100.cif,1,8.874043738314013,4.745986693304732,8.282761637303901,0.0,-4.745986693304732,0.0,9.18625341837107,7.999510525894364,8.282761637303901
r0\t9.6\t9.6_180.cif,1,9.530597714952663,4.87020884031425,9.500293587573202,0.0,-4.87020884031425,0.0,9.9724239255676,9.714886066396247,9.500293587573202
r0\t9.6\t9.6_120.cif,1,9.371537792600344,4.958777235610427,8.397240734523702,0.0,-4.958777235610427,0.0,9.90612108502574,8.73727592270503,8.397240734523702
r0\t9.6\t9.6_160.cif,1,9.63208170140355,4.848482277761257,9.193756489692657,0.0,-4.848482277761257,0.0,10.149794188366169,8.706161990975337,9.193756489692657
r0\t9.6\t9.6_20.cif,1,9.498700576970904,4.954688157704354,9.162725397643118,0.0,-4.954688157704354,0.0,9.96395350431326,10.301632482166463,9.162725397643118
r0\t9.6\t9.6_200.cif,1,9.903765452760645,4.842345647306128,9.530665609641252,0.0,-4.842345647306128,0.0,10.114052871327416,9.652358965772216,9.530665609641252
r0\t9.6\t9.6_220.cif,1,9.828667663395398,4.772880742371766,9.119022314196796,0.0,-4.772880742371766,0.0,9.831028775031712,7.9907948820044705,9.119022314196796
r0\t9.6\t9.6_240.cif,1,10.579854935188893,5.294083884388583,8.371819544055283,0.0,-5.294083884388583,0.0,10.702632229728877,9.919704906557453,8.371819544055283
r0\t9.6\t9.6_300.cif,1,9.196395496624831,4.9068604195518475,8.515297732368513,0.0,-4.9068604195518475,0.0,9.541392866397707,7.844165884265873,8.515297732368513
r0\t9.6\t9.6_260.cif,1,9.576330885781964,4.960723592181389,8.522476755464144,0.0,-4.960723592181389,0.0,9.87381319514864,7.838540081082277,8.522476755464144
r0\t9.6\t9.6_280.cif,1,9.376643266082919,5.036322033882585,8.516108275585283,0.0,-5.036322033882585,0.0,9.81359103634887,9.079816762703242,8.516108275585283
r0\t9.6\t9.6_320.cif,1,9.34931162755887,4.969025609064862,8.523486696280676,0.0,-4.969025609064862,0.0,9.765628213473107,8.558795353207163,8.523486696280676
r0\t9.6\t9.6_340.cif,1,9.245789004898219,4.944147464631611,8.70904970072165,0.0,-4.944147464631611,0.0,9.791644254774953,9.832615514706834,8.70904970072165
r0\t9.6\t9.6_40.cif,1,9.318238033149385,4.879100063714746,9.321367817006008,0.0,-4.879100063714746,0.0,9.6911318761213,9.702339420027643,9.321367817006008
r0\t9.6\t9.6_60.cif,1,9.276623828212964,4.808255332541449,9.007974745740047,0.0,-4.808255332541449,0.0,9.719425311774213,8.876279686831335,9.007974745740047
r20\t0\t0_0.cif,1,9.269884047064469,5.100093904813874,8.456898801106538,0.0,-5.100093904813874,0.0,9.765312440294853,10.057343688933425,8.456898801106538
r20\t0\t0_100.cif,1,9.339702349952933,5.1369374104305745,8.280944320730518,0.0,-5.1369374104305745,0.0,9.941116690883977,9.397560114995464,8.280944320730518
r0\t9.6\t9.6_80.cif,1,9.069197103103095,5.1656330242333635,8.74431450794084,0.0,-5.1656330242333635,0.0,9.751378068189911,10.540582930651706,8.74431450794084
r20\t0\t0_120.cif,1,9.40912314770195,5.106797553910678,8.240743004485445,0.0,-5.106797553910678,0.0,9.900443749470188,8.648937805529117,8.240743004485445
r20\t0\t0_160.cif,1,9.33252878648448,4.934700966234796,9.130331025197151,0.0,-4.934700966234796,0.0,9.845211884967172,9.019279406430057,9.130331025197151
r20\t0\t0_140.cif,1,9.356914944213589,5.079333635895403,8.654356908338354,0.0,-5.079333635895403,0.0,9.927595357569079,9.54436867146687,8.654356908338354
r20\t0\t0_20.cif,1,9.13191487673701,5.325067082812666,8.556406165153357,0.0,-5.325067082812666,0.0,9.57084616418447,11.07727373385063,8.556406165153357
r20\t0\t0_180.cif,1,9.445044246025804,4.979977928769865,9.285556120912423,0.0,-4.979977928769865,0.0,10.039987731432364,10.10231257626848,9.285556120912423
r20\t0\t0_220.cif,1,9.407514358769152,5.022345982521956,9.142807336549762,0.0,-5.022345982521956,0.0,10.009009384644408,9.18500216952826,9.142807336549762
r20\t0\t0_200.cif,1,9.43683161685887,4.963002529255258,9.498247181575433,0.0,-4.963002529255258,0.0,10.145991927899601,11.42308901567348,9.498247181575433
r20\t0\t0_240.cif,1,9.456306002169569,5.0505293585486495,8.697317308786742,0.0,-5.0505293585486495,0.0,9.839154358673628,8.690424070066765,8.697317308786742
r20\t0\t0_320.cif,1,8.982991886696343,5.0762454165483835,8.284843673825707,0.0,-5.0762454165483835,0.0,9.307743280142088,8.214446420297131,8.28484367382571
r20\t0\t0_280.cif,1,9.340004214816297,5.163956824493474,8.479961989739522,0.0,-5.163956824493474,0.0,9.843773426965656,9.097967962453836,8.479961989739522
r20\t0\t0_260.cif,1,9.651980588093762,5.305850029487773,8.301418641068457,0.0,-5.305850029487773,0.0,10.116120783704684,9.401268846414435,8.301418641068457
r20\t0\t0_300.cif,1,9.039708326357873,5.070875489285652,8.408158528871482,0.0,-5.070875489285652,0.0,9.396148573150578,7.957554079710915,8.408158528871482
r20\t0\t0_40.cif,1,9.353164927124935,5.043173368636235,9.017368597686362,0.0,-5.043173368636235,0.0,9.96095820430103,10.157395660264298,9.017368597686362
r20\t0\t0_340.cif,1,9.230538356805454,5.065920848146044,8.330395034299034,0.0,-5.065920848146044,0.0,9.811105526859174,9.440723938782787,8.330395034299034
r20\t0\t0_60.cif,1,9.357529696331486,4.963854451009138,8.859253430696848,0.0,-4.963854451009138,0.0,9.872959443321662,9.029997741770284,8.859253430696848
r20\t0\t0_80.cif,1,9.458543315513223,5.286592528695915,8.478961312573313,0.0,-5.286592528695915,0.0,10.131960795206192,9.846845731328898,8.478961312573313
r20\t1.2\t1.2_0.cif,1,9.096810694668577,5.022077779910304,8.861221376271759,0.0,-5.022077779910304,0.0,9.32683377277868,10.436159588747683,8.861221376271759
r20\t1.2\t1.2_120.cif,1,9.297799805827044,5.127798689495251,8.246115687180158,0.0,-5.127798689495251,0.0,9.411386989657332,8.646262219443347,8.246115687180158
r20\t1.2\t1.2_140.cif,1,9.242255069562813,5.194990119950261,8.545757277101579,0.0,-5.194990119950261,0.0,9.515980407670869,10.544997199081854,8.545757277101579
r20\t1.2\t1.2_100.cif,1,9.236890311824496,5.01081117025001,8.365242897669567,0.0,-5.01081117025001,0.0,9.414350982120483,8.830861035619812,8.365242897669567
r20\t1.2\t1.2_160.cif,1,9.172074743934564,4.948747815844477,9.060054704170817,0.0,-4.948747815844477,0.0,9.362504199504297,9.092197803475635,9.060054704170817
r20\t1.2\t1.2_180.cif,1,9.20195674896636,4.9699387314582655,9.31391101366074,0.0,-4.9699387314582655,0.0,9.322444945801594,10.326852735239617,9.31391101366074
r20\t1.2\t1.2_20.cif,1,9.271062904628629,4.906810230383201,9.180222034729184,0.0,-4.906810230383201,0.0,9.43185351901157,10.30668772034417,9.180222034729184
r20\t1.2\t1.2_200.cif,1,9.296710241071146,4.968103337387491,9.478026666081544,0.0,-4.968103337387491,0.0,9.548612163146716,11.219369320148108,9.478026666081544
r20\t1.2\t1.2_220.cif,1,9.348858500068058,4.9722476225248595,9.151452234600551,0.0,-4.9722476225248595,0.0,9.456201629653997,9.410737587350892,9.151452234600551
r20\t1.2\t1.2_240.cif,1,9.475388736244282,5.158846125477328,8.554949177115054,0.0,-5.158846125477328,0.0,9.50315464947173,8.863697644902695,8.554949177115054
r20\t1.2\t1.2_280.cif,1,9.323644712478595,5.255032672967893,8.422623853285666,0.0,-5.255032672967893,0.0,9.52912509008153,9.160756182401567,8.422623853285666
r20\t1.2\t1.2_260.cif,1,10.004298619771346,5.540762501697289,8.086471895697152,0.0,-5.540762501697289,0.0,10.03338437361097,9.991828152911607,8.086471895697152
r20\t1.2\t1.2_300.cif,1,9.298363985108132,5.1995216980939,8.43168180690085,0.0,-5.1995216980939,0.0,9.51777117218137,8.7933120276035,8.43168180690085
r20\t1.2\t1.2_340.cif,1,8.70012311475182,5.032148520656956,8.538350549701125,0.0,-5.032148520656956,0.0,9.098345102155445,9.953037742530594,8.538350549701125
r20\t1.2\t1.2_320.cif,1,9.209303771893245,5.072423935274894,8.454101700922235,0.0,-5.072423935274894,0.0,9.370046444185652,8.608437311812084,8.454101700922235
r20\t1.2\t1.2_60.cif,1,8.971268265918404,4.903130521574279,8.897603126327846,0.0,-4.903130521574279,0.0,9.306556620898082,8.997530637307559,8.897603126327846
r20\t1.2\t1.2_40.cif,1,9.003076817189994,4.831846337738931,9.261262769047452,0.0,-4.831846337738931,0.0,9.347022777953727,9.400628792039525,9.261262769047452
r20\t2.4\t2.4_0.cif,1,9.366267099128972,4.780890377830338,9.040412995776789,0.0,-4.780890377830338,0.0,9.731496511961337,9.855456661964176,9.040412995776789
r20\t1.2\t1.2_80.cif,1,9.253253306428888,5.137826222776966,8.694034931835208,0.0,-5.137826222776966,0.0,9.514013109102333,9.805449788001363,8.694034931835208
r20\t2.4\t2.4_120.cif,1,9.499194860865007,5.108935323527988,8.257771778315266,0.0,-5.108935323527988,0.0,10.015031595343096,8.662912699334786,8.257771778315266
r20\t2.4\t2.4_140.cif,1,9.490501777464765,5.173231945567528,8.554338956713043,0.0,-5.173231945567528,0.0,9.913542204969175,9.704784116309568,8.554338956713043
r20\t2.4\t2.4_100.cif,1,9.406846946159472,4.631271400908427,8.445102282876663,0.0,-4.631271400908427,0.0,9.783747083920769,7.534319719734967,8.445102282876663
r20\t2.4\t2.4_160.cif,1,9.426673904671157,4.913681485353628,9.14538742696506,0.0,-4.913681485353628,0.0,9.774150906275864,9.232206978684607,9.14538742696506
r20\t2.4\t2.4_180.cif,1,9.180237983798474,5.043337280561094,9.284929522186028,0.0,-5.043337280561094,0.0,9.590739635043597,10.350397590608173,9.284929522186028
r20\t2.4\t2.4_200.cif,1,9.350265164142927,4.969957554859273,9.455549034211934,0.0,-4.969957554859273,0.0,9.795037543400305,11.25341018717012,9.455549034211934
r20\t2.4\t2.4_240.cif,1,9.519817381812524,5.404238140346853,8.849109962938918,0.0,-5.404238140346853,0.0,10.012648416973,10.69239464974739,8.849109962938918
r20\t2.4\t2.4_20.cif,1,9.43054609356496,4.9247912581877635,9.225367853201726,0.0,-4.9247912581877635,0.0,9.837598844577482,10.260993420500903,9.225367853201726
r20\t2.4\t2.4_280.cif,1,9.770139383720554,5.655167566190143,8.10101601579713,0.0,-5.655167566190143,0.0,10.241949618152915,10.58630291357392,8.10101601579713
r20\t2.4\t2.4_260.cif,1,9.53348434277996,5.539087149397157,8.108850661945352,0.0,-5.539087149397157,0.0,9.857667726546296,10.173767713809086,8.108850661945352
r20\t2.4\t2.4_220.cif,1,9.513486599685383,5.0015366190197845,9.014431186997115,0.0,-5.0015366190197845,0.0,9.83655653495903,9.729293104652095,9.014431186997115
r20\t2.4\t2.4_300.cif,1,9.517762883951677,5.281452103302216,8.363814421467364,0.0,-5.281452103302216,0.0,9.858117320705349,9.206783748227265,8.363814421467364
r20\t2.4\t2.4_340.cif,1,9.407437465972693,5.183967852275087,8.662303389260298,0.0,-5.183967852275087,0.0,9.86765414896924,10.85286745215592,8.662303389260298
r20\t2.4\t2.4_320.cif,1,9.774302291138635,5.453832985239747,8.191767494675885,0.0,-5.453832985239747,0.0,10.137237097001313,10.271160819631271,8.191767494675885
r20\t2.4\t2.4_40.cif,1,9.377679912199323,4.77567739817915,9.288535101902948,0.0,-4.77567739817915,0.0,9.702083693003305,9.382217143047129,9.288535101902948
r20\t2.4\t2.4_60.cif,1,9.33377966126168,4.716145716197373,9.013983966548782,0.0,-4.716145716197373,0.0,9.631403542982616,8.386172403344817,9.013983966548782
r20\t2.4\t2.4_80.cif,1,9.470935626810077,4.91271341635031,8.81323104968291,0.0,-4.91271341635031,0.0,9.915190811584736,9.176931585794758,8.81323104968291
r20\t3.6\t3.6_0.cif,1,9.228185135321265,4.999295122030224,8.965202506841349,0.0,-4.999295122030224,0.0,9.58978688800843,10.306200491341976,8.965202506841349
r20\t3.6\t3.6_100.cif,1,9.698058775008384,4.764454195550405,8.287612191263358,0.0,-4.764454195550405,0.0,10.075753186635412,8.50166886522022,8.287612191263358
r20\t3.6\t3.6_140.cif,1,9.146302401904148,5.250256173590141,8.517526845031949,0.0,-5.250256173590141,0.0,9.494806491631943,10.100866221880377,8.517526845031949
r20\t3.6\t3.6_180.cif,1,9.081930711978734,4.840150952903801,9.516365897984173,0.0,-4.840150952903801,0.0,9.397501906466674,9.884322539682769,9.516365897984173
r20\t3.6\t3.6_160.cif,1,9.062658906275237,4.9589563924254225,9.07222939739865,0.0,-4.9589563924254225,0.0,9.32045093121381,9.306709269586726,9.07222939739865
r20\t3.6\t3.6_200.cif,1,9.073779273649603,4.94893089200024,9.497387858242808,0.0,-4.94893089200024,0.0,9.479436471994461,10.98285209295319,9.497387858242808
r20\t3.6\t3.6_120.cif,1,9.333758699825879,5.175469204981019,8.245591508761887,0.0,-5.175469204981019,0.0,9.459338528458993,9.745068773583133,8.245591508761887
r20\t3.6\t3.6_20.cif,1,9.173050221831026,4.910889498514836,9.205014361719606,0.0,-4.910889498514836,0.0,9.55968448312727,10.276286065116054,9.205014361719606
r20\t3.6\t3.6_220.cif,1,9.194119596904622,5.043993973935793,8.960413214651858,0.0,-5.043993973935793,0.0,9.472045674333112,10.446468902425448,8.960413214651858
r20\t3.6\t3.6_240.cif,1,9.176320755919019,5.489695900233481,8.359430165503372,0.0,-5.489695900233481,0.0,9.463492088088044,10.313906301567327,8.359430165503372
r20\t3.6\t3.6_260.cif,1,9.140338157880018,5.566782637595878,8.169667149675396,0.0,-5.566782637595878,0.0,9.743904707151227,10.352848796542075,8.169667149675396
r20\t3.6\t3.6_280.cif,1,9.495442948176116,5.531588170418789,8.080194406654911,0.0,-5.531588170418789,0.0,9.771648289607928,9.52717083266686,8.080194406654911
r20\t3.6\t3.6_340.cif,1,9.694330639637208,5.305182826786827,8.387388239148411,0.0,-5.305182826786827,0.0,10.086761276557832,10.677949304709312,8.387388239148411
r20\t3.6\t3.6_320.cif,1,9.356103565934932,5.352131938757138,8.266938486679644,0.0,-5.352131938757138,0.0,9.714834479620757,10.174373643885719,8.266938486679644
r20\t3.6\t3.6_300.cif,1,9.581900683343141,5.62903700285503,8.080693644557776,0.0,-5.62903700285503,0.0,9.914113925160478,10.480884134183361,8.080693644557776
r20\t3.6\t3.6_40.cif,1,9.105369957294878,4.788577383898883,9.296094496204972,0.0,-4.788577383898883,0.0,9.408987359924346,9.376139256272843,9.296094496204972
r20\t3.6\t3.6_60.cif,1,9.071508718758633,4.717334925946572,9.016182920249076,0.0,-4.717334925946572,0.0,9.422621543208718,8.848132895480335,9.016182920249076
r20\t3.6\t3.6_80.cif,1,9.279665191667636,4.857643381870607,8.735014899092112,0.0,-4.857643381870607,0.0,9.587571548703421,8.778248984200898,8.73501489909211
r20\t4.8\t4.8_100.cif,1,9.713276482699932,5.0376120404263425,8.08814481086445,0.0,-5.0376120404263425,0.0,9.912370912976527,9.078137675020358,8.08814481086445
r20\t4.8\t4.8_120.cif,1,9.763124906411397,5.38835532428547,8.014033024893024,0.0,-5.38835532428547,0.0,9.915362522711597,10.234762639074665,8.014033024893024
r20\t4.8\t4.8_0.cif,1,9.156754943437031,5.081172468257124,8.86289210137846,0.0,-5.081172468257124,0.0,9.630671717688745,10.887070882585563,8.86289210137846
r20\t4.8\t4.8_140.cif,1,9.385288998613808,5.376009479442519,8.380038895098101,0.0,-5.376009479442519,0.0,9.781803872123481,10.501253162481799,8.380038895098101
r20\t4.8\t4.8_160.cif,1,9.472199313099432,4.959043667894284,9.05951569960793,0.0,-4.959043667894284,0.0,9.531142405358851,9.319190629750146,9.05951569960793
r20\t4.8\t4.8_20.cif,1,9.2712819687129,4.9315885401041895,9.200939755384692,0.0,-4.9315885401041895,0.0,9.679186310986942,10.276473413537227,9.200939755384692
r20\t4.8\t4.8_220.cif,1,9.335793798715434,5.095778944213697,8.880344792756128,0.0,-5.095778944213697,0.0,9.806075629234975,10.544919112802635,8.880344792756128
r20\t4.8\t4.8_180.cif,1,9.225663846177637,4.823718154084891,9.520852970421084,0.0,-4.823718154084891,0.0,9.57817264086449,9.879701028526743,9.520852970421084
r20\t4.8\t4.8_200.cif,1,9.194417958810828,4.910334754223817,9.496988534166599,0.0,-4.910334754223817,0.0,9.599829641694765,10.629908808573235,9.496988534166597
r20\t4.8\t4.8_260.cif,1,9.15610360045497,5.43153521313157,8.174220395004001,0.0,-5.43153521313157,0.0,9.680637030600321,9.914873453676595,8.174220395004001
r20\t4.8\t4.8_280.cif,1,9.357589970327869,5.435845736806962,8.150836782422862,0.0,-5.435845736806962,0.0,9.844933480256147,9.462448744403074,8.150836782422862
r20\t4.8\t4.8_300.cif,1,9.444912317046862,5.513751768826637,8.128722790046309,0.0,-5.513751768826637,0.0,9.988621930836324,9.821762873631224,8.128722790046309
r20\t4.8\t4.8_240.cif,1,9.251464166029923,5.369935190558061,8.381606625135941,0.0,-5.369935190558061,0.0,9.804948832963818,9.416191687262742,8.381606625135941
r20\t4.8\t4.8_320.cif,1,9.33911543589514,5.485897022849941,8.162980551730241,0.0,-5.485897022849941,0.0,9.922501250576007,9.775509478840522,8.162980551730241
r20\t4.8\t4.8_340.cif,1,9.56668296810453,5.563108205761649,8.292391870128496,0.0,-5.563108205761649,0.0,10.335530349206342,11.627773507699807,8.292391870128496
r20\t4.8\t4.8_40.cif,1,9.26397800159418,4.8991487288179325,9.276228077513954,0.0,-4.8991487288179325,0.0,9.651913979481368,9.754504493014565,9.276228077513954
r20\t4.8\t4.8_80.cif,1,9.223785617296272,4.958186083290162,8.554400905820765,0.0,-4.958186083290162,0.0,9.587279495352611,8.944592034784133,8.554400905820765
r20\t4.8\t4.8_60.cif,1,9.281125288773186,4.845638478713713,8.931931651659106,0.0,-4.845638478713713,0.0,9.606284436469334,8.967091276015232,8.931931651659106
r20\t6.0\t6.0_100.cif,1,9.240652410415777,5.287753103066261,7.926899927791093,0.0,-5.287753103066261,0.0,9.240798022794237,9.777338611372029,7.926899927791093
r20\t6.0\t6.0_0.cif,1,9.567796163720264,5.135308916678596,8.885762153576703,0.0,-5.135308916678596,0.0,9.651217143511266,10.890386143080864,8.885762153576703
r20\t6.0\t6.0_120.cif,1,9.145513448689542,5.466994366306829,7.997074127148632,0.0,-5.466994366306829,0.0,9.151517513926281,10.261071347401847,7.997074127148632
r20\t6.0\t6.0_140.cif,1,8.776087115341554,5.132474395377174,8.559785069136096,0.0,-5.132474395377174,0.0,9.30367310737227,9.660702978077037,8.559785069136096
r20\t6.0\t6.0_220.cif,1,9.22168877346472,5.050189059089018,8.921396837361426,0.0,-5.050189059089018,0.0,9.352854674271212,10.013534190461803,8.921396837361426
r20\t6.0\t6.0_20.cif,1,9.450934107869614,5.042077023855607,9.125318353820335,0.0,-5.042077023855607,0.0,9.49392278957227,10.713427237720444,9.125318353820335
r20\t6.0\t6.0_160.cif,1,8.785288485830947,4.985481195256385,8.984120820256363,0.0,-4.985481195256385,0.0,9.27204917429657,9.15033852747326,8.984120820256363
r20\t6.0\t6.0_180.cif,1,8.797108327984631,4.848440230575048,9.49915961386951,0.0,-4.848440230575048,0.0,9.35408856717836,10.076757092819598,9.49915961386951
r20\t6.0\t6.0_200.cif,1,8.957060621740334,4.9469659226355684,9.432238869938363,0.0,-4.9469659226355684,0.0,9.296183066994017,10.867112986523649,9.432238869938363
r20\t6.0\t6.0_260.cif,1,9.096572245688211,5.297705239340012,8.321591292202267,0.0,-5.297705239340012,0.0,9.095345026365095,9.743197244928183,8.321591292202267
r20\t6.0\t6.0_280.cif,1,9.307219587977869,5.109663968717309,8.420542867046466,0.0,-5.109663968717309,0.0,9.404183020233626,8.692491023123376,8.420542867046466
r20\t6.0\t6.0_240.cif,1,9.143909385913444,5.378108711131643,8.441882386677616,0.0,-5.378108711131643,0.0,9.421737401538175,10.192725305359076,8.441882386677616
r20\t6.0\t6.0_300.cif,1,9.236745234255933,5.374776505583935,8.181121807829367,0.0,-5.374776505583935,0.0,9.467643515731066,9.58828368855854,8.181121807829367
r20\t6.0\t6.0_60.cif,1,9.35727728535865,4.99169004410296,8.85785847186128,0.0,-4.99169004410296,0.0,9.259278148971045,9.400915672719501,8.85785847186128
r20\t6.0\t6.0_340.cif,1,9.44118761467368,5.112105584887748,8.67161581323127,0.0,-5.112105584887748,0.0,9.845898185102627,10.312313841676035,8.67161581323127
r20\t6.0\t6.0_320.cif,1,9.458631789469246,5.223065407134637,8.429486370569142,0.0,-5.223065407134637,0.0,9.742035361097823,9.095185286815855,8.429486370569142
r20\t6.0\t6.0_40.cif,1,9.423034511456892,4.925412609111958,9.265701253084984,0.0,-4.925412609111958,0.0,9.456779675552609,10.124104941690403,9.265701253084984
r20\t7.2\t7.2_120.cif,1,8.847878565998938,5.140029439855734,8.309962295855229,0.0,-5.140029439855734,0.0,9.170918850077836,9.925949759470335,8.309962295855229
r20\t7.2\t7.2_0.cif,1,9.341229430165,5.220495628430054,8.758929537342109,0.0,-5.220495628430054,0.0,9.87326727908104,11.04870173926597,8.758929537342109
r20\t7.2\t7.2_100.cif,1,8.88487175712545,5.291463534672018,8.040696243740518,0.0,-5.291463534672018,0.0,9.011164343753075,9.666647278820353,8.040696243740518
r20\t6.0\t6.0_80.cif,1,9.22608625462014,5.069137149934964,8.419160663982067,0.0,-5.069137149934964,0.0,9.211726014838137,9.564673337296366,8.419160663982067
r20\t7.2\t7.2_160.cif,1,8.854461799479992,5.004178054323501,8.931364669667516,0.0,-5.004178054323501,0.0,8.993683196662227,9.420523722957354,8.931364669667516
r20\t7.2\t7.2_140.cif,1,8.885067058638072,5.102688122915572,8.590819236828398,0.0,-5.102688122915572,0.0,9.146329411946036,9.606610718680518,8.590819236828398
r20\t7.2\t7.2_180.cif,1,8.910597362954922,4.86771747663809,9.481408773354786,0.0,-4.86771747663809,0.0,9.15501366626889,10.110551056419467,9.481408773354786
r20\t7.2\t7.2_20.cif,1,9.172742009184343,5.172575727131391,9.032159843632419,0.0,-5.172575727131391,0.0,9.629043031924983,10.876174682414673,9.032159843632419
r20\t7.2\t7.2_220.cif,1,8.639625876441608,5.096815251079175,9.016156953494603,0.0,-5.096815251079175,0.0,8.938989152075608,10.754759946643576,9.016156953494603
r20\t7.2\t7.2_260.cif,1,8.887510592351395,5.120061831908952,8.482226251893492,0.0,-5.120061831908952,0.0,9.269372117080309,8.276391826528439,8.482226251893492
r20\t7.2\t7.2_200.cif,1,8.890668373754488,4.967472070357976,9.468512736760351,0.0,-4.967472070357976,0.0,9.229300365774758,10.847109647151102,9.468512736760351
r20\t7.2\t7.2_240.cif,1,8.887311640190505,5.043206491733664,8.673380915316285,0.0,-5.043206491733664,0.0,9.350308840484399,8.73120265102071,8.673380915316285
r20\t7.2\t7.2_300.cif,1,8.98189789219649,5.080134307291052,8.397873529768265,0.0,-5.080134307291052,0.0,9.359011281553496,7.956792835995938,8.397873529768265
r20\t7.2\t7.2_280.cif,1,8.924567479945665,5.014145209362832,8.484933300230159,0.0,-5.014145209362832,0.0,9.242447791671978,8.256895640266867,8.484933300230159
r20\t7.2\t7.2_320.cif,1,9.108845829401371,5.143033617098299,8.475958348872792,0.0,-5.143033617098299,0.0,9.621823208161416,9.057421833005872,8.475958348872792
r20\t7.2\t7.2_340.cif,1,9.087471760907235,5.102088867934492,8.705712111159041,0.0,-5.102088867934492,0.0,9.493752415477093,10.280877236843088,8.705712111159041
r20\t7.2\t7.2_60.cif,1,9.127770417330444,5.148667951659336,8.758555766898805,0.0,-5.148667951659336,0.0,9.473592919156248,9.764451759802899,8.758555766898805
r20\t7.2\t7.2_40.cif,1,9.01113668224595,4.944513036188049,9.26318861918863,0.0,-4.944513036188049,0.0,9.350923978193546,10.130294167562027,9.26318861918863
r20\t8.4\t8.4_100.cif,1,9.046400670502457,5.145997437514248,8.175774419465613,0.0,-5.145997437514248,0.0,9.301193971077067,9.042456782100542,8.175774419465613
r20\t8.4\t8.4_0.cif,1,9.419436641858786,5.185828421447666,8.674584019644252,0.0,-5.185828421447666,0.0,9.685993094706616,11.12385869756749,8.674584019644252
r20\t7.2\t7.2_80.cif,1,8.99431553975362,5.139574663162671,8.525430417516565,0.0,-5.139574663162671,0.0,9.311234821878221,9.515167839632138,8.525430417516565
r20\t8.4\t8.4_120.cif,1,9.095825223259855,5.186508628613248,8.191390546607721,0.0,-5.186508628613248,0.0,9.381026807758527,9.576860443073798,8.191390546607721
r20\t8.4\t8.4_180.cif,1,9.098224120147082,4.866417638971449,9.490270449757173,0.0,-4.866417638971449,0.0,9.390051630264356,10.349807042012928,9.490270449757173
r20\t8.4\t8.4_140.cif,1,9.06971777374266,5.129118743716804,8.612303523263861,0.0,-5.129118743716804,0.0,9.50672648100739,9.624378794056398,8.612303523263861
r20\t8.4\t8.4_20.cif,1,9.36796080564281,5.116152742480726,8.84974272703987,0.0,-5.116152742480726,0.0,9.847127383002727,11.011517339189178,8.84974272703987
r20\t8.4\t8.4_160.cif,1,9.050994007580117,4.8694156310735845,9.082081782730857,0.0,-4.8694156310735845,0.0,9.270469495885202,9.046934792321998,9.082081782730857
r20\t8.4\t8.4_220.cif,1,9.02784057414765,4.917024316822651,9.2007063876463,0.0,-4.917024316822651,0.0,9.314704711384673,9.384245790421405,9.2007063876463
r20\t8.4\t8.4_200.cif,1,9.147143583064768,4.978635629449942,9.50733730404776,0.0,-4.978635629449942,0.0,9.580782328320844,11.217218690862993,9.50733730404776
r20\t8.4\t8.4_240.cif,1,9.063104462873191,4.963382939838174,8.779583607197063,0.0,-4.963382939838174,0.0,9.311554953726288,8.63481722772615,8.779583607197063
r20\t8.4\t8.4_260.cif,1,9.015385011103717,5.071146747876415,8.526179898555641,0.0,-5.071146747876415,0.0,9.184947172753613,8.231272475970943,8.526179898555641
r20\t8.4\t8.4_300.cif,1,9.008080558141332,5.144156549895746,8.332405538121836,0.0,-5.144156549895746,0.0,9.156395881588567,8.03779393240297,8.332405538121836
r20\t8.4\t8.4_280.cif,1,9.072531991099586,5.076767494357879,8.467773680297748,0.0,-5.076767494357879,0.0,9.234148889410848,8.654181404682397,8.467773680297748
r20\t8.4\t8.4_340.cif,1,9.386507650105143,5.159581823551548,8.50484354557021,0.0,-5.159581823551548,0.0,9.88997113539365,10.036477116507792,8.50484354557021
r20\t8.4\t8.4_320.cif,1,9.228246368435206,5.173612065925108,8.442350304095546,0.0,-5.173612065925108,0.0,9.557978316955852,9.097465793992468,8.442350304095546
r20\t8.4\t8.4_40.cif,1,9.26500280047152,5.023386506822604,9.210561248802989,0.0,-5.023386506822604,0.0,9.683237870868016,10.186235060887359,9.210561248802989
r20\t9.6\t9.6_100.cif,1,9.359905854045591,5.10504161034669,8.26719343218678,0.0,-5.10504161034669,0.0,9.958900065907661,9.40710646487362,8.26719343218678
r20\t8.4\t8.4_80.cif,1,9.368155529774777,5.47641557620737,8.455231211780127,0.0,-5.47641557620737,0.0,9.816116506908708,10.769839044750656,8.455231211780127
r20\t8.4\t8.4_60.cif,1,9.294937345602566,5.185666793975208,8.683356974714904,0.0,-5.185666793975208,0.0,9.663181181379137,9.833844116088942,8.683356974714904
r20\t9.6\t9.6_0.cif,1,9.495224700392503,5.304006723499086,8.643286601045476,0.0,-5.304006723499086,0.0,10.096167805180379,11.215541706705274,8.643286601045476
r20\t9.6\t9.6_140.cif,1,9.535424579828613,5.051980770538688,8.637385387340546,0.0,-5.051980770538688,0.0,10.188719567408052,9.566038287502664,8.637385387340546
r20\t9.6\t9.6_120.cif,1,9.509392631059464,5.086800315177231,8.320253630647343,0.0,-5.086800315177231,0.0,10.088955541872258,9.191209424886884,8.320253630647343
r20\t9.6\t9.6_160.cif,1,9.55872915072973,4.897213369938331,9.061551039096152,0.0,-4.897213369938331,0.0,10.06775810547596,9.056064327492207,9.061551039096152
r20\t9.6\t9.6_200.cif,1,9.623833576639505,4.973304752833918,9.454307937308032,0.0,-4.973304752833918,0.0,10.0549398676231,10.683451813752544,9.454307937308032
r20\t9.6\t9.6_180.cif,1,9.581576216056243,5.048316144925528,9.291707850645679,0.0,-5.048316144925528,0.0,10.143246574110716,11.105672546046943,9.291707850645679
r20\t9.6\t9.6_20.cif,1,9.53040397400588,5.114405422063988,8.904107214535514,0.0,-5.114405422063988,0.0,10.002939389241375,10.982053604692602,8.904107214535514
r20\t9.6\t9.6_240.cif,1,9.63992128241719,5.072277291172839,8.727286573809657,0.0,-5.072277291172839,0.0,9.859395975761018,8.711855511886231,8.727286573809657
r20\t9.6\t9.6_220.cif,1,9.561844369343456,4.997437528781808,9.18481029888651,0.0,-4.997437528781808,0.0,9.912692055735372,10.231591448600037,9.18481029888651
r20\t9.6\t9.6_260.cif,1,10.012021617128196,5.457617399646594,8.222970906048001,0.0,-5.457617399646594,0.0,10.259588029593873,9.863542581852188,8.222970906048001
r20\t9.6\t9.6_300.cif,1,9.107215051213462,5.123806863043694,8.385786593461528,0.0,-5.123806863043694,0.0,9.517603645278532,8.325388817376433,8.385786593461528
r20\t9.6\t9.6_320.cif,1,9.12564470238837,5.127599272489098,8.407893323445002,0.0,-5.127599272489098,0.0,9.60901200578551,9.126897868987369,8.407893323445002
r20\t9.6\t9.6_340.cif,1,9.247664204150363,5.054564040600432,8.49922880785833,0.0,-5.054564040600432,0.0,9.754343769785033,10.019805132167091,8.49922880785833
r20\t9.6\t9.6_280.cif,1,9.50066162977457,5.183797773942104,8.433244975110455,0.0,-5.183797773942104,0.0,9.931272138441742,8.924604287397834,8.433244975110455
r20\t9.6\t9.6_60.cif,1,9.53616850134845,5.0065784669080475,8.852389562015619,0.0,-5.0065784669080475,0.0,9.956725660161872,9.392946447062588,8.852389562015619
r40\t0\t0_0.cif,1,9.021060686644416,5.387825322004441,8.302604163849416,0.0,-5.387825322004441,0.0,9.546542071407044,12.106002133970517,8.302604163849416
r20\t9.6\t9.6_40.cif,1,9.56413548101577,4.957340679083245,9.227016946000463,0.0,-4.957340679083245,0.0,10.04633096627818,10.18250747577638,9.227016946000463
r20\t9.6\t9.6_80.cif,1,9.554445793253507,5.399106742534129,8.514661815827795,0.0,-5.399106742534129,0.0,10.050924117566142,10.501122803629533,8.514661815827795
r40\t0\t0_100.cif,1,9.691615691347728,5.576786890219349,8.026923899599433,0.0,-5.576786890219349,0.0,10.380448022690963,10.66716579016372,8.026923899599433
r40\t0\t0_120.cif,1,9.349952718795079,5.210872839595793,8.18034015321493,0.0,-5.210872839595793,0.0,9.888349153066793,10.020852635684616,8.18034015321493
r40\t0\t0_140.cif,1,9.283604036737808,5.0354845456985755,8.685169233843164,0.0,-5.0354845456985755,0.0,9.82437386553867,10.417496529520486,8.685169233843164
r40\t0\t0_180.cif,1,9.354373671189881,5.034371794039153,9.191058064838291,0.0,-5.034371794039153,0.0,9.93578378522218,10.878399734271873,9.191058064838291
r40\t0\t0_160.cif,1,9.243702071252516,4.975008107029258,9.1190144222515,0.0,-4.975008107029258,0.0,9.751048034923024,9.471196812522829,9.1190144222515
r40\t0\t0_20.cif,1,9.343623141184294,5.121362037808823,8.695038545727765,0.0,-5.121362037808823,0.0,9.929429199566016,11.017579384504508,8.695038545727765
r40\t0\t0_200.cif,1,9.413108357081159,5.092210656101635,9.360785905308067,0.0,-5.092210656101635,0.0,10.122393069624362,12.504747314145263,9.360785905308067
r40\t0\t0_220.cif,1,9.375182784821373,5.111566578328321,8.976664255434759,0.0,-5.111566578328321,0.0,10.061619947034579,11.36705195695157,8.976664255434759
r40\t0\t0_260.cif,1,9.453950424928443,5.2844881812419935,8.326667013183341,0.0,-5.2844881812419935,0.0,10.022210314264537,9.811194922976071,8.326667013183341
r40\t0\t0_240.cif,1,9.34272669241413,5.296404931403096,8.60717717243725,0.0,-5.296404931403096,0.0,9.84299170182924,10.084880540026289,8.60717717243725
r40\t0\t0_280.cif,1,9.315221636470797,5.204777181817597,8.426054174972526,0.0,-5.204777181817597,0.0,9.795423596061216,9.600814105665847,8.426054174972526
r40\t0\t0_320.cif,1,9.087584175034713,5.5502410031331,8.016569579019793,0.0,-5.5502410031331,0.0,9.622329898452023,10.475380821684269,8.016569579019793
r40\t0\t0_300.cif,1,9.285370218394075,5.225337293925301,8.313697113531815,0.0,-5.225337293925301,0.0,9.735541913709241,9.35747633409529,8.313697113531815
r40\t0\t0_40.cif,1,9.37695226918545,5.047165757904859,8.882683945583482,0.0,-5.047165757904859,0.0,9.901907357268717,10.14339701275608,8.882683945583482
r40\t0\t0_340.cif,1,9.72402005191833,4.7870982616620985,8.18554571154098,0.0,-4.7870982616620985,0.0,10.144292772515115,7.0368926444940065,8.18554571154098
r40\t1.2\t1.2_0.cif,1,9.212204992004892,5.034051930375708,8.920712174036737,0.0,-5.034051930375708,0.0,9.27376919502748,10.337375030779329,8.920712174036737
r40\t0\t0_80.cif,1,9.654457805735762,5.409240820500837,8.285792850871323,0.0,-5.409240820500837,0.0,10.300027579843151,10.52390500084055,8.285792850871323
r40\t1.2\t1.2_100.cif,1,9.287841130663791,5.2957016076357055,8.189740502975914,0.0,-5.2957016076357055,0.0,9.562036420121535,10.431603313401974,8.189740502975914
r40\t1.2\t1.2_120.cif,1,9.260816467390852,5.251548055136717,8.167332898584469,0.0,-5.251548055136717,0.0,9.481573895879874,10.270759866627142,8.167332898584469
r40\t0\t0_60.cif,1,9.403121685602425,5.085926333660179,8.696933004396412,0.0,-5.085926333660179,0.0,9.973553927835377,10.476982642838312,8.696933004396412
r40\t1.2\t1.2_140.cif,1,9.207933985937322,5.074423495691859,8.66214959312775,0.0,-5.074423495691859,0.0,9.390981487066247,10.473853997312363,8.66214959312775
r40\t1.2\t1.2_160.cif,1,9.126730785471437,4.938030312401545,9.122636891192597,0.0,-4.938030312401545,0.0,9.261677758604831,9.236079513821254,9.122636891192597
r40\t1.2\t1.2_200.cif,1,9.186676766581451,5.095488155199191,9.33723894843099,0.0,-5.095488155199191,0.0,9.402900774522715,12.539402424426948,9.33723894843099
r40\t1.2\t1.2_220.cif,1,9.283905878455439,5.280665711258808,8.934504927163085,0.0,-5.280665711258808,0.0,9.501543660667718,11.786981618432282,8.934504927163085
r40\t1.2\t1.2_20.cif,1,9.286751068015644,4.903530970952577,9.20222485610196,0.0,-4.903530970952577,0.0,9.405145305874898,10.421032900257226,9.20222485610196
r40\t1.2\t1.2_180.cif,1,9.224335962127483,4.900764717525095,9.362315482296912,0.0,-4.900764717525095,0.0,9.338033227113648,10.18658584918386,9.362315482296912
r40\t1.2\t1.2_240.cif,1,9.237064442175562,5.329163143239936,8.549538523625994,0.0,-5.329163143239936,0.0,9.408303025985749,10.145741564742872,8.549538523625994
r40\t1.2\t1.2_300.cif,1,9.233088129103349,5.284453300212373,8.364646885670007,0.0,-5.284453300212373,0.0,9.705778161246172,9.669975571957725,8.364646885670007
r40\t1.2\t1.2_280.cif,1,9.227678389340985,5.237824900913045,8.40135872634869,0.0,-5.237824900913045,0.0,9.682847120490774,9.627047103379326,8.40135872634869
r40\t1.2\t1.2_340.cif,1,9.080890535722935,5.100225414793777,8.567978728645457,0.0,-5.100225414793777,0.0,9.399479496982119,10.876161387611997,8.567978728645457
r40\t1.2\t1.2_260.cif,1,9.36467732791683,5.39863495314876,8.273162723022228,0.0,-5.39863495314876,0.0,9.691293639208197,10.23951681389519,8.273162723022228
r40\t1.2\t1.2_320.cif,1,9.011029326072952,5.429624474374765,8.281264457662378,0.0,-5.429624474374765,0.0,9.445285585570781,10.597837282264084,8.281264457662378
r40\t1.2\t1.2_60.cif,1,9.077812531999582,4.99364990565409,8.739367035984914,0.0,-4.99364990565409,0.0,9.354122760776136,9.115357609169473,8.739367035984914
r40\t2.4\t2.4_100.cif,1,9.36977298455858,5.069351824523538,8.326868229011447,0.0,-5.069351824523538,0.0,9.785983897311445,9.808032443341867,8.326868229011447
r40\t1.2\t1.2_40.cif,1,9.015247361121286,4.871629058580198,9.239824853153483,0.0,-4.871629058580198,0.0,9.340364432947146,9.745574023216047,9.239824853153483
r40\t1.2\t1.2_80.cif,1,9.358495610192895,5.262424574272967,8.443779242537381,0.0,-5.262424574272967,0.0,9.697701211827692,10.520445383807928,8.443779242537381
r40\t2.4\t2.4_0.cif,1,9.376160868413619,5.040992357385996,8.9504280651854,0.0,-5.040992357385996,0.0,9.790216014735114,11.47763251507903,8.9504280651854
r40\t2.4\t2.4_140.cif,1,9.424949224201969,5.132765700804419,8.617126127521606,0.0,-5.132765700804419,0.0,9.82376526343974,10.546814730456273,8.617126127521606
r40\t2.4\t2.4_120.cif,1,9.476221692426735,5.2526482589591845,8.146954096297216,0.0,-5.2526482589591845,0.0,10.073530354018594,10.540610097545423,8.146954096297216
r40\t2.4\t2.4_180.cif,1,9.262196958450485,4.96162434214455,9.350538673881857,0.0,-4.96162434214455,0.0,9.651562182507597,10.25365268565433,9.350538673881857
r40\t2.4\t2.4_20.cif,1,9.414442336306028,4.947672055681875,9.198719703467273,0.0,-4.947672055681875,0.0,9.77982347947641,10.435550423730177,9.198719703467273
r40\t2.4\t2.4_160.cif,1,9.28397971831323,4.98488176408804,9.05432311077502,0.0,-4.98488176408804,0.0,9.548775978661496,9.289900737101839,9.05432311077502
r40\t2.4\t2.4_220.cif,1,9.339683191786506,5.15588971341857,9.004073280363913,0.0,-5.15588971341857,0.0,9.838524944477196,11.351320975167186,9.004073280363913
r40\t2.4\t2.4_300.cif,1,9.41953347910635,5.241091936855859,8.344884541279232,0.0,-5.241091936855859,0.0,9.69114841056366,9.32196721391697,8.344884541279232
r40\t2.4\t2.4_200.cif,1,9.09101388305764,5.131158095513807,9.30835460591332,0.0,-5.131158095513807,0.0,9.57172109923623,12.389655269740976,9.30835460591332
r40\t2.4\t2.4_240.cif,1,9.520509690450966,5.477923988673435,8.632527598386943,0.0,-5.477923988673435,0.0,10.04095982876375,11.411558402825113,8.632527598386943
r40\t2.4\t2.4_280.cif,1,9.392004788939165,5.207990980464394,8.42541533737392,0.0,-5.207990980464394,0.0,9.68602581403263,9.602067284294462,8.42541533737392
r40\t2.4\t2.4_260.cif,1,9.38063163594642,5.396201519197527,8.280509338432317,0.0,-5.396201519197527,0.0,9.726789770639636,10.231177523616612,8.280509338432317
r40\t2.4\t2.4_320.cif,1,9.440215942941443,5.3719856392802425,8.231212635692858,0.0,-5.3719856392802425,0.0,9.721844976784624,9.764847040344078,8.231212635692858
r40\t2.4\t2.4_60.cif,1,9.301496107894197,4.914130329267673,8.849427333649022,0.0,-4.914130329267673,0.0,9.558326610397966,9.021603882296365,8.849427333649022
r40\t3.6\t3.6_100.cif,1,9.135417779134869,5.040909235738445,8.294701949833927,0.0,-5.040909235738445,0.0,9.453200803301145,9.83642763836215,8.294701949833927
r40\t2.4\t2.4_340.cif,1,9.3611649453356,5.103616075893084,8.580249285410773,0.0,-5.103616075893084,0.0,9.75126787695238,10.870713519781747,8.580249285410773
r40\t2.4\t2.4_40.cif,1,9.40253526159268,4.88590743858618,9.247121001358352,0.0,-4.88590743858618,0.0,9.726680444098378,9.74289337120471,9.247121001358352
r40\t2.4\t2.4_80.cif,1,9.4751917978299,5.104377751818867,8.537338764759834,0.0,-5.104377751818867,0.0,10.045013896459027,10.407958069496418,8.537338764759834
r40\t3.6\t3.6_0.cif,1,9.206249009145546,5.074558761633334,8.89681502078633,0.0,-5.074558761633334,0.0,9.61452962435832,11.783938759972372,8.89681502078633
r40\t3.6\t3.6_120.cif,1,9.127915304300641,5.191283412513005,8.162241636762719,0.0,-5.191283412513005,0.0,9.411750325651033,10.51260637188724,8.162241636762719
r40\t3.6\t3.6_140.cif,1,9.108636167413751,5.135491187339453,8.60205951532408,0.0,-5.135491187339453,0.0,9.429656498546233,10.551749475396983,8.60205951532408
r40\t3.6\t3.6_180.cif,1,9.018147128274896,4.886428786771974,9.400094147415016,0.0,-4.886428786771974,0.0,9.289582443016199,9.974605132983875,9.400094147415016
r40\t3.6\t3.6_20.cif,1,9.161605162327955,4.954655334653119,9.171994916786701,0.0,-4.954655334653119,0.0,9.493570801846918,10.630313793555413,9.171994916786701
r40\t3.6\t3.6_200.cif,1,8.928809677772026,5.016431659755554,9.505433138169277,0.0,-5.016431659755554,0.0,9.366169959664528,12.360269329646984,9.505433138169277
r40\t3.6\t3.6_160.cif,1,8.964303299470622,4.950951962726416,9.048965015015893,0.0,-4.950951962726416,0.0,9.157234523907231,9.060492661007517,9.048965015015893
r40\t3.6\t3.6_220.cif,1,9.144745265396807,4.936110433707764,9.128585618449318,0.0,-4.936110433707764,0.0,9.353156661001456,9.183943544287908,9.128585618449318
r40\t3.6\t3.6_240.cif,1,9.018924374740594,5.163182750013318,8.531104106049304,0.0,-5.163182750013318,0.0,9.365004157164165,9.819420029833788,8.531104106049304
r40\t3.6\t3.6_260.cif,1,9.057321559981979,5.27231106986637,8.351584955763691,0.0,-5.27231106986637,0.0,9.62936099663735,10.153052385149103,8.351584955763691
r40\t3.6\t3.6_320.cif,1,9.223831767472312,5.375187213512185,8.219418079451303,0.0,-5.375187213512185,0.0,9.772971707553111,10.48236121307332,8.219418079451303
r40\t3.6\t3.6_340.cif,1,9.153709596986399,4.9240436253729465,9.255616738887088,0.0,-4.9240436253729465,0.0,9.468420961800962,9.749577901785749,9.255616738887088
r40\t3.6\t3.6_60.cif,1,9.06221026872344,4.967438639991172,8.842434912291266,0.0,-4.967438639991172,0.0,9.296716604223468,9.26795588784832,8.842434912291266
r40\t3.6\t3.6_280.cif,1,9.131140040711053,5.232868447532412,8.40809274358994,0.0,-5.232868447532412,0.0,9.619532977884054,9.621621819165343,8.40809274358994
r40\t3.6\t3.6_300.cif,1,9.190091538578404,5.230566003976672,8.325589169919073,0.0,-5.230566003976672,0.0,9.651217801346707,9.32883731810485,8.325589169919073
r40\t3.6\t3.6_40.cif,1,9.1513971286074,4.9211327652927945,9.256076265613201,0.0,-4.9211327652927945,0.0,9.467422384108957,9.749513581870243,9.256076265613201
r40\t3.6\t3.6_80.cif,1,9.162465225520915,5.141429525381689,8.588997448698832,0.0,-5.141429525381689,0.0,9.664883660987062,10.338071145015649,8.588997448698832
r40\t4.8\t4.8_0.cif,1,9.373720491264617,5.117503001371019,8.894601458380345,0.0,-5.117503001371019,0.0,10.039283578358294,11.816431281125741,8.894601458380345
r40\t4.8\t4.8_120.cif,1,9.406663057916269,5.207384366542637,8.133340250387299,0.0,-5.207384366542637,0.0,9.624088196358825,10.072389700837741,8.133340250387299
r40\t4.8\t4.8_100.cif,1,9.370925796978932,4.971465350380561,8.185005669426149,0.0,-4.971465350380561,0.0,9.610744001300167,8.95995541171532,8.185005669426149
r40\t4.8\t4.8_140.cif,1,9.502099260847329,5.13389495609768,8.598671901586867,0.0,-5.13389495609768,0.0,9.609839954396513,10.552106912843268,8.598671901586867
r40\t4.8\t4.8_160.cif,1,9.322298402981668,4.963771142188172,9.05680118570868,0.0,-4.963771142188172,0.0,9.297174415701612,9.289792860971975,9.05680118570868
r40\t4.8\t4.8_180.cif,1,9.162218224107978,4.862368827452178,9.493677081509912,0.0,-4.862368827452178,0.0,9.45763322131119,10.051134740743572,9.493677081509912
r40\t4.8\t4.8_220.cif,1,9.277606899654895,4.925163884176217,9.133994059642157,0.0,-4.925163884176217,0.0,9.677333845659163,9.18403054452277,9.133994059642157
r40\t4.8\t4.8_260.cif,1,9.140423937702009,5.25050936073046,8.36232552428487,0.0,-5.25050936073046,0.0,9.611206132924897,9.775428279727166,8.36232552428487
r40\t4.8\t4.8_200.cif,1,9.132751662179302,4.972339352178908,9.531291758332202,0.0,-4.972339352178908,0.0,9.542536664072143,11.625456872691267,9.531291758332202
r40\t4.8\t4.8_240.cif,1,9.29814796982308,5.19110406583004,8.570095122788564,0.0,-5.19110406583004,0.0,9.860634472605373,9.777632186848297,8.570095122788564
r40\t4.8\t4.8_20.cif,1,9.28316360328301,5.054353904266123,9.07747309208149,0.0,-5.054353904266123,0.0,9.899088310054294,11.453662170726338,9.07747309208149
r40\t4.8\t4.8_320.cif,1,9.365924847134506,5.342200201076587,8.243306434652656,0.0,-5.342200201076587,0.0,9.985294778740661,10.605905894000532,8.243306434652656
r40\t4.8\t4.8_300.cif,1,9.358000180748734,5.376399605223049,8.208262517580655,0.0,-5.376399605223049,0.0,9.846906138412296,9.997063208095938,8.208262517580655
r40\t4.8\t4.8_340.cif,1,9.457231051847616,5.214293423909967,8.474275715122578,0.0,-5.214293423909967,0.0,10.23544524548626,11.480110800885173,8.474275715122578
r40\t4.8\t4.8_280.cif,1,9.203549367803584,5.18342034815279,8.401527081763568,0.0,-5.18342034815279,0.0,9.63010752933075,9.623447399526574,8.401527081763568
r40\t4.8\t4.8_40.cif,1,9.267929183330793,4.93498506888935,9.259855844540487,0.0,-4.93498506888935,0.0,9.641257008580032,10.100739561557758,9.259855844540487
r40\t4.8\t4.8_60.cif,1,9.175640555863396,5.081101444231227,8.774391667182634,0.0,-5.081101444231227,0.0,9.701436258663731,10.416654352638531,8.774391667182634
r40\t4.8\t4.8_80.cif,1,9.097863378023058,5.012966876044498,8.591090907688104,0.0,-5.012966876044498,0.0,9.611829002038341,10.071451972078808,8.591090907688104
r40\t6.0\t6.0_180.cif,1,8.702543883340923,4.843618247345527,9.49770589210817,0.0,-4.843618247345527,0.0,9.158273417137288,9.874540288279874,9.49770589210817
r40\t6.0\t6.0_100.cif,1,9.424638905202569,5.111345114700098,8.191669519009531,0.0,-5.111345114700098,0.0,9.323828120218986,9.928639004815093,8.191669519009531
r40\t6.0\t6.0_160.cif,1,8.70445923797096,4.967194695687752,9.017495982510821,0.0,-4.967194695687752,0.0,9.178497902248072,9.324321377864461,9.017495982510821
r40\t6.0\t6.0_120.cif,1,9.202294927025214,5.242345692586501,8.108025081865291,0.0,-5.242345692586501,0.0,9.048866183801017,10.167923976188531,8.108025081865291
r40\t6.0\t6.0_0.cif,1,9.512163542218746,5.072407628945917,8.840076917039651,0.0,-5.072407628945917,0.0,9.6714294112626,10.893259991255322,8.840076917039651
r40\t6.0\t6.0_140.cif,1,8.928013035742639,5.144353517333591,8.564799858661495,0.0,-5.144353517333591,0.0,9.281492354447366,10.595774045700479,8.564799858661495
r40\t6.0\t6.0_240.cif,1,9.50822805114094,5.223423473033456,8.575302405734172,0.0,-5.223423473033456,0.0,9.557127981143847,9.7770135519326,8.575302405734172
r40\t6.0\t6.0_20.cif,1,9.439920456967249,5.067730772605062,9.124651091739832,0.0,-5.067730772605062,0.0,9.560505012470507,11.641697775557182,9.124651091739832
r40\t6.0\t6.0_200.cif,1,8.904658851801166,4.9267446929927186,9.522758780759453,0.0,-4.9267446929927186,0.0,9.262827425992638,10.573512275520626,9.522758780759453
r40\t6.0\t6.0_220.cif,1,9.216691737226832,4.996898503876435,9.05379581255461,0.0,-4.996898503876435,0.0,9.301909991267658,9.66509118086767,9.05379581255461
r40\t6.0\t6.0_280.cif,1,9.297564815341227,5.114226918468141,8.450274941886502,0.0,-5.114226918468141,0.0,9.489646136782449,9.576053038736092,8.450274941886502
r40\t6.0\t6.0_260.cif,1,9.327632680939159,5.231646020989439,8.342370179901547,0.0,-5.231646020989439,0.0,9.36374907773767,9.80161253092012,8.342370179901547
r40\t6.0\t6.0_300.cif,1,9.319332194121591,5.298084435194189,8.258268183710623,0.0,-5.298084435194189,0.0,9.533056584768701,9.767085681189458,8.258268183710623
r40\t6.0\t6.0_320.cif,1,9.426282399953614,5.344460926605285,8.268687081617614,0.0,-5.344460926605285,0.0,9.789164744614588,10.581171733575061,8.268687081617614
r40\t6.0\t6.0_60.cif,1,9.461013967723698,5.187557493931377,8.700558376724873,0.0,-5.187557493931377,0.0,9.496980026855345,10.514043263505872,8.700558376724873
r40\t7.2\t7.2_0.cif,1,9.09793728188772,4.960106961634712,8.861882125453445,0.0,-4.960106961634712,0.0,9.402106283242714,10.334025155600996,8.861882125453445
r40\t6.0\t6.0_340.cif,1,9.611954195785614,5.1483202807028485,8.50407343628118,0.0,-5.1483202807028485,0.0,9.947497027505692,10.963145320644752,8.50407343628118
r40\t6.0\t6.0_40.cif,1,9.437029985665593,4.89604175124411,9.267374879904269,0.0,-4.89604175124411,0.0,9.414133210753471,9.741030545492444,9.267374879904269
r40\t6.0\t6.0_80.cif,1,9.420174606201776,5.095844747543594,8.605494755836801,0.0,-5.095844747543594,0.0,9.507099523130316,10.319610011515959,8.605494755836801
r40\t7.2\t7.2_100.cif,1,9.00785828534954,5.17066270467845,8.142881571334224,0.0,-5.17066270467845,0.0,9.349788814159618,9.990706109426123,8.142881571334224
r40\t7.2\t7.2_140.cif,1,8.827878177601226,5.083035682523157,8.588050363485642,0.0,-5.083035682523157,0.0,9.085967911493555,10.535989853194254,8.588050363485642
r40\t7.2\t7.2_180.cif,1,8.87722982197386,4.856767343501634,9.49611787604767,0.0,-4.856767343501634,0.0,9.0641503909665,10.06271751351029,9.49611787604767
r40\t7.2\t7.2_160.cif,1,8.79663821264949,4.901046739849619,9.045241945306554,0.0,-4.901046739849619,0.0,8.954508651141513,9.048480798587784,9.045241945306554
r40\t7.2\t7.2_120.cif,1,8.863100651483768,5.187667279492914,8.159814107730973,0.0,-5.187667279492914,0.0,9.162997253154314,10.051796681247744,8.159814107730973
r40\t7.2\t7.2_20.cif,1,9.076526212455788,5.079922839508078,9.134358727697165,0.0,-5.079922839508078,0.0,9.612491499575045,11.642028093752172,9.134358727697165
r40\t7.2\t7.2_200.cif,1,8.97479032818921,5.010385509612963,9.438231371832453,0.0,-5.010385509612963,0.0,9.306926394671148,11.031720833141405,9.438231371832453
r40\t7.2\t7.2_220.cif,1,8.952077321110677,4.95426412268129,9.167104430605269,0.0,-4.95426412268129,0.0,9.237031007239851,10.093116160720951,9.167104430605269
r40\t7.2\t7.2_260.cif,1,8.876891440770185,5.226521438592595,8.396456274331157,0.0,-5.226521438592595,0.0,9.308439908241457,9.750143723268124,8.396456274331157
r40\t7.2\t7.2_240.cif,1,9.02190423071516,5.261361359126257,8.60844871280386,0.0,-5.261361359126257,0.0,9.445325439903176,10.10150058454227,8.60844871280386
r40\t7.2\t7.2_280.cif,1,8.878682274645898,4.856003872849037,9.495025116155132,0.0,-4.856003872849037,0.0,9.06614913235049,10.064123375546329,9.495025116155132
r40\t7.2\t7.2_300.cif,1,9.03957500577092,5.09690258962716,8.43876506397986,0.0,-5.09690258962716,0.0,9.469643750237537,8.862497707748352,8.43876506397986
r40\t7.2\t7.2_340.cif,1,9.172492144090292,5.181113089318417,8.510801988707918,0.0,-5.181113089318417,0.0,9.63616562352188,10.961554974854925,8.510801988707918
r40\t7.2\t7.2_320.cif,1,9.089453177582103,5.276804521200636,8.337108434810716,0.0,-5.276804521200636,0.0,9.671981234214952,10.360668946395117,8.337108434810716
r40\t7.2\t7.2_40.cif,1,9.023830083557188,4.928113579628102,9.276496376243204,0.0,-4.928113579628102,0.0,9.355334870940148,10.32159936410974,9.276496376243204
r40\t7.2\t7.2_60.cif,1,9.101363679307862,5.184960495486719,8.673473668615497,0.0,-5.184960495486719,0.0,9.476730424278932,10.55154741683805,8.673473668615497
r40\t8.4\t8.4_100.cif,1,9.18500707661962,5.28604636711494,8.141152335714567,0.0,-5.28604636711494,0.0,9.493451779123502,10.475330521345397,8.141152335714567
r40\t7.2\t7.2_80.cif,1,9.008596117937474,5.153376937280806,8.591587977373994,0.0,-5.153376937280806,0.0,9.383720733329614,10.369696300226677,8.591587977373994
r40\t8.4\t8.4_0.cif,1,9.147300272327971,4.985832529338243,8.880204991554338,0.0,-4.985832529338243,0.0,9.524783279580785,10.373628663192418,8.880204991554338
r40\t8.4\t8.4_120.cif,1,9.15129803637259,5.221833210219489,8.200074992806421,0.0,-5.221833210219489,0.0,9.561578080724795,10.48702404509368,8.200074992806421
r40\t8.4\t8.4_20.cif,1,9.207637453772643,5.08638896024434,9.13379100804222,0.0,-5.08638896024434,0.0,9.763081130937223,11.656068276945064,9.13379100804222
r40\t8.4\t8.4_140.cif,1,9.180124318658317,5.03752175231655,8.603117264782513,0.0,-5.03752175231655,0.0,9.615795527326814,9.572032321717655,8.603117264782513
r40\t8.4\t8.4_160.cif,1,9.064200126228348,4.890030335321208,9.08207930010006,0.0,-4.890030335321208,0.0,9.274990446396188,9.014540787792297,9.08207930010006
r40\t8.4\t8.4_220.cif,1,9.191086158510716,5.043387890532685,9.108486014425072,0.0,-5.043387890532685,0.0,9.587515480672112,11.394472797310028,9.108486014425072
r40\t8.4\t8.4_200.cif,1,9.210393007986902,5.061789445607262,9.368765867297125,0.0,-5.061789445607262,0.0,9.651380832583795,12.062995538107751,9.368765867297125
r40\t8.4\t8.4_180.cif,1,9.063261856545735,4.897222185316132,9.42409779108745,0.0,-4.897222185316132,0.0,9.315173976412137,10.377655255678311,9.42409779108745
r40\t8.4\t8.4_240.cif,1,9.189054056947286,5.202163349072913,8.682012349041699,0.0,-5.202163349072913,0.0,9.53128051142964,10.023014569143589,8.682012349041699
r40\t8.4\t8.4_280.cif,1,9.090466341613025,5.168449717052684,8.461638031558724,0.0,-5.168449717052684,0.0,9.302211513223169,9.562455314552151,8.461638031558723
r40\t8.4\t8.4_300.cif,1,9.171441644505318,5.398170549922269,8.198300829000342,0.0,-5.398170549922269,0.0,9.422049173262877,10.19323995890012,8.198300829000342
r40\t8.4\t8.4_260.cif,1,9.070886677583296,5.220459046248361,8.38792288308768,0.0,-5.220459046248361,0.0,9.520629655935476,9.757249800023372,8.38792288308768
r40\t8.4\t8.4_340.cif,1,9.20505552950064,5.499268206449446,8.321001380948431,0.0,-5.499268206449446,0.0,9.77565047078745,11.752187900221696,8.321001380948431
r40\t8.4\t8.4_320.cif,1,9.201370963488555,5.362115758142196,8.227589825152835,0.0,-5.362115758142196,0.0,9.603030137744714,10.659814279569016,8.227589825152835
r40\t8.4\t8.4_40.cif,1,9.190919133287304,4.910268878193804,9.308598700446456,0.0,-4.910268878193804,0.0,9.541701600455584,10.057787964504014,9.308598700446456
r40\t8.4\t8.4_80.cif,1,9.389181064936652,5.3495966312146415,8.461532774383668,0.0,-5.3495966312146415,0.0,9.725906957186469,10.523370533702668,8.461532774383668
r40\t8.4\t8.4_60.cif,1,9.297509019266453,5.232544716888304,8.64514195546954,0.0,-5.232544716888304,0.0,9.693453217483288,10.58464762988084,8.64514195546954
r40\t9.6\t9.6_120.cif,1,9.605698402090226,5.225573007122159,8.171791076740549,0.0,-5.225573007122159,0.0,10.273857038829021,10.512931172326676,8.171791076740549
r40\t9.6\t9.6_0.cif,1,9.381767947743189,4.841026941250608,8.958371773468903,0.0,-4.841026941250608,0.0,9.811352179636556,10.262263551854437,8.958371773468903
r40\t9.6\t9.6_100.cif,1,9.697471958452866,5.502074277428568,8.046167667718587,0.0,-5.502074277428568,0.0,10.347229689014515,10.62446311061617,8.046167667718587
r40\t9.6\t9.6_160.cif,1,9.522918011989878,4.910610618181145,9.05685420763074,0.0,-4.910610618181145,0.0,9.975318142164948,9.033379804045008,9.05685420763074
r40\t9.6\t9.6_140.cif,1,9.571724852843715,5.04902653165049,8.611807197812343,0.0,-5.04902653165049,0.0,10.32666165088884,9.800412050232435,8.611807197812343
r40\t9.6\t9.6_180.cif,1,9.426054454789693,4.9078248378346725,9.397667074970531,0.0,-4.9078248378346725,0.0,9.94790985887461,10.413823023627977,9.397667074970531
r40\t9.6\t9.6_220.cif,1,9.611823954076826,5.285728441490035,8.986166087814155,0.0,-5.285728441490035,0.0,10.237098959897503,11.744300438932141,8.986166087814155
r40\t9.6\t9.6_200.cif,1,9.610777822810622,5.149078274454081,9.30608271400291,0.0,-5.149078274454081,0.0,10.092605113311398,12.623178242481204,9.30608271400291
r40\t9.6\t9.6_280.cif,1,9.433290049423418,5.215581993875247,8.444006508120573,0.0,-5.215581993875247,0.0,9.878764434787053,9.583403573290429,8.444006508120573
r40\t9.6\t9.6_20.cif,1,9.490648868531173,4.9843447823781,9.199937346816824,0.0,-4.9843447823781,0.0,9.949385614007532,10.825288971916923,9.199937346816824
r40\t9.6\t9.6_260.cif,1,9.495239356078146,5.236773101595055,8.374494227015942,0.0,-5.236773101595055,0.0,9.94043649803137,9.535526557349375,8.374494227015942
r40\t9.6\t9.6_240.cif,1,9.632268348117767,5.401409445656247,8.585747207614592,0.0,-5.401409445656247,0.0,10.010493543629588,10.509470260698045,8.585747207614592
r40\t9.6\t9.6_320.cif,1,9.0763909462766,5.450806497317352,8.153717873243911,0.0,-5.450806497317352,0.0,9.575546363450474,10.80350336108306,8.153717873243911
r40\t9.6\t9.6_300.cif,1,9.263595920441714,5.568514956084173,8.084637200609125,0.0,-5.568514956084173,0.0,9.791705537388422,10.346244588024092,8.084637200609125
r40\t9.6\t9.6_80.cif,1,9.67440278863436,5.340901267616911,8.439970648942111,0.0,-5.340901267616911,0.0,10.229237397247223,10.521292061535663,8.439970648942111
r40\t9.6\t9.6_40.cif,1,9.560667906977905,4.8830966440462635,9.280797965129604,0.0,-4.8830966440462635,0.0,9.944809831240715,9.736673248303848,9.280797965129604
r40\t9.6\t9.6_340.cif,1,9.031022930742651,5.506175815744628,8.318253011501632,0.0,-5.506175815744628,0.0,9.587344519791964,11.76420026831193,8.318253011501632
r40\t9.6\t9.6_60.cif,1,9.514676836531724,5.1154907692119105,8.696500750470838,0.0,-5.1154907692119105,0.0,9.903380856827383,10.495507959369668,8.696500750470838
r60\t0\t0_0.cif,1,9.336906289882412,5.2484407178703645,8.470374499822924,0.0,-5.2484407178703645,0.0,9.959052857669224,10.972224511669365,8.470374499822924
r60\t0\t0_140.cif,1,9.30020401357805,4.985731661878643,8.68387539499189,0.0,-4.985731661878643,0.0,9.806858748638728,9.167443673996559,8.68387539499189
r60\t0\t0_100.cif,1,9.395882805189542,5.134160112614943,8.321228297885467,0.0,-5.134160112614943,0.0,9.949751945648456,9.38369755285124,8.321228297885467
r60\t0\t0_120.cif,1,9.317441800488254,5.15282152796326,8.282649726859379,0.0,-5.15282152796326,0.0,9.835044713060997,9.267251788698028,8.282649726859379
r60\t0\t0_160.cif,1,9.320857939127357,4.897729615116006,9.116006971422195,0.0,-4.897729615116006,0.0,9.85856796188726,9.170445617273376,9.116006971422195
r60\t0\t0_240.cif,1,9.241534712760267,5.123550914062715,8.752112720564195,0.0,-5.123550914062715,0.0,9.69958382289993,9.153340945997002,8.752112720564195
r60\t0\t0_180.cif,1,9.333738275352166,4.909578229109716,9.283485618743642,0.0,-4.909578229109716,0.0,9.884698232648802,9.874671772467375,9.283485618743642
r60\t0\t0_20.cif,1,9.330827868798442,5.098691546424174,8.77599390362372,0.0,-5.098691546424174,0.0,9.853674125349421,10.106211768778135,8.77599390362372
r60\t0\t0_260.cif,1,9.418638813571876,5.158016734318951,8.456195920574478,0.0,-5.158016734318951,0.0,9.919420430005802,8.716999229381349,8.456195920574478
r60\t0\t0_200.cif,1,9.414545348549574,4.919013880550582,9.510914273089192,0.0,-4.919013880550582,0.0,10.068397560444106,10.729526013400072,9.510914273089192
r60\t0\t0_220.cif,1,9.382929775459807,4.985544029445373,9.093190810478722,0.0,-4.985544029445373,0.0,9.926110365764021,9.123421366594373,9.093190810478722
r60\t0\t0_280.cif,1,9.385714965715207,5.094293827497034,8.470749184534005,0.0,-5.094293827497034,0.0,9.868147472773547,8.741527401439672,8.470749184534005
r60\t0\t0_340.cif,1,9.24768966910645,5.234672149596116,8.151731524709696,0.0,-5.234672149596116,0.0,9.893390356045499,10.460267225248327,8.151731524709696
r60\t0\t0_320.cif,1,9.229889886645259,5.519067268434374,8.026134995071008,0.0,-5.519067268434374,0.0,9.793851114692647,10.467612201100179,8.026134995071008
r60\t0\t0_40.cif,1,9.341616059287546,4.991309978174946,9.034493212158337,0.0,-4.991309978174946,0.0,9.916211879349829,9.92015285986062,9.034493212158337
r60\t0\t0_300.cif,1,9.31933135693474,5.123586179400556,8.367295036935209,0.0,-5.123586179400556,0.0,9.682639139837544,8.126895739124125,8.367295036935209
r60\t1.2\t1.2_0.cif,1,9.269553504691638,5.092137253990547,8.906656596751994,0.0,-5.092137253990547,0.0,9.479325193714184,11.007742231776202,8.906656596751994
r60\t0\t0_60.cif,1,9.364599122482323,4.932126694992251,8.830331017628941,0.0,-4.932126694992251,0.0,9.879595092266795,9.198279858690585,8.830331017628941
r60\t0\t0_80.cif,1,9.490089558364014,5.173934876739465,8.429803654729712,0.0,-5.173934876739465,0.0,10.110080716664921,9.894464055821489,8.429803654729712
r60\t1.2\t1.2_160.cif,1,9.140008418162866,4.922330371491208,9.121595251347694,0.0,-4.922330371491208,0.0,9.2587878319105,9.162573238684613,9.121595251347694
r60\t1.2\t1.2_120.cif,1,9.178243689906287,5.107527816760673,8.236346916935561,0.0,-5.107527816760673,0.0,9.314947691326491,8.957083009278444,8.236346916935565
r60\t1.2\t1.2_100.cif,1,9.248944039420795,5.1038714371890865,8.313193640593001,0.0,-5.1038714371890865,0.0,9.437311041228114,9.365790626619495,8.313193640593001
r60\t1.2\t1.2_180.cif,1,9.218775789029795,4.803316827244254,9.462909077934752,0.0,-4.803316827244254,0.0,9.298155069706615,9.419475881269673,9.462909077934752
r60\t1.2\t1.2_140.cif,1,9.244327201670902,4.995218591866336,8.667511950246622,0.0,-4.995218591866336,0.0,9.372251993421926,9.185561389568418,8.667511950246622
r60\t1.2\t1.2_20.cif,1,9.302000325002403,4.900615572380005,9.252601576281481,0.0,-4.900615572380005,0.0,9.456453101785494,10.361953292540822,9.252601576281481
r60\t1.2\t1.2_220.cif,1,9.280701306427526,4.982453567334331,9.053825781967774,0.0,-4.982453567334331,0.0,9.37678811837348,9.40573717943585,9.053825781967774
r60\t1.2\t1.2_200.cif,1,9.33235245136138,5.015903880486407,9.487936574567312,0.0,-5.015903880486407,0.0,9.609781142280466,11.581737538703319,9.487936574567312
r60\t1.2\t1.2_240.cif,1,9.177003032991225,5.1122530367634536,8.715763888664863,0.0,-5.1122530367634536,0.0,9.358810398750515,9.16054545642336,8.715763888664863
r60\t1.2\t1.2_300.cif,1,9.245600291142244,5.1592022120883305,8.4333213251872,0.0,-5.1592022120883305,0.0,9.442736090025653,8.773944173642965,8.4333213251872
r60\t1.2\t1.2_260.cif,1,9.338915069773668,5.2484699625237585,8.389599485909017,0.0,-5.2484699625237585,0.0,9.621891288739736,9.31654230129905,8.389599485909017
r60\t1.2\t1.2_280.cif,1,9.271992607411216,5.130164709592124,8.489820108000984,0.0,-5.130164709592124,0.0,9.677453835594129,8.72660863427286,8.489820108000984
r60\t1.2\t1.2_340.cif,1,8.720962898760517,5.756379728301868,8.116797261574558,0.0,-5.756379728301868,0.0,9.293903240413481,12.473475553034564,8.116797261574558
r60\t1.2\t1.2_40.cif,1,9.041332682733398,4.8212108573631065,9.242678139586541,0.0,-4.8212108573631065,0.0,9.364069220864732,9.07743698474951,9.242678139586541
r60\t1.2\t1.2_320.cif,1,9.080267855807607,5.469758086663434,8.219025385642405,0.0,-5.469758086663434,0.0,9.620899438223573,10.596918519070416,8.219025385642405
r60\t2.4\t2.4_100.cif,1,9.416247824488599,5.077248776871008,8.296446945162574,0.0,-5.077248776871008,0.0,9.793556132452695,9.204400327233312,8.296446945162574
r60\t1.2\t1.2_60.cif,1,9.060995672074935,4.947304794985575,8.835945523639845,0.0,-4.947304794985575,0.0,9.39033732842036,9.192428039897502,8.835945523639845
r60\t2.4\t2.4_0.cif,1,9.401460196336547,4.962024946875737,8.991662070544832,0.0,-4.962024946875737,0.0,9.829174550826611,10.418725069744308,8.991662070544832
r60\t1.2\t1.2_80.cif,1,9.300502454973744,5.08390091192953,8.599655473511241,0.0,-5.08390091192953,0.0,9.50114186485026,9.539985313530535,8.599655473511241
r60\t2.4\t2.4_140.cif,1,9.480199876054726,4.990916646451697,8.639181886036537,0.0,-4.990916646451697,0.0,9.837842196907886,9.211011101154446,8.639181886036537
r60\t2.4\t2.4_120.cif,1,9.316537082719451,5.133945836287277,8.245263354111579,0.0,-5.133945836287277,0.0,9.782931987621415,8.955554654723104,8.245263354111579
r60\t2.4\t2.4_160.cif,1,9.396066109512235,4.935628745635426,9.0999097167125,0.0,-4.935628745635426,0.0,9.734147988966075,9.175060602318839,9.0999097167125
r60\t2.4\t2.4_20.cif,1,9.48510698030689,4.935097438367819,9.205847426484551,0.0,-4.935097438367819,0.0,9.910329031429146,10.40727329137272,9.205847426484551
r60\t2.4\t2.4_200.cif,1,9.249016119600633,4.964147857860849,9.444805387003075,0.0,-4.964147857860849,0.0,9.678182366174303,11.158566987629472,9.444805387003075
r60\t2.4\t2.4_180.cif,1,9.376014463855528,4.864587411485765,9.408406393568928,0.0,-4.864587411485765,0.0,9.736958502961437,9.469299594454332,9.408406393568928
r60\t2.4\t2.4_220.cif,1,9.422633163988161,4.958486102343076,9.126683875663288,0.0,-4.958486102343076,0.0,9.738547719341634,9.344900219520946,9.126683875663288
r60\t2.4\t2.4_300.cif,1,9.374835749888106,5.161221463130973,8.408834281834617,0.0,-5.161221463130973,0.0,9.612393447017135,8.441419750350319,8.408834281834617
r60\t2.4\t2.4_260.cif,1,9.375202726709883,5.15502276002344,8.440796690698924,0.0,-5.15502276002344,0.0,9.650880433054027,8.75999344999923,8.440796690698924
r60\t2.4\t2.4_320.cif,1,9.350042195027324,5.558272414866525,8.222454258553725,0.0,-5.558272414866525,0.0,9.789085047598116,11.06841799806976,8.222454258553725
r60\t2.4\t2.4_280.cif,1,9.366025962528612,5.164263414532337,8.472761248719793,0.0,-5.164263414532337,0.0,9.634017885467092,9.123196394336448,8.472761248719793
r60\t2.4\t2.4_240.cif,1,9.551088177870204,5.545503173212042,8.619887528944936,0.0,-5.545503173212042,0.0,9.866052228492322,10.978931920086094,8.619887528944936
r60\t2.4\t2.4_40.cif,1,9.438161137742412,4.818113458533056,9.237210563555566,0.0,-4.818113458533056,0.0,9.76073204610928,9.08915585881636,9.237210563555566
r60\t2.4\t2.4_60.cif,1,9.475310383155833,4.997346189213766,8.7879438915497,0.0,-4.997346189213766,0.0,9.806197828013454,9.234880603780734,8.7879438915497
r60\t2.4\t2.4_340.cif,1,9.328114316826378,5.072443803959841,8.613276382854252,0.0,-5.072443803959841,0.0,9.72520771684036,10.01146576369514,8.613276382854252
r60\t3.6\t3.6_0.cif,1,9.239944829683424,4.969757265574617,9.010934996434486,0.0,-4.969757265574617,0.0,9.636281572988155,10.39953028788641,9.010934996434486
r60\t2.4\t2.4_80.cif,1,9.522576403094652,5.145318363854546,8.582214746646347,0.0,-5.145318363854546,0.0,9.950966332211014,9.919583865791049,8.582214746646347
r60\t3.6\t3.6_120.cif,1,9.10146095122309,5.070904909881492,8.22909989799412,0.0,-5.070904909881492,0.0,9.290510375960489,8.794142346069897,8.22909989799412
r60\t3.6\t3.6_100.cif,1,9.066801534863318,5.194621409600764,8.213254313413604,0.0,-5.194621409600764,0.0,9.370183333380147,9.484493828515422,8.213254313413604
r60\t3.6\t3.6_140.cif,1,9.180712378619521,5.0677625935958766,8.63226719038722,0.0,-5.0677625935958766,0.0,9.502227828049216,9.696549819300362,8.63226719038722
r60\t3.6\t3.6_20.cif,1,9.17736081932676,4.873718317036923,9.219194680981328,0.0,-4.873718317036923,0.0,9.51954719420905,10.034967893947458,9.219194680981328
r60\t3.6\t3.6_160.cif,1,9.048292085521913,5.17465867565141,8.761469091606738,0.0,-5.17465867565141,0.0,9.421334181655393,9.99551221397667,8.761469091606738
r60\t3.6\t3.6_200.cif,1,9.012714377233204,4.984532654210497,9.493869192761991,0.0,-4.984532654210497,0.0,9.464293164092874,11.588612846990001,9.493869192761991
r60\t3.6\t3.6_180.cif,1,9.027423953175926,4.8603723402243055,9.423292546062767,0.0,-4.8603723402243055,0.0,9.300337977324775,9.459629695986822,9.423292546062767
r60\t3.6\t3.6_220.cif,1,9.16882010954291,4.944850916713127,9.143774633302671,0.0,-4.944850916713127,0.0,9.432095252769921,9.335126443160965,9.143774633302671
r60\t3.6\t3.6_260.cif,1,9.059183758275672,5.1590169771791885,8.447059759096124,0.0,-5.1590169771791885,0.0,9.528568279249269,8.756176208447943,8.447059759096124
r60\t3.6\t3.6_240.cif,1,9.061765416941995,5.0529432299493084,8.719062408855207,0.0,-5.0529432299493084,0.0,9.293701322067221,8.819463090461932,8.719062408855207
r60\t3.6\t3.6_300.cif,1,9.150220134813756,5.094076689733696,8.439485655926285,0.0,-5.094076689733696,0.0,9.61388941301832,8.40904597867793,8.439485655926285
r60\t3.6\t3.6_280.cif,1,9.11095571485031,5.1109576854535534,8.480610258203193,0.0,-5.1109576854535534,0.0,9.561140799816574,8.738107432397895,8.480610258203193
r60\t3.6\t3.6_340.cif,1,9.193700878988379,5.067871723485206,8.618729591497367,0.0,-5.067871723485206,0.0,9.52794965744899,10.01741574265062,8.618729591497367
r60\t3.6\t3.6_320.cif,1,9.077655390141624,5.320027690144725,8.272337409021306,0.0,-5.320027690144725,0.0,9.579714377016431,9.947276345866701,8.272337409021306
r60\t3.6\t3.6_40.cif,1,9.171639452553762,4.861033175723688,9.259029129289347,0.0,-4.861033175723688,0.0,9.466483489237175,9.311834128690803,9.259029129289347
r60\t3.6\t3.6_80.cif,1,9.200184122028212,5.108326345123919,8.531677073442726,0.0,-5.108326345123919,0.0,9.612806889720153,9.587237312667312,8.531677073442726
r60\t3.6\t3.6_60.cif,1,9.117260149011132,4.959345703583179,8.789891848512053,0.0,-4.959345703583179,0.0,9.41203561844347,9.233722296471777,8.789891848512053
r60\t4.8\t4.8_0.cif,1,9.391351036784672,4.984008731002642,9.002232665568872,0.0,-4.984008731002642,0.0,9.998873077599873,10.399600813505549,9.002232665568872
r60\t4.8\t4.8_100.cif,1,9.481825356602332,5.201929438931843,8.223729317972307,0.0,-5.201929438931843,0.0,9.60657903875288,9.48485566582641,8.223729317972307
r60\t4.8\t4.8_140.cif,1,9.506199175722807,5.072694068621846,8.613668070557098,0.0,-5.072694068621846,0.0,9.592326040081579,9.716199924641758,8.613668070557098
r60\t4.8\t4.8_120.cif,1,9.491079265239742,5.092125270910867,8.230618889342965,0.0,-5.092125270910867,0.0,9.6736383293943,8.791748286954938,8.230618889342965
r60\t4.8\t4.8_180.cif,1,9.216004212867048,4.825548503529996,9.471951652075015,0.0,-4.825548503529996,0.0,9.527617298185913,9.412963695863514,9.471951652075015
r60\t4.8\t4.8_20.cif,1,9.307153201843956,4.866746615987942,9.219025382332653,0.0,-4.866746615987942,0.0,9.860748326099305,10.029601239980456,9.219025382332653
r60\t4.8\t4.8_160.cif,1,9.376174220945124,4.95076789968837,8.964990365307628,0.0,-4.95076789968837,0.0,9.401252832706758,9.300914236614533,8.964990365307628
r60\t4.8\t4.8_200.cif,1,9.20191636517056,4.936336643003657,9.528515163907494,0.0,-4.936336643003657,0.0,9.625899197537906,10.907417841888849,9.528515163907494
r60\t4.8\t4.8_260.cif,1,9.132723250202448,5.127462931199266,8.442541528226652,0.0,-5.127462931199266,0.0,9.521786524678808,8.583906025265216,8.442541528226652
r60\t4.8\t4.8_220.cif,1,9.28973285517577,4.929704985123782,9.155916449681298,0.0,-4.929704985123782,0.0,9.72928074732062,9.095771491331744,9.155916449681298
r60\t4.8\t4.8_280.cif,1,9.246124452626814,5.045794164973058,8.495704475857652,0.0,-5.045794164973058,0.0,9.647541191728664,8.374636936677446,8.49570447585765
r60\t4.8\t4.8_240.cif,1,9.256534456272949,5.081984282637685,8.708576998430178,0.0,-5.081984282637685,0.0,9.721848752437353,8.830731410624566,8.708576998430178
r60\t4.8\t4.8_300.cif,1,9.257195866252244,5.022774512109231,8.427757431090615,0.0,-5.022774512109231,0.0,9.667751486137767,8.062200930941879,8.427757431090615
r60\t4.8\t4.8_320.cif,1,9.460180573027932,5.158704172951603,8.206835814291523,0.0,-5.158704172951603,0.0,9.969934151859738,8.955091304746487,8.206835814291523
r60\t4.8\t4.8_340.cif,1,9.352229812773428,5.085490198608937,8.61132330396365,0.0,-5.085490198608937,0.0,9.981040070726172,10.011888318297483,8.61132330396365
r60\t4.8\t4.8_60.cif,1,9.16783280529322,4.990781590688133,8.791367960325017,0.0,-4.990781590688133,0.0,9.630921489749845,9.237071342758686,8.791367960325017
r60\t4.8\t4.8_40.cif,1,9.272151798667121,4.896930801373503,9.278296100518268,0.0,-4.896930801373503,0.0,9.667150690184945,9.883634677416463,9.278296100518268
r60\t4.8\t4.8_80.cif,1,9.259306931962751,5.116639052830152,8.584316661918336,0.0,-5.116639052830152,0.0,9.733315903081344,9.7186470907212,8.584316661918336
r60\t6.0\t6.0_0.cif,1,9.61223837960765,5.073704281247868,8.952630213644804,0.0,-5.073704281247868,0.0,9.67079897262088,10.922885850736348,8.952630213644804
r60\t6.0\t6.0_100.cif,1,9.498290576248342,5.0930031082163625,8.229784427203755,0.0,-5.0930031082163625,0.0,9.406847729654189,9.089557956465894,8.229784427203755
r60\t6.0\t6.0_120.cif,1,9.364748959112225,5.17021965718825,8.233036027888524,0.0,-5.17021965718825,0.0,9.257036779835873,9.53528238427062,8.233036027888524
r60\t6.0\t6.0_140.cif,1,8.743255645776303,5.058028701813754,8.636584595296803,0.0,-5.058028701813754,0.0,9.278605670483593,9.695792834490796,8.636584595296803
r60\t6.0\t6.0_160.cif,1,8.712782125102223,4.961207042136157,9.035803679580631,0.0,-4.961207042136157,0.0,9.21691048278279,9.226721528668564,9.035803679580631
r60\t6.0\t6.0_20.cif,1,9.465109393538183,4.936281053898871,9.192527361735955,0.0,-4.936281053898871,0.0,9.505612939666596,10.58816248353211,9.192527361735955
r60\t6.0\t6.0_180.cif,1,8.772455832575956,4.8017370660299195,9.48882969543879,0.0,-4.8017370660299195,0.0,9.293724677515357,9.399090897337175,9.48882969543879
r60\t6.0\t6.0_200.cif,1,8.937375035184715,4.933437399431177,9.536036491719944,0.0,-4.933437399431177,0.0,9.422993660713752,10.902450161128014,9.536036491719944
r60\t6.0\t6.0_240.cif,1,9.502147251291506,5.077701865811536,8.707839718454338,0.0,-5.077701865811536,0.0,9.394450693968876,8.825514729501396,8.707839718454338
r60\t6.0\t6.0_220.cif,1,9.17127547046801,4.947980217046997,9.177628111750513,0.0,-4.947980217046997,0.0,9.315816850189075,9.54286917975691,9.177628111750513
r60\t6.0\t6.0_280.cif,1,9.419542866000274,5.041811890248135,8.509702213170065,0.0,-5.041811890248135,0.0,9.57519266602805,8.364991316223382,8.509702213170065
r60\t6.0\t6.0_260.cif,1,9.304620383381687,5.136606141897775,8.428701983970365,0.0,-5.136606141897775,0.0,9.265817297994275,8.420086165017615,8.428701983970365
r60\t6.0\t6.0_340.cif,1,9.666578715596676,5.166500659268014,8.474980149738128,0.0,-5.166500659268014,0.0,9.938026181351555,10.166554063841268,8.474980149738128
r60\t6.0\t6.0_320.cif,1,9.496728352851942,5.109418290237166,8.383770428661185,0.0,-5.109418290237166,0.0,9.71464187894919,8.790156253328202,8.383770428661185
r60\t6.0\t6.0_300.cif,1,9.424891195689753,5.0334601009651,8.415898494720029,0.0,-5.0334601009651,0.0,9.565527828470252,8.074960055893243,8.415898494720029
r60\t6.0\t6.0_40.cif,1,9.425869276933728,4.8800849506813915,9.2832013715149,0.0,-4.8800849506813915,0.0,9.400469203726031,9.70372587154636,9.2832013715149
r60\t6.0\t6.0_60.cif,1,9.399836443329857,4.985431850050461,8.763417598603663,0.0,-4.985431850050461,0.0,9.324598661431565,9.260863449535599,8.763417598603663
r60\t6.0\t6.0_80.cif,1,9.472284678242788,5.047633023553403,8.599039843969829,0.0,-5.047633023553403,0.0,9.517543237957383,9.499549241216945,8.599039843969829
r60\t7.2\t7.2_0.cif,1,9.096276737480983,4.933478455214361,8.986812364231929,0.0,-4.933478455214361,0.0,9.430590768710818,10.407360654406988,8.986812364231929
r60\t7.2\t7.2_140.cif,1,8.921635838722429,5.071635812338609,8.628859368481843,0.0,-5.071635812338609,0.0,9.203850254282317,9.704421687904148,8.628859368481843
r60\t7.2\t7.2_120.cif,1,8.887595171665664,5.218638386900262,8.20574896319329,0.0,-5.218638386900262,0.0,9.193022931781682,9.81270871967039,8.20574896319329
r60\t7.2\t7.2_100.cif,1,9.038862138214123,5.16236388952993,8.213280867933976,0.0,-5.16236388952993,0.0,9.326781517087722,9.49368913505128,8.213280867933976
r60\t7.2\t7.2_160.cif,1,8.86386288632026,4.892282043909963,9.062728496468347,0.0,-4.892282043909963,0.0,9.104400743485733,9.195001568859652,9.062728496468347
r60\t7.2\t7.2_20.cif,1,9.048701797610798,4.936388574711121,9.179623705609478,0.0,-4.936388574711121,0.0,9.385263389292934,10.42087913735373,9.179623705609478
r60\t7.2\t7.2_200.cif,1,8.961078710034945,4.942054797103324,9.498430303485877,0.0,-4.942054797103324,0.0,9.308064217311875,10.777415360529877,9.498430303485877
r60\t7.2\t7.2_220.cif,1,9.000132211714867,4.898027903817579,9.167221657687172,0.0,-4.898027903817579,0.0,9.253721627561564,9.076958437933177,9.167221657687172
r60\t7.2\t7.2_180.cif,1,8.924168779322832,4.763484137425407,9.504150465483102,0.0,-4.763484137425407,0.0,9.180125177694528,9.391490690875887,9.504150465483102
r60\t7.2\t7.2_240.cif,1,9.066869314518131,5.083603120199068,8.720308696442135,0.0,-5.083603120199068,0.0,9.58774269184663,9.19891611351115,8.720308696442135
r60\t7.2\t7.2_280.cif,1,9.020340067798914,5.060599778046041,8.512711251829492,0.0,-5.060599778046041,0.0,9.40509872721345,8.713757150691478,8.512711251829492
r60\t7.2\t7.2_260.cif,1,8.918815627531929,5.134711651256994,8.491119873016574,0.0,-5.134711651256994,0.0,9.320942498396185,8.718578649742907,8.491119873016574
r60\t7.2\t7.2_320.cif,1,8.997547570804505,5.087276704986026,8.534165941632327,0.0,-5.087276704986026,0.0,9.44719795103286,8.997957016426364,8.534165941632327
r60\t7.2\t7.2_340.cif,1,9.277317221194927,5.203337011486968,8.465582298816951,0.0,-5.203337011486968,0.0,9.7672741355258,10.689936247482315,8.465582298816951
r60\t7.2\t7.2_300.cif,1,9.07346966980303,5.066067976830463,8.3893914368289,0.0,-5.066067976830463,0.0,9.464360640484443,8.098641419842474,8.3893914368289
r60\t7.2\t7.2_60.cif,1,8.974438875819594,5.03729616283255,8.772841649015328,0.0,-5.03729616283255,0.0,9.277642558320963,9.612316544731492,8.772841649015328
r60\t7.2\t7.2_40.cif,1,8.976660425055687,4.8883698043828625,9.29914635314241,0.0,-4.8883698043828625,0.0,9.297756037356924,9.867220388714733,9.29914635314241
r60\t8.4\t8.4_0.cif,1,9.207939262293646,4.893085237355068,8.95026398088149,0.0,-4.893085237355068,0.0,9.574098446347968,9.615297241198869,8.95026398088149
r60\t7.2\t7.2_80.cif,1,8.953063405827223,5.076626308787921,8.572626282333951,0.0,-5.076626308787921,0.0,9.256607677324512,9.540588359482339,8.572626282333951
r60\t8.4\t8.4_100.cif,1,9.159967039286677,5.202109945051631,8.244438346239512,0.0,-5.202109945051631,0.0,9.503825045048051,9.930703279796775,8.244438346239512
r60\t8.4\t8.4_120.cif,1,9.049251916211325,5.245385407308344,8.208229066501207,0.0,-5.245385407308344,0.0,9.397436218645993,10.050558806688334,8.208229066501207
r60\t8.4\t8.4_180.cif,1,9.148106735776516,4.727381194170926,9.53017266286465,0.0,-4.727381194170926,0.0,9.429312764042868,9.331698695446226,9.53017266286465
r60\t8.4\t8.4_140.cif,1,9.064349125697207,5.004589099040154,8.64889525620845,0.0,-5.004589099040154,0.0,9.387031314049027,9.204925595631282,8.64889525620845
r60\t8.4\t8.4_20.cif,1,9.198044589193536,4.9449647130699645,9.1502205739237,0.0,-4.9449647130699645,0.0,9.619095201298853,10.45632428773401,9.1502205739237
r60\t8.4\t8.4_160.cif,1,9.086096920255821,4.890697905663408,9.061402819644792,0.0,-4.890697905663408,0.0,9.358982072032079,9.194987020973052,9.061402819644792
r60\t8.4\t8.4_200.cif,1,9.148424371507405,4.943839087312072,9.50379807109133,0.0,-4.943839087312072,0.0,9.525185449863883,10.77326977796987,9.50379807109133
r60\t8.4\t8.4_240.cif,1,9.145734461011992,5.060376478682068,8.741139800588929,0.0,-5.060376478682068,0.0,9.402555418283278,9.155147319816349,8.741139800588929
r60\t8.4\t8.4_220.cif,1,9.1665150756113,4.938274908836356,9.169226197889667,0.0,-4.938274908836356,0.0,9.468860035382416,9.55457065672684,9.169226197889667
r60\t8.4\t8.4_260.cif,1,9.082747056382702,5.140234503464316,8.476773081409776,0.0,-5.140234503464316,0.0,9.27053070725318,8.740324154506254,8.476773081409776
r60\t8.4\t8.4_320.cif,1,9.448262945512417,5.587914561692369,8.093582803410627,0.0,-5.587914561692369,0.0,9.823040659693085,10.766817393840073,8.093582803410627
r60\t8.4\t8.4_300.cif,1,9.210241508071704,5.058341111026457,8.375790202443152,0.0,-5.058341111026457,0.0,9.417240982670998,8.106991524116504,8.375790202443152
r60\t8.4\t8.4_280.cif,1,9.17126611110373,5.056627668294374,8.502672530664636,0.0,-5.056627668294374,0.0,9.374816206265574,8.7264029082626,8.502672530664636
r60\t8.4\t8.4_40.cif,1,9.1251410761418,4.898643501646962,9.294468593632661,0.0,-4.898643501646962,0.0,9.450065251686123,9.875149669854029,9.294468593632661
r60\t8.4\t8.4_60.cif,1,9.220565297295673,5.01572559949455,8.79497629009804,0.0,-5.01572559949455,0.0,9.533608739380277,9.579867814702537,8.79497629009804
r60\t8.4\t8.4_340.cif,1,9.295900672009632,5.255317859003796,8.447786489311111,0.0,-5.255317859003796,0.0,9.777958897951873,10.750975416602813,8.447786489311111
r60\t9.6\t9.6_0.cif,1,9.405838577679269,4.84373286967849,8.965441064496924,0.0,-4.84373286967849,0.0,9.775815732976033,9.585569723665849,8.965441064496924
r60\t9.6\t9.6_100.cif,1,9.947805894305874,6.194886527726449,7.540211064313119,0.0,-6.194886527726449,0.0,10.625632461740905,11.783095466843871,7.540211064313119
r60\t9.6\t9.6_120.cif,1,9.592213119177458,5.200311464966799,8.262022967256724,0.0,-5.200311464966799,0.0,10.232051093177063,9.984506131633756,8.262022967256724
r60\t8.4\t8.4_80.cif,1,9.108763740581269,5.110997633428358,8.5539106233886,0.0,-5.110997633428358,0.0,9.433708176482622,9.574635276865525,8.5539106233886
r60\t9.6\t9.6_160.cif,1,9.550482034690233,4.8334240415367535,9.087035103257723,0.0,-4.8334240415367535,0.0,10.023412135416688,8.700203365316526,9.087035103257723
r60\t9.6\t9.6_180.cif,1,9.506014645184612,4.720903943837028,9.511027861280889,0.0,-4.720903943837028,0.0,10.015073323287067,9.32294652000794,9.511027861280889
r60\t9.6\t9.6_140.cif,1,9.66620145313228,5.038680318831314,8.52365438543004,0.0,-5.038680318831314,0.0,10.412255057726176,9.358616034938908,8.52365438543004
r60\t9.6\t9.6_20.cif,1,9.507334446923723,4.979730723811434,9.159759740368962,0.0,-4.979730723811434,0.0,10.016204241852714,10.800550509376011,9.159759740368962
r60\t9.6\t9.6_200.cif,1,9.572452600551784,4.899568098791277,9.475952616529188,0.0,-4.899568098791277,0.0,9.990133201998148,10.565536654800612,9.475952616529188
r60\t9.6\t9.6_220.cif,1,9.46511658263293,4.989586329252427,9.154500822355095,0.0,-4.989586329252427,0.0,10.050946498454493,10.401292747072523,9.154500822355095
r60\t9.6\t9.6_240.cif,1,9.624197847959651,5.151585888282059,8.6798603470407,0.0,-5.151585888282059,0.0,9.89253706818682,9.243805543278489,8.6798603470407
r60\t9.6\t9.6_280.cif,1,9.495545127035918,5.077040369719778,8.473314477351055,0.0,-5.077040369719778,0.0,9.913582367630083,8.757413372279114,8.473314477351055
r60\t9.6\t9.6_260.cif,1,9.441548299971357,5.169774520311611,8.450681808586562,0.0,-5.169774520311611,0.0,9.850926400978437,8.7727206381892,8.450681808586562
r60\t9.6\t9.6_320.cif,1,8.944424829881012,5.667286597175793,7.9397792358616215,0.0,-5.667286597175793,0.0,9.511472237245693,11.246037142406033,7.9397792358616215
r60\t9.6\t9.6_300.cif,1,8.99087929484208,5.743855242976845,7.765260584902686,0.0,-5.743855242976845,0.0,9.318628875248292,10.292374506116142,7.765260584902686
r60\t9.6\t9.6_340.cif,1,9.344992050585319,5.463770907299934,8.340495180452058,0.0,-5.463770907299934,0.0,9.81278233788902,11.260300317752858,8.340495180452058
r60\t9.6\t9.6_80.cif,1,9.4296302228699,5.062319404246511,8.587081635478539,0.0,-5.062319404246511,0.0,9.948611552004927,9.512312115162837,8.587081635478539
r60\t9.6\t9.6_40.cif,1,9.569611720717932,4.857052891624291,9.279178093947666,0.0,-4.857052891624291,0.0,9.911758692224474,9.077782949258285,9.279178093947666
r60\t9.6\t9.6_60.cif,1,9.546732737775752,5.080496226100217,8.80334902525959,0.0,-5.080496226100217,0.0,9.919408938750179,9.585626395388305,8.80334902525959
r80\t0\t0_120.cif,1,8.949381102619178,5.52835409254761,8.62542352160716,0.0,-5.52835409254761,0.0,9.470755807140788,10.118188164671194,8.62542352160716
r80\t0\t0_140.cif,1,8.996563138751137,5.628755778854545,8.985271985762619,0.0,-5.628755778854545,0.0,9.538961554321881,11.162145633038708,8.985271985762619
r80\t0\t0_100.cif,1,9.305188143026061,5.036233626119789,9.100318656134144,0.0,-5.036233626119789,0.0,9.838137668315595,9.013395911881137,9.100318656134144
r80\t0\t0_0.cif,1,9.45274829332351,4.947032597645249,9.023352803831989,0.0,-4.947032597645249,0.0,9.844233105907879,10.186986267966278,9.023352803831989
r80\t0\t0_180.cif,1,9.44342325872992,4.9405724421695485,9.992181223505032,0.0,-4.9405724421695485,0.0,9.863200913344102,9.91545523280215,9.992181223505032
r80\t0\t0_160.cif,1,9.800301190866357,5.209295818380089,9.648292562833577,0.0,-5.209295818380089,0.0,10.346671441194681,10.720368624516809,9.648292562833577
r80\t0\t0_220.cif,1,9.359437224409223,5.448114590410154,9.894943510457502,0.0,-5.448114590410154,0.0,9.907413291473091,11.397812325668987,9.894943510457502
r80\t0\t0_240.cif,1,9.097631544991481,5.848381416634079,9.595242278652227,0.0,-5.848381416634079,0.0,9.936234202214777,12.532291287293802,9.595242278652227
r80\t0\t0_20.cif,1,9.435021109503245,4.278103769614083,9.589403288239048,0.0,-4.278103769614083,0.0,9.80387460260783,7.88962619677068,9.589403288239048
r80\t0\t0_260.cif,1,9.344024418197101,5.531339637288249,9.034504580226727,0.0,-5.531339637288249,0.0,9.918828437952596,10.008940159543917,9.034504580226727
r80\t0\t0_200.cif,1,9.426257990928514,4.943172796017649,10.64306112781957,0.0,-4.943172796017649,0.0,10.083905535692876,10.794148494396339,10.64306112781957
r80\t0\t0_280.cif,1,9.305710339047321,5.229067441267048,9.093525146245343,0.0,-5.229067441267048,0.0,9.700077257089752,8.574506286810465,9.093525146245343
r80\t0\t0_300.cif,1,9.178024163502467,4.847913878132278,8.910050671110527,0.0,-4.847913878132278,0.0,9.466208974581651,7.58356289081581,8.910050671110527
r80\t0\t0_40.cif,1,9.439739657426324,4.508568723874447,9.962619540494153,0.0,-4.508568723874447,0.0,9.728553163582744,7.899485978738223,9.962619540494153
r80\t0\t0_320.cif,1,9.436926900248864,5.0914354967950874,8.291850463937555,0.0,-5.0914354967950874,0.0,9.861669095345855,8.331242053917315,8.291850463937555
r80\t0\t0_60.cif,1,9.500737208602612,4.351623941223589,9.708774552847151,0.0,-4.351623941223589,0.0,9.850042756152616,7.872546794730315,9.708774552847151
r80\t0\t0_80.cif,1,9.397269804109547,4.929616387369076,9.134234338009678,0.0,-4.929616387369076,0.0,9.804975698509011,8.49890270627565,9.134234338009678
r80\t1.2\t1.2_100.cif,1,9.189639551084744,4.926685528261331,9.0965113718675,0.0,-4.926685528261331,0.0,9.393477496820084,8.97280167413285,9.0965113718675
r80\t1.2\t1.2_0.cif,1,9.503040040452776,4.859933038341214,9.821727337253504,0.0,-4.859933038341214,0.0,9.604841557653565,10.287518096593576,9.821727337253503
r80\t0\t0_340.cif,1,9.391058850098846,4.786934841028186,8.4206917962997,0.0,-4.786934841028186,0.0,9.792712513426752,8.271678870452396,8.4206917962997
r80\t1.2\t1.2_140.cif,1,9.188246689526276,5.22328089070785,9.002409263084667,0.0,-5.22328089070785,0.0,9.428226902074568,10.273142196348962,9.002409263084667
r80\t1.2\t1.2_160.cif,1,9.143969583109406,5.096551006640736,9.505240192878954,0.0,-5.096551006640736,0.0,9.22940524655205,10.232240663182317,9.505240192878954
r80\t1.2\t1.2_120.cif,1,9.07702398911589,5.552951012871079,8.34589868340257,0.0,-5.552951012871079,0.0,9.039692016146635,10.171471051987792,8.34589868340257
r80\t1.2\t1.2_220.cif,1,9.899199355048216,5.559664925263558,9.785910825616389,0.0,-5.559664925263558,0.0,10.021136821357503,11.862087584432313,9.785910825616389
r80\t1.2\t1.2_20.cif,1,9.242078494982715,4.848007091886761,10.02035006369666,0.0,-4.848007091886761,0.0,9.481220265960161,10.31318947997852,10.02035006369666
r80\t1.2\t1.2_200.cif,1,9.913608753354564,5.369870995110456,10.653710162253253,0.0,-5.369870995110456,0.0,9.999315632510639,12.144407238982886,10.653710162253253
r80\t1.2\t1.2_180.cif,1,10.279059000267518,5.5348287583453315,10.21250309434319,0.0,-5.5348287583453315,0.0,10.282865554803758,12.845722129608982,10.21250309434319
r80\t1.2\t1.2_260.cif,1,9.266316430047349,5.217037785628581,9.131552095045373,0.0,-5.217037785628581,0.0,9.692356514749504,8.863075416380818,9.131552095045373
r80\t1.2\t1.2_240.cif,1,9.676068838230414,5.411091372148312,9.798910763806733,0.0,-5.411091372148312,0.0,9.802531502415182,10.615052083542876,9.798910763806733
r80\t1.2\t1.2_340.cif,1,9.148241291591978,5.07788570048855,8.823610745379051,0.0,-5.07788570048855,0.0,9.350459116849862,10.06412484408261,8.823610745379051
r80\t1.2\t1.2_40.cif,1,9.268121749784429,4.658784435820362,10.307883777438388,0.0,-4.658784435820362,0.0,9.446534379254489,8.515684715588735,10.307883777438388
r80\t1.2\t1.2_280.cif,1,9.692290977366264,5.163488424358792,9.053365187313442,0.0,-5.163488424358792,0.0,9.856981220503975,8.639057337970518,9.053365187313442
r80\t1.2\t1.2_320.cif,1,9.431303843663105,5.282603573042372,8.594415551656967,0.0,-5.282603573042372,0.0,9.66212561368521,9.709790202907273,8.594415551656969
r80\t1.2\t1.2_300.cif,1,9.55607701286669,5.283709398243176,8.85749216459924,0.0,-5.283709398243176,0.0,9.705961414092826,9.319288659195308,8.85749216459924
r80\t2.4\t2.4_0.cif,1,9.45551413562302,5.354783720289237,9.501637352948345,0.0,-5.354783720289237,0.0,9.832558990216368,11.577539754078874,9.501637352948345
r80\t1.2\t1.2_60.cif,1,9.146714949771548,5.004768499432219,9.36656314084679,0.0,-5.004768499432219,0.0,9.349404312382786,9.389363796624812,9.36656314084679
r80\t1.2\t1.2_80.cif,1,9.349266433245283,5.3588826976146136,9.193066759442177,0.0,-5.3588826976146136,0.0,9.550106058232846,10.119124929349718,9.193066759442177
r80\t2.4\t2.4_100.cif,1,10.228132570004753,5.796439434244717,8.528464954093446,0.0,-5.796439434244717,0.0,10.733717787996964,11.434368748756185,8.528464954093446
r80\t2.4\t2.4_160.cif,1,9.80716600110561,5.262109850595779,9.542878935731684,0.0,-5.262109850595779,0.0,10.044397533786734,10.6461791500593,9.542878935731684
r80\t2.4\t2.4_120.cif,1,8.75602748295835,5.018808573617206,8.698592883531642,0.0,-5.018808573617206,0.0,9.083971427409423,8.819289297607483,8.698592883531642
r80\t2.4\t2.4_140.cif,1,9.458076151529866,5.017213216352263,8.89491814261723,0.0,-5.017213216352263,0.0,9.805610481017458,9.22772150055368,8.89491814261723
r80\t2.4\t2.4_180.cif,1,9.588333277986418,5.480762252819517,10.20201380417574,0.0,-5.480762252819517,0.0,9.899951914032524,12.840280915329092,10.20201380417574
r80\t2.4\t2.4_20.cif,1,9.345346556006538,5.288086238189662,9.917419566766068,0.0,-5.288086238189662,0.0,9.644102611715054,11.582284062859701,9.917419566766068
r80\t2.4\t2.4_240.cif,1,9.60453365176365,5.268053413219064,8.627998262564713,0.0,-5.268053413219064,0.0,9.964014507769026,10.160522269537037,8.627998262564713
r80\t2.4\t2.4_220.cif,1,9.397686938184254,5.546655693931231,9.889150873524214,0.0,-5.546655693931231,0.0,9.764021348129734,11.79546909513046,9.889150873524214
r80\t2.4\t2.4_200.cif,1,9.496319128781822,5.473757887202134,10.601870213719696,0.0,-5.473757887202134,0.0,10.025875954724084,12.222099922335545,10.601870213719696
r80\t2.4\t2.4_280.cif,1,9.186359685940763,4.97618643397735,9.098907079707924,0.0,-4.97618643397735,0.0,9.314473215082707,7.758684241893594,9.098907079707924
r80\t2.4\t2.4_260.cif,1,9.449550709862557,5.324228564921773,9.120884961756357,0.0,-5.324228564921773,0.0,9.76058353183883,9.676609835742244,9.120884961756357
r80\t2.4\t2.4_300.cif,1,9.196467021750003,5.240148139518339,8.893288246164976,0.0,-5.240148139518339,0.0,9.380027658323053,9.225544757735094,8.893288246164976
r80\t2.4\t2.4_320.cif,1,9.463215340989118,5.470853165331628,8.501033696836759,0.0,-5.470853165331628,0.0,9.681130457175616,10.167738679276448,8.501033696836759
r80\t2.4\t2.4_80.cif,1,10.2617154061074,5.715365368838836,9.435334836914876,0.0,-5.715365368838836,0.0,10.50423862621571,10.877195916884853,9.435334836914876
r80\t2.4\t2.4_340.cif,1,9.202380305320508,5.43072753631953,8.657718831791511,0.0,-5.43072753631953,0.0,9.543632213361885,11.13445444445827,8.657718831791511
r80\t2.4\t2.4_40.cif,1,9.482311387107188,4.878849532676167,10.259274220811642,0.0,-4.878849532676167,0.0,9.804947193766873,9.902931268901709,10.259274220811642
r80\t2.4\t2.4_60.cif,1,9.784813606434096,5.512044964719971,9.328874676455222,0.0,-5.512044964719971,0.0,10.024761249644627,10.261630822361736,9.328874676455222
r80\t3.6\t3.6_100.cif,1,9.304140423339257,5.801037065155382,8.969912221019364,0.0,-5.801037065155382,0.0,9.575030007733966,11.181577665918903,8.969912221019364
r80\t3.6\t3.6_140.cif,1,9.344865533836664,4.92345409901105,8.881661468035489,0.0,-4.92345409901105,0.0,9.73066374867149,9.231003065632354,8.881661468035489
r80\t3.6\t3.6_120.cif,1,9.417331555236391,5.136299273946431,8.421147801760407,0.0,-5.136299273946431,0.0,9.642228431228006,8.863326747582839,8.421147801760407
r80\t3.6\t3.6_0.cif,1,8.81742561535029,5.4554654484916005,9.43634597090792,0.0,-5.4554654484916005,0.0,9.476521461806202,11.670757804460898,9.43634597090792
r80\t3.6\t3.6_160.cif,1,8.787986367226836,5.320911122583598,9.257561791446264,0.0,-5.320911122583598,0.0,9.10248308000621,11.596588041232135,9.257561791446264
r80\t3.6\t3.6_180.cif,1,8.800687017400962,5.35927828725847,9.774196164131105,0.0,-5.35927828725847,0.0,9.415505852144705,13.041276740339315,9.774196164131105
r80\t3.6\t3.6_20.cif,1,9.14070721416944,5.285419052031252,9.785945641404147,0.0,-5.285419052031252,0.0,9.485409284915216,11.75051957127322,9.785945641404147
r80\t3.6\t3.6_200.cif,1,8.569075718570977,5.631993758952553,9.739979835027059,0.0,-5.631993758952553,0.0,9.164660189246131,12.561558012968044,9.739979835027059
r80\t3.6\t3.6_260.cif,1,8.962957589770376,5.142805376240793,9.31648645835078,0.0,-5.142805376240793,0.0,9.418945483751916,9.134296950684602,9.31648645835078
r80\t3.6\t3.6_220.cif,1,8.604917263659589,5.752836087871445,9.930699887939571,0.0,-5.752836087871445,0.0,9.369599107522054,12.948400404923449,9.930699887939571
r80\t3.6\t3.6_240.cif,1,8.789346411201047,5.173189040022324,9.219488782759711,0.0,-5.173189040022324,0.0,9.089802080124691,9.0395392801344,9.219488782759711
r80\t3.6\t3.6_280.cif,1,8.962218209670402,5.036497570418704,9.220099165722646,0.0,-5.036497570418704,0.0,9.362844173438862,8.379005947011622,9.220099165722646
r80\t3.6\t3.6_300.cif,1,8.413903398358004,5.431752234420172,8.513589577887377,0.0,-5.431752234420172,0.0,8.952835472146647,9.700438405158057,8.513589577887377
r80\t3.6\t3.6_320.cif,1,8.803074860284067,5.5753913930869885,8.18227053489248,0.0,-5.5753913930869885,0.0,9.391006407894867,10.298553100566862,8.18227053489248
r80\t3.6\t3.6_60.cif,1,9.234520610538567,5.463573185667613,9.23997510906708,0.0,-5.463573185667613,0.0,9.48464119790779,10.321260644146708,9.23997510906708
r80\t3.6\t3.6_340.cif,1,9.163021470915284,5.56399597972628,8.584620331420995,0.0,-5.56399597972628,0.0,9.854178030910253,11.239370934839375,8.584620331420995
r80\t3.6\t3.6_80.cif,1,9.477593217705289,5.60906242125123,9.467235831458028,0.0,-5.60906242125123,0.0,9.807724846970457,10.63844544279213,9.467235831458028
r80\t4.8\t4.8_0.cif,1,9.541026714344763,5.2330252621126725,9.286686466020125,0.0,-5.2330252621126725,0.0,9.998820611685105,11.518917948469271,9.286686466020125
r80\t3.6\t3.6_40.cif,1,9.145070754659182,4.953210297877806,10.024834418761,0.0,-4.953210297877806,0.0,9.446089620037712,10.251008062664907,10.024834418761
r80\t4.8\t4.8_100.cif,1,9.46239268572611,5.832115116509649,8.54082631588831,0.0,-5.832115116509649,0.0,9.892414247494882,11.407176742640686,8.54082631588831
r80\t4.8\t4.8_140.cif,1,9.116767649765183,4.818287533037191,9.34081276157924,0.0,-4.818287533037191,0.0,9.24131949409052,9.031914078861025,9.34081276157924
r80\t4.8\t4.8_120.cif,1,9.14031243112334,5.296340576186136,8.435825425886806,0.0,-5.296340576186136,0.0,9.333765446463726,10.050898396457766,8.435825425886806
r80\t4.8\t4.8_160.cif,1,9.064963550294443,4.715586617014335,9.58293403334644,0.0,-4.715586617014335,0.0,9.121504596435523,8.694047331908342,9.58293403334644
r80\t4.8\t4.8_180.cif,1,8.833817938502984,4.969319637066757,10.156769570182538,0.0,-4.969319637066757,0.0,9.081795214402554,10.327332660002751,10.156769570182538
r80\t4.8\t4.8_20.cif,1,9.270230228789606,5.247149970369685,9.777858647601503,0.0,-5.247149970369685,0.0,9.790804480212005,11.394269876912086,9.777858647601503
r80\t4.8\t4.8_200.cif,1,8.83790772458623,5.36490532827535,10.354089980247684,0.0,-5.36490532827535,0.0,9.366909906166828,12.183378523281794,10.354089980247684
r80\t4.8\t4.8_220.cif,1,9.113215715460251,5.566167545676361,9.748727090002674,0.0,-5.566167545676361,0.0,9.647476503187045,12.049584624682995,9.748727090002674
r80\t4.8\t4.8_240.cif,1,9.42176224625842,5.454494120749431,9.414925001101402,0.0,-5.454494120749431,0.0,9.797682953485443,10.154813841338537,9.414925001101402
r80\t4.8\t4.8_260.cif,1,9.140409893480511,5.608007798794757,8.935099566858822,0.0,-5.608007798794757,0.0,9.503989800492917,10.43116753111797,8.935099566858822
r80\t4.8\t4.8_300.cif,1,9.73977945265231,4.698770870396732,9.027551357223238,0.0,-4.698770870396732,0.0,9.981441530969345,7.109768393365996,9.027551357223238
r80\t4.8\t4.8_280.cif,1,9.583491580120876,5.623505355387776,9.35179415552978,0.0,-5.623505355387776,0.0,9.840458685136726,10.453398588939839,9.35179415552978
r80\t4.8\t4.8_320.cif,1,9.373399539884412,4.8089828167276165,8.739194284941865,0.0,-4.8089828167276165,0.0,9.714936966283679,7.834190318903547,8.739194284941865
r80\t4.8\t4.8_340.cif,1,9.27235592801923,5.14959404670987,8.879972879616956,0.0,-5.14959404670987,0.0,9.835544180881831,10.871218518776152,8.879972879616954
r80\t4.8\t4.8_60.cif,1,8.864509673319093,5.101075609024053,9.30416436655102,0.0,-5.101075609024053,0.0,9.261295846182911,9.790636748986609,9.30416436655102
r80\t4.8\t4.8_40.cif,1,9.256701593690147,4.954769755981424,10.047306326895077,0.0,-4.954769755981424,0.0,9.59306624575815,10.232872834972147,10.047306326895077
r80\t4.8\t4.8_80.cif,1,8.966479014515086,5.686175862873561,9.06918438807563,0.0,-5.686175862873561,0.0,9.555209987267114,10.97360721691962,9.06918438807563
r80\t6.0\t6.0_140.cif,1,8.975285463791426,5.114219829716315,9.062674237540257,0.0,-5.114219829716315,0.0,9.343694810065095,9.930373554410439,9.062674237540257
r80\t6.0\t6.0_0.cif,1,9.458503015593346,5.146932787344864,9.500744981011803,0.0,-5.146932787344864,0.0,9.40709131235004,11.150348436071829,9.500744981011803
r80\t6.0\t6.0_100.cif,1,8.954088283488549,5.747999816161324,8.597868642702366,0.0,-5.747999816161324,0.0,8.984877260183643,11.066267282401183,8.597868642702366
r80\t6.0\t6.0_120.cif,1,9.412879876086473,5.222647090051444,8.624996190182173,0.0,-5.222647090051444,0.0,9.315961420177706,9.877320586104915,8.624996190182173
r80\t6.0\t6.0_20.cif,1,9.522773446076194,5.248019337557645,9.8309866813307,0.0,-5.248019337557645,0.0,9.467991647266905,11.687351219568775,9.8309866813307
r80\t6.0\t6.0_240.cif,1,9.584304088081339,5.5586469499747055,9.305812306989452,0.0,-5.5586469499747055,0.0,9.52036425369743,10.867742534029603,9.305812306989452
r80\t6.0\t6.0_160.cif,1,8.461996058109802,4.515846611317536,9.78531552907174,0.0,-4.515846611317536,0.0,8.889230687880874,8.484751496646124,9.78531552907174
r80\t6.0\t6.0_200.cif,1,8.805042019275772,5.141228579576213,10.43429415905509,0.0,-5.141228579576213,0.0,9.35778318062074,12.088469603122796,10.43429415905509
r80\t6.0\t6.0_180.cif,1,8.350328843162329,4.747476155052033,10.259029612396201,0.0,-4.747476155052033,0.0,8.859689872171293,9.395702031389687,10.259029612396201
r80\t6.0\t6.0_220.cif,1,9.232862717120902,5.286101391634649,10.006084294946,0.0,-5.286101391634649,0.0,9.462129747121597,11.303362153056712,10.006084294946
r80\t6.0\t6.0_280.cif,1,9.834639068943636,5.446723641299262,9.200899545269124,0.0,-5.446723641299262,0.0,9.976646596931895,9.88575716591896,9.200899545269124
r80\t6.0\t6.0_260.cif,1,9.319424881228372,5.3297411841495475,9.198641923093247,0.0,-5.3297411841495475,0.0,9.251003088306737,9.602470631763923,9.198641923093247
r80\t6.0\t6.0_340.cif,1,9.600743625534106,5.207111335811479,8.688048575364244,0.0,-5.207111335811479,0.0,9.896809775214754,10.708601668475254,8.688048575364244
r80\t6.0\t6.0_300.cif,1,10.012739690959414,5.456647972414144,8.786732629552015,0.0,-5.456647972414144,0.0,9.984563363721557,9.6496645845578,8.786732629552015
r80\t6.0\t6.0_320.cif,1,9.670469107697324,5.072100067891025,8.63365919976935,0.0,-5.072100067891025,0.0,10.05480811398145,8.806971007280579,8.63365919976935
r80\t6.0\t6.0_60.cif,1,9.429756078589204,5.119606720876085,9.114182490574887,0.0,-5.119606720876085,0.0,9.446867677476051,9.78924116833499,9.114182490574887
r80\t6.0\t6.0_40.cif,1,9.346397398045559,4.898919715776614,10.051680868974703,0.0,-4.898919715776614,0.0,9.235218117245404,9.87982252559727,10.051680868974703
r80\t6.0\t6.0_80.cif,1,8.877942799618951,5.6260531803243365,9.114972789610869,0.0,-5.6260531803243365,0.0,9.11072922028234,10.567478210083573,9.114972789610869
r80\t7.2\t7.2_100.cif,1,8.945211836989753,5.394332372127542,8.685559252575816,0.0,-5.394332372127542,0.0,9.187811700021904,10.026113512619268,8.685559252575816
r80\t7.2\t7.2_120.cif,1,8.917638951055144,5.358602094687249,8.230732351337279,0.0,-5.358602094687249,0.0,9.21337295616271,10.045004017859991,8.230732351337279
r80\t7.2\t7.2_0.cif,1,8.824779830473215,4.957707543764635,9.45699450851882,0.0,-4.957707543764635,0.0,9.255422983445532,10.457565372891752,9.45699450851882
r80\t7.2\t7.2_140.cif,1,8.813475044063967,5.297729663532424,8.59261721512449,0.0,-5.297729663532424,0.0,9.066906453142199,10.540971474891126,8.59261721512449
r80\t7.2\t7.2_160.cif,1,8.7505037617152,4.763092720738273,9.793400820479182,0.0,-4.763092720738273,0.0,8.932741265931034,8.978435080985786,9.793400820479182
r80\t7.2\t7.2_180.cif,1,8.499131384119075,4.572530510764484,10.312508390519751,0.0,-4.572530510764484,0.0,8.71439910844294,9.313562818367643,10.312508390519751
r80\t7.2\t7.2_260.cif,1,8.749182739186844,5.551234230404915,8.746337393879658,0.0,-5.551234230404915,0.0,9.195943288077162,9.887584059591319,8.746337393879658
r80\t7.2\t7.2_220.cif,1,8.975998609196326,5.3670688918916944,9.963018957181443,0.0,-5.3670688918916944,0.0,9.267825882497199,11.354484602765817,9.963018957181443
r80\t7.2\t7.2_200.cif,1,8.923779417939581,5.05180307148925,10.401292225269048,0.0,-5.05180307148925,0.0,9.338641950772448,11.256202943309274,10.401292225269048
r80\t7.2\t7.2_240.cif,1,9.133745596575539,5.702823802180321,9.160089304195608,0.0,-5.702823802180321,0.0,9.789764729077218,11.90247463792014,9.160089304195608
r80\t7.2\t7.2_20.cif,1,8.929475660424588,4.836408920076123,10.089755812020321,0.0,-4.836408920076123,0.0,9.226526401746607,9.917470453136092,10.089755812020321
r80\t7.2\t7.2_280.cif,1,9.137738078336927,5.56548648348713,9.029963297899949,0.0,-5.56548648348713,0.0,9.483385395664016,9.720172909721606,9.029963297899949
r80\t7.2\t7.2_300.cif,1,9.187693187081011,5.26577955076679,8.504055157815095,0.0,-5.26577955076679,0.0,9.50820855803721,9.14649290934387,8.504055157815095
r80\t7.2\t7.2_320.cif,1,9.331617257481474,5.198619001915765,8.36619300954685,0.0,-5.198619001915765,0.0,9.81612036663437,9.276146786734683,8.36619300954685
r80\t7.2\t7.2_340.cif,1,9.250574698739578,5.284746075772118,8.516409632787376,0.0,-5.284746075772118,0.0,9.742740815972756,11.045113085193993,8.516409632787376
r80\t7.2\t7.2_60.cif,1,8.821636161726033,4.96232347498821,9.497756204738625,0.0,-4.96232347498821,0.0,9.08604348659757,9.2833980673726,9.497756204738625
r80\t7.2\t7.2_40.cif,1,8.867231020016112,4.911882461686973,10.088489410873027,0.0,-4.911882461686973,0.0,9.104788101363427,10.189340383630066,10.088489410873027
r80\t7.2\t7.2_80.cif,1,8.84202096981704,5.215498583565479,9.347084167681068,0.0,-5.215498583565479,0.0,9.145764031918501,9.932946020255692,9.347084167681068
r80\t8.4\t8.4_0.cif,1,9.097014673590811,4.791061965754487,9.60252549463897,0.0,-4.791061965754487,0.0,9.380935034329035,10.266788179378095,9.60252549463897
r80\t8.4\t8.4_180.cif,1,9.213486081220763,4.621608371033398,10.2113870032278,0.0,-4.621608371033398,0.0,9.392455809989436,9.406761150436253,10.2113870032278
r80\t8.4\t8.4_100.cif,1,9.057588790449554,5.283725946539472,8.670542562811697,0.0,-5.283725946539472,0.0,9.335019377035977,10.002890813401981,8.670542562811697
r80\t8.4\t8.4_120.cif,1,9.10746841387451,5.5218674085933195,8.308999748752647,0.0,-5.5218674085933195,0.0,9.45474736451777,10.206187669753193,8.308999748752647
r80\t8.4\t8.4_160.cif,1,9.323451792994529,4.946725533987051,9.714480121878667,0.0,-4.946725533987051,0.0,9.525463509893882,10.01633121727301,9.714480121878669
r80\t8.4\t8.4_20.cif,1,9.073315854342864,4.799142652967877,9.820109105403159,0.0,-4.799142652967877,0.0,9.346817772075644,9.937832937738175,9.820109105403159
r80\t8.4\t8.4_140.cif,1,8.822504370264195,5.4327611134366345,8.495679669145387,0.0,-5.4327611134366345,0.0,9.197188125832756,10.647294945574993,8.495679669145387
r80\t8.4\t8.4_240.cif,1,9.284414728846166,5.640262951220852,9.141774307959892,0.0,-5.640262951220852,0.0,9.610719028891566,11.00890532390731,9.141774307959892
r80\t8.4\t8.4_200.cif,1,9.070154148663935,5.135483052053551,10.08611714475644,0.0,-5.135483052053551,0.0,9.407574371671238,11.80686107035624,10.08611714475644
r80\t8.4\t8.4_220.cif,1,9.261107964572433,5.310066112492888,9.961363966465562,0.0,-5.310066112492888,0.0,9.561728632869334,11.355069519125028,9.961363966465562
r80\t8.4\t8.4_260.cif,1,8.933227214909772,5.675715496158796,9.020405352363765,0.0,-5.675715496158796,0.0,9.430594663656612,10.646193686118943,9.020405352363765
r80\t8.4\t8.4_280.cif,1,9.02126565815084,5.383480122643412,8.780279631573727,0.0,-5.383480122643412,0.0,9.229027967881542,9.346877657092508,8.780279631573727
r80\t8.4\t8.4_300.cif,1,9.231642296880194,5.124445048587402,8.58910213057636,0.0,-5.124445048587402,0.0,9.42460243895772,8.159443924514633,8.58910213057636
r80\t8.4\t8.4_320.cif,1,9.246138692945275,5.187663899597049,8.428017145684123,0.0,-5.187663899597049,0.0,9.509598707350602,9.401872565450509,8.428017145684123
r80\t8.4\t8.4_60.cif,1,9.284535906178254,4.78689788603592,9.387124503867549,0.0,-4.78689788603592,0.0,9.485441687843226,8.354990396585833,9.387124503867549
r80\t8.4\t8.4_340.cif,1,9.296999140042427,5.249679396690816,8.563186628183479,0.0,-5.249679396690816,0.0,9.629193108400868,10.996293032154185,8.563186628183479
r80\t9.6\t9.6_0.cif,1,9.689139428688268,4.571922687021691,9.935421595663888,0.0,-4.571922687021691,0.0,10.058261692902956,9.503574603880473,9.935421595663888
r80\t8.4\t8.4_40.cif,1,8.987253814962097,4.726329523566079,10.145123680059713,0.0,-4.726329523566079,0.0,9.188576389815893,8.97606539197952,10.145123680059713
r80\t9.6\t9.6_100.cif,1,9.380382267313529,5.397677542968807,8.691975113493127,0.0,-5.397677542968807,0.0,9.96953698310151,9.981052404920348,8.691975113493127
r80\t8.4\t8.4_80.cif,1,9.06897275558946,5.077991586240313,9.332469691242743,0.0,-5.077991586240313,0.0,9.278855594871793,9.57572163299165,9.332469691242743
r80\t9.6\t9.6_160.cif,1,9.511914227438998,5.0740813931494495,9.240747502928066,0.0,-5.0740813931494495,0.0,9.92241281204532,10.263437642272311,9.240747502928066
r80\t9.6\t9.6_140.cif,1,9.32029030818692,5.108122873260889,8.656138756454974,0.0,-5.108122873260889,0.0,9.82314647668024,9.737214427429553,8.656138756454974
r80\t9.6\t9.6_120.cif,1,9.419742594372103,5.400586845006694,8.19863030442652,0.0,-5.400586845006694,0.0,10.041074911496816,10.071911424996987,8.19863030442652
r80\t9.6\t9.6_200.cif,1,9.666681472613252,5.2040494488809745,10.042799048524058,0.0,-5.2040494488809745,0.0,10.261135397842057,12.069587535108896,10.042799048524058
r80\t9.6\t9.6_20.cif,1,9.491795372418695,4.832306553728874,9.855797716077893,0.0,-4.832306553728874,0.0,9.828204308190895,10.24054580617501,9.855797716077893
r80\t9.6\t9.6_180.cif,1,9.517845360665268,4.992656105832402,10.066315671762803,0.0,-4.992656105832402,0.0,9.943590562981319,10.745527804263654,10.066315671762803
r80\t9.6\t9.6_220.cif,1,9.471728189863772,5.1836791011210295,9.598082703659102,0.0,-5.1836791011210295,0.0,10.035349049158194,11.19567513828386,9.598082703659102
r80\t9.6\t9.6_240.cif,1,9.618091721372082,5.9391605894212,9.296745028367251,0.0,-5.9391605894212,0.0,10.191350984338593,12.632897273233645,9.296745028367251
r80\t9.6\t9.6_280.cif,1,9.458204188082375,5.222432683324745,8.79173736516202,0.0,-5.222432683324745,0.0,9.93153368754165,9.003876544671913,8.79173736516202
r80\t9.6\t9.6_260.cif,1,9.334309537484945,5.337920328849021,8.808217898078302,0.0,-5.337920328849021,0.0,9.848955912915569,9.77296544729769,8.808217898078302
r80\t9.6\t9.6_300.cif,1,9.232385013306105,5.036949539061947,8.47608355763692,0.0,-5.036949539061947,0.0,9.63248101578793,8.239281579091694,8.47608355763692
r80\t9.6\t9.6_340.cif,1,9.441680018833885,5.026712563447423,8.962016255758249,0.0,-5.026712563447423,0.0,9.898091584370434,9.944765075161573,8.962016255758249
r80\t9.6\t9.6_40.cif,1,9.493455481213296,4.8006922289827285,10.10448571178141,0.0,-4.8006922289827285,0.0,9.90872813069696,9.490973715251657,10.10448571178141
r80\t9.6\t9.6_320.cif,1,9.446569400463249,5.211587837077923,8.364335759592057,0.0,-5.211587837077923,0.0,9.899386712329584,9.701118406375386,8.364335759592057
r80\t9.6\t9.6_60.cif,1,9.662577149159134,4.783850184630046,9.41028473059175,0.0,-4.783850184630046,0.0,10.044277558015303,8.336072304784556,9.41028473059175
r100\t0\t0_0.cif,1,9.474136688672202,4.789803783655393,8.792756883574514,0.0,-4.789803783655393,0.0,9.971613253214105,9.384533554111005,8.792756883574514
r80\t9.6\t9.6_80.cif,1,9.380423995448297,5.039596724910943,9.290924681998805,0.0,-5.039596724910943,0.0,9.845443870330666,9.557119044394522,9.290924681998805
r100\t0\t0_100.cif,1,9.263872104070925,4.889268387841517,8.730096132487708,0.0,-4.889268387841517,0.0,9.80835114601218,9.137756638802298,8.730096132487708
r100\t0\t0_120.cif,1,9.123293735958036,5.408877764530666,8.076844261577207,0.0,-5.408877764530666,0.0,9.671151641306736,10.221886000673758,8.076844261577207
r100\t0\t0_180.cif,1,9.501800602083506,5.088459077237619,9.703868835854344,0.0,-5.088459077237619,0.0,10.075483271209276,11.132869915727126,9.703868835854344
r100\t0\t0_20.cif,1,9.349903214791887,4.7068619574390995,9.186194335915216,0.0,-4.7068619574390995,0.0,9.792739662594146,9.785152210478127,9.186194335915216
r100\t0\t0_140.cif,1,9.146994613044338,5.281151576978034,8.576419612357915,0.0,-5.281151576978034,0.0,9.757717235048213,10.568582691031517,8.576419612357915
r100\t0\t0_160.cif,1,9.242410279793637,5.320677411106016,9.460541077821494,0.0,-5.320677411106016,0.0,9.912548847496621,11.62587587542377,9.460541077821494
r100\t0\t0_220.cif,1,9.706929496329472,5.43006055060511,9.937516860039935,0.0,-5.43006055060511,0.0,10.2962855780058,11.559484242382261,9.937516860039935
r100\t0\t0_200.cif,1,10.596692300765493,5.483733265157975,10.365638172986962,0.0,-5.483733265157975,0.0,10.94759725441059,12.740779202531199,10.365638172986962
r100\t0\t0_260.cif,1,9.266403238164326,5.426122674751939,9.215485127310663,0.0,-5.426122674751939,0.0,9.890671007308732,10.04454997557795,9.215485127310664
r100\t0\t0_280.cif,1,9.19381834731912,5.3804455376204,9.396029493086278,0.0,-5.3804455376204,0.0,9.726537002316398,9.452885532293621,9.396029493086278
r100\t0\t0_240.cif,1,9.27351274620638,5.559600516627807,9.220519527056679,0.0,-5.559600516627807,0.0,9.746335544918805,10.737388958083292,9.220519527056679
r100\t0\t0_340.cif,1,9.49611860776917,4.651223944430811,8.649120832531798,0.0,-4.651223944430811,0.0,9.87361779610211,7.86070006805428,8.649120832531798
r100\t0\t0_320.cif,1,9.544968070781465,4.712822247209494,8.410602768806731,0.0,-4.712822247209494,0.0,9.841484004668903,7.23145966471976,8.410602768806731
r100\t0\t0_300.cif,1,9.324053190158498,5.121527519888325,9.02706651766505,0.0,-5.121527519888325,0.0,9.818294537858373,8.659079555177515,9.02706651766505
r100\t0\t0_40.cif,1,9.36015396336225,5.089580825467692,9.107989539110537,0.0,-5.089580825467692,0.0,9.931208476117188,10.599324429966988,9.107989539110537
r100\t0\t0_80.cif,1,9.438678290453183,4.384070226858317,9.260780605794045,0.0,-4.384070226858317,0.0,9.890742812219676,7.85914507448246,9.260780605794045
r100\t0\t0_60.cif,1,9.51082512586541,4.376640201626254,9.850326211588861,0.0,-4.376640201626254,0.0,9.923086375339025,7.403040630213873,9.850326211588861
r100\t1.2\t1.2_100.cif,1,9.241875774297343,4.959507591251119,8.788994193673823,0.0,-4.959507591251119,0.0,9.374929652336295,9.334771648200588,8.788994193673823
r100\t1.2\t1.2_0.cif,1,9.31600584569339,4.80603367186247,9.498136720066402,0.0,-4.80603367186247,0.0,9.368430738239441,9.496774044376368,9.498136720066402
r100\t1.2\t1.2_120.cif,1,9.045579899467725,5.451758866384471,8.212301417697214,0.0,-5.451758866384471,0.0,9.305642888828672,10.434862875960366,8.212301417697214
r100\t1.2\t1.2_140.cif,1,9.0513050962865,5.31844279285848,8.587633911657022,0.0,-5.31844279285848,0.0,9.329595411602176,10.554432983323823,8.587633911657022
r100\t1.2\t1.2_160.cif,1,9.14072761851142,5.0311612016859195,9.491065903537216,0.0,-5.0311612016859195,0.0,9.343118237235233,9.613391802274858,9.491065903537216
r100\t1.2\t1.2_20.cif,1,9.350420772337996,4.794683567382098,9.720418480634208,0.0,-4.794683567382098,0.0,9.305429864981996,9.49717058650261,9.720418480634208
r100\t1.2\t1.2_220.cif,1,9.83313292244018,5.701631359760721,9.441154314830762,0.0,-5.701631359760721,0.0,10.080963992378182,12.844369084098355,9.441154314830762
r100\t1.2\t1.2_240.cif,1,9.384131831194104,5.531884418515362,9.42578092256395,0.0,-5.531884418515362,0.0,9.916495330088186,11.670048908891259,9.42578092256395
r100\t1.2\t1.2_180.cif,1,9.276159728520645,4.858836510587316,9.88095270197925,0.0,-4.858836510587316,0.0,9.359183900703242,9.632754973097299,9.88095270197925
r100\t1.2\t1.2_200.cif,1,10.082868193996342,5.565098423780654,9.716430440495543,0.0,-5.565098423780654,0.0,10.309115859538311,13.056942169727513,9.716430440495543
r100\t1.2\t1.2_260.cif,1,9.26284428274994,5.671078011945409,8.881641234320043,0.0,-5.671078011945409,0.0,9.760617765879399,10.459568587796577,8.881641234320043
r100\t1.2\t1.2_280.cif,1,9.290454868094866,5.221322338289377,8.907579435088964,0.0,-5.221322338289377,0.0,9.476792047032498,9.122887640389107,8.907579435088964
r100\t1.2\t1.2_300.cif,1,9.928484278422953,5.10720656360517,8.81025498656735,0.0,-5.10720656360517,0.0,10.053912095155688,8.54434214446248,8.81025498656735
r100\t1.2\t1.2_60.cif,1,9.306765195270335,5.048259770241228,9.249308428541214,0.0,-5.048259770241228,0.0,9.406990787343616,9.78009827027058,9.249308428541214
r100\t1.2\t1.2_340.cif,1,9.188503544779591,5.121706561642855,8.720445415951344,0.0,-5.121706561642855,0.0,9.528512667743254,10.77350793214818,8.720445415951344
r100\t1.2\t1.2_40.cif,1,9.375378493329386,4.835130099214003,10.146511605242518,0.0,-4.835130099214003,0.0,9.560104107761909,9.840704359315014,10.146511605242518
r100\t1.2\t1.2_320.cif,1,9.377018051312964,5.085332006546962,8.398799582336464,0.0,-5.085332006546962,0.0,9.556292019926364,9.176311292505796,8.398799582336464
r100\t2.4\t2.4_0.cif,1,9.335578525529485,5.018276336977233,9.290631627848752,0.0,-5.018276336977233,0.0,9.673065887764803,10.95339297300266,9.290631627848752
r100\t2.4\t2.4_100.cif,1,9.316796464970956,5.415632278066868,8.120186070597738,0.0,-5.415632278066868,0.0,9.658201537996637,10.122288725714569,8.120186070597738
r100\t1.2\t1.2_80.cif,1,9.806612551849017,4.977539242225823,9.34505514868844,0.0,-4.977539242225823,0.0,9.810976128683771,8.67206365995051,9.34505514868844
r100\t2.4\t2.4_140.cif,1,9.220440270860086,5.216845660452763,8.717294114891594,0.0,-5.216845660452763,0.0,9.74663842085555,10.407233950856142,8.717294114891594
r100\t2.4\t2.4_120.cif,1,9.19433806772664,5.395165473085999,8.287977067298886,0.0,-5.395165473085999,0.0,9.76435941934933,10.341082916299548,8.287977067298886
r100\t2.4\t2.4_160.cif,1,9.370065737047243,5.009667930826303,9.141424984204,0.0,-5.009667930826303,0.0,9.734333819381364,10.018855596407064,9.141424984204
r100\t2.4\t2.4_180.cif,1,9.642165967128415,5.303733045080426,9.807595649258628,0.0,-5.303733045080426,0.0,10.205922051737902,13.050334255829444,9.807595649258628
r100\t2.4\t2.4_20.cif,1,9.204121851135287,5.209294739169112,9.154244044779396,0.0,-5.209294739169112,0.0,9.63010249741726,11.639924225564009,9.154244044779396
r100\t2.4\t2.4_200.cif,1,9.351856880224815,5.026623960222513,9.532429336796502,0.0,-5.026623960222513,0.0,9.763735045386788,11.950545233405926,9.532429336796502
r100\t2.4\t2.4_220.cif,1,9.02497813881489,5.503421562987037,9.55691118386158,0.0,-5.503421562987037,0.0,9.724880850321693,11.7211293879367,9.55691118386158
r100\t2.4\t2.4_240.cif,1,8.370391826805518,5.512404691005593,8.768672990548865,0.0,-5.512404691005593,0.0,8.911113492653955,10.828868381479051,8.768672990548865
r100\t2.4\t2.4_300.cif,1,9.501165520986168,5.211644878617443,8.267806928651755,0.0,-5.211644878617443,0.0,9.68987093396253,8.621654702851542,8.267806928651755
r100\t2.4\t2.4_260.cif,1,9.383299890647258,4.863703257610537,9.64066408664909,0.0,-4.863703257610537,0.0,9.686660117291021,8.242475118395932,9.64066408664909
r100\t2.4\t2.4_280.cif,1,9.422060535825942,5.207062999216124,8.963089442085844,0.0,-5.207062999216124,0.0,9.694622592284299,9.06301014966088,8.963089442085844
r100\t2.4\t2.4_320.cif,1,9.435832651243453,5.432513732903311,8.270746013125194,0.0,-5.432513732903311,0.0,9.730055517626356,10.227907877137227,8.270746013125194
r100\t2.4\t2.4_340.cif,1,9.567620847844093,5.634522775861582,8.407612780338292,0.0,-5.634522775861582,0.0,10.10455739733939,11.570081223309415,8.407612780338292
r100\t3.6\t3.6_0.cif,1,8.912560744382143,5.323169402794786,9.18719958331657,0.0,-5.323169402794786,0.0,9.488193387131538,11.574267683353497,9.18719958331657
r100\t2.4\t2.4_40.cif,1,9.564675125936574,5.182800449330398,10.054911512961079,0.0,-5.182800449330398,0.0,9.971310960243542,10.834654922060219,10.054911512961079
r100\t2.4\t2.4_80.cif,1,10.306588914080761,5.492348965278041,9.162472723488312,0.0,-5.492348965278041,0.0,10.49543625484683,10.236368769748545,9.162472723488312
r100\t2.4\t2.4_60.cif,1,10.28727821183342,5.363997429398893,9.221156182590288,0.0,-5.363997429398893,0.0,10.640446454826861,10.365320971802028,9.221156182590288
r100\t3.6\t3.6_100.cif,1,9.41465570637474,5.413139037895134,8.056072076577411,0.0,-5.413139037895134,0.0,9.63150253084387,10.188489394288034,8.056072076577411
r100\t3.6\t3.6_140.cif,1,9.133600151803044,5.078538031795632,8.803267654442918,0.0,-5.078538031795632,0.0,9.482140115901757,9.954042097375478,8.803267654442918
r100\t3.6\t3.6_120.cif,1,9.129915411479114,5.226075440608675,8.36255205780373,0.0,-5.226075440608675,0.0,9.287439088628428,9.879422751703412,8.36255205780373
r100\t3.6\t3.6_160.cif,1,9.071767420266603,4.97227590817355,9.093427718144973,0.0,-4.97227590817355,0.0,9.284140510371893,9.828773811051514,9.093427718144973
r100\t3.6\t3.6_180.cif,1,9.241353295402329,5.01591969071528,9.735406147916247,0.0,-5.01591969071528,0.0,9.504215658937678,10.83032841282375,9.735406147916247
r100\t3.6\t3.6_200.cif,1,8.680994422607629,5.322663701550484,9.80014128217942,0.0,-5.322663701550484,0.0,9.242907466636208,12.515617749406589,9.80014128217942
r100\t3.6\t3.6_20.cif,1,9.137254512898007,5.165326267300067,9.500850614630528,0.0,-5.165326267300067,0.0,9.639833756987892,11.316719802281405,9.500850614630528
r100\t3.6\t3.6_220.cif,1,8.610523095998293,5.40253221297435,9.586857823979328,0.0,-5.40253221297435,0.0,9.068207986442646,11.491774002731074,9.586857823979328
r100\t3.6\t3.6_240.cif,1,9.133988108063706,4.867663707626876,9.755499648183902,0.0,-4.867663707626876,0.0,9.524335922526957,8.730372151329961,9.755499648183902
r100\t3.6\t3.6_260.cif,1,9.178069118903025,5.13288721467,8.990789789112126,0.0,-5.13288721467,0.0,9.674200660455092,9.140984525293579,8.990789789112126
r100\t3.6\t3.6_280.cif,1,9.157055755885287,5.228125970476428,9.048164736162708,0.0,-5.228125970476428,0.0,9.624517565249612,9.30471381177258,9.048164736162708
r100\t3.6\t3.6_340.cif,1,9.008723032384921,5.549275873303863,8.330802839233959,0.0,-5.549275873303863,0.0,9.820205333464916,11.510772584179549,8.330802839233959
r100\t3.6\t3.6_320.cif,1,8.450617922846295,5.3660514762875575,8.237938138988463,0.0,-5.3660514762875575,0.0,8.88178799790105,10.069374661002177,8.237938138988463
r100\t3.6\t3.6_40.cif,1,9.163010674037244,5.2426120504517515,9.930605170506828,0.0,-5.2426120504517515,0.0,9.649438349391568,10.78655454899963,9.930605170506828
r100\t3.6\t3.6_300.cif,1,9.053930707165263,4.965356608998285,8.317394292127188,0.0,-4.965356608998285,0.0,9.289762929611609,7.94564492325945,8.317394292127188
r100\t3.6\t3.6_60.cif,1,9.183565359353556,5.362663867496263,8.93713541768898,0.0,-5.362663867496263,0.0,9.356469652432937,10.263275520260985,8.93713541768898
r100\t4.8\t4.8_0.cif,1,9.331593511550356,5.009580351145677,9.390597274853762,0.0,-5.009580351145677,0.0,9.948026309080861,10.835002058307015,9.390597274853762
r100\t4.8\t4.8_120.cif,1,9.326139626035229,5.2254930930397325,8.338311617607722,0.0,-5.2254930930397325,0.0,9.523880972500072,9.914953513574252,8.338311617607722
r100\t4.8\t4.8_160.cif,1,9.462761893977675,4.891567872193349,9.108107979328173,0.0,-4.891567872193349,0.0,9.474490551713224,8.916351133898731,9.108107979328173
r100\t4.8\t4.8_140.cif,1,9.567355659088989,4.87760049926064,8.811097479855542,0.0,-4.87760049926064,0.0,9.631591880322054,9.211618886652461,8.811097479855542
r100\t3.6\t3.6_80.cif,1,9.669949193301187,5.435963313608536,9.086349788280298,0.0,-5.435963313608536,0.0,9.957471056441964,10.248342276179972,9.086349788280298
r100\t4.8\t4.8_100.cif,1,9.575799572892521,5.525896407214743,7.965520598522792,0.0,-5.525896407214743,0.0,9.866749707526612,10.278448589531209,7.965520598522792
r100\t4.8\t4.8_180.cif,1,9.099542111020925,4.851894970652492,9.808303822374457,0.0,-4.851894970652492,0.0,9.409170325422759,9.513526747985956,9.808303822374457
r100\t4.8\t4.8_20.cif,1,9.30401840253027,5.045401259036777,9.545936806532247,0.0,-5.045401259036777,0.0,9.91929179331713,11.063568220749062,9.545936806532247
r100\t4.8\t4.8_200.cif,1,8.908037865700944,5.312085599915315,10.092047706233343,0.0,-5.312085599915315,0.0,9.529585378873092,12.22564579823484,10.092047706233343
r100\t4.8\t4.8_220.cif,1,8.787092228317341,5.304763753913551,9.83525288657873,0.0,-5.304763753913551,0.0,9.542484554809102,11.269749052536111,9.83525288657873
r100\t4.8\t4.8_280.cif,1,9.379419080310653,5.366010393803076,9.003711304434063,0.0,-5.366010393803076,0.0,9.786749477179205,9.371575193305627,9.003711304434063
r100\t4.8\t4.8_240.cif,1,9.307220647725307,5.341123579550323,9.018766114160139,0.0,-5.341123579550323,0.0,9.8175360418647,9.696135539982981,9.018766114160139
r100\t4.8\t4.8_260.cif,1,9.276473667766986,5.186640366256328,8.919982891265608,0.0,-5.186640366256328,0.0,9.72860011195781,9.205629552679182,8.919982891265608
r100\t4.8\t4.8_300.cif,1,9.261289594738287,5.449120002368029,8.549878047862759,0.0,-5.449120002368029,0.0,9.636021760705695,9.733065778266733,8.549878047862759
r100\t4.8\t4.8_320.cif,1,9.291709346291087,4.874525663890411,8.735070310319275,0.0,-4.874525663890411,0.0,9.715465779041798,8.813092857626074,8.735070310319275
r100\t4.8\t4.8_60.cif,1,9.190193227015824,5.285618675359132,8.9643909564042,0.0,-5.285618675359132,0.0,9.641216914081031,10.222942074679594,8.9643909564042
r100\t4.8\t4.8_80.cif,1,9.219989274515525,5.406354643098316,8.703578851780389,0.0,-5.406354643098316,0.0,9.7194364485021,10.256125898094062,8.703578851780389
r100\t4.8\t4.8_40.cif,1,9.311506968328827,5.165254047737838,9.907078604479134,0.0,-5.165254047737838,0.0,9.854251380713215,10.81069774745634,9.907078604479134
r100\t4.8\t4.8_340.cif,1,9.142120701019598,5.082533349931694,8.765618684122096,0.0,-5.082533349931694,0.0,9.675518493695492,10.732425841234477,8.765618684122096
r100\t6.0\t6.0_0.cif,1,9.62848170566285,5.140915891793442,8.942161253549614,0.0,-5.140915891793442,0.0,9.605046497376607,11.377220607328852,8.942161253549614
r100\t6.0\t6.0_100.cif,1,9.04523971189384,5.652482363879976,8.470434176731466,0.0,-5.652482363879976,0.0,9.016425782475089,10.69550465775845,8.470434176731466
r100\t6.0\t6.0_160.cif,1,8.724839072387867,4.98523596013062,9.165398947410292,0.0,-4.98523596013062,0.0,9.2313021694835,9.977500521717666,9.165398947410292
r100\t6.0\t6.0_120.cif,1,9.332542598804281,5.048702403666084,8.424575658611701,0.0,-5.048702403666084,0.0,9.169848210868189,9.333087637714433,8.424575658611701
r100\t6.0\t6.0_140.cif,1,9.165306540279833,4.900860618020485,8.81156141445915,0.0,-4.900860618020485,0.0,9.445720801432444,9.448521974449745,8.81156141445915
r100\t6.0\t6.0_180.cif,1,8.631777124173253,4.7383115140759555,9.970790609383322,0.0,-4.7383115140759555,0.0,9.117641860859623,9.357397850463936,9.970790609383322
r100\t6.0\t6.0_220.cif,1,9.104549181173715,5.062509334510551,9.831234632085526,0.0,-5.062509334510551,0.0,9.444219924280484,10.687696276289492,9.831234632085526
r100\t6.0\t6.0_20.cif,1,9.560668180176716,5.111451664368651,9.521656287095858,0.0,-5.111451664368651,0.0,9.519215031190168,11.279173611986968,9.521656287095858
r100\t6.0\t6.0_200.cif,1,8.21890416567176,5.0976421455572405,10.16118990645248,0.0,-5.0976421455572405,0.0,9.150158664414855,12.162121640870037,10.16118990645248
r100\t6.0\t6.0_240.cif,1,9.463474563763313,4.948508837398419,9.528900593559106,0.0,-4.948508837398419,0.0,9.361563186405172,9.202153116824746,9.528900593559106
r100\t6.0\t6.0_320.cif,1,9.781605635762926,5.271022685322862,8.461899115017797,0.0,-5.271022685322862,0.0,9.911816199680386,9.699590787282345,8.461899115017797
r100\t6.0\t6.0_280.cif,1,9.487312939452913,5.340050614322616,8.874919405605924,0.0,-5.340050614322616,0.0,9.606033855991761,9.496069125230806,8.874919405605924
r100\t6.0\t6.0_300.cif,1,9.637431046919305,5.687113061537238,8.298323838753731,0.0,-5.687113061537238,0.0,9.765862998787311,10.509869114653611,8.298323838753731
r100\t6.0\t6.0_260.cif,1,9.405307869050363,4.888951642383492,9.570545885180163,0.0,-4.888951642383492,0.0,9.486890405286651,8.111140632604787,9.570545885180163
r100\t6.0\t6.0_40.cif,1,9.47902907918084,5.0752811989552695,9.619016426906505,0.0,-5.0752811989552695,0.0,9.510315874351429,10.720348309780698,9.619016426906505
r100\t6.0\t6.0_340.cif,1,9.721310829035788,5.182274044894362,8.6623846415703,0.0,-5.182274044894362,0.0,10.038294582009787,10.880450398696716,8.6623846415703
r100\t7.2\t7.2_0.cif,1,8.890465737873864,4.6734722320264686,9.51643277492915,0.0,-4.6734722320264686,0.0,9.372387633406872,9.448455349414761,9.51643277492915
r100\t7.2\t7.2_100.cif,1,9.079439049040982,5.128383924107159,8.623700844413552,0.0,-5.128383924107159,0.0,9.280962416141003,9.504458485505662,8.623700844413552
r100\t7.2\t7.2_140.cif,1,9.075653283680312,5.044981117419453,8.725595644164244,0.0,-5.044981117419453,0.0,9.34108916985232,10.008483953167792,8.725595644164244
r100\t6.0\t6.0_60.cif,1,9.395682956080977,5.08303319577688,9.17901934756198,0.0,-5.08303319577688,0.0,9.421578543010064,9.994372468183627,9.17901934756198
r100\t7.2\t7.2_120.cif,1,9.088668379997193,5.117367473705629,8.344420439186557,0.0,-5.117367473705629,0.0,9.287289653169607,9.455070910475646,8.344420439186557
r100\t6.0\t6.0_80.cif,1,8.98316508499451,5.444734051837328,9.142978976148141,0.0,-5.444734051837328,0.0,9.018545006558348,10.220873195801648,9.142978976148141
r100\t7.2\t7.2_160.cif,1,8.836935896000266,5.1610674652544395,9.080112978069138,0.0,-5.1610674652544395,0.0,9.06255913099221,10.71832812045837,9.080112978069138
r100\t7.2\t7.2_20.cif,1,8.973391104161722,4.880835527764808,9.666664804176365,0.0,-4.880835527764808,0.0,9.411806304909094,11.08212588648733,9.666664804176365
r100\t7.2\t7.2_220.cif,1,8.670472702586837,5.2114670418750695,9.688253779529928,0.0,-5.2114670418750695,0.0,9.185464080108666,11.45189258564226,9.688253779529928
r100\t7.2\t7.2_180.cif,1,8.836935896000266,5.1610674652544395,9.080112978069138,0.0,-5.1610674652544395,0.0,9.06255913099221,10.71832812045837,9.080112978069138
r100\t7.2\t7.2_200.cif,1,8.40550829277072,4.89128505971883,10.113254356015299,0.0,-4.89128505971883,0.0,9.017302246864686,10.063561787598474,10.113254356015299
r100\t7.2\t7.2_240.cif,1,9.045397588014813,5.35125289576316,9.400535962672132,0.0,-5.35125289576316,0.0,9.601474437522514,10.047847149949009,9.400535962672132
r100\t7.2\t7.2_280.cif,1,8.887370201328181,5.414847659314892,8.788613959047584,0.0,-5.414847659314892,0.0,9.232514729142139,9.608016675061018,8.788613959047584
r100\t7.2\t7.2_260.cif,1,8.78498095475165,5.366950796024643,8.733836767886062,0.0,-5.366950796024643,0.0,9.274174892263114,9.760838863098835,8.733836767886062
r100\t7.2\t7.2_320.cif,1,8.955237844761266,5.083061014713761,8.492086771939618,0.0,-5.083061014713761,0.0,9.346321815661414,9.10184750958418,8.492086771939618
r100\t7.2\t7.2_300.cif,1,8.810468942982942,5.585688140486753,8.29891174624852,0.0,-5.585688140486753,0.0,9.323254296069454,10.033502940476772,8.29891174624852
r100\t7.2\t7.2_340.cif,1,9.21752923475093,5.148580186954007,8.675876000863342,0.0,-5.148580186954007,0.0,9.7428481172053,10.870394669694807,8.675876000863342
r100\t7.2\t7.2_40.cif,1,9.009062841939123,5.126003272211173,9.658478395052546,0.0,-5.126003272211173,0.0,9.277742241057991,10.667672518064384,9.658478395052546
r100\t8.4\t8.4_0.cif,1,9.181905050563081,4.899967299867111,9.01989582599023,0.0,-4.899967299867111,0.0,9.341256954748799,10.505625641540949,9.01989582599023
r100\t7.2\t7.2_60.cif,1,8.812183782137275,4.980364340141578,9.25467156299105,0.0,-4.980364340141578,0.0,9.22907972132149,9.574494822432024,9.25467156299105
r100\t7.2\t7.2_80.cif,1,8.834604128211119,5.102497702331133,8.84969479316359,0.0,-5.102497702331133,0.0,9.24172826537239,10.122527111571731,8.84969479316359
r100\t8.4\t8.4_100.cif,1,9.106075390973466,4.904299469454601,8.638901296336908,0.0,-4.904299469454601,0.0,9.381471209882177,8.629390538253496,8.638901296336908
r100\t8.4\t8.4_120.cif,1,9.179560149154053,5.352439559416529,8.203915503877703,0.0,-5.352439559416529,0.0,9.467157197598992,10.083068854309278,8.203915503877703
r100\t8.4\t8.4_160.cif,1,9.009773662526742,5.26964457504084,9.072797186291252,0.0,-5.26964457504084,0.0,9.276272675562183,11.248223105797052,9.072797186291252
r100\t8.4\t8.4_140.cif,1,8.997885610935812,5.177254585482049,8.614230534810902,0.0,-5.177254585482049,0.0,9.285030430505802,10.153908056643205,8.614230534810902
r100\t8.4\t8.4_20.cif,1,9.086156006583073,4.565647353902606,9.871421675577276,0.0,-4.565647353902606,0.0,9.320644650812916,9.122180658350342,9.871421675577276
r100\t8.4\t8.4_200.cif,1,9.623181036336375,5.024924460677657,10.044878020939413,0.0,-5.024924460677657,0.0,9.830235708328077,10.935504105336156,10.044878020939413
r100\t8.4\t8.4_180.cif,1,9.094928110949757,4.68570040668244,10.09144321225905,0.0,-4.68570040668244,0.0,9.291947037726146,9.254236792808468,10.09144321225905
r100\t8.4\t8.4_220.cif,1,9.220673538058549,5.166641623091712,9.674440230453467,0.0,-5.166641623091712,0.0,9.504860675788697,11.104471859396282,9.674440230453467
r100\t8.4\t8.4_240.cif,1,9.594279923827651,5.639366873536833,9.152097467337232,0.0,-5.639366873536833,0.0,9.813790559845833,11.008866804800116,9.152097467337232
r100\t8.4\t8.4_280.cif,1,8.960302639932946,5.493611784592501,8.741234159326797,0.0,-5.493611784592501,0.0,9.529091498984029,10.051108648992518,8.741234159326797
r100\t8.4\t8.4_300.cif,1,9.012184192259523,5.238540376038584,8.43435656674596,0.0,-5.238540376038584,0.0,9.158420837268723,9.181165899689564,8.43435656674596
r100\t8.4\t8.4_320.cif,1,9.05473948034751,4.926221117558134,8.579057908077088,0.0,-4.926221117558134,0.0,9.280086514882301,9.020389573831938,8.579057908077088
r100\t8.4\t8.4_260.cif,1,8.880804882624505,5.409562912237828,8.674792429256934,0.0,-5.409562912237828,0.0,9.414258539082716,10.011656465031026,8.674792429256934
r100\t8.4\t8.4_60.cif,1,8.9226416481359,4.659558201630225,9.53612982312438,0.0,-4.659558201630225,0.0,9.15046017857538,8.007233999709868,9.53612982312438
r100\t8.4\t8.4_340.cif,1,9.04404621717587,5.027368269796445,8.785321069468996,0.0,-5.027368269796445,0.0,9.324226094353705,10.24903268638373,8.785321069468996
r100\t8.4\t8.4_80.cif,1,9.083567101892946,4.958118656196577,8.775981450281224,0.0,-4.958118656196577,0.0,9.325115434624198,8.82503727400245,8.775981450281224
r100\t9.6\t9.6_120.cif,1,9.367013422939133,5.378775673068751,8.191120805089714,0.0,-5.378775673068751,0.0,9.963416151147696,10.281809454409824,8.191120805089714
r100\t8.4\t8.4_40.cif,1,8.855336845291868,4.408909578333397,10.382873263892057,0.0,-4.408909578333397,0.0,9.03954661172624,7.596121398803572,10.382873263892057
r100\t9.6\t9.6_100.cif,1,9.383719842234,5.230666495274002,8.14950569804439,0.0,-5.230666495274002,0.0,9.852187628909075,9.601246146232464,8.14950569804439
r100\t9.6\t9.6_0.cif,1,9.416943302717014,4.981819986961247,8.961866477895668,0.0,-4.981819986961247,0.0,9.946010469158642,10.845747290422551,8.961866477895668
r100\t9.6\t9.6_160.cif,1,9.35221955989563,5.1489647277271,9.020982382096435,0.0,-5.1489647277271,0.0,9.90512243407721,10.602270738961872,9.020982382096435
r100\t9.6\t9.6_140.cif,1,9.193756484569887,5.368650734445491,8.536626450772578,0.0,-5.368650734445491,0.0,9.895433616840686,10.616471717980032,8.536626450772578
r100\t9.6\t9.6_200.cif,1,10.39036714696138,5.563159643737918,9.81075648764048,0.0,-5.563159643737918,0.0,10.610071906195754,12.650099253780585,9.81075648764048
r100\t9.6\t9.6_20.cif,1,9.49999690321944,4.644351962174764,9.902239974423718,0.0,-4.644351962174764,0.0,9.771775453895248,9.302759520665445,9.902239974423718
r100\t9.6\t9.6_180.cif,1,9.528546615490855,4.774755880874076,9.951403977934403,0.0,-4.774755880874076,0.0,9.972020094037797,9.400244588250393,9.951403977934403
r100\t9.6\t9.6_220.cif,1,10.604830500508857,5.493888429403549,9.54265967780784,0.0,-5.493888429403549,0.0,10.940019084259527,11.930118903564065,9.54265967780784
r100\t9.6\t9.6_240.cif,1,9.540464957902207,5.60908714754865,9.22356780996798,0.0,-5.60908714754865,0.0,10.086808916072215,11.118923334476989,9.22356780996798
r100\t9.6\t9.6_260.cif,1,9.275082441579578,5.783608894392627,8.58189255349697,0.0,-5.783608894392627,0.0,9.791828815263447,11.174198436927975,8.58189255349697
r100\t9.6\t9.6_280.cif,1,9.274041134732416,5.246942204543226,8.859438237498527,0.0,-5.246942204543226,0.0,9.587386928209977,9.19820449944548,8.859438237498527
r100\t9.6\t9.6_340.cif,1,9.617999063530572,5.052864450979739,8.740321211487387,0.0,-5.052864450979739,0.0,10.169970102241342,10.292762531288888,8.740321211487387
r100\t9.6\t9.6_300.cif,1,9.498297126523171,5.119545530675213,8.488339656709488,0.0,-5.119545530675213,0.0,9.942160070634063,8.76049420407199,8.488339656709488
r100\t9.6\t9.6_320.cif,1,9.43570142257507,4.929289224913083,8.582700845183522,0.0,-4.929289224913083,0.0,9.834848399608992,9.016990041643837,8.582700845183522
r100\t9.6\t9.6_40.cif,1,9.493626325986009,4.88875892887837,9.716155545418077,0.0,-4.88875892887837,0.0,9.82279949329022,9.909501419973818,9.716155545418077
r120\t0\t0_0.cif,1,9.514893934542556,4.634711336261853,9.110389877018212,0.0,-4.634711336261853,0.0,10.202737600847593,9.013228921868546,9.110389877018212
r100\t9.6\t9.6_60.cif,1,10.225082959022867,4.806507405784171,9.288236445980548,0.0,-4.806507405784171,0.0,10.6760588686149,8.500485098420382,9.288236445980548
r120\t0\t0_100.cif,1,9.282766872842506,4.810639070996899,8.303586899944055,0.0,-4.810639070996899,0.0,9.697923052576495,8.521907313977884,8.303586899944055
r100\t9.6\t9.6_80.cif,1,9.3268631822016,4.59214760847283,9.333676977158433,0.0,-4.59214760847283,0.0,9.74318707169061,8.214939526714703,9.333676977158433
r120\t0\t0_120.cif,1,9.271249957861148,5.0782381576413185,8.253763737843801,0.0,-5.0782381576413185,0.0,9.788116779742701,9.47554674677068,8.253763737843801
r120\t0\t0_140.cif,1,9.266104996695224,5.092681223049618,8.671649014843505,0.0,-5.092681223049618,0.0,9.884999835750028,10.849877119869548,8.671649014843505
r120\t0\t0_160.cif,1,9.215686351072078,5.079108698930292,9.104079484056388,0.0,-5.079108698930292,0.0,9.880630538797405,11.078732994115182,9.104079484056388
r120\t0\t0_20.cif,1,9.371653316300517,4.389286595873415,9.186654831408978,0.0,-4.389286595873415,0.0,9.681445114064486,7.613227427186581,9.186654831408978
r120\t0\t0_200.cif,1,9.325370014808296,4.940352709292421,9.61268853362352,0.0,-4.940352709292421,0.0,10.051142221529801,12.161483612292521,9.61268853362352
r120\t0\t0_260.cif,1,9.328295741752939,5.3057916653362085,8.351045133358104,0.0,-5.3057916653362085,0.0,9.812297743062231,10.176544929728626,8.351045133358104
r120\t0\t0_240.cif,1,9.259945794986749,5.145213386964838,8.63958580157368,0.0,-5.145213386964838,0.0,9.76437490193067,10.082267091377144,8.63958580157368
r120\t0\t0_220.cif,1,9.349120180127835,5.022563512442602,9.176565778807579,0.0,-5.022563512442602,0.0,9.975803951688379,11.047868468706893,9.176565778807579
r120\t0\t0_180.cif,1,9.224269868892378,5.016859578449291,9.32934520813851,0.0,-5.016859578449291,0.0,9.849296759334734,11.155113604362683,9.32934520813851
r120\t0\t0_280.cif,1,9.237643848047682,5.161483187389709,8.47922262381783,0.0,-5.161483187389709,0.0,9.662934107527494,9.78091702866897,8.47922262381783
r120\t0\t0_340.cif,1,9.392912980736343,4.6004084250437085,9.01100036103156,0.0,-4.6004084250437085,0.0,9.800076177128108,7.99156516782906,9.01100036103156
r120\t0\t0_320.cif,1,9.292165751382427,5.379599624884289,8.51918584228343,0.0,-5.379599624884289,0.0,9.689189645000265,9.732926689812349,8.51918584228343
r120\t0\t0_300.cif,1,9.257385465363383,5.198255342045417,8.62233158405374,0.0,-5.198255342045417,0.0,9.714822883824718,9.807937081437053,8.62233158405374
r120\t0\t0_60.cif,1,9.339902736479104,4.9733661050292,9.006430276446284,0.0,-4.9733661050292,0.0,10.002159550740533,10.544798181078654,9.006430276446284
r120\t1.2\t1.2_100.cif,1,9.536866012418937,4.909453331604614,8.08094471034065,0.0,-4.909453331604614,0.0,9.399963711594092,8.39664163744987,8.08094471034065
r120\t0\t0_80.cif,1,9.337899191812877,4.887524324180173,8.876964679221507,0.0,-4.887524324180173,0.0,9.833240062129711,9.738513994517831,8.876964679221507
r120\t0\t0_40.cif,1,9.351495771018065,4.885037318772091,9.18998408075343,0.0,-4.885037318772091,0.0,9.886396944202113,9.711417939163882,9.18998408075343
r120\t1.2\t1.2_0.cif,1,9.30041701547697,4.961933934124065,9.128035518901902,0.0,-4.961933934124065,0.0,9.479392041190835,11.456322948411074,9.128035518901902
r120\t1.2\t1.2_120.cif,1,9.105356791563654,5.093820213007653,8.270473189488468,0.0,-5.093820213007653,0.0,9.273291495333202,9.707261137851892,8.270473189488468
r120\t1.2\t1.2_140.cif,1,9.008167396456217,5.302152271308988,8.585359113416093,0.0,-5.302152271308988,0.0,9.252138707152413,11.38014621792658,8.585359113416093
r120\t1.2\t1.2_180.cif,1,9.205965377530278,4.83973020871159,9.546059520834383,0.0,-4.83973020871159,0.0,9.322718118205572,9.700383468023556,9.546059520834383
r120\t1.2\t1.2_160.cif,1,8.92732457568122,5.020264519326641,9.060490427791617,0.0,-5.020264519326641,0.0,9.166214008623808,10.184547180566302,9.060490427791617
r120\t1.2\t1.2_20.cif,1,9.30660201332958,4.8897220194307724,9.30488949587685,0.0,-4.8897220194307724,0.0,9.411068483567833,10.5365354789743,9.30488949587685
r120\t1.2\t1.2_200.cif,1,9.236232634154874,4.943624557996827,9.580390025378628,0.0,-4.943624557996827,0.0,9.468742011826157,11.969459126267457,9.580390025378628
r120\t1.2\t1.2_220.cif,1,9.299113747089224,4.990544639294395,9.102229011051003,0.0,-4.990544639294395,0.0,9.40873095071961,9.905910224723717,9.102229011051003
r120\t1.2\t1.2_240.cif,1,9.251561705247036,5.3278568794250125,8.557495489042036,0.0,-5.3278568794250125,0.0,9.67079703306103,10.555911085938936,8.557495489042036
r120\t1.2\t1.2_260.cif,1,9.323254554519803,5.444119539002801,8.331013214170195,0.0,-5.444119539002801,0.0,9.79732690733229,10.630668035308332,8.331013214170195
r120\t1.2\t1.2_280.cif,1,9.294610893615967,5.268690373404532,8.462769900555992,0.0,-5.268690373404532,0.0,9.673807363136103,9.987800882799798,8.462769900555992
r120\t1.2\t1.2_40.cif,1,9.00652950054415,4.934034471719475,9.26948325814732,0.0,-4.934034471719475,0.0,9.411226910245498,10.532191932954586,9.26948325814732
r120\t1.2\t1.2_300.cif,1,9.255649900229184,5.1016067565286605,8.611076022385046,0.0,-5.1016067565286605,0.0,9.508256059889188,9.453776379237908,8.611076022385046
r120\t1.2\t1.2_340.cif,1,9.721711908201279,5.163399246286299,8.577577630714343,0.0,-5.163399246286299,0.0,9.905215230029803,11.756322779255825,8.577577630714343
r120\t1.2\t1.2_320.cif,1,9.702602103421283,4.970192592100016,8.378535570322478,0.0,-4.970192592100016,0.0,9.981321969412656,8.342031278746102,8.378535570322478
r120\t1.2\t1.2_60.cif,1,9.05038393416619,5.068712632400827,8.913285308914077,0.0,-5.068712632400827,0.0,9.541731016204169,10.668843896269747,8.913285308914077
r120\t1.2\t1.2_80.cif,1,9.211933891317495,5.123588106059354,8.78238696442717,0.0,-5.123588106059354,0.0,9.413404125648134,10.550462723199777,8.78238696442717
r120\t2.4\t2.4_0.cif,1,9.421610081337045,4.979435536222581,9.107158802766138,0.0,-4.979435536222581,0.0,9.862794953073182,11.480037754924671,9.107158802766138
r120\t2.4\t2.4_100.cif,1,9.342222819560856,4.954737807592783,8.372823462356088,0.0,-4.954737807592783,0.0,9.694785963490085,9.199299609886225,8.372823462356088
r120\t2.4\t2.4_120.cif,1,9.072868314392904,4.919851990396478,8.38230539010774,0.0,-4.919851990396478,0.0,9.53538309299347,8.515477517245385,8.38230539010774
r120\t2.4\t2.4_140.cif,1,9.319323672244519,5.084654250857499,8.729896775857766,0.0,-5.084654250857499,0.0,9.904942264469696,10.807153657134098,8.729896775857766
r120\t2.4\t2.4_160.cif,1,9.350279688473618,4.972240964680114,9.165828635626472,0.0,-4.972240964680114,0.0,9.734309569721418,10.070395526863722,9.165828635626472
r120\t2.4\t2.4_180.cif,1,9.361090687652544,4.849724305972783,9.506677075132178,0.0,-4.849724305972783,0.0,9.682699995870504,9.745136508097703,9.506677075132178
r120\t2.4\t2.4_20.cif,1,9.360917256253252,4.943947790385603,9.288039750353116,0.0,-4.943947790385603,0.0,9.83843611962472,11.385032874004994,9.288039750353116
r120\t2.4\t2.4_240.cif,1,9.140312802817588,5.291422110489755,9.286204346403245,0.0,-5.291422110489755,0.0,9.685975419120723,11.478934951607645,9.286204346403245
r120\t2.4\t2.4_200.cif,1,9.38525164189937,4.986056235786654,9.552515296622412,0.0,-4.986056235786654,0.0,9.865065584172244,12.240755951332993,9.552515296622412
r120\t2.4\t2.4_220.cif,1,9.457491732687565,5.0851087993323665,9.046211057115158,0.0,-5.0851087993323665,0.0,9.710843872579828,11.458767860757085,9.046211057115158
r120\t2.4\t2.4_280.cif,1,9.370546227886543,5.247954290936726,8.521286995619036,0.0,-5.247954290936726,0.0,9.651868473417634,9.917326210775313,8.521286995619036
r120\t2.4\t2.4_300.cif,1,9.226104052162283,4.98823450838033,8.627741847170732,0.0,-4.98823450838033,0.0,9.515502421820628,9.039607974665037,8.627741847170732
r120\t2.4\t2.4_260.cif,1,9.413852581351675,5.284697074421649,8.376517552399275,0.0,-5.284697074421649,0.0,9.700457382915168,10.533646302460536,8.376517552399275
r120\t2.4\t2.4_340.cif,1,9.432896373228482,5.192034605087054,8.603133726749913,0.0,-5.192034605087054,0.0,9.897565986481618,11.512578946336234,8.603133726749913
r120\t2.4\t2.4_60.cif,1,9.273016817703255,5.086805083798256,8.84550827404401,0.0,-5.086805083798256,0.0,9.722367771262022,10.742544484557303,8.84550827404401
r120\t2.4\t2.4_320.cif,1,9.30351331032341,4.931052789035323,8.280746561387016,0.0,-4.931052789035323,0.0,9.399774295577666,8.515201466247731,8.280746561387016
r120\t3.6\t3.6_0.cif,1,9.031119110621828,5.076645068856234,8.983184912409978,0.0,-5.076645068856234,0.0,9.535723199335134,11.866003425329854,8.983184912409978
r120\t2.4\t2.4_40.cif,1,9.391088425597621,4.915306640869093,9.314561242183155,0.0,-4.915306640869093,0.0,9.80711211665086,10.492189942976282,9.314561242183155
r120\t2.4\t2.4_80.cif,1,9.526434699698058,5.2545132266771555,8.582060862375643,0.0,-5.2545132266771555,0.0,10.007984435571872,10.806555506256641,8.582060862375643
r120\t3.6\t3.6_100.cif,1,9.116640791905708,4.9826939949645155,8.415678268493505,0.0,-4.9826939949645155,0.0,9.486287847930079,10.093294547627083,8.415678268493505
r120\t3.6\t3.6_120.cif,1,9.044928479829231,4.786103525719905,8.528479243446286,0.0,-4.786103525719905,0.0,9.154244362236135,8.369014027680057,8.528479243446286
r120\t3.6\t3.6_140.cif,1,9.04554668197817,4.9595326307177245,8.85124366609393,0.0,-4.9595326307177245,0.0,9.354606224199898,9.719485850294129,8.85124366609393
r120\t3.6\t3.6_160.cif,1,9.009049152140022,4.908352323260778,9.23990879021946,0.0,-4.908352323260778,0.0,9.323770958905914,9.97615630180804,9.23990879021946
r120\t3.6\t3.6_200.cif,1,9.16762111999483,5.135040338377927,9.407399661091079,0.0,-5.135040338377927,0.0,9.542038311994762,12.690451633035533,9.407399661091079
r120\t3.6\t3.6_20.cif,1,9.129312850253294,4.924055591721661,9.249840219789547,0.0,-4.924055591721661,0.0,9.440270954084378,10.257559048994395,9.249840219789547
r120\t3.6\t3.6_180.cif,1,9.117610972417442,4.847750732698791,9.477432693890833,0.0,-4.847750732698791,0.0,9.34874034420671,9.76334646580454,9.477432693890833
r120\t3.6\t3.6_220.cif,1,9.190857590355499,5.046168036430287,9.142046376373441,0.0,-5.046168036430287,0.0,9.548015448879417,11.574677389133315,9.142046376373441
r120\t3.6\t3.6_240.cif,1,9.139798191075325,5.302148729135888,8.645025138833535,0.0,-5.302148729135888,0.0,9.402184776626179,10.46614684698242,8.645025138833535
r120\t3.6\t3.6_260.cif,1,9.05104754480567,5.178873040063395,8.428962039892802,0.0,-5.178873040063395,0.0,9.457349454858656,9.652467079056496,8.428962039892802
r120\t3.6\t3.6_300.cif,1,8.933956929072828,4.900885641997075,8.813651786671242,0.0,-4.900885641997075,0.0,9.346633920638599,8.834794463337053,8.813651786671242
r120\t3.6\t3.6_280.cif,1,9.132509665019711,5.18386687300053,8.598315970820225,0.0,-5.18386687300053,0.0,9.665523886942262,9.821508901246668,8.598315970820225
r120\t3.6\t3.6_40.cif,1,9.136741438607974,4.893094705733803,9.34253755907381,0.0,-4.893094705733803,0.0,9.507569278457236,10.130935591915375,9.34253755907381
r120\t3.6\t3.6_320.cif,1,8.52910142981958,5.184596000387344,8.314139218742067,0.0,-5.184596000387344,0.0,9.092911392863977,9.630032638827123,8.314139218742067
r120\t3.6\t3.6_60.cif,1,9.04139131920447,5.017266398410244,8.827329172749378,0.0,-5.017266398410244,0.0,9.276500587435052,10.269495315902326,8.827329172749378
r120\t3.6\t3.6_340.cif,1,8.889505325334403,5.123756151495691,8.702980510929036,0.0,-5.123756151495691,0.0,9.57915509966972,11.575637269749024,8.702980510929036
r120\t3.6\t3.6_80.cif,1,9.219961668915339,5.153570560317877,8.61051684394457,0.0,-5.153570560317877,0.0,9.652375409967467,10.709425176351527,8.61051684394457
r120\t4.8\t4.8_0.cif,1,9.276343781696244,5.020238048965604,9.100704233131603,0.0,-5.020238048965604,0.0,9.882459852894518,11.943341543128964,9.100704233131603
r120\t4.8\t4.8_100.cif,1,9.521302036946114,4.998003033720428,8.381692432033173,0.0,-4.998003033720428,0.0,9.765478329264806,9.6558872228913,8.381692432033173
r120\t4.8\t4.8_120.cif,1,9.4218738927914,5.013424218578718,8.601334624645219,0.0,-5.013424218578718,0.0,9.59840366841556,9.93935353808999,8.601334624645219
r120\t4.8\t4.8_140.cif,1,9.292389223272442,4.837938906788295,9.031153548108128,0.0,-4.837938906788295,0.0,9.44509226727594,9.742418706733584,9.031153548108128
r120\t4.8\t4.8_180.cif,1,9.224598775008145,4.830705916010344,9.46718288886346,0.0,-4.830705916010344,0.0,9.47810036770723,9.769705037658893,9.46718288886346
r120\t4.8\t4.8_160.cif,1,9.338327964693454,4.61747658299714,9.408039689391574,0.0,-4.61747658299714,0.0,9.310865089277618,8.754405574246286,9.408039689391574
r120\t4.8\t4.8_20.cif,1,9.283528758422595,4.930041796692067,9.269536078715435,0.0,-4.930041796692067,0.0,9.839057669364552,10.635694370476767,9.269536078715435
r120\t4.8\t4.8_220.cif,1,9.270286097754422,5.049927928285984,9.15302633142271,0.0,-5.049927928285984,0.0,9.821553054463628,11.57607299989155,9.15302633142271
r120\t4.8\t4.8_200.cif,1,9.21114844559633,5.03667646397623,9.515235365031062,0.0,-5.03667646397623,0.0,9.68872067534175,12.291168235256661,9.515235365031062
r120\t4.8\t4.8_260.cif,1,9.184969853418158,5.194075147994859,8.418715704910232,0.0,-5.194075147994859,0.0,9.591948114953357,9.674415153867406,8.418715704910232
r120\t4.8\t4.8_240.cif,1,9.253254881698647,5.323829461023909,8.62544438489449,0.0,-5.323829461023909,0.0,9.858960196151308,10.690769814519674,8.62544438489449
r120\t4.8\t4.8_300.cif,1,9.576456110074856,5.2101540109891715,8.590103959539354,0.0,-5.2101540109891715,0.0,9.890412625638769,9.975370683863021,8.590103959539354
r120\t4.8\t4.8_280.cif,1,9.28229110193179,5.17277179466136,8.561122016006632,0.0,-5.17277179466136,0.0,9.742138272783821,9.868038491121688,8.561122016006632
r120\t4.8\t4.8_320.cif,1,9.36490035376079,4.57947467239975,8.837835247939612,0.0,-4.57947467239975,0.0,9.650122921076921,7.516211370369317,8.837835247939612
r120\t4.8\t4.8_340.cif,1,9.203441970425718,5.034929303896124,8.847348329984689,0.0,-5.034929303896124,0.0,9.742300727575882,10.923004604944797,8.847348329984689
r120\t6.0\t6.0_0.cif,1,9.449196414894155,4.9315731541871415,9.09434878759068,0.0,-4.9315731541871415,0.0,9.602046991031346,11.01717568084411,9.09434878759068
r120\t4.8\t4.8_60.cif,1,9.223427451057505,5.00085796349476,8.887076303938231,0.0,-5.00085796349476,0.0,9.733959662897318,10.215651596846806,8.887076303938231
r120\t4.8\t4.8_40.cif,1,9.251825523686085,4.904519171981465,9.34561814761239,0.0,-4.904519171981465,0.0,9.591251632489142,10.130818854333889,9.34561814761239
r120\t4.8\t4.8_80.cif,1,9.251071873663088,5.134277646871884,8.581905490980885,0.0,-5.134277646871884,0.0,9.7270643091973,10.745979394284467,8.581905490980885
r120\t6.0\t6.0_100.cif,1,9.337230704146586,5.065942694398037,8.278763500553593,0.0,-5.065942694398037,0.0,9.253169400206707,10.005543958745022,8.278763500553593
r120\t6.0\t6.0_120.cif,1,9.382388857116705,5.097110207558343,8.62274729422127,0.0,-5.097110207558343,0.0,9.267316970897177,10.397582744360905,8.62274729422127
r120\t6.0\t6.0_180.cif,1,8.781719885508721,4.873059173710476,9.53102147553773,0.0,-4.873059173710476,0.0,9.273493354974457,10.084826920083623,9.53102147553773
r120\t6.0\t6.0_140.cif,1,8.978033208237733,4.6638868354461565,9.069289530845875,0.0,-4.6638868354461565,0.0,9.145120286499726,8.005466342784363,9.069289530845875
r120\t6.0\t6.0_160.cif,1,8.727134930774751,4.551189794383403,9.457632896133797,0.0,-4.551189794383403,0.0,9.09255585089159,8.185127554280083,9.457632896133797
r120\t6.0\t6.0_220.cif,1,9.107327477537284,5.050412662414509,9.191190935397106,0.0,-5.050412662414509,0.0,9.386259500041042,11.54459823135852,9.191190935397106
r120\t6.0\t6.0_20.cif,1,9.448243479125123,4.939008886062186,9.261856683570816,0.0,-4.939008886062186,0.0,9.447236476581669,10.82039595422828,9.261856683570816
r120\t6.0\t6.0_260.cif,1,9.2452398622538,5.213050444802515,8.36457734873035,0.0,-5.213050444802515,0.0,9.131500832053124,9.460420264726583,8.36457734873035
r120\t6.0\t6.0_200.cif,1,8.860812667997621,5.216583830089148,9.424022060251502,0.0,-5.216583830089148,0.0,9.417608075760212,12.908663085332812,9.424022060251502
r120\t6.0\t6.0_280.cif,1,9.373636223181816,5.067787071864504,8.44144031653886,0.0,-5.067787071864504,0.0,9.504386359345025,9.379661835851401,8.44144031653886
r120\t6.0\t6.0_300.cif,1,9.535121138002832,5.215300523228886,8.465312742065986,0.0,-5.215300523228886,0.0,9.604473111458052,9.772106946823584,8.465312742065986
r120\t6.0\t6.0_240.cif,1,9.082777620754408,5.3351698570479265,8.58175009275866,0.0,-5.3351698570479265,0.0,9.393937350152815,10.551761839484199,8.58175009275866
r120\t6.0\t6.0_320.cif,1,9.504220290510522,4.942608443700413,8.610914301075264,0.0,-4.942608443700413,0.0,9.87531572280364,9.260357221081879,8.610914301075264
r120\t6.0\t6.0_340.cif,1,9.404187684778814,5.1319526813947585,8.754371334408381,0.0,-5.1319526813947585,0.0,9.988291138376947,11.082570609321198,8.754371334408381
r120\t6.0\t6.0_40.cif,1,9.457410728244037,4.9579739859240295,9.333108765701898,0.0,-4.9579739859240295,0.0,9.462598082666853,10.899111163777263,9.333108765701898
r120\t6.0\t6.0_80.cif,1,9.370454055769182,5.152287367412653,8.618894253922527,0.0,-5.152287367412653,0.0,9.453152131423641,10.707483447562463,8.618894253922527
r120\t7.2\t7.2_0.cif,1,8.914360979785586,4.819318508730288,9.237399842340038,0.0,-4.819318508730288,0.0,9.403690845116596,10.826585423272508,9.237399842340038
r120\t7.2\t7.2_100.cif,1,8.874289160454898,4.974136803981829,8.271817204582982,0.0,-4.974136803981829,0.0,9.119563258258346,8.946116342415614,8.271817204582982
r120\t6.0\t6.0_60.cif,1,9.437628108908108,4.935955131769726,8.955321116893048,0.0,-4.935955131769726,0.0,9.403478155480347,9.964518130150855,8.95532111689305
r120\t7.2\t7.2_120.cif,1,9.30176637298977,5.26681217793633,8.336153244858835,0.0,-5.26681217793633,0.0,9.429442501021157,10.75174164225135,8.336153244858835
r120\t7.2\t7.2_140.cif,1,9.071819480981114,4.788131985089324,9.021490740009774,0.0,-4.788131985089324,0.0,9.153722031835294,8.756154388154325,9.021490740009774
r120\t7.2\t7.2_180.cif,1,8.844769142673254,4.85174726977977,9.525694321714132,0.0,-4.85174726977977,0.0,9.039148630157165,10.134703772426548,9.525694321714132
r120\t7.2\t7.2_160.cif,1,8.91966047124506,4.69508512967411,9.36054918872745,0.0,-4.69508512967411,0.0,9.053873771806655,8.808401785489442,9.36054918872745
r120\t7.2\t7.2_20.cif,1,8.989622292984317,4.78877916908492,9.283976354216291,0.0,-4.78877916908492,0.0,9.162262224422339,9.845283726620162,9.283976354216291
r120\t7.2\t7.2_200.cif,1,8.879975885547225,4.938184283937857,9.571171714387916,0.0,-4.938184283937857,0.0,9.288498315895549,11.589592006273854,9.571171714387916
r120\t7.2\t7.2_240.cif,1,8.893937331673579,5.050565137080813,8.688524591288877,0.0,-5.050565137080813,0.0,9.43637133062556,9.572221475916214,8.688524591288877
r120\t7.2\t7.2_220.cif,1,8.663918748063915,4.914781989997383,9.242137938227577,0.0,-4.914781989997383,0.0,8.965135676081918,10.184013930143767,9.242137938227577
r120\t7.2\t7.2_260.cif,1,8.78722846270477,5.180741774726835,8.421915942668324,0.0,-5.180741774726835,0.0,9.266062804677393,9.63236994709624,8.421915942668324
r120\t7.2\t7.2_280.cif,1,8.805550875800519,5.119267224129686,8.460452667631492,0.0,-5.119267224129686,0.0,9.229724906995598,9.955841562827079,8.460452667631492
r120\t7.2\t7.2_300.cif,1,8.749549519921274,5.276237492567731,8.48668342541192,0.0,-5.276237492567731,0.0,9.249863486970911,10.267513323100738,8.48668342541192
r120\t7.2\t7.2_320.cif,1,8.52565711412724,5.167193907087964,8.630894356827087,0.0,-5.167193907087964,0.0,9.156183596190875,9.780942376587543,8.630894356827087
r120\t7.2\t7.2_40.cif,1,9.06955193269193,5.037573400090236,9.307952648672948,0.0,-5.037573400090236,0.0,9.419883862336455,11.17369344896092,9.307952648672948
r120\t7.2\t7.2_60.cif,1,9.018686364065001,5.1650251382366905,8.871082956284313,0.0,-5.1650251382366905,0.0,9.402935866659233,10.70996157219432,8.871082956284312
r120\t7.2\t7.2_340.cif,1,8.76399697421392,4.8509691208422705,8.779827501447075,0.0,-4.8509691208422705,0.0,9.254467814510825,9.378714171947829,8.779827501447075
r120\t7.2\t7.2_80.cif,1,8.899288874550432,5.124078305926706,8.652654072536752,0.0,-5.124078305926706,0.0,9.367673963360968,10.67186348211845,8.652654072536752
r120\t8.4\t8.4_100.cif,1,9.003720552188435,4.8464486592917,8.243491310527302,0.0,-4.8464486592917,0.0,9.192656923562948,8.932036477365983,8.243491310527302
r120\t8.4\t8.4_0.cif,1,9.047790809569388,4.733105727615114,9.333243382686554,0.0,-4.733105727615114,0.0,9.277881247544087,9.895360696957342,9.333243382686554
r120\t8.4\t8.4_140.cif,1,9.318308511266622,5.050299821121262,8.677330409030587,0.0,-5.050299821121262,0.0,9.470015394221548,10.620656405224095,8.677330409030587
r120\t8.4\t8.4_120.cif,1,9.209008795270554,5.186099160905701,8.30296165848057,0.0,-5.186099160905701,0.0,9.541582020868471,10.768196207907213,8.30296165848057
r120\t8.4\t8.4_160.cif,1,9.176958554352153,4.921492890399964,9.213202172424893,0.0,-4.921492890399964,0.0,9.406081305383104,10.2246173280565,9.213202172424893
r120\t8.4\t8.4_20.cif,1,9.064105820718737,4.60161575827765,9.2638751565047,0.0,-4.60161575827765,0.0,9.104992609589484,8.131975300009548,9.2638751565047
r120\t8.4\t8.4_200.cif,1,9.05644082270274,5.025449208467181,9.563949968277386,0.0,-5.025449208467181,0.0,9.459753566601584,12.490366121788572,9.563949968277386
r120\t8.4\t8.4_180.cif,1,8.954601875337966,4.855680941380722,9.535274750660628,0.0,-4.855680941380722,0.0,9.133962944961743,10.354287664788279,9.535274750660628
r120\t8.4\t8.4_220.cif,1,9.103733790057722,4.938294995758477,9.243196412390619,0.0,-4.938294995758477,0.0,9.42119226651919,10.368688258058997,9.243196412390619
r120\t8.4\t8.4_240.cif,1,9.119934377491871,5.016732766319238,8.770407073130201,0.0,-5.016732766319238,0.0,9.605508244082486,9.721994795343104,8.770407073130201
r120\t8.4\t8.4_280.cif,1,9.067435144000337,5.162727970503062,8.482221196398372,0.0,-5.162727970503062,0.0,9.48396015072398,9.931125752123407,8.482221196398372
r120\t8.4\t8.4_260.cif,1,9.039405254371907,5.178691814414103,8.441048735094771,0.0,-5.178691814414103,0.0,9.496281669107828,9.614926117660499,8.441048735094771
r120\t8.4\t8.4_320.cif,1,8.855735146407918,4.991773720193977,8.806380040697356,0.0,-4.991773720193977,0.0,9.13315990783522,9.536752329701972,8.806380040697356
r120\t8.4\t8.4_300.cif,1,9.085053564127868,5.170322818941821,8.59105218074778,0.0,-5.170322818941821,0.0,9.380429424342083,9.83040237390257,8.59105218074778
r120\t8.4\t8.4_340.cif,1,9.126831912548651,4.506845067665174,8.942272685419375,0.0,-4.506845067665174,0.0,9.173979711850317,7.025987302438539,8.942272685419375
r120\t8.4\t8.4_80.cif,1,8.916286915505875,4.995917470117993,8.86648164640663,0.0,-4.995917470117993,0.0,9.263671060916803,10.381319875058402,8.86648164640663
r120\t8.4\t8.4_60.cif,1,9.098911483384654,5.08024250786818,8.977274452971214,0.0,-5.08024250786818,0.0,9.507274686185092,10.598372529452291,8.977274452971214
r120\t8.4\t8.4_40.cif,1,9.149139743901785,4.971216123692294,9.348309608699738,0.0,-4.971216123692294,0.0,9.517427106437902,10.891298551944885,9.348309608699738
r120\t9.6\t9.6_0.cif,1,9.449788803782411,4.753322753032599,9.263590614623698,0.0,-4.753322753032599,0.0,9.842800636420513,9.98944125218806,9.263590614623697
r120\t9.6\t9.6_100.cif,1,9.40956232885679,4.771281249275864,8.25723366735102,0.0,-4.771281249275864,0.0,9.784814210098538,8.201264849105472,8.25723366735102
r120\t9.6\t9.6_120.cif,1,9.453262659359131,5.114230474345572,8.305841355159263,0.0,-5.114230474345572,0.0,10.051469060327411,10.272424131842257,8.305841355159263
r120\t9.6\t9.6_140.cif,1,9.368920828659057,5.1025070063212405,8.638251198650499,0.0,-5.1025070063212405,0.0,10.068332684573592,10.671373619756658,8.638251198650499
r120\t9.6\t9.6_180.cif,1,9.236240293747327,4.84277262536102,9.513654988537798,0.0,-4.84277262536102,0.0,9.789453909635935,10.161025665664576,9.513654988537798
r120\t9.6\t9.6_240.cif,1,9.503949085193792,5.195605428182844,8.668462816326178,0.0,-5.195605428182844,0.0,9.970015540320176,10.270215018114698,8.668462816326178
r120\t9.6\t9.6_160.cif,1,9.408702091435813,5.1779567877019295,9.037534627155724,0.0,-5.1779567877019295,0.0,10.130721660064374,11.716502579695995,9.037534627155724
r120\t9.6\t9.6_200.cif,1,9.419743521300873,4.9327598049837516,9.607563390753816,0.0,-4.9327598049837516,0.0,10.076772048943129,11.556435762598664,9.607563390753816
r120\t9.6\t9.6_20.cif,1,9.443838664331055,4.709977358659927,9.32294021996959,0.0,-4.709977358659927,0.0,9.719129175585001,9.456875442872072,9.32294021996959
r120\t9.6\t9.6_220.cif,1,9.461190008312366,5.016935870938777,9.217373227917076,0.0,-5.016935870938777,0.0,10.06159198205177,11.457746695817837,9.217373227917076
r120\t9.6\t9.6_260.cif,1,9.497610872182532,5.29387863199089,8.366073834359526,0.0,-5.29387863199089,0.0,9.90730239937092,10.202278050225415,8.366073834359526
r120\t9.6\t9.6_40.cif,1,9.466476826523811,4.956317856511808,9.333221844717496,0.0,-4.956317856511808,0.0,9.885692289173495,10.919065629643288,9.333221844717496
r120\t9.6\t9.6_320.cif,1,9.563183392914134,4.8286702449025265,8.809518337260721,0.0,-4.8286702449025265,0.0,9.838162401093522,8.290529907853257,8.809518337260721
r120\t9.6\t9.6_340.cif,1,9.54915552876492,4.683670435825818,8.807945473043036,0.0,-4.683670435825818,0.0,9.844869842809121,8.770949429732175,8.807945473043036
r120\t9.6\t9.6_280.cif,1,9.470186009130217,5.1983854414956205,8.506323517408857,0.0,-5.1983854414956205,0.0,9.921756118117264,9.924202285877627,8.506323517408857
r120\t9.6\t9.6_300.cif,1,9.441201204503184,5.160726390893345,8.6262799800801,0.0,-5.160726390893345,0.0,9.948635100241015,9.793090467998999,8.6262799800801
r120\t9.6\t9.6_60.cif,1,9.51966901162286,5.037695577453885,8.990252163231009,0.0,-5.037695577453885,0.0,9.968376371028658,10.56141020502842,8.990252163231009
r120\t9.6\t9.6_80.cif,1,9.387078274014291,5.036523065873845,8.860988839075354,0.0,-5.036523065873845,0.0,9.866156387851534,10.415316188116979,8.860988839075354
r140\t0\t0_140.cif,1,9.241290507987474,5.087221157503273,8.609373849230892,0.0,-5.087221157503273,0.0,9.746386576673533,9.24047339910053,8.609373849230892
r140\t0\t0_0.cif,1,9.544996242438442,4.546127813218854,9.1472843180305,0.0,-4.546127813218854,0.0,10.299573928342907,8.947926443294788,9.1472843180305
r140\t0\t0_100.cif,1,9.402154606294737,4.639900828789873,8.657214064132331,0.0,-4.639900828789873,0.0,9.842428412681489,7.558462159598905,8.657214064132331
r140\t0\t0_160.cif,1,9.273326813304191,5.07826261975481,9.035569030607157,0.0,-5.07826261975481,0.0,9.870458443928035,9.221070578974706,9.035569030607157
r140\t0\t0_120.cif,1,9.242844627550955,4.596627431595964,8.312797064074072,0.0,-4.596627431595964,0.0,9.556684782259579,6.6814629942818105,8.312797064074072
r140\t0\t0_180.cif,1,9.3564114913338,4.966814031694188,9.340756800353523,0.0,-4.966814031694188,0.0,9.85586696864903,9.519995464695716,9.340756800353523
r140\t0\t0_200.cif,1,9.245632055144874,5.022067040637815,9.524539641716075,0.0,-5.022067040637815,0.0,9.842050109642006,11.07648434392612,9.524539641716075
r140\t0\t0_20.cif,1,9.428559565927237,4.806821880919804,9.038151249673723,0.0,-4.806821880919804,0.0,9.87741449530435,9.469377598811901,9.038151249673723
r140\t0\t0_220.cif,1,9.397617653649554,5.078709973283481,9.434698084353226,0.0,-5.078709973283481,0.0,10.010000780336922,10.090570906010205,9.434698084353226
r140\t0\t0_240.cif,1,9.352667227308102,5.139807952616749,8.952358231521815,0.0,-5.139807952616749,0.0,9.622177716376845,8.365406535362391,8.952358231521815
r140\t0\t0_260.cif,1,9.379693458284871,5.3233482022844925,8.389419074301316,0.0,-5.3233482022844925,0.0,9.94021882261748,10.1547417458775,8.389419074301316
r140\t0\t0_280.cif,1,9.381929533587602,5.178180613990619,8.455483060651613,0.0,-5.178180613990619,0.0,9.69800758264264,7.9858842647894335,8.455483060651613
r140\t0\t0_300.cif,1,9.363923476986063,5.2226007455284496,8.532892219440487,0.0,-5.2226007455284496,0.0,9.884409025471673,9.924323827598153,8.53289221944049
r140\t0\t0_340.cif,1,9.26547389991821,5.124537312843055,8.660097016502306,0.0,-5.124537312843055,0.0,9.819138218921104,10.723373514345464,8.660097016502306
r140\t0\t0_320.cif,1,9.282023440148407,5.333942387281078,8.22670623657755,0.0,-5.333942387281078,0.0,9.85207157090041,10.439237651483618,8.22670623657755
r140\t0\t0_60.cif,1,9.548262136769065,4.519586560177342,9.185244793595665,0.0,-4.519586560177342,0.0,9.870396610205217,7.224153721623136,9.185244793595666
r140\t0\t0_80.cif,1,9.463386973408186,4.458169073009272,8.760469111152139,0.0,-4.458169073009272,0.0,9.801191820692143,6.719300034148727,8.760469111152139
r140\t1.2\t1.2_0.cif,1,9.469015086162143,5.044668471612206,9.119871438447426,0.0,-5.044668471612206,0.0,9.518004869989879,10.312352003612332,9.119871438447426
r140\t0\t0_40.cif,1,9.559523703841222,4.483809101394783,9.194049341897708,0.0,-4.483809101394783,0.0,9.80531862764361,6.522025573737755,9.194049341897708
r140\t1.2\t1.2_100.cif,1,9.344161984576271,4.845199687414231,8.585350741121337,0.0,-4.845199687414231,0.0,9.442089672762238,8.290348927270054,8.585350741121337
r140\t1.2\t1.2_140.cif,1,9.033241217155046,5.1077777001693665,8.624159221362738,0.0,-5.1077777001693665,0.0,9.150288194225555,9.229485897177886,8.624159221362738
r140\t1.2\t1.2_120.cif,1,9.384848112716593,4.543298709001708,8.52911512526946,0.0,-4.543298709001708,0.0,9.183549721294384,6.526655299082423,8.52911512526946
r140\t1.2\t1.2_180.cif,1,9.331792815160517,4.899836577289129,9.476061845800016,0.0,-4.899836577289129,0.0,9.312239228407261,9.758045340796754,9.476061845800016
r140\t1.2\t1.2_160.cif,1,9.008494591251063,5.110990255413975,8.980695884613304,0.0,-5.110990255413975,0.0,9.217906739428527,9.53322938732045,8.980695884613304
r140\t1.2\t1.2_200.cif,1,9.280333916944521,5.105424932025058,9.787590222967799,0.0,-5.105424932025058,0.0,9.521306279611643,11.144226409819074,9.787590222967799
r140\t1.2\t1.2_220.cif,1,9.337674926764588,5.107629829476282,9.382609416389084,0.0,-5.107629829476282,0.0,9.59175847215562,9.954826442153147,9.382609416389084
r140\t1.2\t1.2_20.cif,1,9.176511653886761,4.6573175309196815,9.559945601371917,0.0,-4.6573175309196815,0.0,9.410829992611983,9.182418773151559,9.559945601371917
r140\t1.2\t1.2_260.cif,1,9.287895296839016,5.150386706920804,8.556402260230383,0.0,-5.150386706920804,0.0,9.695691459499779,8.326883864814983,8.556402260230383
r140\t1.2\t1.2_240.cif,1,9.287264925285724,5.221961457169102,9.016670608657396,0.0,-5.221961457169102,0.0,9.546022762614507,10.341396496501762,9.016670608657396
r140\t1.2\t1.2_280.cif,1,9.32542846744587,5.112644027320363,8.516750950396911,0.0,-5.112644027320363,0.0,9.664406651947916,7.89774152345291,8.516750950396911
r140\t1.2\t1.2_300.cif,1,9.36400373543925,5.2374044770889565,8.559656205201511,0.0,-5.2374044770889565,0.0,9.629552129476476,9.482717384564696,8.559656205201511
r140\t1.2\t1.2_320.cif,1,9.274448128174743,5.316824705687376,8.533092830640529,0.0,-5.316824705687376,0.0,9.723742044268093,9.765312073178695,8.533092830640529
r140\t1.2\t1.2_340.cif,1,9.717169428732864,5.067806640397677,8.514510639379058,0.0,-5.067806640397677,0.0,9.812406746704195,9.566235739930555,8.514510639379058
r140\t1.2\t1.2_60.cif,1,9.227005585523429,4.909107788612222,8.909957614150903,0.0,-4.909107788612222,0.0,9.414326031513207,8.631046943315624,8.909957614150903
r140\t1.2\t1.2_40.cif,1,9.064041604221401,4.761745017206533,9.351019121907127,0.0,-4.761745017206533,0.0,9.280925889265465,8.702676027620903,9.351019121907127
r140\t1.2\t1.2_80.cif,1,9.414455171617705,4.951054513356386,8.803224199032098,0.0,-4.951054513356386,0.0,9.504880617038612,8.379854096523658,8.803224199032098
r140\t2.4\t2.4_0.cif,1,9.61543767969489,5.336938099457163,8.893687629671302,0.0,-5.336938099457163,0.0,10.165661077151912,12.318863915669107,8.893687629671302
r140\t2.4\t2.4_100.cif,1,9.486863273672844,5.126473303795134,8.520817443786976,0.0,-5.126473303795134,0.0,9.94811285640812,9.781969863292144,8.520817443786976
r140\t2.4\t2.4_120.cif,1,9.141979747807152,4.85622436697504,8.718414908514086,0.0,-4.85622436697504,0.0,9.599660503954329,8.244976707390633,8.718414908514086
r140\t2.4\t2.4_140.cif,1,9.109634138094716,5.0207088972737175,8.80822725312752,0.0,-5.0207088972737175,0.0,9.513372029400136,9.05007193114433,8.80822725312752
r140\t2.4\t2.4_160.cif,1,9.311345263740918,5.014560859160185,9.07975890429264,0.0,-5.014560859160185,0.0,9.61875729272146,8.958984204182983,9.07975890429264
r140\t2.4\t2.4_180.cif,1,9.326243952194623,4.8890263895794215,9.46590224104423,0.0,-4.8890263895794215,0.0,9.713525654649631,9.758751299391882,9.46590224104423
r140\t2.4\t2.4_20.cif,1,9.573057810526384,4.906360861866495,9.333874600984627,0.0,-4.906360861866495,0.0,9.8945660481186,9.777517479582617,9.333874600984627
r140\t2.4\t2.4_240.cif,1,9.08892076313795,5.160123673735982,8.513726532469523,0.0,-5.160123673735982,0.0,9.539732187001238,9.260995210799953,8.513726532469523
r140\t2.4\t2.4_260.cif,1,9.28737604265232,5.042210955621447,8.668490566958909,0.0,-5.042210955621447,0.0,9.566581911622402,7.953748005550083,8.668490566958909
r140\t2.4\t2.4_280.cif,1,9.3212480728387,5.037591257151045,8.601489521626084,0.0,-5.037591257151045,0.0,9.49063103205418,7.791572256213951,8.601489521626084
r140\t2.4\t2.4_200.cif,1,9.473391285933438,5.102513352378624,9.77796558554821,0.0,-5.102513352378624,0.0,9.918566605854256,11.122367494245477,9.77796558554821
r140\t2.4\t2.4_320.cif,1,9.390597678923768,4.852204657832655,8.844284444741398,0.0,-4.852204657832655,0.0,9.713068313354576,8.092175562973019,8.844284444741398
r140\t2.4\t2.4_220.cif,1,9.493191614968298,5.024159856262775,9.391823976935191,0.0,-5.024159856262775,0.0,9.75929536852288,9.48142527802045,9.391823976935191
r140\t2.4\t2.4_300.cif,1,9.215004135165417,5.133974952861272,8.611497463820346,0.0,-5.133974952861272,0.0,9.514334465060994,8.830259536856678,8.611497463820346
r140\t2.4\t2.4_80.cif,1,9.634959081837536,5.033607991518484,9.206367155178164,0.0,-5.033607991518484,0.0,9.971172980646296,8.891776736127674,9.206367155178164
r140\t2.4\t2.4_40.cif,1,9.463002809412336,4.8571801713388725,9.563693205932683,0.0,-4.8571801713388725,0.0,9.751076857519545,9.353171791003952,9.563693205932683
r140\t2.4\t2.4_60.cif,1,9.464273590146236,5.060445236067187,9.095347303568246,0.0,-5.060445236067187,0.0,9.830955408582842,9.285212037469833,9.095347303568246
r140\t3.6\t3.6_140.cif,1,9.007307007762813,4.86496460867612,8.949640068437416,0.0,-4.86496460867612,0.0,9.237232747567058,8.435668408386823,8.949640068437416
r140\t2.4\t2.4_340.cif,1,9.38116818240936,4.999680147991357,8.541357850011819,0.0,-4.999680147991357,0.0,9.753021886351464,9.331999284471724,8.541357850011819
r140\t3.6\t3.6_100.cif,1,9.115995483691117,5.145392135355181,8.423980659578373,0.0,-5.145392135355181,0.0,9.472300418150118,9.504551265719877,8.423980659578373
r140\t3.6\t3.6_0.cif,1,9.144226657619727,5.142340174608026,8.970681253252925,0.0,-5.142340174608026,0.0,9.456565112076547,10.50236999761825,8.970681253252925
r140\t3.6\t3.6_120.cif,1,8.950806131525226,5.073589212579332,8.615493325998525,0.0,-5.073589212579332,0.0,9.210590961108378,9.150888014108142,8.615493325998525
r140\t3.6\t3.6_220.cif,1,9.214653680798165,5.002713040806754,9.419444082738247,0.0,-5.002713040806754,0.0,9.417302787284799,9.222229441930637,9.419444082738247
r140\t3.6\t3.6_160.cif,1,8.974953470122745,5.004604861398521,9.134669006230586,0.0,-5.004604861398521,0.0,9.188519768042195,9.127146095985736,9.134669006230586
r140\t3.6\t3.6_20.cif,1,9.162973858403022,5.103595905971832,9.17849619159253,0.0,-5.103595905971832,0.0,9.534923872274979,10.37107543419717,9.17849619159253
r140\t3.6\t3.6_200.cif,1,9.136367932166294,5.0031831627083925,9.901310657526777,0.0,-5.0031831627083925,0.0,9.461091647003725,11.078409506884714,9.901310657526777
r140\t3.6\t3.6_180.cif,1,9.092307935288016,4.815423073710376,9.607573363513762,0.0,-4.815423073710376,0.0,9.378809342661066,9.441125180871186,9.607573363513762
r140\t3.6\t3.6_260.cif,1,9.160542136175085,4.853299133985888,8.763953627029883,0.0,-4.853299133985888,0.0,9.55074899723852,7.231565726821244,8.763953627029883
r140\t3.6\t3.6_240.cif,1,9.214641079159929,4.827410441373567,9.245202056469884,0.0,-4.827410441373567,0.0,9.49358916754572,7.60419349449444,9.245202056469884
r140\t3.6\t3.6_300.cif,1,9.114803617339637,5.162272347874362,8.710214134896987,0.0,-5.162272347874362,0.0,9.620583288811261,9.863749817275144,8.710214134896987
r140\t3.6\t3.6_40.cif,1,9.154814333553714,4.92732074379779,9.319988748334184,0.0,-4.92732074379779,0.0,9.510564620934796,9.708393226678231,9.319988748334184
r140\t3.6\t3.6_280.cif,1,9.22250044753844,5.007025974770095,8.666776054939428,0.0,-5.007025974770095,0.0,9.618483993898762,7.929807476651314,8.666776054939428
r140\t3.6\t3.6_340.cif,1,8.919335945686722,4.925826333020726,8.558175932450652,0.0,-4.925826333020726,0.0,9.417572223602917,9.321659804728283,8.558175932450652
r140\t3.6\t3.6_320.cif,1,9.141168642614277,5.08391822164002,8.854944029157032,0.0,-5.08391822164002,0.0,9.78767754456833,8.89575565023554,8.854944029157032
r140\t3.6\t3.6_80.cif,1,9.294775195431761,5.2557565486473266,8.852746684279325,0.0,-5.2557565486473266,0.0,9.783945553147628,10.80589981860584,8.852746684279325
r140\t3.6\t3.6_60.cif,1,9.038983133229447,5.012599852258334,8.806074494482157,0.0,-5.012599852258334,0.0,9.333871157123408,8.742732343843697,8.806074494482157
r140\t4.8\t4.8_100.cif,1,9.567494475721704,5.31183369662965,8.42051116458743,0.0,-5.31183369662965,0.0,9.77586245972632,10.659386488638342,8.42051116458743
r140\t4.8\t4.8_0.cif,1,9.368210629652125,5.1566860310393015,8.981732452388812,0.0,-5.1566860310393015,0.0,9.953852984386893,10.660365092451501,8.981732452388812
r140\t4.8\t4.8_120.cif,1,9.494909864514575,4.9486198911160795,8.659130892256279,0.0,-4.9486198911160795,0.0,9.618075482174625,8.674605959742456,8.659130892256279
r140\t4.8\t4.8_140.cif,1,9.342973230864883,4.968508249605433,8.991102204301361,0.0,-4.968508249605433,0.0,9.372215778905025,9.275019054463465,8.991102204301361
r140\t4.8\t4.8_160.cif,1,9.396935468673492,4.816149467206984,9.408557534105407,0.0,-4.816149467206984,0.0,9.441189969745077,8.655091725114627,9.408557534105407
r140\t4.8\t4.8_180.cif,1,9.261888430945664,4.555776703979018,9.758814169580347,0.0,-4.555776703979018,0.0,9.50473988701671,8.45854053936607,9.758814169580347
r140\t4.8\t4.8_240.cif,1,9.321046212854801,4.594583454873413,9.323134364772136,0.0,-4.594583454873413,0.0,9.695154942523798,6.928952807838218,9.323134364772136
r140\t4.8\t4.8_200.cif,1,9.239918482504434,4.819301711757732,10.029573235415063,0.0,-4.819301711757732,0.0,9.474148086612818,9.741615124344403,10.029573235415063
r140\t4.8\t4.8_20.cif,1,9.238669214364883,5.086741699088305,9.170777236227998,0.0,-5.086741699088305,0.0,9.83421956338783,10.350366764192556,9.170777236227998
r140\t4.8\t4.8_220.cif,1,9.233437797527618,4.585624364887359,9.9301805373337,0.0,-4.585624364887359,0.0,9.53442178571229,7.402442127066701,9.9301805373337
r140\t4.8\t4.8_260.cif,1,9.329446148843092,4.868644430712899,8.746909634817346,0.0,-4.868644430712899,0.0,9.63038904210862,7.25668125423735,8.746909634817346
r140\t4.8\t4.8_320.cif,1,9.426419557439218,5.2715075111801495,8.720995197521738,0.0,-5.2715075111801495,0.0,9.772843548536994,9.821199475058952,8.720995197521738
r140\t4.8\t4.8_300.cif,1,9.29615954929402,5.10615611434912,8.754174822873958,0.0,-5.10615611434912,0.0,9.69980330459572,9.467819938385261,8.754174822873958
r140\t4.8\t4.8_40.cif,1,9.329797478235532,5.045683759143593,9.550481562443974,0.0,-5.045683759143593,0.0,9.704515292555431,9.732485164815452,9.550481562443974
r140\t4.8\t4.8_340.cif,1,9.412089989844857,4.526293990069159,9.017520920693752,0.0,-4.526293990069159,0.0,9.663880767399103,7.212762714732814,9.017520920693752
r140\t4.8\t4.8_280.cif,1,9.347098557080816,4.940103055453866,8.671415267619928,0.0,-4.940103055453866,0.0,9.694590131656161,7.729056817646189,8.671415267619928
r140\t4.8\t4.8_60.cif,1,9.46413028050085,5.123028068579985,8.94855427713312,0.0,-5.123028068579985,0.0,9.74549235040857,9.188353922306025,8.94855427713312
r140\t4.8\t4.8_80.cif,1,9.457933415259083,5.391788644921948,8.80972433981626,0.0,-5.391788644921948,0.0,9.985156912457548,10.86953026844901,8.80972433981626
r140\t6.0\t6.0_0.cif,1,9.454451925586222,5.112261947855467,8.98277944399087,0.0,-5.112261947855467,0.0,9.59860694029492,10.470368027188085,8.98277944399087
r140\t6.0\t6.0_120.cif,1,9.541509612088179,5.026035998702762,8.567293409313374,0.0,-5.026035998702762,0.0,9.325535113913727,8.626335479469175,8.567293409313374
r140\t6.0\t6.0_100.cif,1,9.380357988922439,5.14483244658318,8.423458037522257,0.0,-5.14483244658318,0.0,9.40675986813994,9.720054856813107,8.423458037522257
r140\t6.0\t6.0_160.cif,1,9.05251649841048,4.646804974813205,9.514573464328393,0.0,-4.646804974813205,0.0,9.331043844012607,8.303885942066119,9.514573464328393
r140\t6.0\t6.0_220.cif,1,9.191510513072537,4.791193699227405,9.57704307984567,0.0,-4.791193699227405,0.0,9.291511859007018,8.092541433936427,9.57704307984567
r140\t6.0\t6.0_140.cif,1,8.977673818882877,5.187106590817309,8.948176023014282,0.0,-5.187106590817309,0.0,9.39064519436536,10.977546328165241,8.948176023014282
r140\t6.0\t6.0_20.cif,1,9.454629096226975,4.902041182533252,9.336252524490334,0.0,-4.902041182533252,0.0,9.450038625637374,9.769278405175491,9.336252524490334
r140\t6.0\t6.0_180.cif,1,8.825065669403664,4.640402537744293,9.754261339453958,0.0,-4.640402537744293,0.0,9.270926921899214,8.883717145788738,9.754261339453958
r140\t6.0\t6.0_200.cif,1,8.847594699166741,4.7707695828476675,9.852498287995157,0.0,-4.7707695828476675,0.0,9.131234696569258,9.699113234234693,9.852498287995157
r140\t6.0\t6.0_260.cif,1,9.477789708402886,5.037413890995267,8.624755826470286,0.0,-5.037413890995267,0.0,9.398620380138635,7.763656945631628,8.624755826470286
r140\t6.0\t6.0_240.cif,1,9.512491027217148,4.528629868835161,9.11731769393187,0.0,-4.528629868835161,0.0,9.114413972436699,5.796021272574545,9.11731769393187
r140\t6.0\t6.0_300.cif,1,9.612659793254398,5.007859784589708,8.621425181053418,0.0,-5.007859784589708,0.0,9.670414801373791,7.407352424320771,8.621425181053418
r140\t6.0\t6.0_320.cif,1,9.696966888542887,5.036550991528676,8.683266608620322,0.0,-5.036550991528676,0.0,10.063289932809463,8.664492949097724,8.683266608620322
r140\t6.0\t6.0_40.cif,1,9.461368989069472,4.954547070555685,9.558367764333747,0.0,-4.954547070555685,0.0,9.50277269239927,9.723642585784651,9.558367764333747
r140\t6.0\t6.0_280.cif,1,9.414295386597598,4.861427746273969,8.62385800595536,0.0,-4.861427746273969,0.0,9.457428636315894,7.418428206131697,8.62385800595536
r140\t6.0\t6.0_340.cif,1,9.510931696855046,5.076042619824931,8.485344957649401,0.0,-5.076042619824931,0.0,9.77692901654181,9.447873799416833,8.485344957649401
r140\t6.0\t6.0_80.cif,1,9.506961950255342,5.320640684653857,8.874201041051796,0.0,-5.320640684653857,0.0,9.772716801218287,10.766054314746953,8.874201041051796
r140\t6.0\t6.0_60.cif,1,9.525560353613454,5.152441351713222,9.089115243232348,0.0,-5.152441351713222,0.0,9.436428998365688,9.345497962107222,9.089115243232348
r140\t7.2\t7.2_160.cif,1,9.108095814388033,4.69912148226462,9.411874998961308,0.0,-4.69912148226462,0.0,9.13819262445738,8.15337550682619,9.411874998961308
r140\t7.2\t7.2_100.cif,1,9.046335400259991,4.8111383783047845,8.528456768434886,0.0,-4.8111383783047845,0.0,9.105144616125976,8.27857739095759,8.528456768434884
r140\t7.2\t7.2_0.cif,1,8.850278579929698,4.941356819770124,9.182878495404065,0.0,-4.941356819770124,0.0,9.205037520333944,10.245390945368532,9.182878495404065
r140\t7.2\t7.2_140.cif,1,9.259610057355953,5.333495904925829,8.668508654314191,0.0,-5.333495904925829,0.0,9.400782807236913,11.324783148765981,8.668508654314191
r140\t7.2\t7.2_120.cif,1,9.110200900844488,4.996885158472887,8.487185170235104,0.0,-4.996885158472887,0.0,9.275406361491987,8.055450499991423,8.487185170235104
r140\t7.2\t7.2_200.cif,1,8.701389492369596,4.288275765242993,10.352164999771155,0.0,-4.288275765242993,0.0,8.811521806901705,7.224835380342869,10.352164999771155
r140\t7.2\t7.2_20.cif,1,8.941682647100782,4.686324431838709,9.588174579399158,0.0,-4.686324431838709,0.0,9.394963144764354,9.163195600375115,9.588174579399158
r140\t7.2\t7.2_180.cif,1,9.03256644106709,4.695558919212799,9.709865145767749,0.0,-4.695558919212799,0.0,9.185739582821409,8.686363999904177,9.709865145767749
r140\t7.2\t7.2_260.cif,1,8.925061007559021,5.123145249457371,8.554762633905971,0.0,-5.123145249457371,0.0,9.256650918629651,7.870304466324688,8.554762633905971
r140\t7.2\t7.2_280.cif,1,8.94369073072783,4.980461402522673,8.597782737697255,0.0,-4.980461402522673,0.0,9.227102752006706,7.795276906386505,8.597782737697255
r140\t7.2\t7.2_240.cif,1,9.13572861851037,4.816501603048149,9.066089118325738,0.0,-4.816501603048149,0.0,9.450589858112588,7.737060607705191,9.066089118325738
r140\t7.2\t7.2_220.cif,1,8.965727904958294,4.727271130053073,9.579028641847579,0.0,-4.727271130053073,0.0,9.095845809620915,7.501231433619864,9.579028641847579
r140\t7.2\t7.2_300.cif,1,8.969165521049755,4.964137066105622,8.57126104112113,0.0,-4.964137066105622,0.0,9.269006766735085,7.439069211889803,8.571261041121131
r140\t7.2\t7.2_40.cif,1,8.982030550605762,4.720797684415489,9.51447737861514,0.0,-4.720797684415489,0.0,9.255808344367013,7.670852795474487,9.51447737861514
r140\t7.2\t7.2_80.cif,1,8.754642290973317,5.023471230286875,9.055169697712643,0.0,-5.023471230286875,0.0,9.075589819790874,9.268848436393581,9.055169697712643
r140\t7.2\t7.2_60.cif,1,8.6850173992379,4.845947882446543,9.165927788948856,0.0,-4.845947882446543,0.0,9.240038078870422,8.614285094358282,9.165927788948856
r140\t7.2\t7.2_320.cif,1,8.928266369729846,5.235176711120006,8.624313589132019,0.0,-5.235176711120006,0.0,9.586665499712428,10.397582592939864,8.624313589132019
r140\t7.2\t7.2_340.cif,1,8.599851082703111,5.164555606542886,8.558848817719733,0.0,-5.164555606542886,0.0,9.202667654155444,10.755087890643198,8.558848817719733
r140\t8.4\t8.4_0.cif,1,9.108611821733307,4.682169669229828,9.33466953002388,0.0,-4.682169669229828,0.0,9.375566139407413,8.952497994860598,9.33466953002388
r140\t8.4\t8.4_180.cif,1,9.209399690957676,4.827063061675138,9.575129084604692,0.0,-4.827063061675138,0.0,9.410143694847665,9.461914994991446,9.575129084604692
r140\t8.4\t8.4_100.cif,1,8.91879689937478,4.524791543859391,8.54725111895382,0.0,-4.524791543859391,0.0,8.958618061085563,6.692588511454582,8.54725111895382
r140\t8.4\t8.4_120.cif,1,9.176479224311503,4.7798677495889335,8.505567795994178,0.0,-4.7798677495889335,0.0,9.450025050801647,8.003706230267728,8.505567795994178
r140\t8.4\t8.4_20.cif,1,9.125623735441525,4.561446222962406,9.697752230844523,0.0,-4.561446222962406,0.0,9.453812608413486,8.551122508104537,9.697752230844523
r140\t8.4\t8.4_160.cif,1,9.279886904945984,5.028111939941307,9.160900548069282,0.0,-5.028111939941307,0.0,9.51562831854306,9.578136938813355,9.160900548069282
r140\t8.4\t8.4_140.cif,1,9.34836348670386,5.138657114542008,8.594020591781243,0.0,-5.138657114542008,0.0,9.62255773700494,9.249784658387926,8.594020591781243
r140\t8.4\t8.4_200.cif,1,9.366251472340094,4.48623259441264,10.312971189102884,0.0,-4.48623259441264,0.0,9.440007606596772,7.632081436342148,10.312971189102884
r140\t8.4\t8.4_220.cif,1,9.211386268784775,4.72409103537979,9.856095081635363,0.0,-4.72409103537979,0.0,9.174416547909148,7.7174853567165265,9.856095081635363
r140\t8.4\t8.4_300.cif,1,9.160838284178476,5.097797199283345,8.539548796877321,0.0,-5.097797199283345,0.0,9.318249552175496,7.878502417928731,8.539548796877321
r140\t8.4\t8.4_240.cif,1,9.244830935545764,5.146132042118837,8.996008689662428,0.0,-5.146132042118837,0.0,9.372369897443363,8.383714493228833,8.996008689662428
r140\t8.4\t8.4_340.cif,1,9.071890274504929,4.875602154605576,8.81079735695005,0.0,-4.875602154605576,0.0,9.382625650261378,9.47666934862303,8.81079735695005
r140\t8.4\t8.4_280.cif,1,9.09606607799276,5.208801274350829,8.519033392561857,0.0,-5.208801274350829,0.0,9.254576668028811,9.122398625507268,8.519033392561857
r140\t8.4\t8.4_320.cif,1,9.087976825281697,5.3034310789436,8.650094302235255,0.0,-5.3034310789436,0.0,9.557116503574045,10.648094583383113,8.650094302235255
r140\t8.4\t8.4_260.cif,1,9.056220235151205,5.168651176309731,8.499263502237902,0.0,-5.168651176309731,0.0,9.169996117550816,7.9230125548483645,8.499263502237902
r140\t8.4\t8.4_40.cif,1,9.190693669408603,4.432811859319464,9.667082993911647,0.0,-4.432811859319464,0.0,9.272560384269278,6.508057284232898,9.667082993911647
r140\t8.4\t8.4_80.cif,1,8.993666097117945,4.241271526400534,9.20254191956752,0.0,-4.241271526400534,0.0,9.153776548744949,6.680437749396039,9.20254191956752
r140\t9.6\t9.6_100.cif,1,9.532232778581195,4.658132963093442,8.615269003294616,0.0,-4.658132963093442,0.0,9.902882817554708,7.920448594167961,8.615269003294616
r140\t8.4\t8.4_60.cif,1,9.182988060479751,4.54983210041484,9.170058209412284,0.0,-4.54983210041484,0.0,9.483142040122015,7.632430830098708,9.170058209412284
r140\t9.6\t9.6_120.cif,1,9.567522123600602,4.788116450702485,8.379969165783937,0.0,-4.788116450702485,0.0,9.968753544107557,7.366869686971887,8.379969165783937
r140\t9.6\t9.6_140.cif,1,9.450502065292984,5.079326400387063,8.623019921542726,0.0,-5.079326400387063,0.0,10.055275378317779,9.233001632362955,8.623019921542724
r140\t9.6\t9.6_0.cif,1,9.530471421435081,4.632869564519977,9.34016675116501,0.0,-4.632869564519977,0.0,9.913780574284981,8.9405530301881,9.34016675116501
r140\t9.6\t9.6_160.cif,1,9.489597273380912,5.130422776432396,9.004511520208851,0.0,-5.130422776432396,0.0,10.035039403156162,9.763769559411365,9.004511520208851
r140\t9.6\t9.6_180.cif,1,9.338362435125621,4.929479787428056,9.455523431920815,0.0,-4.929479787428056,0.0,10.015163550574483,10.06710395366271,9.455523431920815
r140\t9.6\t9.6_200.cif,1,9.513041931545372,4.935086132176304,10.156845146296037,0.0,-4.935086132176304,0.0,10.127704914550577,10.489797726762344,10.156845146296035
r140\t9.6\t9.6_240.cif,1,9.552863207931592,5.213822888300011,8.986939837695227,0.0,-5.213822888300011,0.0,10.081494155869018,10.067419473511002,8.986939837695227
r140\t9.6\t9.6_220.cif,1,9.480018997533572,5.093708390704961,9.718979298320834,0.0,-5.093708390704961,0.0,9.979321576696805,10.264385386790764,9.718979298320834
r140\t9.6\t9.6_20.cif,1,9.630572962135808,4.586848287804391,9.656377742503858,0.0,-4.586848287804391,0.0,9.921327666385187,8.590888910636904,9.656377742503858
r140\t9.6\t9.6_280.cif,1,9.500175989138047,5.165742341183057,8.808562936003014,0.0,-5.165742341183057,0.0,9.887056533512379,8.713914949506382,8.808562936003014
r140\t9.6\t9.6_260.cif,1,9.444543636014046,5.232688094820107,8.414813783238944,0.0,-5.232688094820107,0.0,9.796403077739424,8.240294770391639,8.414813783238944
r140\t9.6\t9.6_300.cif,1,9.429107624756185,5.214988074475493,8.52072384280978,0.0,-5.214988074475493,0.0,9.899199710799627,9.513253750089783,8.52072384280978
r140\t9.6\t9.6_340.cif,1,9.565838811767762,4.889270327968106,8.788894215002372,0.0,-4.889270327968106,0.0,10.008190974025178,9.518487720492676,8.788894215002372
r140\t9.6\t9.6_60.cif,1,9.783946053581383,4.2677446982680625,9.531954720208224,0.0,-4.2677446982680625,0.0,10.078382679309986,6.26107185597347,9.531954720208224
r140\t9.6\t9.6_80.cif,1,9.574888886610308,4.299208195838429,9.380626250042113,0.0,-4.299208195838429,0.0,10.028541688334707,6.658117533518613,9.380626250042113
r140\t9.6\t9.6_320.cif,1,9.4977114948369,5.272816536064875,8.704990724782489,0.0,-5.272816536064875,0.0,10.12687154147989,10.594984867381585,8.704990724782489
r140\t9.6\t9.6_40.cif,1,9.65666951293218,4.4887573802809415,9.661308535382172,0.0,-4.4887573802809415,0.0,9.857512608258867,6.517651116274986,9.661308535382172
r160\t0\t0_0.cif,1,9.40043833474872,4.62647725062056,9.364666139402058,0.0,-4.62647725062056,0.0,9.823027130738494,8.562265422735528,9.364666139402058
r160\t0\t0_100.cif,1,9.531871602053393,4.407993431810353,8.881689209315313,0.0,-4.407993431810353,0.0,9.866017714415024,6.230439119616006,8.881689209315313
r160\t0\t0_120.cif,1,9.152017529817854,4.738728504295073,8.750224190696382,0.0,-4.738728504295073,0.0,9.440692642745166,6.905636796159557,8.750224190696382
r160\t0\t0_160.cif,1,9.172769050679959,5.186499162526544,9.186033871843762,0.0,-5.186499162526544,0.0,9.743786686882235,9.391542037905417,9.186033871843762
r160\t0\t0_140.cif,1,9.12774429069063,4.902483169400939,9.005293143600014,0.0,-4.902483169400939,0.0,9.532865171419658,8.167865134664796,9.005293143600014
r160\t0\t0_20.cif,1,9.40043833474872,4.62647725062056,9.364666139402058,0.0,-4.62647725062056,0.0,9.823027130738494,8.562265422735528,9.364666139402058
r160\t0\t0_180.cif,1,9.266346862079773,5.188682834050388,9.431018185745955,0.0,-5.188682834050388,0.0,9.905164969046076,10.424409915646445,9.431018185745955
r160\t0\t0_220.cif,1,9.53317038328537,4.872397301962557,9.69668040976229,0.0,-4.872397301962557,0.0,9.814220878708628,7.749497007102597,9.69668040976229
r160\t0\t0_200.cif,1,9.358932347127167,4.992237625871819,9.841922502116962,0.0,-4.992237625871819,0.0,9.979348895181946,10.582008431339778,9.841922502116962
r160\t0\t0_240.cif,1,9.174016054388343,5.183005674305845,8.971701415642151,0.0,-5.183005674305845,0.0,9.449727872292415,7.910937424623921,8.971701415642151
r160\t0\t0_320.cif,1,10.069385428085479,5.673890542158795,8.007906880513994,0.0,-5.673890542158795,0.0,10.650467493757704,10.278852637084412,8.007906880513994
r160\t0\t0_260.cif,1,9.308517408713469,5.382542408232894,8.62680239571753,0.0,-5.382542408232894,0.0,9.782358759151526,8.387918416209603,8.62680239571753
r160\t0\t0_280.cif,1,9.659714548595542,5.339863279932008,8.627554331171055,0.0,-5.339863279932008,0.0,9.966808316539646,7.925391264879317,8.627554331171055
r160\t0\t0_300.cif,1,9.620241463399797,5.341392821237285,8.603577645021462,0.0,-5.341392821237285,0.0,9.845559621122367,7.949816906560553,8.603577645021462
r160\t0\t0_340.cif,1,9.37312387924961,4.847025211242253,8.421586396637492,0.0,-4.847025211242253,0.0,9.67408100499149,7.844245744718119,8.421586396637492
r160\t0\t0_40.cif,1,9.436685340359924,4.5230900732872925,9.568369309139786,0.0,-4.5230900732872925,0.0,9.930116466703014,8.118532136368882,9.568369309139786
r160\t0\t0_60.cif,1,9.315226525798433,4.411991668371682,9.1082207905903,0.0,-4.411991668371682,0.0,9.59974189834571,6.756804915178917,9.108220790590302
r160\t0\t0_80.cif,1,9.391650205708686,4.5968417451530605,8.954538718019624,0.0,-4.5968417451530605,0.0,9.827855851256023,7.298387303852331,8.954538718019624
r160\t1.2\t1.2_100.cif,1,9.898103603723344,4.816080227130098,8.746249179538674,0.0,-4.816080227130098,0.0,9.985161738517673,7.8851698443794795,8.746249179538674
r160\t1.2\t1.2_0.cif,1,9.468540817405149,4.961989085707956,9.1285395138684,0.0,-4.961989085707956,0.0,9.644715411989603,9.851458167218174,9.1285395138684
r160\t1.2\t1.2_120.cif,1,9.114751922833173,5.152842332707387,8.421658925111853,0.0,-5.152842332707387,0.0,9.15887684485463,8.302230748416635,8.421658925111853
r160\t1.2\t1.2_180.cif,1,8.841989309766893,4.902666111143641,9.65512149863825,0.0,-4.902666111143641,0.0,8.910874006075728,9.191721738906356,9.65512149863825
r160\t1.2\t1.2_140.cif,1,9.184456708739367,4.891152621501245,9.110251240265297,0.0,-4.891152621501245,0.0,9.2595433178504,8.086270092042625,9.110251240265297
r160\t1.2\t1.2_160.cif,1,8.868009636981046,5.102616958425586,9.23030930296906,0.0,-5.102616958425586,0.0,9.147048484114702,9.337391061045263,9.23030930296906
r160\t1.2\t1.2_20.cif,1,9.186223211779147,4.899474011071449,9.720253532454043,0.0,-4.899474011071449,0.0,9.389950493942276,9.260044168584225,9.720253532454043
r160\t1.2\t1.2_200.cif,1,9.079755784769093,5.1312501802799035,9.70444643890125,0.0,-5.1312501802799035,0.0,9.087842069722429,10.769311883323024,9.70444643890125
r160\t1.2\t1.2_240.cif,1,9.031412383378866,5.161923904243622,8.967977170322543,0.0,-5.161923904243622,0.0,9.065550770512683,7.912774345072614,8.967977170322543
r160\t1.2\t1.2_280.cif,1,9.029522929985413,5.393882892979462,8.568784809563105,0.0,-5.393882892979462,0.0,9.357632520954429,7.975420730558345,8.568784809563105
r160\t1.2\t1.2_220.cif,1,9.1263953818721,5.162951456538301,9.292306067558622,0.0,-5.162951456538301,0.0,9.249323980277948,9.365447510134501,9.292306067558622
r160\t1.2\t1.2_260.cif,1,9.144332920744095,5.393785587016193,8.634546263990613,0.0,-5.393785587016193,0.0,9.531766090669482,8.38130406185632,8.634546263990613
r160\t1.2\t1.2_300.cif,1,9.049759310770614,5.320313493527585,8.567766286930283,0.0,-5.320313493527585,0.0,9.348900361750681,7.632522684781596,8.567766286930283
r160\t1.2\t1.2_40.cif,1,9.08889552895722,4.655323398117101,9.567843074915293,0.0,-4.655323398117101,0.0,9.403466509226602,8.320731444485704,9.567843074915293
r160\t1.2\t1.2_320.cif,1,9.420373401398432,5.5887803863056,8.180243705993913,0.0,-5.5887803863056,0.0,9.963232127086982,10.689431093537655,8.180243705993913
r160\t1.2\t1.2_60.cif,1,9.411214803257499,4.373371855160443,9.288225624901987,0.0,-4.373371855160443,0.0,9.464472648893876,6.809896747233485,9.288225624901987
r160\t1.2\t1.2_80.cif,1,9.759564147194482,4.6432248820073925,9.111177580220794,0.0,-4.6432248820073925,0.0,9.692727888017144,7.192687684577365,9.111177580220794
r160\t1.2\t1.2_340.cif,1,9.560775184821788,5.3258509903469875,8.668265881715993,0.0,-5.3258509903469875,0.0,9.604367972879215,9.548047342421185,8.668265881715993
r160\t2.4\t2.4_0.cif,1,9.385778937683568,5.150662393429917,9.221924233563215,0.0,-5.150662393429917,0.0,10.067613427085792,10.014061885207342,9.221924233563215
r160\t2.4\t2.4_100.cif,1,9.528282751933393,5.074302918783924,8.682494719747158,0.0,-5.074302918783924,0.0,9.798902969379958,8.014545192035737,8.682494719747158
r160\t2.4\t2.4_180.cif,1,9.225533236131932,4.881550827307976,9.925144348684155,0.0,-4.881550827307976,0.0,9.466058146644995,8.999649307489994,9.925144348684155
r160\t2.4\t2.4_140.cif,1,9.456099527865373,5.0177812155833195,8.742457155935217,0.0,-5.0177812155833195,0.0,9.796119486104669,8.692464783826042,8.742457155935217
r160\t2.4\t2.4_160.cif,1,9.4113251160702,4.8977246113057245,9.446576995517308,0.0,-4.8977246113057245,0.0,9.669548907016644,8.168196829290844,9.446576995517308
r160\t2.4\t2.4_20.cif,1,9.640678309875586,5.119229649926624,9.44281662927146,0.0,-5.119229649926624,0.0,9.939484683084393,9.52844786513811,9.44281662927146
r160\t2.4\t2.4_120.cif,1,9.338845659728328,5.215356064952072,8.407200974719036,0.0,-5.215356064952072,0.0,9.684310774180066,8.556791795715093,8.407200974719036
r160\t2.4\t2.4_200.cif,1,9.357280656826543,4.96012501529627,9.80564137515356,0.0,-4.96012501529627,0.0,9.733182921025481,10.368186030471433,9.80564137515356
r160\t2.4\t2.4_260.cif,1,9.136437332143052,5.1891016496615086,8.809343606305791,0.0,-5.1891016496615086,0.0,9.363302844232354,7.853941277723516,8.809343606305791
r160\t2.4\t2.4_240.cif,1,8.991706235184894,5.177229650414093,8.821735138464344,0.0,-5.177229650414093,0.0,9.370730395944781,8.80269171114375,8.821735138464344
r160\t2.4\t2.4_220.cif,1,9.351000229034112,4.858805358338024,9.763248987836615,0.0,-4.858805358338024,0.0,9.51432208010757,7.7110707234212965,9.763248987836615
r160\t2.4\t2.4_300.cif,1,9.224696221768614,4.905969800316713,8.918515469347687,0.0,-4.905969800316713,0.0,9.381082500729182,6.93391651618167,8.918515469347687
r160\t2.4\t2.4_280.cif,1,8.92417358830114,5.2209426810913575,8.779479253859025,0.0,-5.2209426810913575,0.0,8.998293571124604,7.772293093764442,8.779479253859025
r160\t2.4\t2.4_340.cif,1,9.183306798663551,5.0154357978931765,8.767987840501135,0.0,-5.0154357978931765,0.0,9.3993950684241,8.938464960633084,8.767987840501135
r160\t2.4\t2.4_320.cif,1,9.052837544317402,5.127068497921257,8.505777423080902,0.0,-5.127068497921257,0.0,9.118610846188162,7.725199611446641,8.505777423080902
r160\t2.4\t2.4_60.cif,1,9.59652869640458,4.767621954471241,9.077042867126513,0.0,-4.767621954471241,0.0,9.734522711469388,7.578372243131244,9.077042867126513
r160\t2.4\t2.4_40.cif,1,9.483620553006661,4.848349956851282,9.382711219681399,0.0,-4.848349956851282,0.0,9.76044281759919,8.856912991648281,9.382711219681399
r160\t2.4\t2.4_80.cif,1,9.57192004023754,5.128589963768737,8.871179411248315,0.0,-5.128589963768737,0.0,9.847143210202095,8.635038298462137,8.871179411248315
r160\t3.6\t3.6_140.cif,1,9.267268324977257,4.938781258765976,8.777729974119381,0.0,-4.938781258765976,0.0,9.548062348941908,8.147799821339785,8.777729974119381
r160\t3.6\t3.6_120.cif,1,9.036119025041526,5.114708257278196,8.463092456034607,0.0,-5.114708257278196,0.0,9.159735077494714,8.28051750517691,8.463092456034607
r160\t3.6\t3.6_0.cif,1,9.281003703992525,5.127048554389753,8.98600476409667,0.0,-5.127048554389753,0.0,9.723592049213718,10.013185824565015,8.98600476409667
r160\t3.6\t3.6_100.cif,1,9.129488245266753,5.232978132411396,8.278922680316622,0.0,-5.232978132411396,0.0,9.381230649311442,8.62432007892787,8.278922680316622
r160\t3.6\t3.6_180.cif,1,9.062921672027201,4.897821595156294,9.81559856397465,0.0,-4.897821595156294,0.0,9.25355162261667,9.238546658957787,9.81559856397465
r160\t3.6\t3.6_160.cif,1,8.735281983517234,5.184113537101218,9.149059231556858,0.0,-5.184113537101218,0.0,8.853434632949217,9.13495851668795,9.149059231556858
r160\t3.6\t3.6_20.cif,1,9.19853696866581,5.2062644682489445,9.297800223981607,0.0,-5.2062644682489445,0.0,9.533583388458535,10.036995423568579,9.297800223981607
r160\t3.6\t3.6_200.cif,1,9.142024796916434,4.93150056179739,9.626265390600778,0.0,-4.93150056179739,0.0,9.498202442310344,10.292765830508122,9.626265390600778
r160\t3.6\t3.6_220.cif,1,9.20450338163085,4.8054147974471615,9.484570352603496,0.0,-4.8054147974471615,0.0,9.309220480814524,7.56672657909663,9.484570352603496
r160\t3.6\t3.6_240.cif,1,9.073374649581469,4.832789953214154,9.148828560387358,0.0,-4.832789953214154,0.0,9.25728111068974,7.227615412331294,9.148828560387358
r160\t3.6\t3.6_300.cif,1,9.16169993247142,4.959783010616085,8.643403426886074,0.0,-4.959783010616085,0.0,9.493638585788773,6.991599693746053,8.643403426886074
r160\t3.6\t3.6_280.cif,1,9.131431085021225,4.999286954577384,8.669960550559473,0.0,-4.999286954577384,0.0,9.435548412182355,7.321380404078311,8.669960550559473
r160\t3.6\t3.6_260.cif,1,8.967212014014946,5.022694741578286,9.051932929121058,0.0,-5.022694741578286,0.0,9.339053495594902,7.645071419598509,9.051932929121058
r160\t3.6\t3.6_320.cif,1,9.171235165357398,4.8741929056609195,8.747227449740372,0.0,-4.8741929056609195,0.0,9.5582543810404,7.54332638436132,8.747227449740372
r160\t3.6\t3.6_340.cif,1,9.050148175022866,5.035665359960181,8.924347162519208,0.0,-5.035665359960181,0.0,9.526038743131357,8.796614579943562,8.924347162519208
r160\t3.6\t3.6_60.cif,1,9.077233292600836,5.007466132645793,8.89942841572757,0.0,-5.007466132645793,0.0,9.258671014197994,8.594344838823604,8.89942841572757
r160\t3.6\t3.6_40.cif,1,9.16104106525208,4.886218092227848,9.353949113756098,0.0,-4.886218092227848,0.0,9.453799147666759,8.894039091142895,9.353949113756094
r160\t4.8\t4.8_120.cif,1,9.40176920002889,5.101989517064505,8.450460545496963,0.0,-5.101989517064505,0.0,9.537802385063019,8.517211780028537,8.450460545496963
r160\t3.6\t3.6_80.cif,1,9.027911148658617,5.1345680353337215,8.721130324268712,0.0,-5.1345680353337215,0.0,9.27319674178962,8.73141954608532,8.721130324268712
r160\t4.8\t4.8_140.cif,1,9.25149442485588,5.055461710961306,8.793302523661845,0.0,-5.055461710961306,0.0,9.190043998853897,8.633899667609349,8.793302523661845
r160\t4.8\t4.8_100.cif,1,9.715507268143835,5.227639759109689,8.247888616823678,0.0,-5.227639759109689,0.0,9.726169051472823,8.170850201051202,8.247888616823678
r160\t4.8\t4.8_0.cif,1,9.512105657503895,5.125351299354265,8.920713367850269,0.0,-5.125351299354265,0.0,10.023911623354257,10.077896942012153,8.920713367850269
r160\t4.8\t4.8_160.cif,1,9.321883678793826,4.947224832774294,9.186360572291395,0.0,-4.947224832774294,0.0,9.242805177342412,8.163926021197613,9.186360572291395
r160\t4.8\t4.8_180.cif,1,9.226859295697604,4.699788757176746,10.00112332869402,0.0,-4.699788757176746,0.0,9.460427981693877,8.698708706532017,10.00112332869402
r160\t4.8\t4.8_20.cif,1,9.360651252442224,5.1727271643397605,9.262900604335854,0.0,-5.1727271643397605,0.0,9.7845908165728,10.071600015969702,9.262900604335854
r160\t4.8\t4.8_220.cif,1,9.309965566873913,4.637493293631447,9.480801905389454,0.0,-4.637493293631447,0.0,9.545319102692455,7.010294744834189,9.480801905389454
r160\t4.8\t4.8_200.cif,1,9.282030467394003,4.660860975916432,10.03280366576818,0.0,-4.660860975916432,0.0,9.496882378627108,8.563176848752507,10.03280366576818
r160\t4.8\t4.8_240.cif,1,9.262240684679908,4.854527289833752,9.276899928361,0.0,-4.854527289833752,0.0,9.630814866019676,7.407886501554991,9.276899928361
r160\t4.8\t4.8_260.cif,1,9.259453377694053,5.035601855607318,8.689731541277462,0.0,-5.035601855607318,0.0,9.588036318113227,7.287180369137091,8.689731541277462
r160\t4.8\t4.8_280.cif,1,9.236637931139509,4.975462509955045,8.657001397817604,0.0,-4.975462509955045,0.0,9.484257392430877,7.343802703173631,8.657001397817604
r160\t4.8\t4.8_300.cif,1,9.330396897635104,4.992573514876751,8.646342603503443,0.0,-4.992573514876751,0.0,9.60260164041766,6.985501859970854,8.646342603503443
r160\t4.8\t4.8_340.cif,1,9.267270394456249,5.074473658988205,8.873815982127173,0.0,-5.074473658988205,0.0,9.697517078575407,8.891372755341326,8.873815982127173
r160\t4.8\t4.8_320.cif,1,9.458570989601665,4.958423926376339,8.710502180155236,0.0,-4.958423926376339,0.0,9.85062982299608,7.589040194735541,8.710502180155236
r160\t4.8\t4.8_80.cif,1,9.58221844366682,5.337812859228148,8.63711642595579,0.0,-5.337812859228148,0.0,9.849007205163467,8.852342058907444,8.63711642595579
r160\t4.8\t4.8_60.cif,1,9.21029413243943,5.0311861770323185,8.88804748371462,0.0,-5.0311861770323185,0.0,9.590604898511087,8.60067443349751,8.88804748371462
r160\t6.0\t6.0_100.cif,1,9.407510477835988,5.379924987445102,8.214977952719016,0.0,-5.379924987445102,0.0,9.262883017596478,8.682364057379468,8.214977952719016
r160\t6.0\t6.0_0.cif,1,9.508828662488035,5.231673228968114,8.799962385585383,0.0,-5.231673228968114,0.0,9.548692322184435,10.202179407283689,8.799962385585383
r160\t4.8\t4.8_40.cif,1,9.292047149334094,4.897050347077268,9.367310745711888,0.0,-4.897050347077268,0.0,9.614832499835078,8.882410061701298,9.367310745711888
r160\t6.0\t6.0_140.cif,1,8.760933204163967,4.799303011247049,9.330394897587796,0.0,-4.799303011247049,0.0,9.189095707015888,7.904758101117654,9.330394897587796
r160\t6.0\t6.0_160.cif,1,8.837865686280033,4.830708677734715,9.321868616047466,0.0,-4.830708677734715,0.0,9.338735775033602,8.28026884795745,9.321868616047466
r160\t6.0\t6.0_20.cif,1,9.369429773282068,5.243015113614799,9.267278159290765,0.0,-5.243015113614799,0.0,9.619533190990893,10.039441154053518,9.267278159290765
r160\t6.0\t6.0_180.cif,1,8.822257371995162,4.654843191422356,10.072102901553066,0.0,-4.654843191422356,0.0,9.234535122453487,8.654105387808094,10.072102901553066
r160\t6.0\t6.0_200.cif,1,9.04056294832363,4.526469780845703,10.110040211403955,0.0,-4.526469780845703,0.0,9.255672846809661,7.990272669159511,10.110040211403955
r160\t6.0\t6.0_120.cif,1,9.22242609147108,5.271334334216577,8.392419922096321,0.0,-5.271334334216577,0.0,9.009027523579363,8.572077506787478,8.392419922096321
r160\t6.0\t6.0_220.cif,1,9.185006964305712,4.549044951929419,9.618447997867996,0.0,-4.549044951929419,0.0,9.143273819486934,6.939605026489968,9.618447997867996
r160\t6.0\t6.0_300.cif,1,9.393879672593764,5.057836850063834,8.576376155911356,0.0,-5.057836850063834,0.0,9.457823177405915,7.038849034463941,8.576376155911356
r160\t6.0\t6.0_280.cif,1,9.484461163491995,4.946300014012482,8.919717854786722,0.0,-4.946300014012482,0.0,9.513389219155771,7.32734923151402,8.919717854786722
r160\t6.0\t6.0_340.cif,1,9.556244305652232,5.113436016824528,8.720030781789484,0.0,-5.113436016824528,0.0,9.640668811266186,9.025950340430034,8.720030781789484
r160\t6.0\t6.0_240.cif,1,9.51200353786438,5.068714412404352,8.901110983567685,0.0,-5.068714412404352,0.0,9.344360597052033,7.776039901360381,8.901110983567685
r160\t6.0\t6.0_260.cif,1,9.423401690688562,4.964546874265378,8.66298450943849,0.0,-4.964546874265378,0.0,9.277622417576,6.931013591179396,8.66298450943849
r160\t6.0\t6.0_40.cif,1,9.428978649202902,4.895224166877132,9.373043868681533,0.0,-4.895224166877132,0.0,9.375124375518263,8.876576100164446,9.373043868681533
r160\t6.0\t6.0_60.cif,1,9.416083075128963,4.98790348792405,8.90340776627116,0.0,-4.98790348792405,0.0,9.252804238327721,8.568119085612906,8.90340776627116
r160\t6.0\t6.0_320.cif,1,9.615309297410997,5.069034183162277,8.538209140007158,0.0,-5.069034183162277,0.0,9.74892798727592,7.726278743987122,8.538209140007158
r160\t7.2\t7.2_0.cif,1,8.666080339162594,5.0168200711583735,8.975553617431881,0.0,-5.0168200711583735,0.0,9.150872648463608,9.494381129567895,8.975553617431881
r160\t7.2\t7.2_100.cif,1,8.758626491298156,5.1319573010927115,8.330662865274322,0.0,-5.1319573010927115,0.0,8.821615263021936,8.067781233127286,8.330662865274322
r160\t7.2\t7.2_120.cif,1,9.07073244835814,5.12428194698639,8.393067116184612,0.0,-5.12428194698639,0.0,9.194670207136761,8.116292045780984,8.393067116184612
r160\t6.0\t6.0_80.cif,1,9.234561339499194,5.206310597926961,8.688200385813648,0.0,-5.206310597926961,0.0,9.069586180889214,8.762076941190083,8.688200385813648
r160\t7.2\t7.2_140.cif,1,9.47929120694044,5.043791992371736,8.650135328809233,0.0,-5.043791992371736,0.0,9.627298960894093,8.294069090489971,8.650135328809233
r160\t7.2\t7.2_160.cif,1,9.09894491842946,4.878653638553607,9.223731695776399,0.0,-4.878653638553607,0.0,9.273844267361593,8.365484679534946,9.223731695776399
r160\t7.2\t7.2_180.cif,1,9.104029337186518,4.817056401637917,9.927944832120861,0.0,-4.817056401637917,0.0,9.230148176381629,8.974164286374355,9.927944832120861
r160\t7.2\t7.2_20.cif,1,9.053912173078903,4.892753658593718,9.37680548269028,0.0,-4.892753658593718,0.0,9.343103505553742,9.303188982073053,9.37680548269028
r160\t7.2\t7.2_200.cif,1,9.031654570322424,4.617732032970986,10.080498978036662,0.0,-4.617732032970986,0.0,9.157823225083854,8.372919523844441,10.080498978036662
r160\t7.2\t7.2_240.cif,1,9.081249716201324,4.784353297502081,9.205814140922909,0.0,-4.784353297502081,0.0,9.306032164584318,7.1840553185610005,9.205814140922909
r160\t7.2\t7.2_220.cif,1,8.912720665524436,4.4628711414814,9.69699430282719,0.0,-4.4628711414814,0.0,8.950561861242642,6.849964045519704,9.69699430282719
r160\t7.2\t7.2_280.cif,1,8.861626070485734,5.170519894390582,8.518228717384373,0.0,-5.170519894390582,0.0,9.131407537744392,7.79690703795232,8.518228717384373
r160\t7.2\t7.2_260.cif,1,8.972630412803825,5.110698670113427,8.577478182554993,0.0,-5.110698670113427,0.0,9.245584158561769,7.380937536384349,8.577478182554993
r160\t7.2\t7.2_300.cif,1,8.787058576471676,5.166297239422891,8.392012268369339,0.0,-5.166297239422891,0.0,9.087637407122509,7.1481896036432255,8.392012268369339
r160\t7.2\t7.2_320.cif,1,8.748412572304506,5.153603078101091,8.444334173467103,0.0,-5.153603078101091,0.0,9.096926757965456,8.036806476397247,8.444334173467103
r160\t7.2\t7.2_40.cif,1,8.941790309445375,4.771523894914091,9.508283476298816,0.0,-4.771523894914091,0.0,9.150055921035888,8.39742391866302,9.508283476298816
r160\t7.2\t7.2_340.cif,1,8.648068673130913,5.28671898401962,8.641048024218781,0.0,-5.28671898401962,0.0,9.08166821757542,9.610321713348421,8.641048024218781
r160\t7.2\t7.2_60.cif,1,8.910665874211405,4.652525006384558,8.991875825049691,0.0,-4.652525006384558,0.0,9.054300771722959,7.247188294800428,8.991875825049691
r160\t8.4\t8.4_100.cif,1,9.085734812850935,4.461818770595291,8.567640643710172,0.0,-4.461818770595291,0.0,9.148791443418524,6.4834974388459505,8.567640643710172
r160\t8.4\t8.4_0.cif,1,9.06666977999502,4.705492070249978,9.26438899853882,0.0,-4.705492070249978,0.0,9.28378603317656,8.853466800717312,9.26438899853882
r160\t7.2\t7.2_80.cif,1,8.747805717640464,4.8967242569856575,8.711606563042526,0.0,-4.8967242569856575,0.0,8.976822591541831,7.988887796681404,8.711606563042526
r160\t8.4\t8.4_120.cif,1,9.16723382280136,5.002808946732327,8.4827060607255,0.0,-5.002808946732327,0.0,9.376027851759861,7.647689174576625,8.4827060607255
r160\t8.4\t8.4_140.cif,1,9.316107512422533,5.102420275163691,8.480702216875676,0.0,-5.102420275163691,0.0,9.586090470479283,8.450690707095033,8.480702216875676
r160\t8.4\t8.4_180.cif,1,9.186570609993915,4.839714125260455,9.802134879655396,0.0,-4.839714125260455,0.0,9.401734195672615,9.294713319205126,9.802134879655396
r160\t8.4\t8.4_220.cif,1,9.149483727678408,4.875717581491805,9.276623552766488,0.0,-4.875717581491805,0.0,9.287069022217828,8.298526538063367,9.276623552766488
r160\t8.4\t8.4_160.cif,1,9.174112153514631,5.172471720822884,8.990595647960225,0.0,-5.172471720822884,0.0,9.347079299751346,9.321349910427694,8.990595647960225
r160\t8.4\t8.4_200.cif,1,9.111924281818961,4.974591077710203,9.5827456514264,0.0,-4.974591077710203,0.0,9.477846387029805,10.368225313724045,9.5827456514264
r160\t8.4\t8.4_20.cif,1,9.156523976287321,4.76962326791166,9.445383435792229,0.0,-4.76962326791166,0.0,9.450844142944586,8.889319085067692,9.445383435792229
r160\t8.4\t8.4_260.cif,1,8.997696406046034,5.454002067878365,8.404534263033456,0.0,-5.454002067878365,0.0,9.341326916841385,8.42688151726686,8.404534263033456
r160\t8.4\t8.4_320.cif,1,8.502869741257923,5.41870108860852,8.431042013875164,0.0,-5.41870108860852,0.0,8.904051245138803,9.330330019751335,8.431042013875164
r160\t8.4\t8.4_240.cif,1,9.201706828664179,5.094348944738075,8.822244444570027,0.0,-5.094348944738075,0.0,9.347281740046,7.835975716187592,8.822244444570027
r160\t8.4\t8.4_300.cif,1,8.874474826570697,5.095312842644909,8.461116510247026,0.0,-5.095312842644909,0.0,9.171373934855511,7.102710773157739,8.461116510247026
r160\t8.4\t8.4_280.cif,1,9.12289312157342,5.222307891419466,8.497124695752332,0.0,-5.222307891419466,0.0,9.181256396892643,7.830836715432006,8.497124695752332
r160\t8.4\t8.4_40.cif,1,9.129523429455983,4.656369179708607,9.62013873826326,0.0,-4.656369179708607,0.0,9.445131105717286,8.305757725874976,9.62013873826326
r160\t8.4\t8.4_340.cif,1,8.846699668104641,4.973292478442927,8.938037005079382,0.0,-4.973292478442927,0.0,9.150648818620883,8.81058369817397,8.938037005079382
r160\t8.4\t8.4_80.cif,1,8.997718446239539,4.610338488212807,8.990072258909816,0.0,-4.610338488212807,0.0,9.124771424225433,7.396862773142255,8.990072258909816
r160\t8.4\t8.4_60.cif,1,9.25348635166115,4.477041371404364,9.16330787040327,0.0,-4.477041371404364,0.0,9.489366141261234,7.052548473916319,9.16330787040327
r160\t9.6\t9.6_0.cif,1,9.458770236616735,4.696719949521867,9.252398893960546,0.0,-4.696719949521867,0.0,9.88474557671695,8.856517266255024,9.252398893960546
r160\t9.6\t9.6_120.cif,1,9.5226177502714,5.042693819451425,8.448564910868877,0.0,-5.042693819451425,0.0,10.054088651431769,8.262926273023844,8.448564910868877
r160\t9.6\t9.6_100.cif,1,9.558173532893603,4.4538507022344636,8.529592798598543,0.0,-4.4538507022344636,0.0,9.85284413664728,6.742378044520618,8.529592798598543
r160\t9.6\t9.6_140.cif,1,9.267308273281358,5.073936068482242,8.521913934239635,0.0,-5.073936068482242,0.0,9.746295383045291,8.39827426480253,8.521913934239635
r160\t9.6\t9.6_20.cif,1,9.524044093590087,4.8408746675678165,9.446652689161242,0.0,-4.8408746675678165,0.0,9.866464757322069,9.227099291966898,9.446652689161242
r160\t9.6\t9.6_220.cif,1,9.46946955798472,5.0615311209240055,9.444911250407323,0.0,-5.0615311209240055,0.0,9.760169560531503,9.656326258861208,9.444911250407323
r160\t9.6\t9.6_180.cif,1,9.204968164210603,5.014510175396535,9.600762007897094,0.0,-5.014510175396535,0.0,9.820333165114,9.722493683634777,9.600762007897094
r160\t9.6\t9.6_200.cif,1,9.39314509616487,5.038356157606014,9.776974155339236,0.0,-5.038356157606014,0.0,10.047488890212126,10.684150241817282,9.776974155339236
r160\t9.6\t9.6_160.cif,1,9.1668969921825,5.139347105360316,8.850757670732355,0.0,-5.139347105360316,0.0,9.726803891555326,9.456499039216167,8.850757670732355
r160\t9.6\t9.6_260.cif,1,9.552596103796535,5.293640735139933,8.379921795201291,0.0,-5.293640735139933,0.0,9.863554386574405,8.057271609883129,8.379921795201291
r160\t9.6\t9.6_240.cif,1,9.367215245039102,5.42786266593737,8.599787663423356,0.0,-5.42786266593737,0.0,9.81057870180689,8.754530319555851,8.599787663423356
r160\t9.6\t9.6_320.cif,1,10.028578035128062,5.652161658655104,8.21306087123392,0.0,-5.652161658655104,0.0,10.397214117365165,11.261057251781613,8.21306087123392
r160\t9.6\t9.6_340.cif,1,9.863239639971123,5.051691200840392,8.870366726271978,0.0,-5.051691200840392,0.0,10.286629698869204,8.878036884938298,8.870366726271978
r160\t9.6\t9.6_40.cif,1,9.52614173428797,4.685519420571874,9.662549012904314,0.0,-4.685519420571874,0.0,9.857804917080587,8.265787149405671,9.662549012904314
r160\t9.6\t9.6_280.cif,1,9.703803927076414,5.393631660579463,8.368989992528297,0.0,-5.393631660579463,0.0,9.95888821185155,7.948892491351466,8.368989992528297
r160\t9.6\t9.6_300.cif,1,9.916141808358034,5.482740414123504,8.18312800349373,0.0,-5.482740414123504,0.0,10.11451211219551,8.467487087153117,8.18312800349373
r160\t9.6\t9.6_80.cif,1,9.484823035827072,4.476286616878545,9.043676777609186,0.0,-4.476286616878545,0.0,9.797941085468748,7.015796139151413,9.043676777609186
r180\t0\t0_0.cif,1,9.594118490983677,4.70017278637746,9.05445158105021,0.0,-4.70017278637746,0.0,9.99798865684353,8.523682359885212,9.05445158105021
r160\t9.6\t9.6_60.cif,1,9.608696266747584,4.416148389696067,9.170675545413875,0.0,-4.416148389696067,0.0,9.896094269105866,7.053004409490695,9.170675545413875
r180\t0\t0_120.cif,1,9.224659200878456,5.122492319909913,8.259346654549736,0.0,-5.122492319909913,0.0,9.724083496388344,8.626785941097674,8.259346654549736
r180\t0\t0_100.cif,1,9.350533592689839,4.92584125590611,8.391291325458939,0.0,-4.92584125590611,0.0,9.790144318273304,7.7406113493879625,8.39129132545894
r180\t0\t0_140.cif,1,9.151872225786041,5.179949652301827,8.48936792418792,0.0,-5.179949652301827,0.0,9.627601757965936,9.273616337316263,8.48936792418792
r180\t0\t0_160.cif,1,8.894862127698659,5.270906659813857,8.737139669383561,0.0,-5.270906659813857,0.0,9.3906648908888,9.946886079190552,8.737139669383561
r180\t0\t0_20.cif,1,9.436541511824114,4.954584861940339,9.231233515703877,0.0,-4.954584861940339,0.0,10.181396433389716,10.212164849420297,9.231233515703877
r180\t0\t0_180.cif,1,8.891186422685454,5.101175330864814,9.03292269981906,0.0,-5.101175330864814,0.0,9.32617240693579,9.070142480335164,9.03292269981906
r180\t0\t0_200.cif,1,8.95681118644809,5.109079912936485,9.322436727387407,0.0,-5.109079912936485,0.0,9.569317403583673,10.75111559124595,9.322436727387407
r180\t0\t0_220.cif,1,9.022158991207712,5.20075107103534,8.917255958419018,0.0,-5.20075107103534,0.0,9.70539974363754,10.539946217044037,8.917255958419018
r180\t0\t0_240.cif,1,9.094941384897552,5.48018218291024,8.435785854530927,0.0,-5.48018218291024,0.0,9.655935479005247,10.118382493535648,8.435785854530927
r180\t0\t0_280.cif,1,9.31549469529643,5.3163187847034346,8.358837876549245,0.0,-5.3163187847034346,0.0,9.88090861573267,9.502836660036143,8.358837876549245
r180\t0\t0_260.cif,1,9.15532704539343,5.517374327974792,8.24634435700687,0.0,-5.517374327974792,0.0,9.824384580221103,10.410064374229506,8.24634435700687
r180\t0\t0_300.cif,1,10.384376787518926,5.4526125774394805,8.062872211671035,0.0,-5.4526125774394805,0.0,10.97799781839495,9.882035608091543,8.062872211671035
r180\t0\t0_320.cif,1,10.210187994229353,5.49440338667754,8.028001095223523,0.0,-5.49440338667754,0.0,10.853491652088866,10.711533616964356,8.028001095223523
r180\t0\t0_40.cif,1,9.298936465237716,4.599409943741365,9.23608518109117,0.0,-4.599409943741365,0.0,9.688172828218987,6.784440158403546,9.23608518109117
r180\t0\t0_340.cif,1,10.311413175179116,5.536994572583532,8.158147075009351,0.0,-5.536994572583532,0.0,11.115718661841907,10.727038522039871,8.158147075009351
r180\t0\t0_60.cif,1,9.22651857178216,4.764587977552224,8.994749632262861,0.0,-4.764587977552224,0.0,9.612219096906232,7.152055082458577,8.994749632262861
r180\t0\t0_80.cif,1,9.302540601891696,4.757986790012115,8.69278868493468,0.0,-4.757986790012115,0.0,9.719285735154006,7.0550755482906435,8.69278868493468
r180\t1.2\t1.2_0.cif,1,9.478467171721435,5.0698160137466575,8.896499931268325,0.0,-5.0698160137466575,0.0,9.637117650076851,9.96900470200986,8.896499931268325
r180\t1.2\t1.2_100.cif,1,9.204902228397241,4.938214331345164,8.397314819284292,0.0,-4.938214331345164,0.0,9.319506475773583,8.363943416061039,8.397314819284292
r180\t1.2\t1.2_140.cif,1,8.977950232366583,5.0409645284435385,8.653576594701839,0.0,-5.0409645284435385,0.0,8.97950392893797,8.390650668832778,8.653576594701839
r180\t1.2\t1.2_120.cif,1,8.861629845813782,5.032956794552688,8.301461923600383,0.0,-5.032956794552688,0.0,8.86240579936906,8.113182252696333,8.301461923600383
r180\t1.2\t1.2_160.cif,1,8.963236670765411,4.949473481349423,9.094535416747767,0.0,-4.949473481349423,0.0,9.014423231492875,8.133675390457354,9.094535416747767
r180\t1.2\t1.2_180.cif,1,8.829209875889637,4.8969000384495,9.401486176098384,0.0,-4.8969000384495,0.0,8.877111333992124,8.721410006964472,9.401486176098384
r180\t1.2\t1.2_20.cif,1,9.368941734641009,4.948166223762725,9.302376998600929,0.0,-4.948166223762725,0.0,9.42522526995399,9.50656239016641,9.302376998600929
r180\t1.2\t1.2_240.cif,1,9.195741830028675,5.488936311626721,8.40752709347917,0.0,-5.488936311626721,0.0,9.407128855154605,10.146310169856019,8.40752709347917
r180\t1.2\t1.2_220.cif,1,8.73564541925251,5.5308488691501445,8.705498758747076,0.0,-5.5308488691501445,0.0,9.010939315025482,11.961030606949981,8.705498758747076
r180\t1.2\t1.2_260.cif,1,9.360539859993462,5.696118422041468,8.014834759247298,0.0,-5.696118422041468,0.0,9.715902357834727,10.937902039116436,8.014834759247298
r180\t1.2\t1.2_280.cif,1,9.3415110880728,5.323993982795155,8.114596539726126,0.0,-5.323993982795155,0.0,9.734179430189409,8.660727665628775,8.114596539726126
r180\t1.2\t1.2_200.cif,1,9.011917824050656,5.07855244777217,9.390373760717459,0.0,-5.07855244777217,0.0,8.9963831075559,10.906439806804066,9.390373760717459
r180\t1.2\t1.2_300.cif,1,9.571956774571651,5.523630018747801,8.09936043721026,0.0,-5.523630018747801,0.0,10.000210213134094,10.599186428904344,8.09936043721026
r180\t1.2\t1.2_60.cif,1,8.938039875176782,4.844249661708253,8.939910790218898,0.0,-4.844249661708253,0.0,9.204473197489882,7.671657162757966,8.939910790218898
r180\t1.2\t1.2_320.cif,1,9.507265340872197,5.528374101969809,8.162393974331357,0.0,-5.528374101969809,0.0,10.01909904414644,11.056985717712898,8.162393974331357
r180\t2.4\t2.4_0.cif,1,9.303489938283207,5.179519072094623,8.728450166156511,0.0,-5.179519072094623,0.0,9.85338534895509,10.14586205464417,8.728450166156511
r180\t1.2\t1.2_340.cif,1,9.518409441733452,5.640815171558561,8.25068021652598,0.0,-5.640815171558561,0.0,10.000151090052766,11.890579682988843,8.25068021652598
r180\t1.2\t1.2_40.cif,1,8.999557140552298,4.855642950261372,9.317500774708105,0.0,-4.855642950261372,0.0,9.27701990565336,8.611356894233337,9.317500774708105
r180\t1.2\t1.2_80.cif,1,9.068864093670156,4.956523446552207,8.65066133820242,0.0,-4.956523446552207,0.0,9.205972299886888,7.971690059722898,8.65066133820242
r180\t2.4\t2.4_100.cif,1,9.300068852480248,5.113813639528473,8.110835893459779,0.0,-5.113813639528473,0.0,9.631612176802907,8.638812142803959,8.110835893459779
r180\t2.4\t2.4_180.cif,1,9.286253224341772,4.820856040200049,9.546634006373331,0.0,-4.820856040200049,0.0,9.542694407516505,8.410164228433747,9.546634006373331
r180\t2.4\t2.4_120.cif,1,9.335349721394628,5.189820719224144,8.282803889103711,0.0,-5.189820719224144,0.0,9.750195803774309,9.00348963665867,8.282803889103711
r180\t2.4\t2.4_20.cif,1,9.489206239394127,5.083093887843676,9.078613547593573,0.0,-5.083093887843676,0.0,9.874679494440466,9.988725606802017,9.078613547593573
r180\t2.4\t2.4_140.cif,1,9.405884804368377,5.061764745909991,8.691462860539579,0.0,-5.061764745909991,0.0,9.750599592928161,9.075226668431037,8.691462860539579
r180\t2.4\t2.4_160.cif,1,9.228663773011396,4.965267024333302,9.12543733548208,0.0,-4.965267024333302,0.0,9.6662485087047,8.578017791572668,9.12543733548208
r180\t2.4\t2.4_220.cif,1,9.43178622468349,4.998423300999334,9.155346886570621,0.0,-4.998423300999334,0.0,9.668746891404368,8.98187681948398,9.155346886570621
r180\t2.4\t2.4_200.cif,1,9.3382027709781,4.900662185269619,9.607180878303831,0.0,-4.900662185269619,0.0,9.707796695741841,9.603844566929679,9.607180878303831
r180\t2.4\t2.4_280.cif,1,8.420251044269753,5.494915015172455,7.949967288160766,0.0,-5.494915015172455,0.0,8.731872946769387,9.199910659083002,7.949967288160766
r180\t2.4\t2.4_300.cif,1,8.810658191660242,5.494587366276894,8.050571811110684,0.0,-5.494587366276894,0.0,9.150665737164319,10.355687620762927,8.050571811110684
r180\t2.4\t2.4_240.cif,1,9.140121453615519,5.265592182619223,9.262466372862704,0.0,-5.265592182619223,0.0,9.507153855244466,10.489920312431755,9.262466372862704
r180\t2.4\t2.4_260.cif,1,9.257007207435077,5.374582511903778,8.275844121608172,0.0,-5.374582511903778,0.0,9.65322333387441,9.711631070100053,8.275844121608172
r180\t2.4\t2.4_320.cif,1,8.71027412796058,5.429337011888173,8.132590340957194,0.0,-5.429337011888173,0.0,8.861605906756042,10.036723668004168,8.132590340957194
r180\t2.4\t2.4_60.cif,1,9.358507129494143,4.959185010306958,8.905887338941717,0.0,-4.959185010306958,0.0,9.615654919939272,8.327418986467121,8.905887338941717
r180\t2.4\t2.4_340.cif,1,9.288508179143756,5.140013364303966,8.526894485130118,0.0,-5.140013364303966,0.0,9.742775511590564,9.774048060542682,8.526894485130118
r180\t2.4\t2.4_40.cif,1,9.46047064969212,4.929966928078995,9.309762804903663,0.0,-4.929966928078995,0.0,9.840991256259104,9.164013339873927,9.309762804903663
r180\t2.4\t2.4_80.cif,1,9.277431088948488,4.960951334688498,8.562767405212062,0.0,-4.960951334688498,0.0,9.544492529158799,7.679543560982316,8.562767405212062
r180\t3.6\t3.6_0.cif,1,9.338307674146424,5.0772692581730725,8.901021746984831,0.0,-5.0772692581730725,0.0,9.81102084316227,9.962190436767516,8.901021746984831
r180\t3.6\t3.6_140.cif,1,9.147575324829479,5.0141055722721015,8.643983217721487,0.0,-5.0141055722721015,0.0,9.374106100768982,8.154694957659098,8.643983217721487
r180\t3.6\t3.6_100.cif,1,9.074822837483305,5.211570411695919,8.096088860596025,0.0,-5.211570411695919,0.0,9.128460861380807,8.900650506641815,8.096088860596025
r180\t3.6\t3.6_120.cif,1,9.01801566411107,5.186068479527809,8.323733671072823,0.0,-5.186068479527809,0.0,8.972935370847463,8.966253259100208,8.323733671072823
r180\t3.6\t3.6_200.cif,1,9.053785032824988,4.977146737701035,9.547531555032267,0.0,-4.977146737701035,0.0,9.42361737563994,10.72993131369066,9.547531555032267
r180\t3.6\t3.6_160.cif,1,9.120052363120996,5.051113834360871,8.981290412509884,0.0,-5.051113834360871,0.0,9.2996607892947,8.711449452340755,8.981290412509884
r180\t3.6\t3.6_20.cif,1,9.161960723841196,5.042150541692909,9.08431710007242,0.0,-5.042150541692909,0.0,9.553267145680975,9.499553212304006,9.08431710007242
r180\t3.6\t3.6_180.cif,1,9.145299173602988,4.868532097341254,9.397420854012028,0.0,-4.868532097341254,0.0,9.259317813686154,8.18207503054907,9.397420854012028
r180\t3.6\t3.6_220.cif,1,9.175689949628868,4.967863077060629,9.141740073624753,0.0,-4.967863077060629,0.0,9.354392287798609,8.76294940466283,9.141740073624753
r180\t3.6\t3.6_240.cif,1,9.002565859695173,5.18306217349606,8.618301372291418,0.0,-5.18306217349606,0.0,9.185980943557118,8.823606357990862,8.618301372291418
r180\t3.6\t3.6_260.cif,1,8.993178023264566,5.114586913880993,8.474060130225466,0.0,-5.114586913880993,0.0,9.433900948683682,8.27159203660198,8.474060130225466
r180\t3.6\t3.6_280.cif,1,8.893883021371433,5.0431074341223585,8.405978623837795,0.0,-5.0431074341223585,0.0,9.207823108585572,7.5143050396456985,8.405978623837795
r180\t3.6\t3.6_320.cif,1,9.064918757996338,4.890619859946798,8.687336083536046,0.0,-4.890619859946798,0.0,9.529571457581113,7.926900911920694,8.687336083536046
r180\t3.6\t3.6_300.cif,1,9.125953788301098,5.142518533701893,8.51566408707995,0.0,-5.142518533701893,0.0,9.537156566413053,8.074902627734714,8.51566408707995
r180\t3.6\t3.6_40.cif,1,9.149599407477012,4.935401893739483,9.2959131230233,0.0,-4.935401893739483,0.0,9.474160760199753,8.82238020221582,9.2959131230233
r180\t3.6\t3.6_340.cif,1,9.035260276977935,4.9426800832336335,8.780007067652777,0.0,-4.9426800832336335,0.0,9.500157379360182,9.281734370499276,8.780007067652777
r180\t3.6\t3.6_60.cif,1,9.036982345362716,4.935616181674341,8.909171518695128,0.0,-4.935616181674341,0.0,9.245813142348927,8.317281732294136,8.909171518695128
r180\t3.6\t3.6_80.cif,1,9.118243797409452,4.999655017352686,8.595798090898064,0.0,-4.999655017352686,0.0,9.37137896147274,8.001047725415948,8.595798090898064
r180\t4.8\t4.8_100.cif,1,9.614747253705223,5.205357549708511,8.212787484926668,0.0,-5.205357549708511,0.0,9.804687289160634,9.022071583448843,8.212787484926668
r180\t4.8\t4.8_120.cif,1,9.37097199894703,5.075577152484351,8.38459734657603,0.0,-5.075577152484351,0.0,9.522595813384324,8.54907937520045,8.38459734657603
r180\t4.8\t4.8_0.cif,1,9.443986238119209,4.9845975092689825,8.846349628457064,0.0,-4.9845975092689825,0.0,9.835066611293716,8.776017874869002,8.846349628457064
r180\t4.8\t4.8_140.cif,1,9.144032301856223,5.0639877323335964,8.650994622900509,0.0,-5.0639877323335964,0.0,9.110052852286822,9.341906310788865,8.650994622900509
r180\t4.8\t4.8_180.cif,1,9.13651965703676,4.8746895200494675,9.467569555340383,0.0,-4.8746895200494675,0.0,9.369766120511443,8.837354739881539,9.467569555340383
r180\t4.8\t4.8_160.cif,1,8.83959226474444,5.387022134489435,8.721296107345262,0.0,-5.387022134489435,0.0,9.122367767647003,11.03360261065904,8.721296107345262
r180\t4.8\t4.8_20.cif,1,9.358700257243767,5.0224115261176205,9.129465576372429,0.0,-5.0224115261176205,0.0,9.785430205890279,9.443183544050925,9.129465576372429
r180\t4.8\t4.8_220.cif,1,9.364806348803207,4.995054282233013,9.052156822415139,0.0,-4.995054282233013,0.0,9.662943833279973,7.949344330370289,9.052156822415139
r180\t4.8\t4.8_240.cif,1,9.426986382832116,5.164652039944779,8.628612358348452,0.0,-5.164652039944779,0.0,9.952884851217846,8.797666536812974,8.628612358348452
r180\t4.8\t4.8_260.cif,1,9.230389599678848,5.114658572536907,8.548367306829379,0.0,-5.114658572536907,0.0,9.64194450700827,8.204218639510376,8.548367306829379
r180\t4.8\t4.8_280.cif,1,9.206234374641761,5.0462803738926105,8.410955140074204,0.0,-5.0462803738926105,0.0,9.500770829359196,7.293298104569837,8.410955140074204
r180\t4.8\t4.8_200.cif,1,9.226006234790058,4.953211291022172,9.560739954427977,0.0,-4.953211291022172,0.0,9.533661675641813,9.65778076941857,9.560739954427977
r180\t4.8\t4.8_320.cif,1,9.280413991520637,5.04412602631981,8.578132689206694,0.0,-5.04412602631981,0.0,9.703639900589668,8.499939751831574,8.578132689206694
r180\t4.8\t4.8_300.cif,1,9.222179406100404,5.1699736939973455,8.52172656145308,0.0,-5.1699736939973455,0.0,9.660641070075005,8.238473039059317,8.52172656145308
r180\t4.8\t4.8_340.cif,1,9.279747708875414,5.006947290669866,8.76812602991543,0.0,-5.006947290669866,0.0,9.769366517453708,9.290641355793971,8.76812602991543
r180\t4.8\t4.8_80.cif,1,9.373940881558639,5.064772545491285,8.67369461365918,0.0,-5.064772545491285,0.0,9.716022253802837,9.346344959071079,8.67369461365918
r180\t4.8\t4.8_40.cif,1,9.304491414370016,4.950794675297715,9.302486661246224,0.0,-4.950794675297715,0.0,9.648808966755587,9.406326241730378,9.302486661246224
r180\t6.0\t6.0_0.cif,1,9.39779082619757,5.041861292707477,8.826915792458653,0.0,-5.041861292707477,0.0,9.522132653608779,9.331994730181659,8.826915792458653
r180\t4.8\t4.8_60.cif,1,9.363038909521306,5.059880717290621,8.749547781227916,0.0,-5.059880717290621,0.0,9.737174773220802,8.705093776509571,8.749547781227916
r180\t6.0\t6.0_100.cif,1,9.614358096245669,5.196727458624378,8.173070667450446,0.0,-5.196727458624378,0.0,9.547856000404385,9.056877353220429,8.173070667450446
r180\t6.0\t6.0_120.cif,1,9.511052944074208,5.277247106671823,8.183621309028302,0.0,-5.277247106671823,0.0,9.531808731065176,9.619383286078842,8.183621309028302
r180\t6.0\t6.0_180.cif,1,9.001618581244232,4.738730499578184,9.451061245511331,0.0,-4.738730499578184,0.0,9.428906684916301,8.135685527050878,9.451061245511331
r180\t6.0\t6.0_220.cif,1,9.259024938235049,5.009528838720842,9.085864719192285,0.0,-5.009528838720842,0.0,9.227805429523961,8.576190632907059,9.085864719192285
r180\t6.0\t6.0_200.cif,1,9.052522672075566,4.935317442444547,9.422577329721644,0.0,-4.935317442444547,0.0,9.337455470822082,9.429158642619832,9.422577329721644
r180\t6.0\t6.0_20.cif,1,9.458927669781499,5.045328602044022,9.091817180603574,0.0,-5.045328602044022,0.0,9.505898808748357,9.482092791882343,9.091817180603574
r180\t6.0\t6.0_160.cif,1,8.678053601943821,4.9040453111605755,9.221537629771007,0.0,-4.9040453111605755,0.0,9.109801686391982,8.48634728290845,9.221537629771007
r180\t6.0\t6.0_140.cif,1,8.442935571339202,5.175287497220333,8.709591296145252,0.0,-5.175287497220333,0.0,8.940804639692292,9.588222841745239,8.709591296145252
r180\t6.0\t6.0_240.cif,1,9.567545516447494,5.08014614199153,8.733463036657344,0.0,-5.08014614199153,0.0,9.383928146406129,8.468330097966913,8.733463036657344
r180\t6.0\t6.0_280.cif,1,9.34139061087579,5.115559543568701,8.40461378760514,0.0,-5.115559543568701,0.0,9.386095755967926,8.36646062483078,8.40461378760514
r180\t6.0\t6.0_260.cif,1,9.514381275375467,5.209935827815836,8.43553126297586,0.0,-5.209935827815836,0.0,9.457063666697515,8.321066559841467,8.43553126297586
r180\t6.0\t6.0_300.cif,1,9.392172048958528,5.0190413184517615,8.42126857462767,0.0,-5.0190413184517615,0.0,9.501691376817172,7.48996566564386,8.42126857462767
r180\t6.0\t6.0_340.cif,1,9.51351881889751,5.100810550404769,8.606411047736183,0.0,-5.100810550404769,0.0,9.826134356169835,9.474022406470674,8.606411047736183
r180\t6.0\t6.0_40.cif,1,9.490947315311457,5.0643441991240294,9.177294703661238,0.0,-5.0643441991240294,0.0,9.661642150318645,10.010540902766985,9.177294703661238
r180\t6.0\t6.0_320.cif,1,9.774158461619095,5.007823576707089,8.470814521665073,0.0,-5.007823576707089,0.0,9.75872526239273,7.888190036863624,8.470814521665073
r180\t6.0\t6.0_60.cif,1,9.457288646169056,5.080586439518345,8.739180529135078,0.0,-5.080586439518345,0.0,9.391939127240343,9.066197886279244,8.739180529135078
r180\t7.2\t7.2_100.cif,1,8.997043402658871,5.049443253081064,8.269189811799299,0.0,-5.049443253081064,0.0,9.052686628500664,8.46664379752771,8.269189811799299
r180\t7.2\t7.2_0.cif,1,8.825878909091914,4.997988972801003,8.832254275003093,0.0,-4.997988972801003,0.0,9.084018132856208,9.148986182664132,8.832254275003093
r180\t7.2\t7.2_120.cif,1,9.179938753931872,5.2166281163473744,8.267437859486973,0.0,-5.2166281163473744,0.0,9.345308229262217,9.501723716812238,8.267437859486973
r180\t6.0\t6.0_80.cif,1,9.537707090038342,5.1388233309195215,8.581546400379336,0.0,-5.1388233309195215,0.0,9.457900825719854,9.430772043033402,8.581546400379336
r180\t7.2\t7.2_140.cif,1,9.412795453381486,5.044376849275225,8.64356126713198,0.0,-5.044376849275225,0.0,9.696641795251562,8.657739870225697,8.64356126713198
r180\t7.2\t7.2_180.cif,1,8.952428559217424,4.8632382894895585,9.413967503535252,0.0,-4.8632382894895585,0.0,9.068221640097454,8.184322906614264,9.413967503535252
r180\t7.2\t7.2_160.cif,1,9.476480267639392,4.9690452651751285,9.027883289043917,0.0,-4.9690452651751285,0.0,9.662496615503965,8.195567719628258,9.027883289043913
r180\t7.2\t7.2_240.cif,1,9.101881349788487,5.167459407382827,8.717159754796617,0.0,-5.167459407382827,0.0,9.58563917416628,8.739533358330542,8.717159754796617
r180\t7.2\t7.2_200.cif,1,9.16686091112752,5.147006948915025,9.321289688110882,0.0,-5.147006948915025,0.0,9.61771411056877,11.25215274756306,9.321289688110882
r180\t7.2\t7.2_20.cif,1,9.039442440134719,4.958527024166348,9.227904118845528,0.0,-4.958527024166348,0.0,9.409487008858678,9.91197190148051,9.227904118845528
r180\t7.2\t7.2_220.cif,1,8.91308215251965,5.0533129767391465,9.164210313152802,0.0,-5.0533129767391465,0.0,9.251012095722187,10.283100314829179,9.164210313152802
r180\t7.2\t7.2_280.cif,1,8.908309977498359,5.133628916799459,8.38846896594504,0.0,-5.133628916799459,0.0,9.148627571144344,8.369653659988625,8.38846896594504
r180\t7.2\t7.2_260.cif,1,8.886996173473085,5.378261616402637,8.34458758669271,0.0,-5.378261616402637,0.0,9.322796279982855,10.001476753478991,8.34458758669271
r180\t7.2\t7.2_300.cif,1,8.95923213923044,5.371167082020448,8.115887029258909,0.0,-5.371167082020448,0.0,9.398580972757248,8.91709827146543,8.115887029258909
r180\t7.2\t7.2_320.cif,1,8.936874359164996,5.285471918937487,8.200083075324521,0.0,-5.285471918937487,0.0,9.386694492542304,9.325291930816741,8.200083075324521
r180\t7.2\t7.2_340.cif,1,8.716675654354189,5.22862292122595,8.505841669965108,0.0,-5.22862292122595,0.0,9.269428617433425,10.055715827215264,8.505841669965108
r180\t7.2\t7.2_60.cif,1,8.892540481751942,4.908120102802988,8.917458797559235,0.0,-4.908120102802988,0.0,9.033920136804083,8.056323048327885,8.917458797559235
r180\t7.2\t7.2_40.cif,1,8.981069023906118,4.886057346149505,9.310018020442396,0.0,-4.886057346149505,0.0,9.194536266127807,8.460992282909043,9.310018020442396
r180\t8.4\t8.4_0.cif,1,9.138662967143402,4.8569847218454845,9.099082754458307,0.0,-4.8569847218454845,0.0,9.463608091161401,8.924765366820202,9.099082754458307
r180\t7.2\t7.2_80.cif,1,8.975079515575697,5.032611144830616,8.631292063649179,0.0,-5.032611144830616,0.0,9.270991256299887,9.137734759385717,8.631292063649179
r180\t8.4\t8.4_120.cif,1,8.979201268475574,4.868017249353994,8.158287890330921,0.0,-4.868017249353994,0.0,9.070871455192954,6.536783472653046,8.158287890330921
r180\t8.4\t8.4_100.cif,1,9.040281264252298,4.923829651189305,8.353083221381738,0.0,-4.923829651189305,0.0,9.237814357638628,7.905979330482078,8.353083221381738
r180\t8.4\t8.4_160.cif,1,9.09646438890306,5.009190184889435,8.918942290659198,0.0,-5.009190184889435,0.0,9.248363817071231,7.91559549812442,8.918942290659198
r180\t8.4\t8.4_180.cif,1,8.893285396376005,4.929173972232874,9.328059169579406,0.0,-4.929173972232874,0.0,9.06554088792268,8.791089451449094,9.328059169579406
r180\t8.4\t8.4_140.cif,1,9.414197050666429,5.143365748947355,8.509260469272022,0.0,-5.143365748947355,0.0,9.738003538283762,8.788150080467348,8.509260469272022
r180\t8.4\t8.4_200.cif,1,8.980823341815496,5.129452113391846,9.332664755026917,0.0,-5.129452113391846,0.0,9.457313492085172,11.233740824090562,9.332664755026917
r180\t8.4\t8.4_20.cif,1,9.155349427647014,4.827003128247352,9.366099393532407,0.0,-4.827003128247352,0.0,9.540116157035525,9.01623922278293,9.366099393532407
r180\t8.4\t8.4_220.cif,1,8.8980286070719,5.196776822220309,9.084654992908842,0.0,-5.196776822220309,0.0,9.307108724115384,10.938186716037468,9.084654992908842
r180\t8.4\t8.4_280.cif,1,9.03830885095192,5.548081329412175,8.257404593843729,0.0,-5.548081329412175,0.0,9.553162274580654,10.125697863420944,8.257404593843729
r180\t8.4\t8.4_260.cif,1,8.920449691133665,5.601034253833046,8.234132449834147,0.0,-5.601034253833046,0.0,9.259561222941779,10.683045084947855,8.234132449834147
r180\t8.4\t8.4_240.cif,1,9.15088958579161,5.286197121422096,8.57685830657922,0.0,-5.286197121422096,0.0,9.462949554832614,9.61413507369494,8.57685830657922
r180\t8.4\t8.4_300.cif,1,8.500775868661151,5.516110042831976,8.034096070604202,0.0,-5.516110042831976,0.0,8.964684712224402,9.400055902379478,8.034096070604202
r180\t8.4\t8.4_320.cif,1,8.399139058515988,5.29586528375287,8.204735297246124,0.0,-5.29586528375287,0.0,8.760567296231935,9.339875623837926,8.204735297246124
r180\t8.4\t8.4_40.cif,1,9.170309420908092,4.873467955385105,9.361233968397434,0.0,-4.873467955385105,0.0,9.527136606884774,8.778708204648344,9.361233968397434
r180\t9.6\t9.6_0.cif,1,9.484889826966779,4.752329599170221,9.105480599009038,0.0,-4.752329599170221,0.0,9.785760791164392,8.170438968456951,9.105480599009038
r180\t8.4\t8.4_60.cif,1,9.077948576528224,4.792176208709524,8.982232252737584,0.0,-4.792176208709524,0.0,9.340350179546503,7.625347712592926,8.982232252737584
r180\t8.4\t8.4_340.cif,1,8.275504456595993,5.552124890449847,8.240722417782713,0.0,-5.552124890449847,0.0,9.124941629164843,11.393605758202012,8.240722417782713
r180\t8.4\t8.4_80.cif,1,9.010889992325085,4.89897244481673,8.703173566428761,0.0,-4.89897244481673,0.0,9.186056039791392,7.882691049663587,8.703173566428761
r180\t9.6\t9.6_120.cif,1,9.407807521821253,5.1401313185690185,8.257096060620599,0.0,-5.1401313185690185,0.0,9.948074250281868,8.99875091515595,8.257096060620599
r180\t9.6\t9.6_100.cif,1,9.388959629328863,4.8263368385673,8.307075063808735,0.0,-4.8263368385673,0.0,9.760491890948726,7.554960573672152,8.307075063808735
r180\t9.6\t9.6_140.cif,1,9.375128834857247,5.094495924281697,8.53606675832312,0.0,-5.094495924281697,0.0,9.862138851816157,8.272046344826219,8.53606675832312
r180\t9.6\t9.6_200.cif,1,9.195260279807187,5.173279198021386,9.281628715481677,0.0,-5.173279198021386,0.0,10.044056998359022,11.535520509074022,9.281628715481677
r180\t9.6\t9.6_180.cif,1,9.036061860962576,5.027429890504683,9.266180457989252,0.0,-5.027429890504683,0.0,9.55685103072222,9.311628414623138,9.266180457989252
r180\t9.6\t9.6_160.cif,1,9.255644080656673,4.963418159817418,8.981876654369067,0.0,-4.963418159817418,0.0,9.641590295581956,7.86183638913633,8.981876654369067
r180\t9.6\t9.6_20.cif,1,9.538091183980017,4.853363813381717,9.375133955592542,0.0,-4.853363813381717,0.0,9.904932550334165,9.176912218355131,9.375133955592542
r180\t9.6\t9.6_220.cif,1,9.182829971283724,5.222387230805093,8.97147624804295,0.0,-5.222387230805093,0.0,9.660606090942196,10.863934380381506,8.97147624804295
r180\t9.6\t9.6_240.cif,1,9.175700669809768,5.463408878794255,8.470076044731336,0.0,-5.463408878794255,0.0,9.53042391125052,10.46532280463947,8.470076044731336
r180\t9.6\t9.6_300.cif,1,10.227048422537212,5.445164617110105,8.086988195386791,0.0,-5.445164617110105,0.0,10.646061800462533,9.580514412424224,8.086988195386791
r180\t9.6\t9.6_320.cif,1,10.189481623394748,5.525453796190917,8.178753522955454,0.0,-5.525453796190917,0.0,10.82625341279337,11.118347734574453,8.178753522955454
r180\t9.6\t9.6_280.cif,1,10.064231009311007,5.5380372355136025,8.095647596698416,0.0,-5.5380372355136025,0.0,10.731897621035168,9.797003234094124,8.095647596698416
r180\t9.6\t9.6_340.cif,1,10.292183250946177,5.638562630850114,8.244208290019921,0.0,-5.638562630850114,0.0,10.860909179497561,11.405314597932568,8.244208290019921
r180\t9.6\t9.6_260.cif,1,9.210324560586164,5.608331341609973,8.222417832132294,0.0,-5.608331341609973,0.0,9.653080350891571,10.708492507758272,8.222417832132294
r180\t9.6\t9.6_40.cif,1,9.51385487988603,4.846153366681215,9.371477419564853,0.0,-4.846153366681215,0.0,9.827411968660337,8.412687351555242,9.371477419564853
r180\t9.6\t9.6_60.cif,1,9.441804493762653,4.788445177060687,9.022198841039899,0.0,-4.788445177060687,0.0,9.75219826419032,7.5969950708811735,9.022198841039899
r180\t9.6\t9.6_80.cif,1,9.28341298260499,4.886276942578938,8.747885687147908,0.0,-4.886276942578938,0.0,9.670738907017961,7.844615653284354,8.747885687147908
r200\t0\t0_140.cif,1,9.399309475484229,4.994229047252899,8.90794054809398,0.0,-4.994229047252899,0.0,9.96817446053569,9.081376673734527,8.90794054809398
r200\t0\t0_0.cif,1,10.225855311452415,5.504314863463803,8.296180979833355,0.0,-5.504314863463803,0.0,11.038481885735075,12.52124559141703,8.296180979833355
r200\t0\t0_100.cif,1,9.371935390350492,4.643310093408176,8.69233922494791,0.0,-4.643310093408176,0.0,9.787257530080185,7.227140929652379,8.69233922494791
r200\t0\t0_120.cif,1,9.324039698216646,4.950760062650707,8.710701227727096,0.0,-4.950760062650707,0.0,9.872534584011225,8.807168088535361,8.710701227727096
r200\t0\t0_160.cif,1,9.154266271974999,4.981741915926455,9.259679772169958,0.0,-4.981741915926455,0.0,9.730863960178953,8.991933014106888,9.259679772169958
r200\t0\t0_180.cif,1,8.853360698181291,4.833151954182805,9.38233599089251,0.0,-4.833151954182805,0.0,9.367783512587843,9.077492026796115,9.38233599089251
r200\t0\t0_260.cif,1,9.322049489887895,5.122030583691912,8.713362593884161,0.0,-5.122030583691912,0.0,9.914824607932655,9.02622049353724,8.713362593884161
r200\t0\t0_200.cif,1,8.990070180328482,5.093094604473469,9.855672304970392,0.0,-5.093094604473469,0.0,9.834128542132886,11.657221289127994,9.855672304970392
r200\t0\t0_220.cif,1,9.16877627063787,5.108784885335862,9.514723556698193,0.0,-5.108784885335862,0.0,9.927099523560738,10.568217186538089,9.514723556698193
r200\t0\t0_20.cif,1,9.410700800528739,4.992676610436407,8.947622351548764,0.0,-4.992676610436407,0.0,10.05951467437769,10.206817978612655,8.947622351548764
r200\t0\t0_240.cif,1,8.942702785973626,5.352968937467541,8.754240366562538,0.0,-5.352968937467541,0.0,9.660598906404687,10.363832075317255,8.754240366562538
r200\t0\t0_280.cif,1,9.419518624399535,5.160706400825668,8.676872727358715,0.0,-5.160706400825668,0.0,10.008943394482698,9.292536850133613,8.676872727358717
r200\t0\t0_340.cif,1,10.467819973382998,5.265004947071527,8.099904528314001,0.0,-5.265004947071527,0.0,11.294500917714547,10.238621451802398,8.099904528314001
r200\t0\t0_320.cif,1,10.514990504224574,5.539796565509157,7.810779344292715,0.0,-5.539796565509157,0.0,11.238584645753448,10.653752723288518,7.810779344292715
r200\t0\t0_60.cif,1,9.247594463755753,4.552121089918224,9.247786118402788,0.0,-4.552121089918224,0.0,9.619000647415225,7.076741881034018,9.247786118402788
r200\t0\t0_300.cif,1,10.328249847496565,5.416044721809564,8.340472183261543,0.0,-5.416044721809564,0.0,10.91213614226755,10.206828223310255,8.340472183261543
r200\t0\t0_40.cif,1,9.382871208076786,4.755576781694891,9.273092903239505,0.0,-4.755576781694891,0.0,9.987871081285984,9.21722025550745,9.273092903239505
r200\t0\t0_80.cif,1,9.37730540728026,4.497325622104378,9.098199505576233,0.0,-4.497325622104378,0.0,9.853192181216343,7.3639337603191874,9.098199505576233
r200\t1.2\t1.2_0.cif,1,9.778078253393485,5.159263527432083,9.349058259703638,0.0,-5.159263527432083,0.0,10.05302333506643,11.349779395387904,9.349058259703638
r200\t1.2\t1.2_100.cif,1,9.194800593520808,4.932870109770141,8.668069817010743,0.0,-4.932870109770141,0.0,9.336478652145491,8.842339316221524,8.668069817010743
r200\t1.2\t1.2_120.cif,1,8.883613226346517,5.038186866185546,8.70501318507322,0.0,-5.038186866185546,0.0,8.956105587414436,8.864822492223407,8.70501318507322
r200\t1.2\t1.2_140.cif,1,9.122083300274488,4.998691744809871,8.985936276313447,0.0,-4.998691744809871,0.0,9.281401839402632,9.184126575612975,8.985936276313447
r200\t1.2\t1.2_180.cif,1,7.732022452767888,4.679378435539068,9.898768119780675,0.0,-4.679378435539068,0.0,8.048669330979022,8.984999327846378,9.898768119780675
r200\t1.2\t1.2_160.cif,1,9.113294619182517,4.722408343083923,9.914516072696777,0.0,-4.722408343083923,0.0,9.268033302248206,8.598112909939726,9.914516072696777
r200\t1.2\t1.2_20.cif,1,9.416467396333683,5.01242090947498,9.44646811612891,0.0,-5.01242090947498,0.0,9.634926398278427,10.501710419773186,9.44646811612891
r200\t1.2\t1.2_200.cif,1,8.662529000534295,5.079327505195843,9.897822734334454,0.0,-5.079327505195843,0.0,8.914298312280795,11.619957148211029,9.897822734334454
r200\t1.2\t1.2_240.cif,1,8.953414599942478,4.858771776064403,9.198957045814389,0.0,-4.858771776064403,0.0,9.043452311046371,7.8689352587191195,9.198957045814389
r200\t1.2\t1.2_220.cif,1,8.57093422309635,4.723414945871335,9.833609137893431,0.0,-4.723414945871335,0.0,8.505973704018695,7.484457925386226,9.833609137893431
r200\t1.2\t1.2_280.cif,1,9.285928809204403,4.921427271559831,8.909897549634993,0.0,-4.921427271559831,0.0,9.622176986706046,7.208815624615546,8.909897549634994
r200\t1.2\t1.2_260.cif,1,9.336571929957547,5.094888032907571,8.642383998166085,0.0,-5.094888032907571,0.0,9.508238492100933,7.961961682117379,8.642383998166085
r200\t1.2\t1.2_320.cif,1,9.684371774632105,5.504441972515368,8.43064760300008,0.0,-5.504441972515368,0.0,9.951880270088918,10.818173753822983,8.43064760300008
r200\t1.2\t1.2_300.cif,1,9.710694671277928,5.226449650644417,8.429428297971873,0.0,-5.226449650644417,0.0,10.145393199316683,8.96841024616568,8.429428297971873
r200\t1.2\t1.2_340.cif,1,9.616978782265463,5.499739211084882,8.289559577123732,0.0,-5.499739211084882,0.0,9.979774571050347,11.57590010480076,8.289559577123732
r200\t1.2\t1.2_60.cif,1,9.109281971741439,4.662612406032274,9.196378870251088,0.0,-4.662612406032274,0.0,9.377816532446168,7.655642996980741,9.196378870251088
r200\t2.4\t2.4_0.cif,1,9.285978716014219,4.990593930032205,9.440978349469924,0.0,-4.990593930032205,0.0,10.002633356292282,10.37758237691705,9.440978349469924
r200\t1.2\t1.2_40.cif,1,9.11607974533358,4.776245223680711,9.643452246731616,0.0,-4.776245223680711,0.0,9.498332159228523,8.953324429574693,9.643452246731616
r200\t1.2\t1.2_80.cif,1,9.370810364680787,4.680543412912391,9.337577003667935,0.0,-4.680543412912391,0.0,9.50691868740076,7.807008959423602,9.337577003667935
r200\t2.4\t2.4_100.cif,1,9.453219840794803,4.909036060686424,8.450033071626732,0.0,-4.909036060686424,0.0,9.886751730852842,8.630783751763063,8.450033071626732
r200\t2.4\t2.4_120.cif,1,9.49111434869351,5.084472789655235,8.562996517780263,0.0,-5.084472789655235,0.0,9.900878473471467,9.17009859880724,8.562996517780263
r200\t2.4\t2.4_180.cif,1,9.454411140444385,4.470718337551927,10.345338244892886,0.0,-4.470718337551927,0.0,9.799913414315363,8.238996769971457,10.345338244892886
r200\t2.4\t2.4_160.cif,1,9.562444733354303,4.870697278809484,9.854799114197096,0.0,-4.870697278809484,0.0,10.115942791827138,9.885650367098217,9.854799114197096
r200\t2.4\t2.4_20.cif,1,9.42225630287815,5.081961910540272,9.3281171554549,0.0,-5.081961910540272,0.0,9.89132478881129,10.458657701550694,9.3281171554549
r200\t2.4\t2.4_140.cif,1,9.460496274663797,5.024257004905678,8.952947617118724,0.0,-5.024257004905678,0.0,9.900896305708102,10.19965987749748,8.952947617118724
r200\t2.4\t2.4_220.cif,1,9.560690040586316,5.379946024397218,9.311237386251138,0.0,-5.379946024397218,0.0,10.153420854515446,11.782057558635183,9.311237386251138
r200\t2.4\t2.4_200.cif,1,9.168354133599426,4.546771117110715,10.24032821381278,0.0,-4.546771117110715,0.0,9.366624943725746,8.438610260644166,10.24032821381278
r200\t2.4\t2.4_240.cif,1,9.442646046668749,5.456910291851813,8.93124316091546,0.0,-5.456910291851813,0.0,9.942314891252222,11.76949521807465,8.93124316091546
r200\t2.4\t2.4_260.cif,1,9.241162688632306,5.0324437568619675,9.062181577316824,0.0,-5.0324437568619675,0.0,9.45289005066212,8.351473133156983,9.062181577316824
r200\t2.4\t2.4_320.cif,1,9.086299301467987,5.520377534820905,8.396039956904636,0.0,-5.520377534820905,0.0,9.487780665980992,10.85835986309433,8.396039956904636
r200\t2.4\t2.4_280.cif,1,8.740522069764026,5.066641225954336,8.498659459324902,0.0,-5.066641225954336,0.0,8.989187188814512,7.885702919564839,8.498659459324902
r200\t2.4\t2.4_300.cif,1,8.956684330065524,4.871211090684618,8.858544394712055,0.0,-4.871211090684618,0.0,9.186293749653453,7.5851733096493925,8.858544394712055
r200\t2.4\t2.4_40.cif,1,9.532520364104503,5.05017999664882,9.451255927698005,0.0,-5.05017999664882,0.0,10.0524725290508,10.569057917379075,9.451255927698005
r200\t2.4\t2.4_340.cif,1,8.852467574875241,5.499578260538583,8.255006685225846,0.0,-5.499578260538583,0.0,9.480429315988141,11.581803986588058,8.255006685225846
r200\t3.6\t3.6_100.cif,1,8.968044932410617,4.671815625714345,8.802970095651768,0.0,-4.671815625714345,0.0,9.07232762695979,7.264237965069044,8.802970095651768
r200\t3.6\t3.6_0.cif,1,9.141491683171473,4.753734663828052,9.703952578342323,0.0,-4.753734663828052,0.0,9.508710606385447,9.542272739490166,9.703952578342323
r200\t2.4\t2.4_80.cif,1,9.232468195028254,4.7902310093543425,9.18539448689774,0.0,-4.7902310093543425,0.0,9.548030383325601,8.142801082509472,9.18539448689774
r200\t2.4\t2.4_60.cif,1,9.405180190384067,4.901461632246633,9.406251941131712,0.0,-4.901461632246633,0.0,9.854955921844708,9.003805790200655,9.406251941131712
r200\t3.6\t3.6_120.cif,1,9.039404936580922,5.129109032965735,8.500509599162957,0.0,-5.129109032965735,0.0,9.07919188130954,9.05758111428032,8.500509599162957
r200\t3.6\t3.6_140.cif,1,9.06456883904191,5.099335147947584,9.266465443447315,0.0,-5.099335147947584,0.0,9.480490649231264,10.527605102856233,9.266465443447315
r200\t3.6\t3.6_180.cif,1,9.61108358704517,5.128425933296533,9.820344320019167,0.0,-5.128425933296533,0.0,10.079320074212733,12.37178348973796,9.820344320019167
r200\t3.6\t3.6_160.cif,1,9.187695159588838,5.135532714813109,9.395984733283823,0.0,-5.135532714813109,0.0,9.522852827118617,10.525363843932547,9.395984733283823
r200\t3.6\t3.6_200.cif,1,8.840277647833595,5.259373241383879,9.669572891836008,0.0,-5.259373241383879,0.0,9.384378298423742,12.329919222347867,9.669572891836008
r200\t3.6\t3.6_220.cif,1,8.659360263690305,5.297773630511237,9.362661862186354,0.0,-5.297773630511237,0.0,9.191618509563865,11.558516449784781,9.362661862186354
r200\t3.6\t3.6_240.cif,1,8.566693126187667,5.550364172049513,8.735786257165984,0.0,-5.550364172049513,0.0,9.216465756744263,11.469438900987472,8.735786257165984
r200\t3.6\t3.6_20.cif,1,8.972129047186506,4.603952787994893,10.03006450813791,0.0,-4.603952787994893,0.0,9.28451024544765,8.773780382609965,10.03006450813791
r200\t3.6\t3.6_260.cif,1,9.033834894135381,5.29518737328426,8.723524810882003,0.0,-5.29518737328426,0.0,9.49185460786053,10.523961231232246,8.723524810882003
r200\t3.6\t3.6_280.cif,1,8.856028228908773,5.08614040428263,8.826073064817036,0.0,-5.08614040428263,0.0,9.29131146412455,9.09239563394102,8.826073064817036
r200\t3.6\t3.6_340.cif,1,9.09735691748285,4.933250733558118,8.790031195511421,0.0,-4.933250733558118,0.0,9.733242066886746,9.76656752567825,8.790031195511421
r200\t3.6\t3.6_320.cif,1,9.119695629853247,5.085211002722915,8.9268665550017,0.0,-5.085211002722915,0.0,9.785993953381146,9.171980284761474,8.9268665550017
r200\t3.6\t3.6_60.cif,1,9.149752455107901,4.782707605560562,9.321807395389959,0.0,-4.782707605560562,0.0,9.570404453864485,8.84770817362664,9.321807395389959
r200\t3.6\t3.6_300.cif,1,8.950997202878233,4.908480230862109,9.17779645589079,0.0,-4.908480230862109,0.0,9.321925428876616,8.130380332875335,9.17779645589079
r200\t3.6\t3.6_40.cif,1,9.124990939749859,4.798579155007635,9.621540059273103,0.0,-4.798579155007635,0.0,9.464434587966084,9.154625243171457,9.621540059273103
r200\t4.8\t4.8_0.cif,1,9.451537436495942,4.6415476669940325,9.784797366947458,0.0,-4.6415476669940325,0.0,9.991120934965583,8.823727359475283,9.784797366947458
r200\t4.8\t4.8_100.cif,1,9.610911549300958,5.166945941333826,8.467905768512315,0.0,-5.166945941333826,0.0,9.8878644695521,9.557287815686006,8.467905768512315
r200\t3.6\t3.6_80.cif,1,8.639792028197954,4.798234633866833,8.975449716320698,0.0,-4.798234633866833,0.0,8.73819685065307,7.533198616066846,8.975449716320698
r200\t4.8\t4.8_120.cif,1,9.389353723378486,5.1242826828056955,8.271748722007949,0.0,-5.1242826828056955,0.0,9.587390845678279,9.050495435044574,8.271748722007947
r200\t4.8\t4.8_140.cif,1,9.372215153704623,5.078339328007927,8.903588140103365,0.0,-5.078339328007927,0.0,9.573532857032959,9.942053194730775,8.903588140103365
r200\t4.8\t4.8_20.cif,1,9.507927571963332,4.483655755040628,10.091302463716389,0.0,-4.483655755040628,0.0,9.927120058178126,8.714391757503282,10.091302463716389
r200\t4.8\t4.8_160.cif,1,9.111910935318448,5.084003692401071,9.569875247055515,0.0,-5.084003692401071,0.0,9.254366550833055,10.176453841130481,9.569875247055515
r200\t4.8\t4.8_180.cif,1,8.95942916078462,5.181095854399216,9.789625707112148,0.0,-5.181095854399216,0.0,9.266944610892967,12.66075576668807,9.789625707112148
r200\t4.8\t4.8_220.cif,1,8.607455771015347,5.4813630903842885,9.364182707787728,0.0,-5.4813630903842885,0.0,9.16452017831309,12.591870748453172,9.364182707787728
r200\t4.8\t4.8_200.cif,1,8.62650473864175,5.396194408647692,9.65782485778393,0.0,-5.396194408647692,0.0,9.109145502166049,12.695793367710117,9.65782485778393
r200\t4.8\t4.8_240.cif,1,8.340307187189916,5.583917143849937,9.11151661677496,0.0,-5.583917143849937,0.0,9.086196953925615,11.852269094931001,9.11151661677496
r200\t4.8\t4.8_260.cif,1,9.23914075574068,5.117808690096676,8.783820534620387,0.0,-5.117808690096676,0.0,9.705968484621573,8.800254323214876,8.783820534620387
r200\t4.8\t4.8_300.cif,1,9.24464169512182,5.001901433904797,8.766388048384952,0.0,-5.001901433904797,0.0,9.695635782880338,8.093979518005833,8.766388048384952
r200\t4.8\t4.8_320.cif,1,9.42127403982847,5.061473319103309,8.992187258547661,0.0,-5.061473319103309,0.0,10.095860562309454,9.571083627383171,8.992187258547661
r200\t4.8\t4.8_280.cif,1,9.26975539927327,5.0706086753643245,8.817569509606654,0.0,-5.0706086753643245,0.0,9.69567504794183,8.778484029386961,8.817569509606654
r200\t4.8\t4.8_340.cif,1,9.266545053469036,4.654704638723698,9.280447527199295,0.0,-4.654704638723698,0.0,9.651979857643394,7.849325950992931,9.280447527199295
r200\t4.8\t4.8_60.cif,1,9.912897949039973,5.056413728744474,8.980138281657736,0.0,-5.056413728744474,0.0,10.173134502848836,9.57146611273707,8.980138281657736
r200\t4.8\t4.8_40.cif,1,9.290544780110144,4.7936045744601445,9.630023716528743,0.0,-4.7936045744601445,0.0,9.59524467948006,8.981929098346484,9.630023716528743
r200\t4.8\t4.8_80.cif,1,9.57074705025768,4.829506914226268,9.140373679973631,0.0,-4.829506914226268,0.0,9.871294832027449,8.203617966712716,9.140373679973631
r200\t6.0\t6.0_100.cif,1,9.511664680079413,5.321190300450363,8.318240752523,0.0,-5.321190300450363,0.0,9.626181744307557,10.95564552409319,8.318240752523
r200\t6.0\t6.0_0.cif,1,9.596353756886247,4.941119078024184,9.129916584068834,0.0,-4.941119078024184,0.0,9.855448968906256,10.210055886162193,9.129916584068834
r200\t6.0\t6.0_120.cif,1,9.414431885360454,4.927468621425854,8.64008109540869,0.0,-4.927468621425854,0.0,9.279285531078584,8.51277941217456,8.64008109540869
r200\t6.0\t6.0_140.cif,1,8.593474549346164,5.176676041139326,8.85649087630628,0.0,-5.176676041139326,0.0,9.208632665956369,10.045845437696752,8.85649087630628
r200\t6.0\t6.0_180.cif,1,8.789613912248893,4.695994973748791,10.233841852447975,0.0,-4.695994973748791,0.0,9.288587580091287,9.203158623372207,10.233841852447975
r200\t6.0\t6.0_20.cif,1,9.462613119811358,4.804367920562493,9.550181284780445,0.0,-4.804367920562493,0.0,9.489043862618633,9.492921475357546,9.550181284780445
r200\t6.0\t6.0_200.cif,1,8.950310318320431,4.859293328221892,9.852313133899022,0.0,-4.859293328221892,0.0,9.332505718099064,10.376187912726468,9.852313133899022
r200\t6.0\t6.0_160.cif,1,8.453956706153873,4.938245222314373,9.381856231178965,0.0,-4.938245222314373,0.0,8.869617638095042,9.043102294772234,9.381856231178965
r200\t6.0\t6.0_260.cif,1,9.587278541812953,5.288508851305255,8.382945532122442,0.0,-5.288508851305255,0.0,9.508233278471728,10.107206924862421,8.382945532122442
r200\t6.0\t6.0_220.cif,1,9.185313353173537,4.702625313336422,9.737121576295092,0.0,-4.702625313336422,0.0,9.113099385880851,7.3868209367388,9.737121576295092
r200\t6.0\t6.0_240.cif,1,9.67187887430456,4.8347691678101,9.478875863965756,0.0,-4.8347691678101,0.0,9.484946105655437,8.006814919752896,9.478875863965756
r200\t6.0\t6.0_280.cif,1,9.670500235343852,5.239628234747457,8.640901894531915,0.0,-5.239628234747457,0.0,9.610127310002449,9.989088138982574,8.640901894531913
r200\t6.0\t6.0_300.cif,1,10.297636146809571,5.056174077474762,8.897022854079443,0.0,-5.056174077474762,0.0,10.495140085733542,8.305613160776891,8.897022854079443
r200\t6.0\t6.0_40.cif,1,9.46060114353672,4.861021712515205,9.576458908875448,0.0,-4.861021712515205,0.0,9.541306333123925,9.374988597131146,9.576458908875448
r200\t6.0\t6.0_320.cif,1,9.842246108795102,5.112453845187408,8.408576048760148,0.0,-5.112453845187408,0.0,10.192998488934984,9.55829105728221,8.408576048760148
r200\t6.0\t6.0_340.cif,1,9.596624969298338,5.07135467792085,8.642372301568809,0.0,-5.07135467792085,0.0,9.841227992748557,10.298426283550306,8.642372301568809
r200\t7.2\t7.2_0.cif,1,8.91566365231394,5.076421411678019,9.016433547999018,0.0,-5.076421411678019,0.0,9.391386773977201,10.545471332679213,9.016433547999018
r200\t6.0\t6.0_60.cif,1,9.552530904048172,5.144823487941957,8.90062586374596,0.0,-5.144823487941957,0.0,9.580393162842158,10.018582303805799,8.90062586374596
r200\t7.2\t7.2_100.cif,1,9.031998225708827,5.0129342111236666,8.511331994604632,0.0,-5.0129342111236666,0.0,9.383997841831881,9.42532166298572,8.511331994604632
r200\t6.0\t6.0_80.cif,1,9.481103704077869,5.145627957761738,9.079419868816556,0.0,-5.145627957761738,0.0,9.581026444163506,10.202456468048007,9.079419868816556
r200\t7.2\t7.2_140.cif,1,9.025576149045515,4.965412706018925,8.982484331113119,0.0,-4.965412706018925,0.0,9.30024649511427,9.021573476070428,8.982484331113119
r200\t7.2\t7.2_120.cif,1,9.054903961126046,5.064397750274357,8.670122739868866,0.0,-5.064397750274357,0.0,9.493079407797326,10.095567552499308,8.670122739868866
r200\t7.2\t7.2_160.cif,1,9.080009734506064,4.843674347535949,9.37212653497869,0.0,-4.843674347535949,0.0,9.364252641661592,8.693690848469934,9.37212653497869
r200\t7.2\t7.2_20.cif,1,9.016672670509092,4.934471618832504,9.45540543443058,0.0,-4.934471618832504,0.0,9.498150067698099,10.292303956061131,9.45540543443058
r200\t7.2\t7.2_200.cif,1,9.307699225011293,4.880924835875392,10.066316934479065,0.0,-4.880924835875392,0.0,9.720795643392645,10.620759300139358,10.066316934479065
r200\t7.2\t7.2_180.cif,1,9.460375608520854,4.769488989835937,9.966017300822827,0.0,-4.769488989835937,0.0,9.735742020017026,9.456897198593335,9.966017300822827
r200\t7.2\t7.2_220.cif,1,9.030342542302233,4.7477323362350266,9.748634667028123,0.0,-4.7477323362350266,0.0,9.091419603001881,7.8466797459063455,9.748634667028123
r200\t7.2\t7.2_240.cif,1,9.312941639566528,5.233651726361284,8.843606242287455,0.0,-5.233651726361284,0.0,9.661948143577321,9.86400069146096,8.843606242287455
r200\t7.2\t7.2_300.cif,1,9.210616077625904,5.204757251870901,8.470858737144399,0.0,-5.204757251870901,0.0,9.563302553838694,9.058940844736966,8.470858737144399
r200\t7.2\t7.2_280.cif,1,9.294140551682629,5.208292674514123,8.476638299841934,0.0,-5.208292674514123,0.0,9.616609133757613,8.728310163503286,8.476638299841934
r200\t7.2\t7.2_260.cif,1,9.212266827540365,5.435681928899424,8.587190410686981,0.0,-5.435681928899424,0.0,9.811595471778707,10.90028750423453,8.587190410686981
r200\t7.2\t7.2_60.cif,1,8.83978988749763,4.947692498698741,9.049123705867583,0.0,-4.947692498698741,0.0,9.168910425908592,9.112296959877073,9.049123705867583
r200\t7.2\t7.2_40.cif,1,8.873366051953862,4.853697617623961,9.57469851039794,0.0,-4.853697617623961,0.0,9.27822192771208,9.217779840422283,9.57469851039794
r200\t7.2\t7.2_320.cif,1,8.846610536164174,5.341560556917529,8.439623896303415,0.0,-5.341560556917529,0.0,9.43223191907376,10.588090154740867,8.439623896303415
r200\t7.2\t7.2_80.cif,1,8.89376572084286,5.043366891990195,8.852576278197818,0.0,-5.043366891990195,0.0,9.263698470785322,9.610196090192128,8.852576278197818
r200\t8.4\t8.4_0.cif,1,8.82554616386506,4.759541445203709,9.312428382287495,0.0,-4.759541445203709,0.0,9.210577482606816,9.24651565856528,9.312428382287495
r200\t8.4\t8.4_100.cif,1,9.068473670569633,4.68259462778792,8.666359478609568,0.0,-4.68259462778792,0.0,9.2120643328771,7.225764729355448,8.666359478609568
r200\t7.2\t7.2_340.cif,1,9.01952719113665,5.3603295101422335,8.631282364260553,0.0,-5.3603295101422335,0.0,9.467818235772343,11.178574557418624,8.631282364260553
r200\t8.4\t8.4_160.cif,1,9.223048441384591,4.765254994474259,9.566095184984665,0.0,-4.765254994474259,0.0,9.431052560101561,8.46810144965131,9.566095184984665
r200\t8.4\t8.4_180.cif,1,9.126376381732102,4.789593215871702,9.885094719584425,0.0,-4.789593215871702,0.0,9.441897312597392,9.269060606313808,9.885094719584425
r200\t8.4\t8.4_120.cif,1,9.40479133983092,5.088952669615744,8.67320376176133,0.0,-5.088952669615744,0.0,9.926717208996163,10.496345355009703,8.67320376176133
r200\t8.4\t8.4_140.cif,1,9.039787800262863,4.881134456457779,8.828847448642525,0.0,-4.881134456457779,0.0,9.221946293629378,7.3693226522052315,8.828847448642525
r200\t8.4\t8.4_200.cif,1,9.216824623498985,5.058036937833264,9.937172746800798,0.0,-5.058036937833264,0.0,9.724940240095867,11.776366095193458,9.937172746800798
r200\t8.4\t8.4_220.cif,1,9.150185027421882,4.864428080666228,9.66137639320268,0.0,-4.864428080666228,0.0,9.336475153792437,8.638886402187913,9.66137639320268
r200\t8.4\t8.4_20.cif,1,9.20284652706825,4.9076972680345685,9.995470896910373,0.0,-4.9076972680345685,0.0,9.769731439711471,10.40323855287611,9.995470896910373
r200\t8.4\t8.4_240.cif,1,9.162040217896559,5.3950964844405345,8.762954697637936,0.0,-5.3950964844405345,0.0,9.680839784680265,10.919963609333786,8.762954697637936
r200\t8.4\t8.4_260.cif,1,8.88752870144768,5.339263690512921,8.69917009085851,0.0,-5.339263690512921,0.0,9.245806369780313,10.739495573574478,8.69917009085851
r200\t8.4\t8.4_280.cif,1,9.012694254404044,5.442549420817715,8.589284793769933,0.0,-5.442549420817715,0.0,9.48014073074797,10.369058139473958,8.589284793769933
r200\t8.4\t8.4_340.cif,1,8.248307350131764,5.458302856272182,8.31068720597184,0.0,-5.458302856272182,0.0,9.084453442377681,11.567637130969441,8.31068720597184
r200\t8.4\t8.4_320.cif,1,8.10469446012043,5.5390951029549225,8.580123760505382,0.0,-5.5390951029549225,0.0,9.24715310331548,11.197316960268546,8.580123760505382
r200\t8.4\t8.4_300.cif,1,8.620846339653966,5.097149400192055,8.90476286316849,0.0,-5.097149400192055,0.0,9.100254024551234,8.979246869449907,8.90476286316849
r200\t8.4\t8.4_40.cif,1,9.115611580474877,4.725343944104097,9.739663197910614,0.0,-4.725343944104097,0.0,9.501221701555108,8.890476667563659,9.739663197910614
r200\t8.4\t8.4_60.cif,1,9.077869683196058,4.549963758525357,9.250544634266202,0.0,-4.549963758525357,0.0,9.312549713393683,7.346108377569983,9.250544634266202
r200\t8.4\t8.4_80.cif,1,8.984813375361982,4.695090459191963,9.046227192493332,0.0,-4.695090459191963,0.0,9.185327764716185,8.03497999410616,9.046227192493332
r200\t9.6\t9.6_140.cif,1,9.450032098003573,4.95680869333092,9.356672362548514,0.0,-4.95680869333092,0.0,10.049396193101682,9.731541113288802,9.356672362548514
r200\t9.6\t9.6_0.cif,1,10.611163774567432,5.201915456522131,9.256507121154682,0.0,-5.201915456522131,0.0,11.228456376182825,11.453285353876206,9.256507121154682
r200\t9.6\t9.6_160.cif,1,9.437377834898433,4.833873329924783,9.350325957034803,0.0,-4.833873329924783,0.0,9.9797422960535,8.690229175775336,9.350325957034803
r200\t9.6\t9.6_120.cif,1,9.335136025248083,4.799667301876548,9.224495578944875,0.0,-4.799667301876548,0.0,9.90712565986616,8.55849865058623,9.224495578944875
r200\t9.6\t9.6_180.cif,1,8.68335718214867,4.834018273725251,9.895059693413327,0.0,-4.834018273725251,0.0,9.265314406942087,9.414801571365013,9.895059693413327
r200\t9.6\t9.6_200.cif,1,8.943520949997419,5.204984191494751,9.83647216389776,0.0,-5.204984191494751,0.0,9.853364620505735,12.132199094402136,9.83647216389776
r200\t9.6\t9.6_100.cif,1,9.398962128056533,4.6707920141152774,8.660036701397416,0.0,-4.6707920141152774,0.0,9.850932091234787,7.589609246210842,8.660036701397416
r200\t9.6\t9.6_20.cif,1,9.718826144178482,5.017444873679729,9.948691704193148,0.0,-5.017444873679729,0.0,10.29721143831573,11.076433564174765,9.948691704193148
r200\t9.6\t9.6_260.cif,1,9.407860613606527,5.1062880970293465,8.757938072665722,0.0,-5.1062880970293465,0.0,9.837908303755528,8.621393389862973,8.757938072665722
r200\t9.6\t9.6_240.cif,1,8.933731634371478,5.371748630085074,8.760033298913616,0.0,-5.371748630085074,0.0,9.367461767587104,10.57733091763212,8.760033298913616
r200\t9.6\t9.6_320.cif,1,10.624390717036116,5.525948013499515,7.990743908596811,0.0,-5.525948013499515,0.0,11.037163527929032,10.897708617294953,7.990743908596811
r200\t9.6\t9.6_280.cif,1,9.704182849488218,5.117382525601929,8.627176253274182,0.0,-5.117382525601929,0.0,9.990884990826554,8.928962295729935,8.627176253274182
r200\t9.6\t9.6_220.cif,1,9.031394831697474,5.1480615976741815,9.536586824137363,0.0,-5.1480615976741815,0.0,9.615516151894903,11.16819978663124,9.536586824137363
r200\t9.6\t9.6_300.cif,1,10.380523427300343,5.035081606315837,8.828353029117842,0.0,-5.035081606315837,0.0,10.533416232592407,8.604232862831775,8.828353029117842
r200\t9.6\t9.6_340.cif,1,10.426271547210415,5.413729561616282,8.280255143786523,0.0,-5.413729561616282,0.0,11.061263754977876,11.101049067114737,8.280255143786523
r200\t9.6\t9.6_60.cif,1,9.585339074494565,4.578739203392955,9.227715581326144,0.0,-4.578739203392955,0.0,9.872838771392598,7.126012490812731,9.227715581326144
r200\t9.6\t9.6_40.cif,1,9.526549526290738,4.669009580925505,9.806487741685984,0.0,-4.669009580925505,0.0,9.968384948941248,8.833774224527792,9.806487741685984
r200\t9.6\t9.6_80.cif,1,9.666325384843503,4.278934981728497,9.428469708401549,0.0,-4.278934981728497,0.0,10.02441945362114,6.963039846274408,9.428469708401549
r220\t0\t0_100.cif,1,9.554830998494749,4.984926758474724,8.696384381195706,0.0,-4.984926758474724,0.0,10.338036472346975,9.480709370410299,8.696384381195706
r220\t0\t0_120.cif,1,9.282542266782107,5.475500563917348,8.694803950526412,0.0,-5.475500563917348,0.0,9.972740578538733,11.316310984349773,8.694803950526412
r220\t0\t0_0.cif,1,9.65389489597623,4.993357891790799,8.676633560382893,0.0,-4.993357891790799,0.0,10.387366509213193,11.01993153813733,8.676633560382891
r220\t0\t0_160.cif,1,9.361047136748697,4.959905638784228,9.590015961896029,0.0,-4.959905638784228,0.0,10.016513393843661,10.144014855657215,9.590015961896029
r220\t0\t0_140.cif,1,9.622277225839094,4.941662651587539,9.212431026470073,0.0,-4.941662651587539,0.0,10.312940906002925,10.015842946623321,9.212431026470073
r220\t0\t0_220.cif,1,8.930962343131975,5.026574011228733,9.518383900722345,0.0,-5.026574011228733,0.0,9.585367647212614,10.281944031081126,9.518383900722345
r220\t0\t0_180.cif,1,8.867995627324635,4.815563926798338,9.770256875269876,0.0,-4.815563926798338,0.0,9.445626055293404,10.238063299996721,9.770256875269876
r220\t0\t0_20.cif,1,9.437177078721998,4.999281408605545,9.125789612104144,0.0,-4.999281408605545,0.0,10.150059568419728,11.054077436363531,9.125789612104144
r220\t0\t0_200.cif,1,8.719167836785084,5.140025138290235,9.702756790631504,0.0,-5.140025138290235,0.0,9.512722718103074,12.596618869229296,9.702756790631504
r220\t0\t0_240.cif,1,8.726847939179551,5.058461360236438,9.121677014180905,0.0,-5.058461360236438,0.0,9.331768847697715,9.745082653021306,9.121677014180905
r220\t0\t0_260.cif,1,8.921827617476447,5.359185432880096,9.008182282654152,0.0,-5.359185432880096,0.0,9.68463284332307,10.96887216307866,9.008182282654152
r220\t0\t0_280.cif,1,9.395876722733625,5.172373668521285,9.001187288102297,0.0,-5.172373668521285,0.0,10.00828717243424,9.778083576935982,9.001187288102297
r220\t0\t0_300.cif,1,9.958560497836123,5.170697793845333,8.86991138375188,0.0,-5.170697793845333,0.0,10.644329273809754,9.156009086687106,8.86991138375188
r220\t0\t0_40.cif,1,9.486497959782888,4.961578926184007,9.386081940055313,0.0,-4.961578926184007,0.0,10.280698140556758,11.20903213371221,9.386081940055313
r220\t0\t0_340.cif,1,10.35030964282233,5.588305677218488,7.849286544650809,0.0,-5.588305677218488,0.0,11.210319201663566,11.885249500627715,7.849286544650809
r220\t0\t0_60.cif,1,9.320348017201589,4.7591786997481496,9.558606689186961,0.0,-4.7591786997481496,0.0,9.797948805219303,8.979461790144649,9.558606689186961
r220\t0\t0_80.cif,1,9.469030380992605,4.764029588869801,8.819863742060143,0.0,-4.764029588869801,0.0,10.035945296793306,8.889372380268014,8.819863742060143
r220\t0\t0_320.cif,1,10.38340161667119,5.066502989154483,8.295279672701573,0.0,-5.066502989154483,0.0,11.027326347062564,9.179154812660638,8.295279672701573
r220\t1.2\t1.2_0.cif,1,9.733168008671546,5.2668177308271416,9.218810458834852,0.0,-5.2668177308271416,0.0,10.064401371095947,12.270157720103924,9.218810458834852
r220\t1.2\t1.2_100.cif,1,9.221125775402585,4.790414119754302,8.871095495958558,0.0,-4.790414119754302,0.0,9.416866573386601,8.732290716413889,8.871095495958558
r220\t1.2\t1.2_120.cif,1,8.543733452113143,5.508913828542456,8.647939299604555,0.0,-5.508913828542456,0.0,8.82805207820816,11.425167955417804,8.647939299604555
r220\t1.2\t1.2_140.cif,1,9.154247773167977,4.99057675062381,9.20292598680532,0.0,-4.99057675062381,0.0,9.394138069683011,10.227906292115362,9.20292598680532
r220\t1.2\t1.2_20.cif,1,9.232640305781786,5.045437766532822,9.593151612054108,0.0,-5.045437766532822,0.0,9.717545640046978,11.798855959684913,9.593151612054108
r220\t1.2\t1.2_180.cif,1,8.751729054021347,4.77064003538567,10.437601080235634,0.0,-4.77064003538567,0.0,9.117611059657573,10.720055240697581,10.437601080235634
r220\t1.2\t1.2_160.cif,1,9.134277939283082,4.923931029815569,9.680316281995244,0.0,-4.923931029815569,0.0,9.423170818149377,10.152003032481376,9.680316281995244
r220\t1.2\t1.2_200.cif,1,8.758236162783009,4.982842604649121,10.004565904315672,0.0,-4.982842604649121,0.0,8.92184078098893,12.175241984532612,10.004565904315672
r220\t1.2\t1.2_240.cif,1,8.705829891310199,5.002032420894428,9.184752416023368,0.0,-5.002032420894428,0.0,9.031894075969122,9.444077297698641,9.184752416023368
r220\t1.2\t1.2_220.cif,1,8.66918459612808,5.085799251144778,9.475927119241756,0.0,-5.085799251144778,0.0,8.89745634777861,11.230507419223361,9.475927119241756
r220\t1.2\t1.2_260.cif,1,9.187388559373305,4.959271944344406,8.9989075567507,0.0,-4.959271944344406,0.0,9.603153673983055,8.689601221591662,8.9989075567507
r220\t1.2\t1.2_340.cif,1,9.831167139229064,5.245498852278022,8.58071969339534,0.0,-5.245498852278022,0.0,10.286202439224846,11.337310013131862,8.58071969339534
r220\t1.2\t1.2_300.cif,1,9.542838864273365,4.786468428887214,8.809099102037308,0.0,-4.786468428887214,0.0,9.932876543360905,8.196361947071992,8.809099102037308
r220\t1.2\t1.2_280.cif,1,9.378555062617204,5.193517726163341,8.789109254240827,0.0,-5.193517726163341,0.0,9.638079970145853,9.551966995857976,8.789109254240827
r220\t1.2\t1.2_320.cif,1,9.49460689744071,5.166346985937271,8.593428192358003,0.0,-5.166346985937271,0.0,9.990863740265395,9.939317585392105,8.593428192358003
r220\t1.2\t1.2_40.cif,1,9.320871280675656,5.029106826830451,9.725336359395644,0.0,-5.029106826830451,0.0,9.891289905918725,11.342464879393635,9.725336359395644
r220\t1.2\t1.2_60.cif,1,9.65822913817251,5.133915948295942,9.292159535419346,0.0,-5.133915948295942,0.0,10.048011124398863,10.659658254878108,9.292159535419346
r220\t2.4\t2.4_0.cif,1,9.274759622268748,5.0536994592435915,9.233421557070969,0.0,-5.0536994592435915,0.0,9.991021755072865,11.322518930783835,9.233421557070969
r220\t2.4\t2.4_140.cif,1,9.620712471942333,5.075202231455617,9.144004207754902,0.0,-5.075202231455617,0.0,10.172316343109713,10.760673827433196,9.144004207754902
r220\t2.4\t2.4_100.cif,1,9.283043263935745,5.027023840909313,8.425383218167834,0.0,-5.027023840909313,0.0,9.751609853784169,9.68935998895843,8.425383218167834
r220\t2.4\t2.4_120.cif,1,9.58969031197695,4.984966719749504,8.761788850713634,0.0,-4.984966719749504,0.0,10.092522424479538,9.26322562395194,8.761788850713634
r220\t1.2\t1.2_80.cif,1,9.285954602214058,4.8737973564075405,9.207574396543611,0.0,-4.8737973564075405,0.0,9.445815096075034,9.141419419244688,9.207574396543611
r220\t2.4\t2.4_160.cif,1,9.526588092450616,5.0173954148803945,9.632631539882501,0.0,-5.0173954148803945,0.0,10.134059539004713,11.135579623020778,9.632631539882501
r220\t2.4\t2.4_180.cif,1,9.348159712450718,4.833185827780049,10.045885381370807,0.0,-4.833185827780049,0.0,9.853572680625424,10.675308159254302,10.045885381370807
r220\t2.4\t2.4_260.cif,1,9.51289481753911,5.0057247846312,8.91236304855813,0.0,-5.0057247846312,0.0,9.753088854787013,8.576783499860476,8.91236304855813
r220\t2.4\t2.4_20.cif,1,9.491328720850255,4.933583698975382,9.691119654027894,0.0,-4.933583698975382,0.0,9.8914150399083,11.150224495069338,9.691119654027894
r220\t2.4\t2.4_220.cif,1,9.467911882485069,4.690577208866272,9.711703894381857,0.0,-4.690577208866272,0.0,9.780393870278434,8.658552170115103,9.711703894381857
r220\t2.4\t2.4_240.cif,1,9.54134401012481,5.399394267120494,8.811212303767375,0.0,-5.399394267120494,0.0,10.116981027422622,11.485116529531378,8.811212303767375
r220\t2.4\t2.4_200.cif,1,9.139900049818591,4.723637931880685,10.206139875735918,0.0,-4.723637931880685,0.0,9.517293884728245,10.385870967045918,10.206139875735918
r220\t2.4\t2.4_280.cif,1,9.347796377761977,5.166092614108387,8.947353019892047,0.0,-5.166092614108387,0.0,9.624064193901939,9.478328573682694,8.947353019892047
r220\t2.4\t2.4_300.cif,1,8.53615526143446,4.689501494101391,8.749039748154683,0.0,-4.689501494101391,0.0,8.927825391467161,8.036621197527817,8.749039748154683
r220\t2.4\t2.4_40.cif,1,9.410735332453884,4.805986850842066,9.786406421309414,0.0,-4.805986850842066,0.0,9.796322073666648,9.84317089892098,9.786406421309415
r220\t2.4\t2.4_320.cif,1,8.833088860894131,5.008360568636491,8.804945708768303,0.0,-5.008360568636491,0.0,8.962666404376264,9.4753125432295,8.804945708768303
r220\t2.4\t2.4_340.cif,1,8.837600602898268,5.409354390538035,8.59582375406559,0.0,-5.409354390538035,0.0,9.542149245667822,11.890512167485554,8.59582375406559
r220\t2.4\t2.4_60.cif,1,9.438557114809829,5.01566849164684,9.393941072183688,0.0,-5.01566849164684,0.0,9.978862548742828,10.539150668861852,9.393941072183688
r220\t2.4\t2.4_80.cif,1,9.093159815261386,5.055516817611013,9.105111654287796,0.0,-5.055516817611013,0.0,9.667439837035344,10.5840716060743,9.105111654287796
r220\t3.6\t3.6_100.cif,1,8.949313787470416,4.287405882543068,8.822380818450082,0.0,-4.287405882543068,0.0,8.803366892960144,5.881735888788376,8.822380818450082
r220\t3.6\t3.6_0.cif,1,9.160527009693846,4.739007517520343,9.599177260425916,0.0,-4.739007517520343,0.0,9.474762352284456,10.263270242524,9.599177260425916
r220\t3.6\t3.6_140.cif,1,9.140603278348083,5.5254200170619585,8.60298043300024,0.0,-5.5254200170619585,0.0,9.683525738824802,11.50638098622555,8.60298043300024
r220\t3.6\t3.6_120.cif,1,9.088081311260726,5.060112809225168,8.387590542516815,0.0,-5.060112809225168,0.0,9.267676728072944,9.213015903642878,8.387590542516815
r220\t3.6\t3.6_160.cif,1,9.258560261856802,5.381003722804464,9.319972627109408,0.0,-5.381003722804464,0.0,9.77233197463979,12.227577853505904,9.319972627109408
r220\t3.6\t3.6_180.cif,1,9.205440638232659,5.378552706816603,9.569455478143036,0.0,-5.378552706816603,0.0,9.9506323129195,13.77512010195324,9.569455478143036
r220\t3.6\t3.6_200.cif,1,9.692050711931579,5.321669625579267,9.700561152102129,0.0,-5.321669625579267,0.0,10.219585249888192,13.05501973833881,9.700561152102129
r220\t3.6\t3.6_220.cif,1,9.329327648741465,5.258849350540935,9.278801848278132,0.0,-5.258849350540935,0.0,9.776648321015836,11.724946742019952,9.278801848278132
r220\t3.6\t3.6_260.cif,1,8.623410682376488,5.573687058002676,8.807716042577512,0.0,-5.573687058002676,0.0,9.08829224269571,11.119408678407721,8.807716042577512
r220\t3.6\t3.6_20.cif,1,9.202181402949158,4.821982539559085,9.826694377347412,0.0,-4.821982539559085,0.0,9.736217096954256,10.630223067794873,9.826694377347412
r220\t3.6\t3.6_300.cif,1,9.172992751301877,5.229620429253419,8.950189536662236,0.0,-5.229620429253419,0.0,9.672858789132462,9.481165004139138,8.95018953666224
r220\t3.6\t3.6_240.cif,1,8.90317473788557,5.323462951859739,9.000742240300383,0.0,-5.323462951859739,0.0,9.228748548457347,10.133494254710962,9.000742240300383
r220\t3.6\t3.6_280.cif,1,9.171055194953825,5.677004992957982,8.722305553034579,0.0,-5.677004992957982,0.0,9.711439498749373,11.083260275486053,8.722305553034579
r220\t3.6\t3.6_40.cif,1,9.010690561442791,4.67145582557299,9.949963399322488,0.0,-4.67145582557299,0.0,9.392834587415939,9.680889160075102,9.949963399322488
r220\t3.6\t3.6_320.cif,1,9.338258699604204,5.063234382502459,9.086869760609272,0.0,-5.063234382502459,0.0,9.745270766742648,9.688749513142243,9.08686976060927
r220\t3.6\t3.6_60.cif,1,9.1536733942901,4.877301728552663,9.245956792565407,0.0,-4.877301728552663,0.0,9.667421838625218,10.064198855647732,9.245956792565407
r220\t3.6\t3.6_80.cif,1,8.499658354521216,4.832288636627992,9.185516147791866,0.0,-4.832288636627992,0.0,8.977133468347693,8.946347761569612,9.185516147791866
r220\t3.6\t3.6_340.cif,1,9.04327858350955,4.952234298439017,9.394142794523109,0.0,-4.952234298439017,0.0,9.797789776583862,10.80582193356625,9.394142794523109
r220\t4.8\t4.8_0.cif,1,9.417301620510662,4.6850483454191405,9.64015836851189,0.0,-4.6850483454191405,0.0,10.046057055757483,10.176965787198625,9.64015836851189
r220\t4.8\t4.8_100.cif,1,9.557315313923075,4.493481573533454,8.939172514237237,0.0,-4.493481573533454,0.0,9.517798537384428,7.595414620668741,8.939172514237237
r220\t4.8\t4.8_140.cif,1,9.156517271287617,5.465243009729892,8.973776407628957,0.0,-5.465243009729892,0.0,9.368906775202383,11.728092234486137,8.973776407628957
r220\t4.8\t4.8_20.cif,1,9.468236235900385,4.868360215338004,9.841264743382808,0.0,-4.868360215338004,0.0,10.025913689628151,11.294724083555273,9.841264743382808
r220\t4.8\t4.8_120.cif,1,9.462834503435188,5.050953571434282,8.533446487345204,0.0,-5.050953571434282,0.0,9.671464288136915,9.809433188143986,8.533446487345204
r220\t4.8\t4.8_160.cif,1,8.86660732681746,5.100649537803506,9.36191215275504,0.0,-5.100649537803506,0.0,9.024039632595805,10.277025767823604,9.36191215275504
r220\t4.8\t4.8_180.cif,1,9.133282733802847,5.1732874210790065,9.597530968007007,0.0,-5.1732874210790065,0.0,9.63630917576219,13.240123356479929,9.597530968007007
r220\t4.8\t4.8_200.cif,1,8.87668940082489,5.223154884332115,9.692658865736192,0.0,-5.223154884332115,0.0,9.517711989292374,13.065284106452005,9.692658865736192
r220\t4.8\t4.8_220.cif,1,8.531183889918003,5.279403565200682,9.343957479978735,0.0,-5.279403565200682,0.0,9.1713360227274,12.201744537864501,9.343957479978735
r220\t4.8\t4.8_240.cif,1,8.589418281833641,5.596119798949946,8.966886802916012,0.0,-5.596119798949946,0.0,9.456558069399474,12.070880299207262,8.966886802916012
r220\t4.8\t4.8_260.cif,1,8.611933745464713,5.699177551150239,8.847208609318892,0.0,-5.699177551150239,0.0,9.40527966957173,11.308599277464445,8.847208609318892
r220\t4.8\t4.8_300.cif,1,9.46045507310779,5.500332738595582,8.788459077497684,0.0,-5.500332738595582,0.0,10.213776010295854,11.116377243741324,8.788459077497684
r220\t4.8\t4.8_280.cif,1,9.388909094746733,5.469764651627357,8.852657484461556,0.0,-5.469764651627357,0.0,9.978602149559377,10.52410250146581,8.852657484461556
r220\t4.8\t4.8_320.cif,1,9.281250937154999,5.089151688538251,8.713118301468077,0.0,-5.089151688538251,0.0,9.815981199424813,9.787173717703023,8.713118301468077
r220\t4.8\t4.8_340.cif,1,9.330333694085018,5.092491599967396,9.353901399263291,0.0,-5.092491599967396,0.0,9.935085270057126,10.839320125466996,9.353901399263291
r220\t4.8\t4.8_80.cif,1,10.2467462810794,4.908089693850866,9.053097995966732,0.0,-4.908089693850866,0.0,10.568297256644897,9.402249826823944,9.053097995966732
r220\t4.8\t4.8_40.cif,1,9.34898615538905,4.488469647331541,10.030762633003764,0.0,-4.488469647331541,0.0,9.682981898289372,8.75793267591924,10.030762633003764
r220\t4.8\t4.8_60.cif,1,9.48435704972681,4.720136535363713,9.241396140642689,0.0,-4.720136535363713,0.0,9.866310979966231,8.848419744017605,9.241396140642689
r220\t6.0\t6.0_0.cif,1,9.894979605670695,4.884978386564431,9.386451589122437,0.0,-4.884978386564431,0.0,9.997919864211896,10.474869567693366,9.386451589122437
r220\t6.0\t6.0_100.cif,1,9.781718911372472,4.9975947705265575,8.815089547006778,0.0,-4.9975947705265575,0.0,9.811360575925026,10.033449447478832,8.815089547006778
r220\t6.0\t6.0_120.cif,1,9.724935171969157,5.453836057696921,8.689070293872417,0.0,-5.453836057696921,0.0,9.805329033814099,11.488755545329365,8.689070293872417
r220\t6.0\t6.0_140.cif,1,8.787012399896165,5.370355641441664,8.935031458793258,0.0,-5.370355641441664,0.0,8.977043660611717,11.38322411911334,8.935031458793258
r220\t6.0\t6.0_180.cif,1,8.697562669632958,4.749713212398902,10.002485837978737,0.0,-4.749713212398902,0.0,9.263354799632333,10.199252278864087,10.002485837978737
r220\t6.0\t6.0_200.cif,1,8.9445894995073,4.8951240583191975,10.071788515148842,0.0,-4.8951240583191975,0.0,9.496446039462764,11.414532427318221,10.071788515148842
r220\t6.0\t6.0_160.cif,1,8.511674386895324,4.944606843875259,9.525620887123049,0.0,-4.944606843875259,0.0,8.96748378369968,9.758432001006595,9.525620887123049
r220\t6.0\t6.0_20.cif,1,9.715398104923525,4.95641448553217,10.073162141011885,0.0,-4.95641448553217,0.0,9.682964709571811,11.303233591732367,10.073162141011885
r220\t6.0\t6.0_220.cif,1,9.54533256986767,4.835338708252901,9.504077108115121,0.0,-4.835338708252901,0.0,9.493016019496451,8.84667191310409,9.504077108115121
r220\t6.0\t6.0_280.cif,1,9.774414390384042,5.270303272044021,8.90184909117758,0.0,-5.270303272044021,0.0,9.752863198429411,9.886920808044627,8.90184909117758
r220\t6.0\t6.0_240.cif,1,9.784002309246366,5.113352917942081,9.164000869053242,0.0,-5.113352917942081,0.0,9.735613647909634,9.963183431285639,9.164000869053242
r220\t6.0\t6.0_260.cif,1,9.777219457798632,5.415578599478405,8.964373300334973,0.0,-5.415578599478405,0.0,9.823783751776494,10.876810180637076,8.964373300334973
r220\t6.0\t6.0_320.cif,1,10.3966735312554,5.0245128901365455,8.778691406249521,0.0,-5.0245128901365455,0.0,10.470343051153234,9.730632171957565,8.778691406249521
r220\t6.0\t6.0_300.cif,1,9.994714965044722,5.1840959126013,8.865096990431702,0.0,-5.1840959126013,0.0,10.090232733564468,9.536480092872873,8.865096990431702
r220\t6.0\t6.0_340.cif,1,10.376478503317827,5.384250052342467,8.856657054108272,0.0,-5.384250052342467,0.0,10.493790229739831,11.70149559857588,8.856657054108272
r220\t6.0\t6.0_40.cif,1,9.573267663089332,4.652631009915021,9.91816406612596,0.0,-4.652631009915021,0.0,9.627145911444243,9.701750692746446,9.91816406612596
r220\t6.0\t6.0_80.cif,1,9.752214845764545,5.061744910895432,9.051599076421088,0.0,-5.061744910895432,0.0,9.902321115904233,10.29326428260125,9.051599076421088
r220\t6.0\t6.0_60.cif,1,9.849205054157053,4.747717191895634,9.191156712916337,0.0,-4.747717191895634,0.0,9.815195984665596,8.86779035612343,9.191156712916337
r220\t7.2\t7.2_0.cif,1,9.02455443671362,5.429401598839072,9.206820964174902,0.0,-5.429401598839072,0.0,9.628512962917853,12.343960767822114,9.206820964174902
r220\t7.2\t7.2_100.cif,1,8.797296812187925,4.961994324914936,8.790783007299703,0.0,-4.961994324914936,0.0,9.092431657415077,9.75106639648227,8.790783007299703
r220\t7.2\t7.2_160.cif,1,9.025348405200072,4.814712453093231,9.598567796034338,0.0,-4.814712453093231,0.0,9.354364353131828,9.503011283939129,9.598567796034338
r220\t7.2\t7.2_120.cif,1,9.634396080740316,5.492657894246321,8.588670186344368,0.0,-5.492657894246321,0.0,10.243174637882598,11.229936376547268,8.588670186344368
r220\t7.2\t7.2_140.cif,1,8.879004275732367,5.558268071550618,8.968757814593298,0.0,-5.558268071550618,0.0,9.55000921331306,11.922431007859885,8.968757814593298
r220\t7.2\t7.2_180.cif,1,9.342319920848945,4.705746238070152,10.171003126995235,0.0,-4.705746238070152,0.0,9.662997574162343,10.289481629005351,10.171003126995235
r220\t7.2\t7.2_200.cif,1,9.610558910558982,5.15720902364433,9.736187144818665,0.0,-5.15720902364433,0.0,10.15751369840227,12.601294511092329,9.736187144818665
r220\t7.2\t7.2_20.cif,1,9.113587709097684,5.103298651448263,9.598546529186669,0.0,-5.103298651448263,0.0,9.651174135026325,11.95043755551388,9.598546529186669
r220\t7.2\t7.2_280.cif,1,9.15150132140995,5.2170314241795195,8.923616664336274,0.0,-5.2170314241795195,0.0,9.613991697338992,9.856612511053914,8.923616664336274
r220\t7.2\t7.2_240.cif,1,9.205874683955026,5.079583862513771,9.183616397654033,0.0,-5.079583862513771,0.0,9.720289962985516,9.94279433055028,9.183616397654033
r220\t7.2\t7.2_220.cif,1,9.173412189453696,4.971100076341118,9.61914865160286,0.0,-4.971100076341118,0.0,9.381922620619209,10.046133028011447,9.61914865160286
r220\t7.2\t7.2_300.cif,1,9.03243290057172,4.451153107686468,9.22497952830123,0.0,-4.451153107686468,0.0,9.30113037518676,6.659181498582775,9.22497952830123
r220\t7.2\t7.2_260.cif,1,9.290882234836571,5.217858120341235,8.93137411941616,0.0,-5.217858120341235,0.0,9.891501855729746,9.958936455502295,8.93137411941616
r220\t7.2\t7.2_340.cif,1,8.89382432657005,5.475700139691004,8.464371082108265,0.0,-5.475700139691004,0.0,9.504466532162589,12.054563951311325,8.464371082108265
r220\t7.2\t7.2_80.cif,1,8.680877149683909,5.091422063833299,9.080635158225562,0.0,-5.091422063833299,0.0,9.052099309456223,10.650553174017062,9.080635158225562
r220\t7.2\t7.2_40.cif,1,9.040950779164092,4.841331993141041,9.841050824922542,0.0,-4.841331993141041,0.0,9.47585365497255,10.18451253186328,9.841050824922542
r220\t7.2\t7.2_320.cif,1,8.978916514146993,5.045951107727349,8.79858644084006,0.0,-5.045951107727349,0.0,9.283959025613427,9.88101251197389,8.79858644084006
r220\t7.2\t7.2_60.cif,1,8.978394369156925,4.895591007655054,9.067855699217242,0.0,-4.895591007655054,0.0,9.332778401565943,9.733421809647263,9.067855699217242
r220\t8.4\t8.4_0.cif,1,8.10521336880323,5.502112286789486,9.136375408635,0.0,-5.502112286789486,0.0,9.046567337997832,12.460548540103286,9.136375408635
r220\t8.4\t8.4_100.cif,1,9.105916271627919,4.715927499291746,8.826865910723566,0.0,-4.715927499291746,0.0,9.412139015940308,8.563849721580862,8.826865910723566
r220\t8.4\t8.4_140.cif,1,9.669286374192557,5.156818917863596,8.792570376869032,0.0,-5.156818917863596,0.0,10.271279408892678,10.878885447177748,8.792570376869032
r220\t8.4\t8.4_160.cif,1,9.478052987729278,4.7820001947428565,9.528667304955334,0.0,-4.7820001947428565,0.0,9.850765924248984,9.533621863862129,9.528667304955334
r220\t8.4\t8.4_20.cif,1,9.220196761389023,5.087756648935515,9.60142587898584,0.0,-5.087756648935515,0.0,9.83765855564763,11.948751076162374,9.60142587898584
r220\t8.4\t8.4_180.cif,1,9.013869431405611,4.739665160809144,10.193846685710364,0.0,-4.739665160809144,0.0,9.209600198583413,10.269081754223723,10.193846685710364
r220\t8.4\t8.4_120.cif,1,9.579216390355716,5.4386715770358975,8.303511850542911,0.0,-5.4386715770358975,0.0,10.248320926545471,11.30250735806851,8.303511850542911
r220\t8.4\t8.4_220.cif,1,9.157690290086823,5.098466899103347,9.565477611883987,0.0,-5.098466899103347,0.0,9.560668771964663,11.593893074521356,9.565477611883987
r220\t8.4\t8.4_200.cif,1,9.18260390788476,5.126686892480488,9.748242546205223,0.0,-5.126686892480488,0.0,9.631588416150803,12.407343344462053,9.748242546205223
r220\t8.4\t8.4_240.cif,1,9.166364841310774,5.099258939032843,9.177493719626238,0.0,-5.099258939032843,0.0,9.51049399833095,9.943953611103815,9.177493719626238
r220\t8.4\t8.4_260.cif,1,8.933102759243418,5.521515576368537,8.98148775330773,0.0,-5.521515576368537,0.0,9.448033956328631,11.083474634620808,8.98148775330773
r220\t8.4\t8.4_280.cif,1,8.950036695885156,5.0958002819503125,9.026216988402707,0.0,-5.0958002819503125,0.0,9.23494254072786,9.752137202410884,9.026216988402707
r220\t8.4\t8.4_300.cif,1,8.178852702141365,4.684920796673959,8.880432417646535,0.0,-4.684920796673959,0.0,8.747454315146912,7.986065607083252,8.880432417646535
r220\t8.4\t8.4_340.cif,1,8.224366420281113,5.469876782805199,8.528158763847697,0.0,-5.469876782805199,0.0,9.18689010093359,12.015024583967858,8.528158763847697
r220\t8.4\t8.4_320.cif,1,8.06290389469849,5.361570503962424,8.35694009932513,0.0,-5.361570503962424,0.0,8.995240952165616,10.298859269994349,8.35694009932513
r220\t8.4\t8.4_40.cif,1,9.17626068044929,4.909238034394756,9.864304848412928,0.0,-4.909238034394756,0.0,9.72351855290876,11.047929623809216,9.86430484841293
r220\t8.4\t8.4_60.cif,1,9.175887699869008,4.814852327821037,9.210153757978048,0.0,-4.814852327821037,0.0,9.581746985553357,9.581041085317977,9.210153757978048
r220\t9.6\t9.6_100.cif,1,9.37090204524778,4.969451296811045,8.704873442003624,0.0,-4.969451296811045,0.0,9.967349594980183,9.652899874841552,8.704873442003624
r220\t8.4\t8.4_80.cif,1,8.864819460639724,4.671625603362592,9.246281277957307,0.0,-4.671625603362592,0.0,9.158063948264328,8.885443219225317,9.246281277957307
r220\t9.6\t9.6_120.cif,1,9.323014045899516,5.363912995537319,8.755017055450782,0.0,-5.363912995537319,0.0,9.976251629770315,11.097976467120079,8.75501705545078
r220\t9.6\t9.6_140.cif,1,9.651563903378179,4.947783673297003,9.18939497616859,0.0,-4.947783673297003,0.0,10.30616720535004,9.879208385413401,9.18939497616859
r220\t9.6\t9.6_0.cif,1,10.487311215673346,5.057592536044663,9.20488951293292,0.0,-5.057592536044663,0.0,10.87289876743445,11.598842524244628,9.20488951293292
r220\t9.6\t9.6_160.cif,1,9.474354568626172,4.903358684446172,9.605898354807382,0.0,-4.903358684446172,0.0,10.012682633440575,10.031215876888284,9.605898354807382
r220\t9.6\t9.6_180.cif,1,8.970348284152958,4.767845646270486,9.930197409728276,0.0,-4.767845646270486,0.0,9.596085944174785,10.256406845376947,9.930197409728276
r220\t9.6\t9.6_200.cif,1,8.90316494150305,5.105880042530941,9.802532171475441,0.0,-5.105880042530941,0.0,9.73977236130057,12.587953484264387,9.802532171475441
r220\t9.6\t9.6_20.cif,1,9.647764300785402,5.030094686848155,9.664320541208662,0.0,-5.030094686848155,0.0,10.288850909345953,11.862335506413908,9.664320541208662
r220\t9.6\t9.6_220.cif,1,8.912320065854852,5.056851799628948,9.469893135805684,0.0,-5.056851799628948,0.0,9.631138654428408,11.088073329023223,9.469893135805684
r220\t9.6\t9.6_240.cif,1,8.879142464523023,5.22974543359592,9.138125719628162,0.0,-5.22974543359592,0.0,9.369436115972825,10.344028093771769,9.138125719628162
r220\t9.6\t9.6_260.cif,1,9.2890466093571,5.1464906279393645,9.07131480180503,0.0,-5.1464906279393645,0.0,9.626915884878208,9.8182435094796,9.07131480180503
r220\t9.6\t9.6_300.cif,1,10.267035571651892,4.825835247033644,8.851621734576973,0.0,-4.825835247033644,0.0,10.610720646785255,8.360158842121225,8.851621734576973
r220\t9.6\t9.6_320.cif,1,10.521314140391308,5.217895506241768,8.372676684495742,0.0,-5.217895506241768,0.0,11.099709831211847,10.058970530116792,8.372676684495742
r220\t9.6\t9.6_280.cif,1,9.621080945484458,5.125941616182345,9.034496787590248,0.0,-5.125941616182345,0.0,10.148185621592685,9.750927917338922,9.034496787590248
r220\t9.6\t9.6_340.cif,1,10.462488024666985,5.385331445437918,8.43595986918926,0.0,-5.385331445437918,0.0,11.179441594482475,11.516813817128364,8.43595986918926
r220\t9.6\t9.6_60.cif,1,9.583185042417854,4.871182066978339,9.232421133126376,0.0,-4.871182066978339,0.0,10.05253310254138,9.754767098400164,9.232421133126376
r220\t9.6\t9.6_40.cif,1,9.70417999450659,5.067245428755645,9.795777691780843,0.0,-5.067245428755645,0.0,10.406680476850532,11.309996931374904,9.795777691780843
r220\t9.6\t9.6_80.cif,1,9.508045461358869,4.629500143312043,9.252966330901701,0.0,-4.629500143312043,0.0,10.085831448085285,8.861804432355262,9.252966330901701
r240\t0\t0_0.cif,1,9.576980109539884,5.030898071789562,8.551150390297707,0.0,-5.030898071789562,0.0,10.411611034504764,11.120993062230442,8.551150390297707
r240\t0\t0_140.cif,1,9.411838539394504,4.918546266735294,8.653838127570912,0.0,-4.918546266735294,0.0,10.087535553388676,10.227282225026654,8.653838127570912
r240\t0\t0_120.cif,1,9.047874158811265,5.547022236709468,7.89655688098264,0.0,-5.547022236709468,0.0,9.73644147023813,11.506940252967238,7.89655688098264
r240\t0\t0_100.cif,1,9.382021119690407,4.989803975289992,8.237592449330652,0.0,-4.989803975289992,0.0,10.039335442329046,10.11443936753344,8.237592449330652
r240\t0\t0_180.cif,1,9.391368032412343,4.877017120391017,9.281067825248417,0.0,-4.877017120391017,0.0,10.123991725248365,10.730117622534957,9.28106782524842
r240\t0\t0_160.cif,1,9.455590233595723,4.9940210875561295,9.029261755774186,0.0,-4.9940210875561295,0.0,10.189851246761178,10.282173291598838,9.029261755774186
r240\t0\t0_20.cif,1,9.444224702567869,4.975953492073391,8.834314499110862,0.0,-4.975953492073391,0.0,10.203266636568808,11.053463857961704,8.834314499110862
r240\t0\t0_200.cif,1,9.414969458064224,4.969599848338976,9.45271068083205,0.0,-4.969599848338976,0.0,10.264190103604468,12.003802249932717,9.45271068083205
r240\t0\t0_220.cif,1,9.356744520905064,5.084849565687161,9.008326752759974,0.0,-5.084849565687161,0.0,10.171951185789002,11.374790940073865,9.008326752759974
r240\t0\t0_260.cif,1,9.410535512771595,5.207801411070541,8.383988345258489,0.0,-5.207801411070541,0.0,10.049838954218645,9.867315901490066,8.383988345258489
r240\t0\t0_280.cif,1,9.34968770800681,5.09408734040683,8.471889680416492,0.0,-5.09408734040683,0.0,9.974279686619356,9.773408808297097,8.471889680416492
r240\t0\t0_240.cif,1,9.109314956367944,5.195805738603528,8.620903533273399,0.0,-5.195805738603528,0.0,9.774403708676868,10.309787641813744,8.620903533273399
r240\t0\t0_300.cif,1,9.417480899146714,5.207776183496171,8.408889752752621,0.0,-5.207776183496171,0.0,10.038921650822182,9.830098931169015,8.408889752752621
r240\t0\t0_40.cif,1,9.395538996824364,5.054825756809526,8.962603261867903,0.0,-5.054825756809526,0.0,10.201115558388791,11.38634932585118,8.962603261867903
r240\t0\t0_80.cif,1,9.532757217197176,5.073613653376168,8.43303595897844,0.0,-5.073613653376168,0.0,10.24964691934007,10.05819083496535,8.43303595897844
r240\t0\t0_320.cif,1,9.744788279511598,5.394361967755057,8.112916841778937,0.0,-5.394361967755057,0.0,10.498838553821722,10.310129661731269,8.112916841778937
r240\t0\t0_340.cif,1,9.840999612735246,5.6009679905356045,8.104601472117002,0.0,-5.6009679905356045,0.0,10.798822548442415,12.079567730171876,8.104601472117002
r240\t1.2\t1.2_0.cif,1,9.398472990074096,4.93461835351256,8.988556886042243,0.0,-4.93461835351256,0.0,9.768122078287758,11.425749151861254,8.988556886042243
r240\t0\t0_60.cif,1,9.375989709523374,4.90370991610004,8.839752916564585,0.0,-4.90370991610004,0.0,10.04205871708609,10.213560207874545,8.839752916564585
r240\t1.2\t1.2_100.cif,1,9.227097192301958,4.980462004481621,8.288756673453605,0.0,-4.980462004481621,0.0,9.517865639924286,10.055077754411563,8.288756673453605
r240\t1.2\t1.2_180.cif,1,9.281080894603004,4.79119350226595,9.456960735457537,0.0,-4.79119350226595,0.0,9.512674937944848,10.206521196676617,9.456960735457537
r240\t1.2\t1.2_20.cif,1,9.434232663055665,4.928991509422471,9.191103676299846,0.0,-4.928991509422471,0.0,9.790416895090186,11.627779554522514,9.191103676299846
r240\t1.2\t1.2_120.cif,1,9.123094157967982,5.163143174004511,8.189851013805878,0.0,-5.163143174004511,0.0,9.368019996906966,10.053100561436615,8.189851013805878
r240\t1.2\t1.2_160.cif,1,9.193166042609727,4.936691195506308,9.035830768218332,0.0,-4.936691195506308,0.0,9.524158741395842,10.277136669724626,9.035830768218332
r240\t1.2\t1.2_140.cif,1,9.261818106416344,4.953903330179771,8.678047608729523,0.0,-4.953903330179771,0.0,9.555248984325447,10.212057281734003,8.678047608729523
r240\t1.2\t1.2_220.cif,1,9.232458789360244,4.988284818574418,9.105811736041606,0.0,-4.988284818574418,0.0,9.508637160241598,10.37822161829953,9.105811736041606
r240\t1.2\t1.2_280.cif,1,9.300243967411468,5.090246594067561,8.478934864404858,0.0,-5.090246594067561,0.0,9.638351032757164,9.76059729657489,8.478934864404858
r240\t1.2\t1.2_200.cif,1,9.225544020391094,4.995616817249198,9.430577221037012,0.0,-4.995616817249198,0.0,9.659578275767803,12.274210203610687,9.430577221037012
r240\t1.2\t1.2_240.cif,1,9.060815553683407,5.088496924636119,8.640484693260184,0.0,-5.088496924636119,0.0,9.373974087525752,9.914630313314499,8.640484693260184
r240\t1.2\t1.2_300.cif,1,9.24343626842334,5.225291046639424,8.432323222858608,0.0,-5.225291046639424,0.0,9.577950829676064,9.84144385973011,8.432323222858608
r240\t1.2\t1.2_260.cif,1,9.32950586048924,5.174425970856143,8.394380403997692,0.0,-5.174425970856143,0.0,9.682279739154113,9.831668441616197,8.394380403997692
r240\t1.2\t1.2_320.cif,1,9.307439718915381,5.223980913606738,8.268489049937322,0.0,-5.223980913606738,0.0,9.64214170243781,10.291148759035009,8.268489049937322
r240\t1.2\t1.2_40.cif,1,9.109486753693734,4.816490843547695,9.228018404276721,0.0,-4.816490843547695,0.0,9.57611310835537,9.866659966080158,9.228018404276721
r240\t1.2\t1.2_340.cif,1,9.40121684812262,5.0684549728593815,8.511825313734366,0.0,-5.0684549728593815,0.0,9.74389436001605,11.150476299493388,8.511825313734366
r240\t1.2\t1.2_80.cif,1,9.253242626751176,5.062343187097356,8.657802213528749,0.0,-5.062343187097356,0.0,9.589201245605285,10.514279204463254,8.657802213528749
r240\t1.2\t1.2_60.cif,1,9.13593344600524,4.966784716408949,8.802669795152724,0.0,-4.966784716408949,0.0,9.64941872627673,10.265102513828081,8.802669795152724
r240\t2.4\t2.4_0.cif,1,9.489285905051192,5.00177378989029,8.937206740696274,0.0,-5.00177378989029,0.0,10.09712842385344,11.522674549618099,8.937206740696274
r240\t2.4\t2.4_120.cif,1,9.437687665990433,5.129879176343919,8.239204255183456,0.0,-5.129879176343919,0.0,10.089415813255693,9.986862475090819,8.239204255183456
r240\t2.4\t2.4_100.cif,1,9.45163958939676,5.021826536232924,8.295539115844552,0.0,-5.021826536232924,0.0,9.965088929230044,10.041853035381628,8.295539115844552
r240\t2.4\t2.4_140.cif,1,9.586295423742525,4.948525689213006,8.636710154492757,0.0,-4.948525689213006,0.0,10.154736184722546,10.252052741923182,8.636710154492757
r240\t2.4\t2.4_20.cif,1,9.603900583748427,4.994065156478293,9.147636170844697,0.0,-4.994065156478293,0.0,10.213132110168608,11.690053168854742,9.147636170844697
r240\t2.4\t2.4_160.cif,1,9.3837732480761,4.971094108101407,9.015616741376748,0.0,-4.971094108101407,0.0,9.903206331332477,10.294396760230232,9.015616741376748
r240\t2.4\t2.4_220.cif,1,9.472900764418084,4.887124157815946,9.167109794481927,0.0,-4.887124157815946,0.0,9.906645000394475,9.72805183553388,9.167109794481927
r240\t2.4\t2.4_180.cif,1,9.429509301318577,4.791806372219533,9.469264626856358,0.0,-4.791806372219533,0.0,9.931637847022959,10.195980266928705,9.469264626856358
r240\t2.4\t2.4_200.cif,1,9.390482656997913,4.930057149050826,9.508002968304709,0.0,-4.930057149050826,0.0,10.041525268224408,11.764375154667206,9.508002968304709
r240\t2.4\t2.4_240.cif,1,9.78744862988824,5.199010724145261,8.785033196508051,0.0,-5.199010724145261,0.0,10.343099828143817,11.055785322004478,8.785033196508051
r240\t2.4\t2.4_260.cif,1,9.477828814793778,5.090945407094943,8.432373539819828,0.0,-5.090945407094943,0.0,9.854341974081509,9.231846318920958,8.432373539819828
r240\t2.4\t2.4_280.cif,1,9.423582559113527,5.075708657950815,8.511136993049126,0.0,-5.075708657950815,0.0,9.824592417230855,9.730622258601308,8.511136993049126
r240\t2.4\t2.4_320.cif,1,9.227553891844819,5.24153234804715,8.328730887188318,0.0,-5.24153234804715,0.0,9.652449694051803,10.487901707290307,8.328730887188318
r240\t2.4\t2.4_300.cif,1,9.376297117361048,5.137026939930097,8.45612600044734,0.0,-5.137026939930097,0.0,9.755662398908477,9.428650917256983,8.45612600044734
r240\t2.4\t2.4_340.cif,1,9.429662972504628,5.010947227393844,8.615153752415791,0.0,-5.010947227393844,0.0,10.072597399504792,11.0451300086551,8.615153752415791
r240\t2.4\t2.4_60.cif,1,9.506454024014642,5.001190757228078,8.80319225484564,0.0,-5.001190757228078,0.0,10.00019964476969,10.250744273514167,8.80319225484564
r240\t2.4\t2.4_80.cif,1,9.572822164632058,5.12848386575665,8.628599510461715,0.0,-5.12848386575665,0.0,10.174111800637586,10.87378631043738,8.628599510461715
r240\t2.4\t2.4_40.cif,1,9.543496690668004,4.847956960382025,9.252854725494313,0.0,-4.847956960382025,0.0,10.041007088213552,10.385374584728169,9.252854725494313
r240\t3.6\t3.6_0.cif,1,9.303503808137007,4.98824318858236,8.921727281409883,0.0,-4.98824318858236,0.0,9.900114037982766,11.549208409024695,8.921727281409883
r240\t3.6\t3.6_140.cif,1,9.29926025042123,4.972857858093809,8.62842662556457,0.0,-4.972857858093809,0.0,9.782775695403354,10.26067143341565,8.62842662556457
r240\t3.6\t3.6_120.cif,1,9.38654001373272,5.045795114722013,8.243116418198298,0.0,-5.045795114722013,0.0,9.563042617150392,9.773957749763937,8.243116418198298
r240\t3.6\t3.6_100.cif,1,9.274099816564116,4.958735233422676,8.314598085731573,0.0,-4.958735233422676,0.0,9.7545969713572,10.016615712133861,8.314598085731573
r240\t3.6\t3.6_160.cif,1,9.01289486020526,5.296322896073691,8.794986448017019,0.0,-5.296322896073691,0.0,9.66121212630686,12.07423966040403,8.794986448017019
r240\t3.6\t3.6_180.cif,1,9.208308183142684,4.828708661691862,9.467615830213573,0.0,-4.828708661691862,0.0,9.716119862145282,10.374357323741663,9.467615830213573
r240\t3.6\t3.6_200.cif,1,9.189104971263825,4.877695798455118,9.534384131016402,0.0,-4.877695798455118,0.0,9.792944716671833,11.730926832571468,9.534384131016402
r240\t3.6\t3.6_240.cif,1,9.221282798121676,5.107213655735977,8.631662231234232,0.0,-5.107213655735977,0.0,9.615613442865998,9.920030165471049,8.631662231234232
r240\t3.6\t3.6_20.cif,1,9.276318035929162,5.002504734392048,9.088591066493834,0.0,-5.002504734392048,0.0,9.838210982915403,11.939008822669992,9.088591066493834
r240\t3.6\t3.6_220.cif,1,9.275102450981427,4.875247321122434,9.143107315223629,0.0,-4.875247321122434,0.0,9.667644868083514,9.752232824299783,9.143107315223629
r240\t3.6\t3.6_280.cif,1,9.244211821669246,5.074438232918895,8.468904200305618,0.0,-5.074438232918895,0.0,9.600000189866675,9.421265785200838,8.468904200305618
r240\t3.6\t3.6_300.cif,1,9.219485160371862,5.158691610265696,8.474872243521965,0.0,-5.158691610265696,0.0,9.842282061586726,9.763348218163344,8.474872243521965
r240\t3.6\t3.6_260.cif,1,9.27332026883972,5.1226562965325755,8.43578654150197,0.0,-5.1226562965325755,0.0,9.671985246007331,9.779179760533939,8.43578654150197
r240\t3.6\t3.6_320.cif,1,9.292413441221754,5.148982946046711,8.394466232499491,0.0,-5.148982946046711,0.0,9.74682450114301,9.814481352076278,8.394466232499491
r240\t3.6\t3.6_60.cif,1,9.160856259360386,5.0011179730096424,8.819514660648847,0.0,-5.0011179730096424,0.0,9.646617273573986,10.417563066637284,8.819514660648847
r240\t3.6\t3.6_80.cif,1,9.449942975057565,5.257132935858752,8.635492016702651,0.0,-5.257132935858752,0.0,10.038840298777696,10.917670161118956,8.635492016702651
r240\t3.6\t3.6_340.cif,1,9.227914245767325,4.97852269586601,8.61039219170461,0.0,-4.97852269586601,0.0,9.841847392294627,11.076036761492274,8.61039219170461
r240\t4.8\t4.8_100.cif,1,9.918328070817378,5.072135405192648,8.196659563566545,0.0,-5.072135405192648,0.0,10.211002369527753,10.123483429874382,8.196659563566545
r240\t3.6\t3.6_40.cif,1,9.236800884703424,4.863214132043315,9.258239734273497,0.0,-4.863214132043315,0.0,9.720521011531563,10.570321195395472,9.258239734273497
r240\t4.8\t4.8_0.cif,1,9.412294005259296,4.982775847505242,8.912542860521185,0.0,-4.982775847505242,0.0,10.019007620643572,11.530140512519116,8.912542860521185
r240\t4.8\t4.8_120.cif,1,9.667673778683769,5.057375356462261,8.216988773987742,0.0,-5.057375356462261,0.0,9.811640458882174,9.837816914444392,8.216988773987742
r240\t4.8\t4.8_140.cif,1,9.552503220830301,4.986953772346791,8.61484388220205,0.0,-4.986953772346791,0.0,9.75968576406483,10.275671980912364,8.61484388220205
r240\t4.8\t4.8_160.cif,1,9.442542191031057,4.872707240982577,9.049057652137023,0.0,-4.872707240982577,0.0,9.62330941841535,9.887856619269577,9.049057652137023
r240\t4.8\t4.8_180.cif,1,9.27115960697295,4.796709263059214,9.494411241962737,0.0,-4.796709263059214,0.0,9.738197777879389,10.16615840765599,9.494411241962737
r240\t4.8\t4.8_200.cif,1,9.274639988863203,4.884944826840553,9.490663140664443,0.0,-4.884944826840553,0.0,9.884795779670402,11.789327635273848,9.490663140664441
r240\t4.8\t4.8_20.cif,1,9.29742272327023,5.025163446794686,9.140249275032016,0.0,-5.025163446794686,0.0,9.95744840268245,11.878093468933779,9.140249275032016
r240\t4.8\t4.8_260.cif,1,9.339844067388075,5.091230452141057,8.457490282206887,0.0,-5.091230452141057,0.0,9.909530405800004,9.380236630608769,8.457490282206887
r240\t4.8\t4.8_220.cif,1,9.351207473354025,4.8830495457571175,9.11693199239659,0.0,-4.8830495457571175,0.0,9.773462878525418,9.786306607127573,9.11693199239659
r240\t4.8\t4.8_240.cif,1,9.431156501052042,5.0793625397067705,8.670739524051207,0.0,-5.0793625397067705,0.0,10.069371574041643,9.879357737289485,8.670739524051207
r240\t4.8\t4.8_280.cif,1,9.35240388527545,5.0549011008272196,8.460611214330491,0.0,-5.0549011008272196,0.0,9.900412426802829,9.420577752731123,8.460611214330491
r240\t4.8\t4.8_300.cif,1,9.395645030511561,5.105680918681395,8.446143595648877,0.0,-5.105680918681395,0.0,9.985917278138205,9.426550424099407,8.446143595648877
r240\t4.8\t4.8_320.cif,1,9.55443389985529,5.125033780415956,8.39039106346147,0.0,-5.125033780415956,0.0,10.254753002077615,9.813309756412592,8.39039106346147
r240\t4.8\t4.8_340.cif,1,9.428271990984314,5.042801326693361,8.564162185275455,0.0,-5.042801326693361,0.0,10.212821797699462,11.119970368738436,8.564162185275455
r240\t4.8\t4.8_60.cif,1,9.263146148142159,5.04907065517281,8.814493966273192,0.0,-5.04907065517281,0.0,9.742352304068609,10.601525599186484,8.814493966273192
r240\t4.8\t4.8_80.cif,1,9.536055081304411,5.119365113197046,8.61883389367603,0.0,-5.119365113197046,0.0,10.122950529165097,10.851663255462233,8.61883389367603
r240\t4.8\t4.8_40.cif,1,9.298376874906756,4.887023141287695,9.251807624554464,0.0,-4.887023141287695,0.0,9.801508661859817,10.58049003970693,9.251807624554464
r240\t6.0\t6.0_0.cif,1,9.677469101122522,5.005127410961682,8.952475948000512,0.0,-5.005127410961682,0.0,9.97408706523743,11.490928399173123,8.952475948000512
r240\t6.0\t6.0_120.cif,1,9.312485880774638,5.153073347977226,8.231684141865125,0.0,-5.153073347977226,0.0,9.560972826315032,10.376335641313847,8.231684141865125
r240\t6.0\t6.0_20.cif,1,9.478681686294964,5.029416014491097,9.142055343749327,0.0,-5.029416014491097,0.0,9.761982619832951,11.867286966156751,9.142055343749327
r240\t6.0\t6.0_160.cif,1,8.80116651991214,4.8928369478247085,9.06842985946476,0.0,-4.8928369478247085,0.0,9.480965030868624,10.217406808046064,9.06842985946476
r240\t6.0\t6.0_100.cif,1,9.806554478715055,5.5648726945430385,7.753432400319783,0.0,-5.5648726945430385,0.0,9.913659099706633,11.633317382265343,7.753432400319783
r240\t6.0\t6.0_140.cif,1,8.798514720470159,4.969610516452528,8.619694112126291,0.0,-4.969610516452528,0.0,9.464890486780794,10.27088966882265,8.619694112126291
r240\t6.0\t6.0_220.cif,1,9.233775444374071,4.85440745818758,9.148032509016117,0.0,-4.85440745818758,0.0,9.442231760926546,9.776974448746412,9.148032509016117
r240\t6.0\t6.0_200.cif,1,8.970552985108903,4.879544158041086,9.528384504058565,0.0,-4.879544158041086,0.0,9.587926309356963,11.758135512858921,9.528384504058565
r240\t6.0\t6.0_180.cif,1,8.803745849177954,4.729700193555607,9.509371085790786,0.0,-4.729700193555607,0.0,9.487272848519204,10.167219641495427,9.509371085790786
r240\t6.0\t6.0_300.cif,1,9.707813526981791,5.253238805789073,8.35401198563055,0.0,-5.253238805789073,0.0,9.825603543780952,10.272724248506545,8.35401198563055
r240\t6.0\t6.0_260.cif,1,9.479265841508177,5.151959070252995,8.423755374076647,0.0,-5.151959070252995,0.0,9.452702407847685,9.819177004039805,8.423755374076647
r240\t6.0\t6.0_240.cif,1,9.601584474813823,5.023218974330384,8.689137019671037,0.0,-5.023218974330384,0.0,9.607621281325002,9.877489598445983,8.689137019671037
r240\t6.0\t6.0_280.cif,1,9.577132481393308,5.078228269472771,8.423709880205873,0.0,-5.078228269472771,0.0,9.708495638163825,9.463452530647364,8.423709880205873
r240\t6.0\t6.0_40.cif,1,9.448865981666815,4.850205406257615,9.280412456629284,0.0,-4.850205406257615,0.0,9.574564183355674,10.54953873247386,9.280412456629284
r240\t6.0\t6.0_320.cif,1,9.826287568277817,5.121163172818458,8.313781970512766,0.0,-5.121163172818458,0.0,10.118326863883357,9.900331105864907,8.313781970512766
r240\t6.0\t6.0_60.cif,1,9.51182402921702,5.014377878561938,8.769188332839764,0.0,-5.014377878561938,0.0,9.710140856738168,10.28871372872819,8.769188332839764
r240\t6.0\t6.0_340.cif,1,9.812731043479161,5.130451822214709,8.500714724652049,0.0,-5.130451822214709,0.0,10.237359450250498,11.181360153164004,8.500714724652049
r240\t7.2\t7.2_0.cif,1,9.153445846285234,4.891289609327481,8.945364131613639,0.0,-4.891289609327481,0.0,9.728211515745,11.271171420992312,8.945364131613639
r240\t7.2\t7.2_100.cif,1,8.988910781846068,5.025225289339813,8.131847850982265,0.0,-5.025225289339813,0.0,9.39318056820791,10.265315119845722,8.131847850982265
r240\t6.0\t6.0_80.cif,1,9.494307568162805,4.983348626119261,8.590390409490322,0.0,-4.983348626119261,0.0,9.594811135537423,10.063511130168443,8.590390409490322
r240\t7.2\t7.2_160.cif,1,8.999651617924973,4.863748417295395,9.057077086183556,0.0,-4.863748417295395,0.0,9.398338330711553,10.053754294143411,9.057077086183556
r240\t7.2\t7.2_180.cif,1,9.001780759638795,4.725934461135283,9.499480938203837,0.0,-4.725934461135283,0.0,9.408192578330896,10.181160457633633,9.499480938203837
r240\t7.2\t7.2_140.cif,1,9.131264987374616,5.045009550036996,8.608631392607188,0.0,-5.045009550036996,0.0,9.572960369546545,10.51628280634151,8.608631392607188
r240\t7.2\t7.2_120.cif,1,9.119700340121152,5.114461767293523,8.219641161840704,0.0,-5.114461767293523,0.0,9.541446024198159,9.841718218182306,8.219641161840704
r240\t7.2\t7.2_20.cif,1,9.07503672749225,5.002023129531139,9.185970349943887,0.0,-5.002023129531139,0.0,9.67886043241291,11.807455218000968,9.185970349943887
r240\t7.2\t7.2_200.cif,1,9.038840612395138,4.913283298643832,9.477327833585402,0.0,-4.913283298643832,0.0,9.57812561291138,11.830089765616068,9.477327833585402
r240\t7.2\t7.2_240.cif,1,9.173726741597369,5.053056726412998,8.689627794932887,0.0,-5.053056726412998,0.0,9.56488897361921,9.8808743541706,8.689627794932887
r240\t7.2\t7.2_220.cif,1,9.09040608068006,4.885026724279335,9.122979382028527,0.0,-4.885026724279335,0.0,9.422821363703124,9.984485447299715,9.122979382028527
r240\t7.2\t7.2_260.cif,1,9.026606962285,5.141046654333195,8.406454283197826,0.0,-5.141046654333195,0.0,9.580010667228393,9.651604396105204,8.406454283197826
r240\t7.2\t7.2_300.cif,1,9.502735806283441,5.58347365380081,7.983749013715024,0.0,-5.58347365380081,0.0,10.143955004827658,11.134035745712326,7.983749013715024
r240\t7.2\t7.2_280.cif,1,9.138691967797678,5.128300711044556,8.463741622156954,0.0,-5.128300711044556,0.0,9.66756993416894,10.13548018109281,8.463741622156954
r240\t7.2\t7.2_320.cif,1,9.023955709593137,5.0490750546869325,8.060645197081644,0.0,-5.0490750546869325,0.0,9.285894191956185,8.99893369324397,8.060645197081644
r240\t7.2\t7.2_340.cif,1,9.056281217281313,5.523345148736994,8.03207883329083,0.0,-5.523345148736994,0.0,9.522317571642665,12.165312961523243,8.03207883329083
r240\t7.2\t7.2_40.cif,1,9.071972176317082,4.8767363809011135,9.288978215818455,0.0,-4.8767363809011135,0.0,9.544557448042895,10.552655347219233,9.288978215818455
r240\t8.4\t8.4_0.cif,1,9.302969143556409,4.82714598540949,8.983858728978326,0.0,-4.82714598540949,0.0,9.795875668070519,10.346152906655039,8.983858728978326
r240\t7.2\t7.2_80.cif,1,8.961255517156703,4.990079958785121,8.592054517859093,0.0,-4.990079958785121,0.0,9.36879573214332,10.072446311090477,8.592054517859093
r240\t8.4\t8.4_120.cif,1,9.518020676753292,5.507008848963721,7.908714287525026,0.0,-5.507008848963721,0.0,10.172985720830791,11.491323880265604,7.908714287525026
r240\t8.4\t8.4_100.cif,1,9.1504178241661,5.0461319960091,8.161283288553285,0.0,-5.0461319960091,0.0,9.549060270354751,10.195905154828738,8.161283288553285
r240\t7.2\t7.2_60.cif,1,8.991449249444845,4.992651407881874,8.805573696853534,0.0,-4.992651407881874,0.0,9.383655841555063,10.257264508670037,8.805573696853534
r240\t8.4\t8.4_180.cif,1,9.250557377081353,4.715281369523589,9.506441359075227,0.0,-4.715281369523589,0.0,9.68741478331007,10.167549722463097,9.506441359075227
r240\t8.4\t8.4_160.cif,1,9.45093394420216,4.888222391037661,9.048979963934443,0.0,-4.888222391037661,0.0,9.656065403096596,10.244699008822293,9.048979963934443
r240\t8.4\t8.4_140.cif,1,9.37794811438767,5.007441224940131,8.640922943147967,0.0,-5.007441224940131,0.0,9.914857629716277,10.240550162997723,8.640922943147967
r240\t8.4\t8.4_20.cif,1,9.236235135308666,4.996100401549421,9.192376027862318,0.0,-4.996100401549421,0.0,9.894749450984467,11.785646343077746,9.192376027862318
r240\t8.4\t8.4_200.cif,1,9.246883247987196,4.930348037193666,9.471720129219737,0.0,-4.930348037193666,0.0,9.816682812368903,11.845621705731807,9.471720129219737
r240\t8.4\t8.4_220.cif,1,9.23441759167903,4.9388154921736716,9.133657989093233,0.0,-4.9388154921736716,0.0,9.678005805471225,10.379112787866502,9.133657989093233
r240\t8.4\t8.4_240.cif,1,9.243131085340535,5.082022655626542,8.65024630340007,0.0,-5.082022655626542,0.0,9.657136970105855,9.918216655715193,8.65024630340007
r240\t8.4\t8.4_260.cif,1,9.079432316217504,5.197340572921853,8.394560543202294,0.0,-5.197340572921853,0.0,9.482351148319527,10.33222145609526,8.394560543202294
r240\t8.4\t8.4_280.cif,1,9.223711003350369,5.120300519348036,8.460705624773922,0.0,-5.120300519348036,0.0,9.582688534016679,10.147272669542863,8.460705624773922
r240\t8.4\t8.4_320.cif,1,9.325873808462482,5.106421789034662,8.398723398239378,0.0,-5.106421789034662,0.0,9.793413752307224,9.797503373821684,8.398723398239378
r240\t8.4\t8.4_300.cif,1,9.403535116324067,5.240757895130188,8.306568132965404,0.0,-5.240757895130188,0.0,9.872615882296119,9.935284903515015,8.306568132965404
r240\t8.4\t8.4_340.cif,1,9.11649440071039,5.1115260382805685,8.576461422051292,0.0,-5.1115260382805685,0.0,9.67300266871421,11.438562883245138,8.576461422051292
r240\t8.4\t8.4_40.cif,1,9.302913253371473,4.871626991988489,9.297890293328733,0.0,-4.871626991988489,0.0,9.833954158718198,10.540093651630755,9.297890293328733
r240\t8.4\t8.4_60.cif,1,9.219725453286035,4.976033415811557,8.826807239135976,0.0,-4.976033415811557,0.0,9.684323311191712,10.401331046299727,8.826807239135976
r240\t9.6\t9.6_120.cif,1,9.540444543027222,5.124809988629916,8.193705623360087,0.0,-5.124809988629916,0.0,10.21728896324797,10.059323001537358,8.193705623360087
r240\t8.4\t8.4_80.cif,1,9.106742539810982,4.989443078589628,8.599027454616847,0.0,-4.989443078589628,0.0,9.54764930314346,10.539245851215446,8.599027454616847
r240\t9.6\t9.6_0.cif,1,9.54231210828847,4.789789321910991,9.060096529885499,0.0,-4.789789321910991,0.0,10.0431995025378,10.273936623222268,9.060096529885499
r240\t9.6\t9.6_100.cif,1,9.434269078075639,4.972736886529874,8.119219597422335,0.0,-4.972736886529874,0.0,10.14021662475167,10.238992075904706,8.119219597422335
r240\t9.6\t9.6_20.cif,1,9.591651164814781,4.948242515504439,9.188126583301221,0.0,-4.948242515504439,0.0,10.259579137576651,11.78310641364796,9.188126583301221
r240\t9.6\t9.6_180.cif,1,9.605227513928348,4.799711583003726,9.405210567161005,0.0,-4.799711583003726,0.0,10.31230077188937,10.27773575304755,9.405210567161005
r240\t9.6\t9.6_140.cif,1,9.669292702874108,4.995536642899851,8.619068080043544,0.0,-4.995536642899851,0.0,10.47277540172431,10.275540336470625,8.619068080043544
r240\t9.6\t9.6_160.cif,1,9.679909340391054,4.93018949545885,9.000113245075477,0.0,-4.93018949545885,0.0,10.409935663652394,10.284293911249256,9.000113245075477
r240\t9.6\t9.6_200.cif,1,9.503441759038749,4.927405439326213,9.454434670984584,0.0,-4.927405439326213,0.0,10.068557684262485,11.85994863399495,9.454434670984584
r240\t9.6\t9.6_220.cif,1,9.328837274368208,5.078005925800799,9.107048977580968,0.0,-5.078005925800799,0.0,9.943519981830432,12.194572104468508,9.107048977580968
r240\t9.6\t9.6_240.cif,1,9.399008459860726,5.386499792874108,8.55128157415632,0.0,-5.386499792874108,0.0,10.011322861273248,11.187559725089745,8.55128157415632
r240\t9.6\t9.6_260.cif,1,9.421554874156486,5.129534864286501,8.419473187616425,0.0,-5.129534864286501,0.0,9.756772614536132,9.450729955150466,8.419473187616425
r240\t9.6\t9.6_300.cif,1,9.751324685539844,5.210154472104448,8.299871564628276,0.0,-5.210154472104448,0.0,10.011005056121652,9.590229689788954,8.299871564628276
r240\t9.6\t9.6_280.cif,1,9.44994982621193,5.254531560253684,8.409679820853613,0.0,-5.254531560253684,0.0,9.843369271988864,10.214348655672861,8.409679820853613
r240\t9.6\t9.6_40.cif,1,9.63835814338765,4.839429307201694,9.29611268299123,0.0,-4.839429307201694,0.0,10.183346598994332,10.197014183307768,9.29611268299123
r240\t9.6\t9.6_340.cif,1,9.784190640043075,5.040306019027548,8.599403484395465,0.0,-5.040306019027548,0.0,10.422609729843773,11.060473700568258,8.599403484395465
r240\t9.6\t9.6_320.cif,1,9.812287621453514,5.35664165328358,8.252370421024606,0.0,-5.35664165328358,0.0,10.221103220608402,11.00528429627403,8.252370421024606
r240\t9.6\t9.6_80.cif,1,9.474349367771802,4.980321038954117,8.580943209997365,0.0,-4.980321038954117,0.0,10.150587310520748,10.30797052282859,8.580943209997365
r240\t9.6\t9.6_60.cif,1,9.59809367016683,5.063572440815745,8.799838567363476,0.0,-5.063572440815745,0.0,10.144109717247304,10.621963036836409,8.799838567363476
r260\t0\t0_140.cif,1,9.275279357487682,4.910846438991941,9.217103707651699,0.0,-4.910846438991941,0.0,9.86213918822289,10.202836770054816,9.217103707651699
r260\t0\t0_0.cif,1,9.556089323175785,5.561845022655057,8.546054255381806,0.0,-5.561845022655057,0.0,10.357953634195646,13.221852233135996,8.546054255381806
r260\t0\t0_160.cif,1,9.406713063761137,4.746078609494754,9.957545387267782,0.0,-4.746078609494754,0.0,10.0032238985237,9.360638531872315,9.957545387267782
r260\t0\t0_100.cif,1,9.27570524613555,5.09752231864107,8.741200943986009,0.0,-5.09752231864107,0.0,9.842364606866644,10.155971634410756,8.741200943986012
r260\t0\t0_120.cif,1,9.08512070215526,4.895216165798037,8.871022535132504,0.0,-4.895216165798037,0.0,9.601378386861038,9.701542462637429,8.871022535132504
r260\t0\t0_180.cif,1,9.384762361768194,4.75083807841498,10.119174076864644,0.0,-4.75083807841498,0.0,9.974565073267902,10.09343680734676,10.119174076864644
r260\t0\t0_20.cif,1,9.421199323315584,5.0605873779465105,9.021624518251782,0.0,-5.0605873779465105,0.0,10.115307544912195,11.16303813773591,9.021624518251782
r260\t0\t0_220.cif,1,9.269622391426964,5.02343907737731,10.049740405651304,0.0,-5.02343907737731,0.0,9.953553122898349,10.700035356972469,10.049740405651304
r260\t0\t0_240.cif,1,9.166747568925402,5.1840752880314644,9.442905006332339,0.0,-5.1840752880314644,0.0,9.701925506896002,9.898248062876092,9.442905006332339
r260\t0\t0_200.cif,1,9.423598039702906,4.8416638807818355,10.428179441834244,0.0,-4.8416638807818355,0.0,10.103838818638991,11.042780053269865,10.428179441834244
r260\t0\t0_260.cif,1,9.415201139588278,4.861426972287222,9.185845570369835,0.0,-4.861426972287222,0.0,9.888822383256585,8.708256259863813,9.185845570369835
r260\t0\t0_280.cif,1,9.470245147473598,5.042617085240774,9.1625799027314,0.0,-5.042617085240774,0.0,9.85487314027786,9.178039191197954,9.1625799027314
r260\t0\t0_300.cif,1,9.572772381274872,5.107109267763942,9.259977265883721,0.0,-5.107109267763942,0.0,10.038852814474932,9.038344587195551,9.259977265883721
r260\t0\t0_320.cif,1,9.686007567734523,5.325695655587779,8.493036022161446,0.0,-5.325695655587779,0.0,10.319342705856139,10.60302909746626,8.493036022161446
r260\t0\t0_340.cif,1,9.592867766398003,5.461303321426853,8.088436070965118,0.0,-5.461303321426853,0.0,10.44877239931215,12.108136966799613,8.088436070965118
r260\t0\t0_40.cif,1,9.398366482484864,4.958510825532652,9.7246989454146,0.0,-4.958510825532652,0.0,10.166772719012076,10.677613487221478,9.7246989454146
r260\t0\t0_60.cif,1,9.444820367917236,4.979211671811503,9.487466898038459,0.0,-4.979211671811503,0.0,10.01716375544333,10.367170968051866,9.487466898038459
r260\t1.2\t1.2_0.cif,1,9.367794996798706,5.201255460298729,9.398932082233706,0.0,-5.201255460298729,0.0,9.71163670904185,12.059537549541393,9.398932082233706
r260\t0\t0_80.cif,1,9.77016890607851,5.433505644369635,8.706661742262439,0.0,-5.433505644369635,0.0,10.611067634905421,11.70320487363365,8.706661742262439
r260\t1.2\t1.2_100.cif,1,9.294190298358652,5.3993398370528,8.666776629191643,0.0,-5.3993398370528,0.0,9.73200557351494,11.550944489691254,8.666776629191643
r260\t1.2\t1.2_120.cif,1,9.149609906826536,5.108578782872001,8.496327786227694,0.0,-5.108578782872001,0.0,9.339645420750449,9.856718366576896,8.496327786227692
r260\t1.2\t1.2_180.cif,1,9.260329554561208,4.722128505569409,10.224553371640798,0.0,-4.722128505569409,0.0,9.358984219862409,10.161342843523421,10.224553371640798
r260\t1.2\t1.2_160.cif,1,9.22875495528581,4.878307505408487,9.625391631549729,0.0,-4.878307505408487,0.0,9.521038659072744,10.216605679535862,9.625391631549729
r260\t1.2\t1.2_140.cif,1,9.182982824071193,4.892452761251188,9.23231370118632,0.0,-4.892452761251188,0.0,9.402442309079387,9.957346922923305,9.23231370118632
r260\t1.2\t1.2_20.cif,1,9.382555275901435,4.942449692828929,9.720160855905657,0.0,-4.942449692828929,0.0,9.608921570955415,11.456754544233352,9.720160855905657
r260\t1.2\t1.2_240.cif,1,9.036071108643421,5.140305759516872,9.433192625881986,0.0,-5.140305759516872,0.0,9.385990227278736,9.892555825797267,9.433192625881986
r260\t1.2\t1.2_200.cif,1,9.255232281728002,5.13513626400898,10.117884047624676,0.0,-5.13513626400898,0.0,9.610052391728882,12.822738665689448,10.117884047624676
r260\t1.2\t1.2_220.cif,1,9.191777808923836,5.292672442950192,9.783043551757062,0.0,-5.292672442950192,0.0,9.51093267614666,12.254120137281813,9.783043551757062
r260\t1.2\t1.2_280.cif,1,9.141145948999323,5.0724529089369375,9.134556101665098,0.0,-5.0724529089369375,0.0,9.622859750639474,9.19489426111875,9.134556101665098
r260\t1.2\t1.2_260.cif,1,9.223825127245666,5.191519644227585,8.830137721669994,0.0,-5.191519644227585,0.0,9.773687399449948,9.57785050913684,8.830137721669994
r260\t1.2\t1.2_300.cif,1,9.215130960933623,5.222128357900046,8.888152534103572,0.0,-5.222128357900046,0.0,9.735869200295454,9.542845427508926,8.888152534103572
r260\t1.2\t1.2_320.cif,1,9.20230961988114,5.440848870457911,8.524081874394884,0.0,-5.440848870457911,0.0,9.617346090130662,11.720641745586779,8.524081874394884
r260\t1.2\t1.2_60.cif,1,9.195993123357203,5.029557541710688,9.48471478555936,0.0,-5.029557541710688,0.0,9.57890341737326,10.340908269629557,9.48471478555936
r260\t1.2\t1.2_40.cif,1,9.218657389024369,4.764872314417041,9.973778552100802,0.0,-4.764872314417041,0.0,9.718333534486693,9.855268422771415,9.973778552100802
r260\t1.2\t1.2_340.cif,1,9.261053687459661,5.487135527882457,8.976578685467866,0.0,-5.487135527882457,0.0,9.847554004662745,12.618968999037405,8.976578685467866
r260\t2.4\t2.4_0.cif,1,9.495770743040143,5.117396485888184,9.405386990163901,0.0,-5.117396485888184,0.0,10.136335665520066,12.06757515718531,9.405386990163901
r260\t1.2\t1.2_80.cif,1,9.450229278071943,5.221547585604238,9.285575679766385,0.0,-5.221547585604238,0.0,9.950164591947999,10.832466324039421,9.285575679766385
r260\t2.4\t2.4_100.cif,1,9.361193199373341,5.326312425753224,8.636413653600112,0.0,-5.326312425753224,0.0,9.985950967508364,10.890012612206856,8.636413653600112
r260\t2.4\t2.4_140.cif,1,9.686660531731212,5.05686369644449,9.155022794527671,0.0,-5.05686369644449,0.0,10.21324714038279,10.74118247431566,9.155022794527671
r260\t2.4\t2.4_120.cif,1,9.349466535131224,5.124461491645338,8.250942485239646,0.0,-5.124461491645338,0.0,9.87071141108022,9.856618461152086,8.250942485239646
r260\t2.4\t2.4_180.cif,1,9.498505282016152,4.920987159792946,10.176431860971563,0.0,-4.920987159792946,0.0,9.952907386556284,11.39589408926279,10.176431860971563
r260\t2.4\t2.4_200.cif,1,9.34619458333144,5.404019728604882,10.10204634984098,0.0,-5.404019728604882,0.0,10.004850503371156,13.674693073226292,10.10204634984098
r260\t2.4\t2.4_160.cif,1,9.558508725244337,5.032725468471452,9.536181570316693,0.0,-5.032725468471452,0.0,9.970407361087357,10.55224216375125,9.536181570316693
r260\t2.4\t2.4_240.cif,1,9.950870930805827,5.3372131269699485,8.657623607289075,0.0,-5.3372131269699485,0.0,10.236549950630325,11.25717977387314,8.657623607289075
r260\t2.4\t2.4_20.cif,1,9.495532245958605,4.888408058600973,10.029034076846473,0.0,-4.888408058600973,0.0,10.042047365038858,11.382572890318372,10.029034076846473
r260\t2.4\t2.4_220.cif,1,9.467285977488375,5.2142325874957915,10.331951627254412,0.0,-5.2142325874957915,0.0,10.142530124044399,12.401061874338232,10.331951627254412
r260\t2.4\t2.4_300.cif,1,9.367228274056442,5.226557419070429,8.886771127572128,0.0,-5.226557419070429,0.0,9.742543700497858,9.533229585125511,8.886771127572128
r260\t2.4\t2.4_320.cif,1,8.58907006727514,5.433081930580443,8.4984656250507,0.0,-5.433081930580443,0.0,9.22078440060327,10.850693328923263,8.4984656250507
r260\t2.4\t2.4_260.cif,1,9.320603657774848,5.0722953602701155,9.05039240836518,0.0,-5.0722953602701155,0.0,9.633770718232254,9.210125173652301,9.05039240836518
r260\t2.4\t2.4_280.cif,1,9.393403968394928,5.035766944613432,9.077660815743378,0.0,-5.035766944613432,0.0,9.63013370969477,8.850470164626712,9.077660815743378
r260\t2.4\t2.4_340.cif,1,9.333293588689617,5.192981814707552,8.859611425256368,0.0,-5.192981814707552,0.0,9.871093883949507,11.612112823512533,8.859611425256368
r260\t2.4\t2.4_60.cif,1,9.472263185377958,4.938638317786822,9.553843642090545,0.0,-4.938638317786822,0.0,9.889137636105753,10.272132303659522,9.553843642090545
r260\t2.4\t2.4_80.cif,1,9.479345392539145,5.106514276854915,9.391055733464823,0.0,-5.106514276854915,0.0,10.037403558925284,10.522033659673673,9.391055733464823
r260\t2.4\t2.4_40.cif,1,9.583076609576372,4.71850194264334,9.98828281435637,0.0,-4.71850194264334,0.0,9.921247076957027,9.614084361881204,9.98828281435637
r260\t3.6\t3.6_0.cif,1,9.240013401545948,4.730139497446639,9.838993006492156,0.0,-4.730139497446639,0.0,9.599686998910267,10.201674400586942,9.838993006492156
r260\t3.6\t3.6_100.cif,1,9.209667731222613,5.059637695096541,8.822471560360965,0.0,-5.059637695096541,0.0,9.448352576623241,10.05384578589473,8.822471560360965
r260\t3.6\t3.6_120.cif,1,9.341602963206523,5.071612942401621,8.256352749804604,0.0,-5.071612942401621,0.0,9.522459962752208,9.199520347154236,8.256352749804604
r260\t3.6\t3.6_160.cif,1,9.116048472570714,5.176118195266052,9.453301218479915,0.0,-5.176118195266052,0.0,9.665600175116994,11.352495797390695,9.453301218479915
r260\t3.6\t3.6_140.cif,1,9.204805829390178,5.213191977654037,8.675403536308178,0.0,-5.213191977654037,0.0,9.707443567332104,11.025228849161877,8.675403536308178
r260\t3.6\t3.6_20.cif,1,9.158539121036567,4.863842736791227,9.730956705530508,0.0,-4.863842736791227,0.0,9.587488024600384,11.091238301897334,9.730956705530508
r260\t3.6\t3.6_180.cif,1,9.098614091424267,5.10365504880654,9.85596305242181,0.0,-5.10365504880654,0.0,9.870702471160293,13.067136847740082,9.85596305242181
r260\t3.6\t3.6_200.cif,1,9.058421687899083,5.440356992522369,10.110655757788795,0.0,-5.440356992522369,0.0,9.656652846984796,13.696447516843401,10.110655757788795
r260\t3.6\t3.6_220.cif,1,9.112538935198021,5.348570967698985,9.162132841927788,0.0,-5.348570967698985,0.0,9.591735632143433,12.500557842940562,9.162132841927788
r260\t3.6\t3.6_280.cif,1,9.47142641697653,5.442401269056833,8.87611537386928,0.0,-5.442401269056833,0.0,10.05783901040744,10.98678478565704,8.87611537386928
r260\t3.6\t3.6_240.cif,1,9.351246308454044,5.514925297099339,8.871137986479482,0.0,-5.514925297099339,0.0,9.914462682803046,11.79324159285406,8.871137986479482
r260\t3.6\t3.6_320.cif,1,9.282450067030425,5.124039330880425,8.45684080740886,0.0,-5.124039330880425,0.0,9.968162641494063,9.7798014540001,8.45684080740886
r260\t3.6\t3.6_260.cif,1,9.302914451276996,5.375537330428011,8.61062828317296,0.0,-5.375537330428011,0.0,9.8190717582547,10.274868964762664,8.61062828317296
r260\t3.6\t3.6_300.cif,1,9.530479507905465,5.635779009049712,8.598442280612078,0.0,-5.635779009049712,0.0,10.196278570384234,11.77256973164092,8.598442280612078
r260\t3.6\t3.6_340.cif,1,9.09450561279813,5.015254693599553,8.92235494051433,0.0,-5.015254693599553,0.0,9.739631054750818,11.024063909892412,8.92235494051433
r260\t4.8\t4.8_100.cif,1,9.88480372782997,5.135094412536211,8.52193054044361,0.0,-5.135094412536211,0.0,10.029516525563546,10.300892557768488,8.52193054044361
r260\t3.6\t3.6_40.cif,1,9.197214819757672,4.8188698556809495,10.05223776160607,0.0,-4.8188698556809495,0.0,9.64769049203065,10.384803865062667,10.05223776160607
r260\t3.6\t3.6_80.cif,1,9.22898127449379,5.2496916530475675,9.485147812657276,0.0,-5.2496916530475675,0.0,9.829228350441555,11.269887760081112,9.485147812657276
r260\t3.6\t3.6_60.cif,1,9.037980330700094,5.127669391125517,9.312425806272202,0.0,-5.127669391125517,0.0,9.376415590664044,10.639795370384727,9.312425806272202
r260\t4.8\t4.8_0.cif,1,9.580608884406862,4.754823889841818,9.796512015672233,0.0,-4.754823889841818,0.0,10.110003803350105,10.305007776532637,9.796512015672233
r260\t4.8\t4.8_140.cif,1,9.55870065165957,5.497140567339095,8.897643399694747,0.0,-5.497140567339095,0.0,10.19931569570545,11.844124742262334,8.897643399694747
r260\t4.8\t4.8_120.cif,1,9.748894949854481,5.234563673065871,8.290072776704003,0.0,-5.234563673065871,0.0,10.107138935676982,10.854935597804543,8.290072776704003
r260\t4.8\t4.8_160.cif,1,9.330438515599566,5.444683091947096,9.297235344489488,0.0,-5.444683091947096,0.0,9.731098887914355,12.691296179781116,9.297235344489488
r260\t4.8\t4.8_200.cif,1,8.64593548860272,5.268212052445505,9.952507957316651,0.0,-5.268212052445505,0.0,9.335495340797477,12.982060512531286,9.952507957316651
r260\t4.8\t4.8_20.cif,1,9.297368853634097,4.772587117092894,9.716963673489454,0.0,-4.772587117092894,0.0,9.882775056010571,10.356362785664489,9.716963673489454
r260\t4.8\t4.8_180.cif,1,8.865212041740287,5.1489823478794525,10.039388829558208,0.0,-5.1489823478794525,0.0,9.516118648858187,13.166469813104777,10.039388829558208
r260\t4.8\t4.8_220.cif,1,8.753215891611317,5.36305592927703,9.6263205758512,0.0,-5.36305592927703,0.0,9.583119118157905,12.442978240145415,9.6263205758512
r260\t4.8\t4.8_240.cif,1,8.952854187235701,5.314890285325434,8.829243511458431,0.0,-5.314890285325434,0.0,9.764666883227543,10.306951452961076,8.829243511458431
r260\t4.8\t4.8_260.cif,1,9.039462830279039,5.578659972623505,8.739033170079866,0.0,-5.578659972623505,0.0,9.795962508898926,11.460596520668382,8.739033170079866
r260\t4.8\t4.8_280.cif,1,9.092657781092736,5.49825896656595,8.556938731644097,0.0,-5.49825896656595,0.0,9.615066860030987,10.829218251255167,8.556938731644097
r260\t4.8\t4.8_320.cif,1,9.57596026599982,5.476738402676487,8.543838116700513,0.0,-5.476738402676487,0.0,10.351309333956275,11.675604955836103,8.543838116700513
r260\t4.8\t4.8_60.cif,1,9.230567439206686,5.017189579497928,9.343620803160727,0.0,-5.017189579497928,0.0,9.82053096312539,10.599085435279497,9.343620803160727
r260\t4.8\t4.8_40.cif,1,9.291030683460768,4.8549590445045645,9.76818038168229,0.0,-4.8549590445045645,0.0,9.77130907261229,10.609725225896133,9.76818038168229
r260\t4.8\t4.8_340.cif,1,9.324133164458248,5.084196442067041,8.939632229919685,0.0,-5.084196442067041,0.0,9.940275118429215,11.007924108696598,8.939632229919685
r260\t4.8\t4.8_300.cif,1,9.487769304188484,5.662531912238724,8.713070956196402,0.0,-5.662531912238724,0.0,10.192301663826907,11.626457037019836,8.713070956196402
r260\t6.0\t6.0_100.cif,1,9.747560899951448,4.9358507476446984,8.563121786109772,0.0,-4.9358507476446984,0.0,9.773757991754165,9.680573555285704,8.563121786109772
r260\t4.8\t4.8_80.cif,1,9.324318823502908,5.058623603261498,9.525894654871308,0.0,-5.058623603261498,0.0,9.878131601943181,10.351913156202375,9.525894654871308
r260\t6.0\t6.0_120.cif,1,9.417064903439071,5.2153991658241505,8.287539192468326,0.0,-5.2153991658241505,0.0,9.482699458830115,10.361305189859225,8.287539192468326
r260\t6.0\t6.0_0.cif,1,9.59574098183311,4.7506390824623725,9.782458998594116,0.0,-4.7506390824623725,0.0,10.125555491181096,10.289496835317614,9.782458998594116
r260\t6.0\t6.0_140.cif,1,9.023695092366252,5.350435039932748,8.571134003683602,0.0,-5.350435039932748,0.0,9.49745838423233,11.14615178210219,8.571134003683602
r260\t6.0\t6.0_160.cif,1,8.763257194061886,5.522100034284124,9.526227926565966,0.0,-5.522100034284124,0.0,9.549822788990712,13.135137577162336,9.526227926565966
r260\t6.0\t6.0_200.cif,1,8.92688739551584,4.861349284121643,10.276789872039558,0.0,-4.861349284121643,0.0,9.44450592148995,11.790911919979793,10.276789872039558
r260\t6.0\t6.0_180.cif,1,8.71364871639379,4.95329285671346,10.223616915575175,0.0,-4.95329285671346,0.0,9.493781876576193,11.814838750594816,10.223616915575175
r260\t6.0\t6.0_220.cif,1,9.123406333236849,4.884216204535618,10.158595180261239,0.0,-4.884216204535618,0.0,9.263471208597283,9.824359056648786,10.158595180261239
r260\t6.0\t6.0_20.cif,1,9.600762323290189,4.6081746372866546,10.103042267133485,0.0,-4.6081746372866546,0.0,9.683937782850085,10.157370566626515,10.103042267133485
r260\t6.0\t6.0_240.cif,1,8.652063156976254,5.283125826992282,9.202905896293379,0.0,-5.283125826992282,0.0,9.03619793236385,10.215260044442436,9.202905896293379
r260\t6.0\t6.0_280.cif,1,9.421398680343327,5.055590464586846,9.027658379009427,0.0,-5.055590464586846,0.0,9.534716572606325,9.453456929530967,9.027658379009427
r260\t6.0\t6.0_320.cif,1,9.791756874533725,5.231710673070932,8.539380558619353,0.0,-5.231710673070932,0.0,9.989015705931157,9.977416160146527,8.539380558619353
r260\t6.0\t6.0_300.cif,1,9.516359903710208,5.091257304704993,8.798930377836191,0.0,-5.091257304704993,0.0,9.740292418008385,9.249868980305726,8.798930377836191
r260\t6.0\t6.0_260.cif,1,9.38876411004559,5.206396791994342,8.765326075606104,0.0,-5.206396791994342,0.0,9.352251955049995,9.653113422476421,8.765326075606104
r260\t6.0\t6.0_340.cif,1,9.931287703369238,5.219205213059105,8.642083590987763,0.0,-5.219205213059105,0.0,10.248735565877638,11.596047553617842,8.642083590987763
r260\t6.0\t6.0_40.cif,1,9.610686028709216,4.784200240041256,10.038441849122183,0.0,-4.784200240041256,0.0,9.710287864064323,10.043361737263723,10.038441849122183
r260\t6.0\t6.0_60.cif,1,9.315256271913702,5.125308759591919,9.315452518878045,0.0,-5.125308759591919,0.0,9.414052660108338,10.639857511353819,9.315452518878045
r260\t7.2\t7.2_100.cif,1,9.113116468908105,4.951724669249247,8.60431490999651,0.0,-4.951724669249247,0.0,9.39208482162321,9.887148977956121,8.60431490999651
r260\t6.0\t6.0_80.cif,1,9.37120137056127,5.284828905779825,9.111916733370492,0.0,-5.284828905779825,0.0,9.616321407369359,10.948075942075851,9.111916733370492
r260\t7.2\t7.2_120.cif,1,9.058451005497089,5.344011731257681,8.352767782648455,0.0,-5.344011731257681,0.0,9.475500787176516,10.875659702559819,8.352767782648455
r260\t7.2\t7.2_140.cif,1,8.542076101878383,5.410327379269468,8.85599468861141,0.0,-5.410327379269468,0.0,9.018839179183423,11.368577363832712,8.85599468861141
r260\t7.2\t7.2_0.cif,1,9.098754538221929,5.183738073110213,9.178411382383272,0.0,-5.183738073110213,0.0,9.65428325984219,12.315866138241152,9.178411382383272
r260\t7.2\t7.2_160.cif,1,8.028779392870875,5.5604357218270115,9.41450734748153,0.0,-5.5604357218270115,0.0,8.863732696426954,12.912856418296219,9.41450734748153
r260\t7.2\t7.2_180.cif,1,8.887113860779815,4.783901448168802,10.216846370457358,0.0,-4.783901448168802,0.0,9.146507458848516,10.207170083864137,10.216846370457358
r260\t7.2\t7.2_20.cif,1,9.112400483743302,5.0093832512946666,9.649051625915147,0.0,-5.0093832512946666,0.0,9.715282305223656,11.866256835373305,9.649051625915147
r260\t7.2\t7.2_200.cif,1,9.145622183736025,4.855213680329416,10.193338734754493,0.0,-4.855213680329416,0.0,9.437545894118799,11.067471132543904,10.193338734754493
r260\t7.2\t7.2_240.cif,1,9.296918403268897,5.274903745954115,8.82752657826462,0.0,-5.274903745954115,0.0,9.790676991048022,10.318761867829474,8.82752657826462
r260\t7.2\t7.2_280.cif,1,9.239799539064565,5.041631241834151,9.14368039510296,0.0,-5.041631241834151,0.0,9.640205496456257,9.56293555726621,9.14368039510296
r260\t7.2\t7.2_220.cif,1,9.444228778514496,5.082888514290107,9.562274100165212,0.0,-5.082888514290107,0.0,9.64790980430647,10.797728577257427,9.562274100165212
r260\t7.2\t7.2_260.cif,1,9.244922826359845,5.004153154768004,9.115834539271441,0.0,-5.004153154768004,0.0,9.66232734075954,9.178032047362352,9.115834539271441
r260\t7.2\t7.2_300.cif,1,9.120958172731086,5.06330020102137,8.862780923151917,0.0,-5.06330020102137,0.0,9.583207677292913,9.196530622272405,8.862780923151917
r260\t7.2\t7.2_320.cif,1,9.114306231070007,5.251147528700735,8.557872805456997,0.0,-5.251147528700735,0.0,9.762870209591359,10.481222961427209,8.557872805456997
r260\t7.2\t7.2_60.cif,1,8.868197404879533,5.095645716154116,9.255045583981659,0.0,-5.095645716154116,0.0,9.45907507626438,10.71086950715524,9.255045583981659
r260\t7.2\t7.2_80.cif,1,8.872571896448385,5.051576219399752,9.087156634466249,0.0,-5.051576219399752,0.0,9.348542006695547,10.595401922028078,9.087156634466249
r260\t7.2\t7.2_40.cif,1,8.967715343293017,4.917691339152652,9.75356384762875,0.0,-4.917691339152652,0.0,9.390555258893391,10.974404388664633,9.75356384762875
r260\t7.2\t7.2_340.cif,1,9.21333438609524,5.400824995778683,8.559261318721301,0.0,-5.400824995778683,0.0,9.67980397804164,11.991648618572063,8.559261318721301
r260\t8.4\t8.4_100.cif,1,8.982701395632272,5.053651620492791,8.678471796908122,0.0,-5.053651620492791,0.0,9.345745206425796,10.225375973263821,8.678471796908122
r260\t8.4\t8.4_0.cif,1,8.48703668084508,5.247186115940175,9.436763986296238,0.0,-5.247186115940175,0.0,9.29544421156534,12.300253894341058,9.436763986296238
r260\t8.4\t8.4_120.cif,1,8.61962192809103,5.025608559561122,8.738620973225748,0.0,-5.025608559561122,0.0,9.247028495613225,9.864888848893134,8.738620973225748
r260\t8.4\t8.4_160.cif,1,9.141678820438392,4.887202557118745,9.594173681307458,0.0,-4.887202557118745,0.0,9.490679339684108,10.231515868496952,9.594173681307458
r260\t8.4\t8.4_180.cif,1,9.292797498292536,4.769001492314762,10.23279191991421,0.0,-4.769001492314762,0.0,9.705533864792885,10.180142042109317,10.23279191991421
r260\t8.4\t8.4_200.cif,1,9.362417777388348,4.81227048037839,10.373469081123494,0.0,-4.81227048037839,0.0,9.596988991144945,10.005072396276413,10.373469081123494
r260\t8.4\t8.4_140.cif,1,9.025849738024318,4.9788617289937855,9.149682006472833,0.0,-4.9788617289937855,0.0,9.446973561352271,10.266318144453102,9.149682006472833
r260\t8.4\t8.4_20.cif,1,9.227237298503246,5.006379184002826,9.664651293278133,0.0,-5.006379184002826,0.0,9.783867984697647,11.848099714071825,9.664651293278133
r260\t8.4\t8.4_220.cif,1,9.20395261386149,4.924462320101307,9.995804312323871,0.0,-4.924462320101307,0.0,9.449797889541498,10.15062902420508,9.995804312323871
r260\t8.4\t8.4_300.cif,1,9.236272854808313,5.166113329399734,8.942126942707167,0.0,-5.166113329399734,0.0,9.571134655271592,9.471093723378464,8.942126942707167
r260\t8.4\t8.4_280.cif,1,9.312684887712937,5.110972016639918,9.161722668937264,0.0,-5.110972016639918,0.0,9.583091153976689,9.890021772052794,9.161722668937264
r260\t8.4\t8.4_240.cif,1,9.148197514345386,5.068424427840307,9.377656364847958,0.0,-5.068424427840307,0.0,9.487608244889618,9.984926233078879,9.377656364847958
r260\t8.4\t8.4_260.cif,1,9.016473523365708,5.140214778543559,8.839109114533285,0.0,-5.140214778543559,0.0,9.509922044650331,9.582954181074637,8.839109114533285
r260\t8.4\t8.4_320.cif,1,9.11684124206808,4.921232464528115,9.071972199461767,0.0,-4.921232464528115,0.0,9.402895056983372,9.308518818772873,9.071972199461767
r260\t8.4\t8.4_340.cif,1,9.131001320458552,5.109496446095484,9.12081823598125,0.0,-5.109496446095484,0.0,9.578194911613359,11.069662638553782,9.12081823598125
r260\t8.4\t8.4_40.cif,1,9.288973303872258,4.923279305269428,10.002093474337862,0.0,-4.923279305269428,0.0,9.814522399519719,11.32307607552686,10.002093474337862
r260\t8.4\t8.4_60.cif,1,9.250421376644432,5.067382723595121,9.5398135091219,0.0,-5.067382723595121,0.0,9.645397123442676,10.646816643452503,9.539813509121903
r260\t9.6\t9.6_0.cif,1,9.576062340130619,5.436199044232787,9.523515459252012,0.0,-5.436199044232787,0.0,10.336008061802662,13.081788305190532,9.523515459252012
r260\t8.4\t8.4_80.cif,1,9.426439617601718,5.367781964451498,9.171529557020687,0.0,-5.367781964451498,0.0,9.736634565363634,11.659414945162586,9.171529557020687
r260\t9.6\t9.6_100.cif,1,9.394377539177205,5.188430740656411,8.746487404638037,0.0,-5.188430740656411,0.0,10.025537161036752,10.144263964729353,8.746487404638037
r260\t9.6\t9.6_120.cif,1,9.376416930896744,5.013460321227136,8.894454876189053,0.0,-5.013460321227136,0.0,9.943547789872047,9.70078196589403,8.894454876189053
r260\t9.6\t9.6_140.cif,1,9.418596419057891,4.906524933747441,8.879898622559232,0.0,-4.906524933747441,0.0,10.073741184763344,9.955442257432013,8.879898622559232
r260\t9.6\t9.6_200.cif,1,9.620183202397492,5.014434084758297,10.122630552641597,0.0,-5.014434084758297,0.0,10.28257051140816,11.99017912581877,10.122630552641597
r260\t9.6\t9.6_160.cif,1,9.624453444464393,4.771440967899333,9.55104313245399,0.0,-4.771440967899333,0.0,10.158282278416308,9.487405758903522,9.55104313245399
r260\t9.6\t9.6_180.cif,1,9.702286570304416,4.83248162386925,10.150353286363018,0.0,-4.83248162386925,0.0,10.205466222356595,10.492027325270923,10.150353286363018
r260\t9.6\t9.6_240.cif,1,9.545244385097089,5.076454713908597,9.446783477012117,0.0,-5.076454713908597,0.0,9.914451827534284,9.910813659784196,9.446783477012115
r260\t9.6\t9.6_20.cif,1,9.647806261646164,4.937856269518635,9.905943224821359,0.0,-4.937856269518635,0.0,10.307311809392699,11.507526277386187,9.905943224821359
r260\t9.6\t9.6_220.cif,1,8.950202888450551,4.9611254079219895,10.104720592956824,0.0,-4.9611254079219895,0.0,9.918254593487328,10.685150509242474,10.104720592956824
r260\t9.6\t9.6_260.cif,1,9.652633492128478,4.8296942104815015,9.141221257762394,0.0,-4.8296942104815015,0.0,10.025530085759652,8.380983948044772,9.141221257762394
r260\t9.6\t9.6_340.cif,1,9.892296104101202,5.56814877926659,8.57362607200233,0.0,-5.56814877926659,0.0,10.536476543857804,12.879166693037456,8.57362607200233
r260\t9.6\t9.6_60.cif,1,9.693926909406965,5.035325073366767,9.47671010145163,0.0,-5.035325073366767,0.0,10.22244605870974,10.373988440921751,9.47671010145163
r260\t9.6\t9.6_320.cif,1,9.927530273970065,5.245484432577783,8.559151108028567,0.0,-5.245484432577783,0.0,10.36032599660151,9.944405859192509,8.559151108028567
r260\t9.6\t9.6_280.cif,1,9.410408679960574,5.246980533040475,8.785701965004957,0.0,-5.246980533040475,0.0,9.986804109875749,10.065948192893401,8.785701965004957
r260\t9.6\t9.6_40.cif,1,9.63352279363188,4.758591138257457,9.969359676464634,0.0,-4.758591138257457,0.0,10.135045309191842,9.871354697634713,9.969359676464634
r260\t9.6\t9.6_300.cif,1,9.551774624622638,5.188698664512106,8.904142189872154,0.0,-5.188698664512106,0.0,9.861734810835701,9.493880401016419,8.904142189872154
r280\t0\t0_100.cif,1,9.464210728233974,5.612981443348307,8.551565804807218,0.0,-5.612981443348307,0.0,10.06801022787452,11.717172318340738,8.551565804807218
r280\t0\t0_0.cif,1,9.451625464005067,5.31630524548367,8.626624599972503,0.0,-5.31630524548367,0.0,10.215919722156857,12.413358597681997,8.626624599972503
r260\t9.6\t9.6_80.cif,1,9.539117137552399,5.37952196572046,9.223436822573046,0.0,-5.37952196572046,0.0,10.203392148511746,11.602336229006553,9.223436822573046
r280\t0\t0_120.cif,1,9.275614101867808,5.15674233187917,8.555417897191559,0.0,-5.15674233187917,0.0,9.837850431362172,10.141217496280536,8.555417897191559
r280\t0\t0_160.cif,1,9.439913426873384,4.617622387131692,9.654726405851115,0.0,-4.617622387131692,0.0,10.023321331288164,8.888639286901263,9.654726405851115
r280\t0\t0_140.cif,1,9.34204766429825,4.917557361868634,8.98185194397729,0.0,-4.917557361868634,0.0,9.8628706168402,9.344077302833435,8.98185194397729
r280\t0\t0_180.cif,1,9.502436103274079,4.7238066802066285,9.76025195047488,0.0,-4.7238066802066285,0.0,9.979111795814378,10.07569791753898,9.76025195047488
r280\t0\t0_200.cif,1,9.508291062789725,4.9776000342653735,10.319960285173398,0.0,-4.9776000342653735,0.0,10.095242258992062,11.155415591407623,10.319960285173398
r280\t0\t0_240.cif,1,9.28168400517508,5.265826756932558,9.401055777583233,0.0,-5.265826756932558,0.0,9.855170159825363,10.785551177423027,9.401055777583233
r280\t0\t0_20.cif,1,9.44917308434458,5.0415697985071075,9.011913431111365,0.0,-5.0415697985071075,0.0,10.062530173607426,10.68156811110052,9.011913431111365
r280\t0\t0_220.cif,1,9.372253992419205,5.038420986970267,9.966537388673407,0.0,-5.038420986970267,0.0,9.939971396666017,10.060106356031824,9.966537388673407
r280\t0\t0_260.cif,1,9.467882909274195,5.0964789769191015,9.285693437652528,0.0,-5.0964789769191015,0.0,9.979857425785136,9.37609164768472,9.285693437652528
r280\t0\t0_300.cif,1,9.519968396858077,5.233688219501045,8.836785452826408,0.0,-5.233688219501045,0.0,10.008594814917405,9.600128530737269,8.836785452826408
r280\t0\t0_280.cif,1,9.62699850708705,4.917355827436287,9.179843520973929,0.0,-4.917355827436287,0.0,9.984052750644524,7.911356382411465,9.179843520973929
r280\t0\t0_340.cif,1,9.473836892086995,5.230392190913974,8.172932020763167,0.0,-5.230392190913974,0.0,10.163177185926395,11.754657087408289,8.172932020763167
r280\t0\t0_320.cif,1,9.556847344013786,5.153800900191762,8.541575555355823,0.0,-5.153800900191762,0.0,10.094364226025764,9.736848565449357,8.541575555355823
r280\t0\t0_80.cif,1,9.281429560748501,5.434069149930589,8.67476777011778,0.0,-5.434069149930589,0.0,10.048005009889346,11.24881587727498,8.67476777011778
r280\t0\t0_40.cif,1,9.35840795158029,5.173889804569181,9.561986020635185,0.0,-5.173889804569181,0.0,10.285730396454547,11.58447923298943,9.561986020635185
r280\t0\t0_60.cif,1,9.489691810052472,5.264646257230088,9.276944013944242,0.0,-5.264646257230088,0.0,10.103099718383492,10.964666915646303,9.276944013944242
r280\t1.2\t1.2_100.cif,1,9.389127225902968,5.416098335709428,8.339201257621953,0.0,-5.416098335709428,0.0,9.808456504088852,11.417106729869467,8.339201257621953
r280\t1.2\t1.2_0.cif,1,9.307961941264965,5.120305420839919,9.452381203705357,0.0,-5.120305420839919,0.0,9.542002001561276,12.022081726783457,9.452381203705357
r280\t1.2\t1.2_120.cif,1,9.20361227614748,5.143621411920751,8.244850034755355,0.0,-5.143621411920751,0.0,9.399907827076866,9.86600711891804,8.244850034755355
r280\t1.2\t1.2_140.cif,1,9.399924738953134,4.993708968577602,8.889327541291015,0.0,-4.993708968577602,0.0,9.585807604305618,9.447002739595687,8.889327541291015
r280\t1.2\t1.2_160.cif,1,9.500862226900473,4.846272377798423,9.605868458332763,0.0,-4.846272377798423,0.0,9.48938130795815,9.404477486691928,9.605868458332763
r280\t1.2\t1.2_180.cif,1,9.465482361645236,4.791095246425455,10.270154429741872,0.0,-4.791095246425455,0.0,9.53487456553538,10.068725092481033,10.270154429741872
r280\t1.2\t1.2_20.cif,1,9.357981174238187,4.992354338092473,9.66223263614714,0.0,-4.992354338092473,0.0,9.493771308467936,11.03104185836091,9.66223263614714
r280\t1.2\t1.2_220.cif,1,9.27465600993659,5.049596242443147,10.121853309621757,0.0,-5.049596242443147,0.0,9.603697845231244,11.448706205592712,10.121853309621757
r280\t1.2\t1.2_200.cif,1,9.299272394485085,4.837937744530516,10.454860741603849,0.0,-4.837937744530516,0.0,9.47930746997605,10.524140936009388,10.454860741603849
r280\t1.2\t1.2_240.cif,1,9.023426345503337,5.172245075787313,9.455174027868276,0.0,-5.172245075787313,0.0,9.34790573271841,9.905727997875896,9.455174027868276
r280\t1.2\t1.2_300.cif,1,9.156749754693292,5.273148963170072,8.828520082843323,0.0,-5.273148963170072,0.0,9.448438036983767,9.972384950535346,8.828520082843323
r280\t1.2\t1.2_320.cif,1,9.105340461082434,5.442247088855903,8.522545100405589,0.0,-5.442247088855903,0.0,9.597312914451342,11.739023719028813,8.522545100405589
r280\t1.2\t1.2_280.cif,1,9.181947384265976,5.11332560176011,9.063621316423484,0.0,-5.11332560176011,0.0,9.643355074120297,9.59618148589948,9.063621316423484
r280\t1.2\t1.2_260.cif,1,9.326361082513658,5.11202233342822,9.10675159617317,0.0,-5.11202233342822,0.0,9.781594794056108,9.150322049082565,9.10675159617317
r280\t1.2\t1.2_340.cif,1,8.936958642721393,5.466306153362191,8.575517574859571,0.0,-5.466306153362191,0.0,9.85158123305294,12.327957689870907,8.575517574859571
r280\t1.2\t1.2_60.cif,1,9.160567381593129,5.033852861411994,9.46161236921836,0.0,-5.033852861411994,0.0,9.466963056438846,9.882508415830483,9.46161236921836
r280\t1.2\t1.2_40.cif,1,9.085515941736576,4.815041403124292,9.961029348819702,0.0,-4.815041403124292,0.0,9.459180542539624,9.777327719066726,9.961029348819702
r280\t2.4\t2.4_100.cif,1,9.427208063116456,5.461651719502368,8.528347298471578,0.0,-5.461651719502368,0.0,10.14384490981622,11.46560918508375,8.528347298471578
r280\t1.2\t1.2_80.cif,1,9.42091651642614,5.413441487031978,9.129203578159023,0.0,-5.413441487031978,0.0,9.915296797047858,11.728364354671369,9.129203578159023
r280\t2.4\t2.4_0.cif,1,9.509924973404782,5.005447371954688,9.51989794200543,0.0,-5.005447371954688,0.0,9.96295561878057,11.91812069469539,9.519897942005432
r280\t2.4\t2.4_140.cif,1,9.681779513413456,5.155854793643499,8.768142512219612,0.0,-5.155854793643499,0.0,10.350445589064286,10.89823108264908,8.768142512219612
r280\t2.4\t2.4_120.cif,1,9.421103408879047,5.134755629281906,8.239072614198628,0.0,-5.134755629281906,0.0,9.959419417363193,9.876979355817273,8.239072614198628
r280\t2.4\t2.4_160.cif,1,9.568902360230416,4.997392020529672,9.467197091072666,0.0,-4.997392020529672,0.0,9.867174236822391,9.523909608664876,9.467197091072666
r280\t2.4\t2.4_180.cif,1,9.607710419390498,4.902585774342348,10.143842234736427,0.0,-4.902585774342348,0.0,9.95178255584542,10.549222802163266,10.143842234736427
r280\t2.4\t2.4_220.cif,1,9.527723178111206,5.089841421558035,10.153281810149041,0.0,-5.089841421558035,0.0,10.077412766192408,11.77783749556227,10.153281810149041
r280\t2.4\t2.4_240.cif,1,9.492254502918577,5.285296919149141,8.82684181305758,0.0,-5.285296919149141,0.0,9.98350930693957,11.44351812421326,8.82684181305758
r280\t2.4\t2.4_200.cif,1,9.544348603921872,5.099661817014767,10.53036523110985,0.0,-5.099661817014767,0.0,10.091494075679945,12.628122435340815,10.53036523110985
r280\t2.4\t2.4_20.cif,1,9.512025919742658,4.8454540741258025,9.729586117990687,0.0,-4.8454540741258025,0.0,9.962244829273658,10.249868899196473,9.729586117990687
r280\t2.4\t2.4_320.cif,1,8.343088064205517,5.412043338282536,8.54382916443523,0.0,-5.412043338282536,0.0,8.984907131891159,10.60316234099405,8.54382916443523
r280\t2.4\t2.4_260.cif,1,9.458868161394284,5.332795383075966,8.721608702582246,0.0,-5.332795383075966,0.0,9.891014649059155,10.556313934573783,8.721608702582246
r280\t2.4\t2.4_280.cif,1,9.792359998760395,5.401546041553096,8.677410713627307,0.0,-5.401546041553096,0.0,10.092433936934698,10.519311401540682,8.677410713627307
r280\t2.4\t2.4_300.cif,1,9.459276783946878,5.502871542229194,8.796748137772969,0.0,-5.502871542229194,0.0,9.975049365343402,11.20431193880628,8.796748137772969
r280\t2.4\t2.4_340.cif,1,9.304284280221397,5.013822843414086,8.887455583519786,0.0,-5.013822843414086,0.0,9.803695020356791,10.56378214625779,8.887455583519786
r280\t2.4\t2.4_60.cif,1,9.563764011728965,4.891834694458721,9.514873674345047,0.0,-4.891834694458721,0.0,9.841776536583259,9.443221527485857,9.514873674345047
r280\t2.4\t2.4_40.cif,1,9.473808954516507,4.8045910770368225,9.989130050191028,0.0,-4.8045910770368225,0.0,9.819233813482834,9.788628942840434,9.989130050191028
r280\t3.6\t3.6_120.cif,1,9.387053223151156,5.124525460733956,8.279365941812985,0.0,-5.124525460733956,0.0,9.670923409476101,9.397780644484188,8.279365941812985
r280\t3.6\t3.6_0.cif,1,9.256438598630817,4.955687415801418,9.568905099990962,0.0,-4.955687415801418,0.0,9.669427360413232,11.135926380566351,9.568905099990962
r280\t3.6\t3.6_100.cif,1,9.099376198526887,5.232714915004527,8.755387489947706,0.0,-5.232714915004527,0.0,9.649745096610513,11.427609003205765,8.755387489947706
r280\t3.6\t3.6_140.cif,1,9.360087736296565,5.2601420785983075,8.631866149431094,0.0,-5.2601420785983075,0.0,9.8290555310294,10.837932607693636,8.631866149431094
r280\t3.6\t3.6_180.cif,1,9.057312990222771,4.909970811415446,10.10739122983892,0.0,-4.909970811415446,0.0,9.426598771143183,10.569558288301941,10.10739122983892
r280\t3.6\t3.6_160.cif,1,9.163454255531926,5.182482393972519,9.341440529922004,0.0,-5.182482393972519,0.0,9.537745932226724,11.463063237310816,9.341440529922004
r280\t2.4\t2.4_80.cif,1,9.56527298457688,5.20113698153305,9.335113709406974,0.0,-5.20113698153305,0.0,10.108023498132619,10.983992288280183,9.335113709406974
r280\t3.6\t3.6_20.cif,1,9.1356897106695,4.667043980538598,10.13529844227288,0.0,-4.667043980538598,0.0,9.528876632170498,10.031103855262659,10.13529844227288
r280\t3.6\t3.6_200.cif,1,9.049261236140074,5.061665786217255,10.512601435549225,0.0,-5.061665786217255,0.0,9.61888606719802,12.640464394640741,10.512601435549225
r280\t3.6\t3.6_240.cif,1,9.390079769193221,5.31154126052596,9.073717066866479,0.0,-5.31154126052596,0.0,9.58533906392515,10.496738610714642,9.073717066866479
r280\t3.6\t3.6_300.cif,1,9.71135569151553,5.646285209651542,8.715536259332739,0.0,-5.646285209651542,0.0,10.215944042866258,11.481560213387402,8.715536259332739
r280\t3.6\t3.6_220.cif,1,9.210559520261292,5.283112361475803,9.810605781242941,0.0,-5.283112361475803,0.0,9.722415808969075,12.729524847844212,9.810605781242941
r280\t3.6\t3.6_260.cif,1,9.196621542904255,5.243625397758337,8.759309289177601,0.0,-5.243625397758337,0.0,9.634985589621936,9.665211998322075,8.759309289177601
r280\t3.6\t3.6_280.cif,1,9.537822909671602,5.571658972111256,8.957004094385933,0.0,-5.571658972111256,0.0,10.053468795180798,11.006962688377548,8.957004094385933
r280\t3.6\t3.6_60.cif,1,9.110894948969953,4.816378817264578,9.596545094763183,0.0,-4.816378817264578,0.0,9.384183394804682,8.878790672315635,9.596545094763183
r280\t3.6\t3.6_320.cif,1,9.597834398751324,5.643807241193365,8.502688800952553,0.0,-5.643807241193365,0.0,10.192155898725984,12.066112553211509,8.502688800952553
r280\t3.6\t3.6_80.cif,1,9.145881814756484,5.144572329161576,9.417463409262378,0.0,-5.144572329161576,0.0,9.696109223718059,11.108762884917532,9.417463409262378
r280\t3.6\t3.6_340.cif,1,9.170797060813118,5.025458283435692,8.916032868316384,0.0,-5.025458283435692,0.0,9.826279077753032,11.003185577499062,8.916032868316384
r280\t3.6\t3.6_40.cif,1,9.169887745911437,4.771380924366872,10.033656466730365,0.0,-4.771380924366872,0.0,9.517824150801518,9.716131606497477,10.033656466730365
r280\t4.8\t4.8_0.cif,1,9.391643013333942,4.931956735272368,9.511075128681496,0.0,-4.931956735272368,0.0,9.971327609174121,10.60993479419734,9.511075128681496
r280\t4.8\t4.8_120.cif,1,9.620611186571532,4.986184123762506,8.314042137531763,0.0,-4.986184123762506,0.0,9.78660591704574,8.667163294618655,8.314042137531763
r280\t4.8\t4.8_180.cif,1,8.791327792189746,5.084643195683055,10.098599759477944,0.0,-5.084643195683055,0.0,9.756934424461893,12.943677180233857,10.098599759477944
r280\t4.8\t4.8_160.cif,1,9.410956346677406,5.469686987000508,9.26456073446477,0.0,-5.469686987000508,0.0,9.691674570385016,12.691839652770222,9.26456073446477
r280\t4.8\t4.8_100.cif,1,9.654710671127066,5.088395527686674,8.781053984915212,0.0,-5.088395527686674,0.0,9.801144282770084,10.108821912363833,8.781053984915212
r280\t4.8\t4.8_140.cif,1,9.598376796175842,5.1617901193423155,8.943318419000544,0.0,-5.1617901193423155,0.0,9.749204208825715,10.043305963450983,8.943318419000544
r280\t4.8\t4.8_200.cif,1,8.705215006340955,5.381005916829565,10.012465699132546,0.0,-5.381005916829565,0.0,9.467700461214292,13.369728383236076,10.012465699132546
r280\t4.8\t4.8_20.cif,1,9.382939147602288,4.7752502559380074,10.112880376266192,0.0,-4.7752502559380074,0.0,9.922526982811316,10.271203407883434,10.112880376266192
r280\t4.8\t4.8_220.cif,1,8.951930815297953,5.31861982831853,9.74728668788664,0.0,-5.31861982831853,0.0,9.764278268712472,12.821393643408403,9.74728668788664
r280\t4.8\t4.8_260.cif,1,9.534670565227394,5.523827242650245,8.909635662122136,0.0,-5.523827242650245,0.0,10.246921907153752,11.462592240184877,8.909635662122136
r280\t4.8\t4.8_280.cif,1,8.514810947470437,5.477067974669016,8.918448687500197,0.0,-5.477067974669016,0.0,9.500927143421862,10.988308595233962,8.918448687500197
r280\t4.8\t4.8_300.cif,1,9.511175779111177,5.374440680790298,8.742730984537026,0.0,-5.374440680790298,0.0,9.955579004679466,10.799368553180818,8.742730984537026
r280\t4.8\t4.8_240.cif,1,8.88720968467603,5.346538710845432,9.051007663725224,0.0,-5.346538710845432,0.0,9.608826180369558,10.808641939065083,9.051007663725224
r280\t4.8\t4.8_340.cif,1,9.332842319249666,5.0955880869913095,8.923454516927194,0.0,-5.0955880869913095,0.0,9.941288405657117,11.016801287615992,8.923454516927194
r280\t4.8\t4.8_40.cif,1,9.312883685939276,4.770747149175835,10.041360013117911,0.0,-4.770747149175835,0.0,9.685535082785668,9.704847614524407,10.041360013117911
r280\t4.8\t4.8_320.cif,1,9.7775943108189,5.657670605012926,8.43700608575568,0.0,-5.657670605012926,0.0,10.413856696663574,12.181121563671764,8.43700608575568
r280\t4.8\t4.8_80.cif,1,9.268057438213962,5.207567313672226,9.144018703624468,0.0,-5.207567313672226,0.0,9.82134749360126,10.92280297354728,9.144018703624468
r280\t6.0\t6.0_0.cif,1,9.57525652093051,5.062164330167528,9.384639046965757,0.0,-5.062164330167528,0.0,9.831109629784047,11.577783572161756,9.384639046965757
r280\t4.8\t4.8_60.cif,1,9.140778426060153,4.727749185760908,9.642726319747064,0.0,-4.727749185760908,0.0,9.491755772908693,8.833710543535535,9.642726319747064
r280\t6.0\t6.0_100.cif,1,9.241362700709667,5.38330478479064,8.657812870471446,0.0,-5.38330478479064,0.0,9.413674555933195,11.072119325726632,8.657812870471446
r280\t6.0\t6.0_120.cif,1,9.525036381052415,5.200776800057772,8.177254624256003,0.0,-5.200776800057772,0.0,9.388030306183847,9.973361920759265,8.177254624256003
r280\t6.0\t6.0_140.cif,1,9.109837433505913,5.262953923366889,8.661104220182093,0.0,-5.262953923366889,0.0,9.63189193670583,11.053523189952358,8.661104220182093
r280\t6.0\t6.0_160.cif,1,8.704811985228238,5.416917743392163,9.189136337719969,0.0,-5.416917743392163,0.0,9.47319562053091,12.750888806956862,9.189136337719969
r280\t6.0\t6.0_180.cif,1,8.639626153247415,5.447567468008014,9.89141258848022,0.0,-5.447567468008014,0.0,9.569648829233712,13.726038855557634,9.89141258848022
r280\t6.0\t6.0_220.cif,1,9.305171967225355,5.460167162966069,9.974167445764474,0.0,-5.460167162966069,0.0,9.478794476567728,13.006044915104717,9.974167445764474
r280\t6.0\t6.0_20.cif,1,9.492861655960503,5.000482987185689,9.64699494830433,0.0,-5.000482987185689,0.0,9.534725255275816,11.381740050814663,9.64699494830433
r280\t6.0\t6.0_240.cif,1,9.404389802611023,5.388492139188571,9.311558974204942,0.0,-5.388492139188571,0.0,9.463973844238378,11.601543279607808,9.311558974204942
r280\t6.0\t6.0_200.cif,1,8.627780550334995,5.215938076685102,10.179351185760783,0.0,-5.215938076685102,0.0,9.485660604775381,13.143686717887828,10.179351185760783
r280\t6.0\t6.0_280.cif,1,9.223763076075073,4.99729321018251,8.994673028669395,0.0,-4.99729321018251,0.0,9.351963001205336,8.764754734900494,8.994673028669395
r280\t6.0\t6.0_260.cif,1,9.281587063775675,5.151228289441063,9.017125049434194,0.0,-5.151228289441063,0.0,9.256119463210291,9.008472781162359,9.017125049434194
r280\t6.0\t6.0_40.cif,1,9.457661824435151,4.794121114791118,10.047876208102736,0.0,-4.794121114791118,0.0,9.424264839553656,9.724632612991533,10.047876208102736
r280\t6.0\t6.0_300.cif,1,9.482980666738467,4.976344468568113,8.650588913973632,0.0,-4.976344468568113,0.0,9.656857514470307,8.485955761397511,8.650588913973632
r280\t6.0\t6.0_320.cif,1,9.48293220668555,5.025015197209834,8.68163386598401,0.0,-5.025015197209834,0.0,9.744293718716001,9.329734212023244,8.68163386598401
r280\t6.0\t6.0_340.cif,1,9.730896796338623,5.279740977207525,8.651584223740354,0.0,-5.279740977207525,0.0,9.973920041224641,11.8614346545078,8.651584223740354
r280\t6.0\t6.0_60.cif,1,9.430695149108137,4.920561172951689,9.602942571074477,0.0,-4.920561172951689,0.0,9.381189454146348,9.397466343289965,9.602942571074477
r280\t7.2\t7.2_0.cif,1,9.038035357169955,5.2376134528761,9.207659674494064,0.0,-5.2376134528761,0.0,9.65691704954408,12.31266182891582,9.207659674494064
r280\t6.0\t6.0_80.cif,1,9.349217170924122,5.0978355977008265,9.40137435471012,0.0,-5.0978355977008265,0.0,9.438989017261132,10.570059288185414,9.40137435471012
r280\t7.2\t7.2_100.cif,1,8.973419027473104,5.140523187121917,8.705195170587803,0.0,-5.140523187121917,0.0,9.27834062636489,10.193011092710481,8.705195170587803
r280\t7.2\t7.2_140.cif,1,8.354729166052,5.263041722339358,8.847433899358522,0.0,-5.263041722339358,0.0,9.033091357842338,10.84964298769109,8.847433899358522
r280\t7.2\t7.2_120.cif,1,9.020063768127804,5.106373260159802,8.514995771310423,0.0,-5.106373260159802,0.0,9.36146945608284,9.849818413467725,8.514995771310423
r280\t7.2\t7.2_160.cif,1,8.073626176732096,5.468011055710489,9.113815655018113,0.0,-5.468011055710489,0.0,9.167228161223402,12.857710742457618,9.113815655018113
r280\t7.2\t7.2_260.cif,1,8.95452792988159,5.171017484817705,8.825407415404191,0.0,-5.171017484817705,0.0,9.348826607621994,9.616296333418799,8.825407415404191
r280\t7.2\t7.2_20.cif,1,9.064754821729679,5.004389405124261,9.610533380074422,0.0,-5.004389405124261,0.0,9.466497996794592,11.250472740194601,9.610533380074422
r280\t7.2\t7.2_240.cif,1,9.193920825389908,5.212888278849342,9.338515013848552,0.0,-5.212888278849342,0.0,9.639599360715883,10.025761443041018,9.338515013848552
r280\t7.2\t7.2_200.cif,1,8.80048157419852,5.346717584476927,10.321278552884008,0.0,-5.346717584476927,0.0,9.343233627432104,13.2600385706682,10.321278552884008
r280\t7.2\t7.2_180.cif,1,8.1753797268735,5.533037987931489,9.834111270487412,0.0,-5.533037987931489,0.0,9.396150444927128,14.052458369308225,9.834111270487412
r280\t7.2\t7.2_220.cif,1,9.163407576421413,5.252904781792329,9.723126523825016,0.0,-5.252904781792329,0.0,9.51892685756871,12.63367300332388,9.723126523825016
r280\t7.2\t7.2_280.cif,1,9.116536570100932,5.061944139884366,8.901629278943355,0.0,-5.061944139884366,0.0,9.461419275195254,9.0462417183916,8.901629278943355
r280\t7.2\t7.2_300.cif,1,9.232185781475607,4.930753551461639,8.97605724609089,0.0,-4.930753551461639,0.0,9.643363977427683,8.41565210784093,8.97605724609089
r280\t7.2\t7.2_60.cif,1,9.156958402895253,5.238911781299945,9.427417907533554,0.0,-5.238911781299945,0.0,9.646682222884522,11.123929975793866,9.427417907533554
r280\t7.2\t7.2_340.cif,1,9.14644624330653,5.1236241177134705,8.951878551615538,0.0,-5.1236241177134705,0.0,9.670962290948598,10.780535337800904,8.951878551615538
r280\t7.2\t7.2_320.cif,1,9.303022210582105,5.077876293242798,8.62643101703207,0.0,-5.077876293242798,0.0,9.756564971016331,9.407742269701018,8.62643101703207
r280\t7.2\t7.2_40.cif,1,9.047561631384333,4.9174873853227385,9.973933056070988,0.0,-4.9174873853227385,0.0,9.435628152978119,10.168482232708563,9.973933056070988
r280\t8.4\t8.4_0.cif,1,9.342187285717408,5.376545750210215,9.180675757720156,0.0,-5.376545750210215,0.0,9.86224684914543,12.729959215734766,9.180675757720156
r280\t8.4\t8.4_100.cif,1,9.20450310907361,5.158050501650163,8.691319742862849,0.0,-5.158050501650163,0.0,9.50042312988648,10.202367223962783,8.691319742862849
r280\t7.2\t7.2_80.cif,1,8.514096093265055,5.295870212703136,9.283151965866777,0.0,-5.295870212703136,0.0,9.264606066798107,11.04367168336735,9.283151965866777
r280\t8.4\t8.4_140.cif,1,9.003433467066758,4.990479965891888,8.860983023263831,0.0,-4.990479965891888,0.0,9.376672446373977,9.48467468160365,8.860983023263831
r280\t8.4\t8.4_160.cif,1,8.389432791677159,4.846004433627964,9.474887618666106,0.0,-4.846004433627964,0.0,9.014371524899326,9.474769570030942,9.474887618666106
r280\t8.4\t8.4_120.cif,1,9.025046363817253,5.145606015211255,8.512862610603438,0.0,-5.145606015211255,0.0,9.389431459660223,10.674421495686737,8.512862610603438
r280\t8.4\t8.4_20.cif,1,9.219313058699155,5.086011295917189,9.612002530154559,0.0,-5.086011295917189,0.0,9.751947444509929,11.902177040080083,9.612002530154559
r280\t8.4\t8.4_200.cif,1,9.240066569782131,5.072320075665575,10.33800260846254,0.0,-5.072320075665575,0.0,9.56995464398425,12.135743204917778,10.33800260846254
r280\t8.4\t8.4_180.cif,1,9.063259920769376,4.676840479692681,10.189055194140249,0.0,-4.676840479692681,0.0,9.346017996522974,9.738587937750712,10.189055194140249
r280\t8.4\t8.4_220.cif,1,9.291546586271549,5.05746579325652,9.957083960017426,0.0,-5.05746579325652,0.0,9.630217702376944,11.013198999720785,9.957083960017426
r280\t8.4\t8.4_240.cif,1,9.207096456733598,5.191176691473964,9.34724211898657,0.0,-5.191176691473964,0.0,9.526581669723502,10.017679177782583,9.34724211898657
r280\t8.4\t8.4_280.cif,1,9.258765201307423,5.1508052476303074,8.885254164365106,0.0,-5.1508052476303074,0.0,9.505071691034592,9.918718068255833,8.885254164365106
r280\t8.4\t8.4_260.cif,1,9.03947797401644,5.086596965681403,9.28574448338737,0.0,-5.086596965681403,0.0,9.538362818196902,9.383005502058703,9.28574448338737
r280\t8.4\t8.4_300.cif,1,9.699515803711805,5.11102258500786,8.909308453424822,0.0,-5.11102258500786,0.0,9.88084039010708,9.14340345257638,8.909308453424822
r280\t8.4\t8.4_320.cif,1,9.63976771319493,5.277923548189243,8.583137425380365,0.0,-5.277923548189243,0.0,10.020008333158676,10.116686254550489,8.583137425380365
r280\t8.4\t8.4_40.cif,1,9.182805823019937,4.897458413539944,9.955785850833596,0.0,-4.897458413539944,0.0,9.509006045827881,9.827688975799143,9.955785850833596
r280\t8.4\t8.4_340.cif,1,9.536274010521458,5.495655009598507,8.663860513594987,0.0,-5.495655009598507,0.0,9.966024560501578,12.258065847089695,8.663860513594987
r280\t8.4\t8.4_80.cif,1,9.544722853716708,5.435128610857232,9.139042113528479,0.0,-5.435128610857232,0.0,9.857683545977512,11.162624418968091,9.139042113528479
r280\t8.4\t8.4_60.cif,1,9.273551213975505,5.41848663141323,9.186834648911757,0.0,-5.41848663141323,0.0,9.696834581245543,11.795934713941405,9.186834648911757
r280\t9.6\t9.6_0.cif,1,9.509412415433955,5.285782185081787,9.213218913848593,0.0,-5.285782185081787,0.0,10.199615795049683,12.639458731503613,9.213218913848593
r280\t9.6\t9.6_140.cif,1,9.484473472597802,4.922079040058979,8.997072558528085,0.0,-4.922079040058979,0.0,10.0833005122237,9.514471129276945,8.997072558528085
r280\t9.6\t9.6_100.cif,1,9.574294365927713,5.462548359718816,8.269697886614406,0.0,-5.462548359718816,0.0,10.283009433810502,11.252463773113126,8.269697886614406
r280\t9.6\t9.6_160.cif,1,9.76809609796429,4.645835081647317,9.634285746785524,0.0,-4.645835081647317,0.0,10.221722332615906,8.90912251912154,9.634285746785524
r280\t9.6\t9.6_200.cif,1,9.63431513859459,5.0583607325027895,10.065083957008781,0.0,-5.0583607325027895,0.0,10.207087355571229,11.73430149439893,10.065083957008781
r280\t9.6\t9.6_120.cif,1,9.471216526188421,5.149667369096324,8.270050251482951,0.0,-5.149667369096324,0.0,10.124459296508315,10.676103739840569,8.270050251482951
r280\t9.6\t9.6_180.cif,1,9.61275400667385,4.726569847439358,10.223058527122781,0.0,-4.726569847439358,0.0,10.108671755099277,10.062573819830499,10.223058527122781
r280\t9.6\t9.6_20.cif,1,9.569500111047402,5.005107727269848,9.656644766309997,0.0,-5.005107727269848,0.0,10.035033701931097,11.372223854088562,9.656644766309997
r280\t9.6\t9.6_240.cif,1,9.497918730789864,5.248801551874697,9.102628348387798,0.0,-5.248801551874697,0.0,10.053743358776789,10.972994096215366,9.102628348387798
r280\t9.6\t9.6_220.cif,1,9.59213305926187,5.231356180957985,9.719983578106763,0.0,-5.231356180957985,0.0,10.108279275941037,12.068956373194736,9.719983578106763
r280\t9.6\t9.6_280.cif,1,9.73136927902528,5.0367206592733345,9.097351490660234,0.0,-5.0367206592733345,0.0,10.099679189331543,8.723639263679635,9.097351490660234
r280\t9.6\t9.6_340.cif,1,9.891379344914531,5.655435033146792,8.279815450591762,0.0,-5.655435033146792,0.0,10.657139824527757,12.935487077084991,8.279815450591762
r280\t9.6\t9.6_320.cif,1,9.869837307758786,5.336495518588892,8.530334980772727,0.0,-5.336495518588892,0.0,10.519565142438422,10.971583544379246,8.530334980772727
r280\t9.6\t9.6_300.cif,1,9.66006008462248,5.445251007615438,8.48015177112519,0.0,-5.445251007615438,0.0,10.277880714877147,10.6718417822818,8.48015177112519
r280\t9.6\t9.6_40.cif,1,9.54683955962507,4.840694406300068,9.981645668730835,0.0,-4.840694406300068,0.0,9.86303559505132,9.816913686830064,9.981645668730835
r280\t9.6\t9.6_260.cif,1,9.521932210385655,5.215247734127355,8.85949977091367,0.0,-5.215247734127355,0.0,9.976865447292443,9.571997311158691,8.85949977091367
r280\t9.6\t9.6_80.cif,1,9.48944140825866,5.116083860338243,8.984237999538944,0.0,-5.116083860338243,0.0,10.005507604470715,10.665569153100646,8.984237999538944
r280\t9.6\t9.6_60.cif,1,9.607635466312868,5.0643663405704284,9.237533735985712,0.0,-5.0643663405704284,0.0,10.181312664774678,10.694722934783085,9.237533735985712
r300\t0\t0_160.cif,1,9.358292977137829,4.812066451832118,9.142738312862955,0.0,-4.812066451832118,0.0,10.041612985695355,9.799634403168033,9.142738312862955
r300\t0\t0_0.cif,1,9.254376103242256,4.969750067054912,8.543200194145612,0.0,-4.969750067054912,0.0,10.003969462523399,11.078220031251057,8.543200194145612
r300\t0\t0_120.cif,1,9.275073581128616,5.132770412883934,8.306049086116971,0.0,-5.132770412883934,0.0,9.857036851867147,10.073334084256086,8.306049086116971
r300\t0\t0_100.cif,1,9.42776437099411,5.129019280710103,8.216870412592181,0.0,-5.129019280710103,0.0,10.133240509816245,10.121433649387408,8.216870412592181
r300\t0\t0_140.cif,1,9.324526174771389,5.048488463923443,8.696444701539484,0.0,-5.048488463923443,0.0,9.949868775994867,10.635101351888178,8.696444701539484
r300\t0\t0_200.cif,1,9.380821371491098,4.931392881383484,9.507485030237484,0.0,-4.931392881383484,0.0,10.128908940612499,11.745173231290464,9.507485030237484
r300\t0\t0_180.cif,1,9.39148907576114,4.839914499437526,9.316771356530086,0.0,-4.839914499437526,0.0,10.082269160923506,10.507454360582381,9.316771356530086
r300\t0\t0_20.cif,1,9.392972884242171,5.016881437521436,8.807426208484086,0.0,-5.016881437521436,0.0,10.115226474953499,11.070983921982219,8.807426208484086
r300\t0\t0_220.cif,1,9.375469667515329,4.991983129560294,9.09748045294421,0.0,-4.991983129560294,0.0,9.995998921706887,10.376343133545607,9.09748045294421
r300\t0\t0_240.cif,1,9.280627923619566,5.181874752859397,8.68119264392358,0.0,-5.181874752859397,0.0,9.82083331588926,10.208869773806496,8.68119264392358
r300\t0\t0_280.cif,1,9.316135514528066,5.326554052376155,8.189238390186906,0.0,-5.326554052376155,0.0,9.883895792149076,9.930115839654864,8.189238390186906
r300\t0\t0_260.cif,1,9.157765582486556,5.722141715839066,7.974682544351562,0.0,-5.722141715839066,0.0,9.971651618700516,11.290634923737892,7.974682544351562
r300\t0\t0_320.cif,1,9.338194647844569,5.137454664749755,8.246720573866488,0.0,-5.137454664749755,0.0,9.881203457886468,9.390468724469466,8.246720573866488
r300\t0\t0_40.cif,1,9.445691784267195,4.949985195885251,9.064525409550106,0.0,-4.949985195885251,0.0,10.132484453336517,10.534903868966566,9.064525409550106
r300\t0\t0_60.cif,1,9.339917986282586,4.936133276317748,8.776159358894311,0.0,-4.936133276317748,0.0,9.96931567124855,9.912864424299908,8.776159358894311
r300\t0\t0_340.cif,1,9.38335437350259,5.100140570125256,8.243020704221435,0.0,-5.100140570125256,0.0,10.213366104783324,11.003455209368768,8.243020704221435
r300\t0\t0_300.cif,1,9.492809160966372,5.372557458524939,8.236696286715196,0.0,-5.372557458524939,0.0,10.08360874498114,10.40594379494501,8.236696286715196
r300\t0\t0_80.cif,1,9.439273161596322,5.103231992780353,8.379201971498254,0.0,-5.103231992780353,0.0,10.084995719409706,10.114438541747745,8.379201971498254
r300\t1.2\t1.2_120.cif,1,9.560272619300259,5.188955249183879,8.23226263063946,0.0,-5.188955249183879,0.0,9.519133775089541,10.75094913162493,8.23226263063946
r300\t1.2\t1.2_0.cif,1,9.369301183298335,5.024180990725121,8.906306530173511,0.0,-5.024180990725121,0.0,9.693158401524613,11.545525984102516,8.906306530173511
r300\t1.2\t1.2_100.cif,1,9.268359886078473,5.104464846645677,8.294071203547428,0.0,-5.104464846645677,0.0,9.533136200015418,10.042401921546864,8.294071203547428
r300\t1.2\t1.2_180.cif,1,9.372737743377959,4.822139230094034,9.433378739381286,0.0,-4.822139230094034,0.0,9.6015181980419,10.581666556165132,9.433378739381286
r300\t1.2\t1.2_140.cif,1,9.32860006756761,5.034594881549996,8.660942310363119,0.0,-5.034594881549996,0.0,9.61750354595745,10.672602735855765,8.660942310363119
r300\t1.2\t1.2_20.cif,1,9.368190668500269,4.929351135313711,9.237923223498253,0.0,-4.929351135313711,0.0,9.582890760793562,11.386859869784791,9.237923223498253
r300\t1.2\t1.2_160.cif,1,9.604143885359841,4.968370633905478,9.09887606222474,0.0,-4.968370633905478,0.0,9.605035869800739,10.182395286513968,9.09887606222474
r300\t1.2\t1.2_200.cif,1,9.330226361263684,4.992118716395274,9.474495519659396,0.0,-4.992118716395274,0.0,9.648495891298728,12.616402919700768,9.474495519659396
r300\t1.2\t1.2_220.cif,1,9.373796278682114,4.9835127348486585,9.110782951953125,0.0,-4.9835127348486585,0.0,9.68713850493348,10.597649950212373,9.110782951953125
r300\t1.2\t1.2_320.cif,1,9.040087748852732,5.2938370011989875,8.322178849138675,0.0,-5.2938370011989875,0.0,9.497075136173708,10.757535459774367,8.322178849138675
r300\t1.2\t1.2_240.cif,1,9.271242166037274,5.161205993910436,8.715413139203262,0.0,-5.161205993910436,0.0,9.549039840585527,10.170573477183261,8.715413139203262
r300\t1.2\t1.2_280.cif,1,8.966257925131819,5.354855184780932,8.123707008998233,0.0,-5.354855184780932,0.0,9.554497903445652,10.171511674810372,8.123707008998233
r300\t1.2\t1.2_300.cif,1,9.043448788398774,5.367189701804778,8.230871944447687,0.0,-5.367189701804778,0.0,9.470175564518726,10.443200338314016,8.230871944447687
r300\t1.2\t1.2_260.cif,1,9.303198614625527,5.147696435390802,8.437368580098115,0.0,-5.147696435390802,0.0,9.63243530361685,9.418471259966111,8.437368580098115
r300\t1.2\t1.2_340.cif,1,9.216033555866726,5.143450653197339,8.621980760600648,0.0,-5.143450653197339,0.0,9.683410655277255,11.031607434191468,8.621980760600648
r300\t2.4\t2.4_100.cif,1,9.459742556232765,5.735453906063082,7.877264806270089,0.0,-5.735453906063082,0.0,10.094197447989691,11.499474422780844,7.877264806270089
r300\t1.2\t1.2_40.cif,1,9.108271125678925,4.875169185130842,9.268589020089525,0.0,-4.875169185130842,0.0,9.565086345742564,10.710868325173116,9.268589020089525
r300\t2.4\t2.4_0.cif,1,9.465371854686868,5.085466397611891,8.904544385262334,0.0,-5.085466397611891,0.0,10.109875981390754,12.021048542570375,8.904544385262334
r300\t1.2\t1.2_60.cif,1,9.128913668809433,4.971968700588991,8.785627437165621,0.0,-4.971968700588991,0.0,9.56615676312988,10.259064349017816,8.785627437165621
r300\t2.4\t2.4_120.cif,1,9.408714522477442,5.238772313564554,8.198856947139442,0.0,-5.238772313564554,0.0,10.01464435803223,11.031081376880074,8.198856947139442
r300\t1.2\t1.2_80.cif,1,9.326881186171395,5.059268203517962,8.557715560074849,0.0,-5.059268203517962,0.0,9.650943319053594,10.60623165491856,8.557715560074849
r300\t2.4\t2.4_140.cif,1,9.516001619826334,5.065526850654739,8.615398037247234,0.0,-5.065526850654739,0.0,10.082475006319962,10.736625690860517,8.615398037247234
r300\t2.4\t2.4_160.cif,1,9.550239131384224,4.965518110300385,8.93304936535332,0.0,-4.965518110300385,0.0,10.038806287498693,10.006314185979374,8.93304936535332
r300\t2.4\t2.4_180.cif,1,9.50112191657782,4.92181892600455,9.366017898752268,0.0,-4.92181892600455,0.0,10.05803272118393,11.024980432333255,9.366017898752268
r300\t2.4\t2.4_200.cif,1,9.413369550864163,5.037874625039715,9.449752350277057,0.0,-5.037874625039715,0.0,9.953032429694307,12.640961877979905,9.449752350277057
r300\t2.4\t2.4_240.cif,1,10.461301054519815,5.407924978535718,8.610255402751633,0.0,-5.407924978535718,0.0,10.987488377729612,11.650176075609531,8.610255402751633
r300\t2.4\t2.4_220.cif,1,9.48187430046031,4.97420349521306,9.130725475957377,0.0,-4.97420349521306,0.0,9.89201183659785,10.587319471598395,9.130725475957377
r300\t2.4\t2.4_260.cif,1,9.466934942862803,5.12443093336544,8.492774202720703,0.0,-5.12443093336544,0.0,9.831940579990098,9.367242485637243,8.492774202720703
r300\t2.4\t2.4_20.cif,1,9.497807216777701,4.980220743531822,9.203136488922194,0.0,-4.980220743531822,0.0,10.052470634375466,11.772513931933908,9.203136488922194
r300\t2.4\t2.4_280.cif,1,9.419740990069375,5.116164802039279,8.390375169263194,0.0,-5.116164802039279,0.0,9.721787278263555,9.51048844274471,8.390375169263194
r300\t2.4\t2.4_300.cif,1,9.291236883748054,5.36196404856693,8.255823968471482,0.0,-5.36196404856693,0.0,9.841584017025083,10.41202229810916,8.255823968471482
r300\t2.4\t2.4_340.cif,1,9.308209527148255,5.0361979221551545,8.649212228498929,0.0,-5.0361979221551545,0.0,9.867171240325094,10.990424148745877,8.649212228498929
r300\t2.4\t2.4_60.cif,1,9.644583719430761,5.105252589474969,8.669336189553329,0.0,-5.105252589474969,0.0,9.986839493957087,10.744741718954614,8.669336189553329
r300\t2.4\t2.4_320.cif,1,9.142114238994893,5.180544270595733,8.375158038988276,0.0,-5.180544270595733,0.0,9.636759154836456,10.207395142260733,8.375158038988276
r300\t2.4\t2.4_40.cif,1,9.463609341498126,4.871251254917083,9.272412447137121,0.0,-4.871251254917083,0.0,9.887974306089856,10.535358269281971,9.272412447137121
r300\t2.4\t2.4_80.cif,1,9.561174263297161,5.124239135659034,8.58097797270373,0.0,-5.124239135659034,0.0,10.015460753872233,10.565302408567515,8.58097797270373
r300\t3.6\t3.6_100.cif,1,9.164062494467048,5.535181191319518,8.093516465360526,0.0,-5.535181191319518,0.0,9.762656162171837,11.192027243587207,8.093516465360526
r300\t3.6\t3.6_0.cif,1,9.17321350274589,5.0726770873952125,8.886957824529535,0.0,-5.0726770873952125,0.0,9.82107569683661,12.032725814815288,8.886957824529535
r300\t3.6\t3.6_120.cif,1,9.189820049199259,5.261874488751869,7.920840338933743,0.0,-5.261874488751869,0.0,9.409505320978298,10.160385148680751,7.920840338933743
r300\t3.6\t3.6_180.cif,1,9.18583968289144,4.9137119054039795,9.376277051869392,0.0,-4.9137119054039795,0.0,9.683734126702412,11.003847986199206,9.376277051869392
r300\t3.6\t3.6_140.cif,1,9.257779673664578,5.093211644626442,8.46887419560088,0.0,-5.093211644626442,0.0,9.779782196080985,10.442606950370534,8.46887419560088
r300\t3.6\t3.6_20.cif,1,9.166637703286385,5.06002561720923,9.092582002879508,0.0,-5.06002561720923,0.0,9.710624028277204,11.90293882298917,9.092582002879508
r300\t3.6\t3.6_220.cif,1,9.191827820912783,4.95774659098884,9.145065912171638,0.0,-4.95774659098884,0.0,9.53431773601169,10.345421129551234,9.145065912171638
r300\t3.6\t3.6_160.cif,1,9.211439568067638,5.348246552598465,8.754746383849513,0.0,-5.348246552598465,0.0,9.87354244697465,12.47470405308045,8.754746383849513
r300\t3.6\t3.6_200.cif,1,9.114349049905877,5.011596281358654,9.476873640964426,0.0,-5.011596281358654,0.0,9.639117442296271,12.61671779005643,9.476873640964426
r300\t3.6\t3.6_240.cif,1,9.2000955699745,5.154932007495317,8.73389566796361,0.0,-5.154932007495317,0.0,9.566641170440048,10.164359389264348,8.73389566796361
r300\t3.6\t3.6_260.cif,1,9.241003206946498,5.140006822943691,8.459782343969524,0.0,-5.140006822943691,0.0,9.774653755252318,9.401547515629995,8.459782343969524
r300\t3.6\t3.6_300.cif,1,9.809986859346056,5.4931007173285105,7.969296496055141,0.0,-5.4931007173285105,0.0,10.009531941838093,10.753102105138677,7.969296496055141
r300\t3.6\t3.6_280.cif,1,9.615310523936756,5.367859243914481,8.126866364985501,0.0,-5.367859243914481,0.0,10.125818168048578,9.836780703060354,8.126866364985501
r300\t3.6\t3.6_40.cif,1,9.195486410796542,4.917627692981255,9.254295210423626,0.0,-4.917627692981255,0.0,9.656050904922322,10.914804541727385,9.254295210423626
r300\t3.6\t3.6_320.cif,1,9.914118594904526,5.568472192137843,8.169345961374434,0.0,-5.568472192137843,0.0,10.254256962480236,11.371154981071939,8.169345961374434
r300\t3.6\t3.6_340.cif,1,9.141669367194348,5.12902874851437,8.621515056449498,0.0,-5.12902874851437,0.0,9.81994146471233,11.02406624329447,8.621515056449498
r300\t3.6\t3.6_80.cif,1,9.365205564150525,5.388467109158869,8.426522612129657,0.0,-5.388467109158869,0.0,9.826412947759477,11.177736429346341,8.426522612129657
r300\t3.6\t3.6_60.cif,1,9.214954047507469,5.02525266246128,8.788264508990531,0.0,-5.02525266246128,0.0,9.610455729669438,10.61315188467953,8.788264508990531
r300\t4.8\t4.8_0.cif,1,9.335589855906903,5.0500836663152,8.953633801487229,0.0,-5.0500836663152,0.0,10.100330912878896,11.945534133908227,8.953633801487229
r300\t4.8\t4.8_160.cif,1,9.473013440885943,5.360610883122046,8.76570979109513,0.0,-5.360610883122046,0.0,9.84951674119374,12.473013452323311,8.76570979109513
r300\t4.8\t4.8_120.cif,1,9.631126304992769,5.019370923755511,8.28874200594069,0.0,-5.019370923755511,0.0,9.931265904980147,9.744403826505101,8.28874200594069
r300\t4.8\t4.8_100.cif,1,9.970247833612762,5.491038233746651,7.987002947528745,0.0,-5.491038233746651,0.0,10.27718554331524,10.837224979222766,7.987002947528745
r300\t4.8\t4.8_140.cif,1,9.473089115444795,5.3056841467572085,8.345672780510444,0.0,-5.3056841467572085,0.0,9.718716455757445,11.061356259946308,8.345672780510444
r300\t4.8\t4.8_200.cif,1,9.219271563335852,4.993208564459318,9.502411290150867,0.0,-4.993208564459318,0.0,9.818132744874958,12.591355998275146,9.502411290150867
r300\t4.8\t4.8_20.cif,1,9.292527610945516,5.010262282092996,9.109949011097981,0.0,-5.010262282092996,0.0,9.895734789830287,11.87985214081927,9.109949011097981
r300\t4.8\t4.8_240.cif,1,9.445484189988347,5.153530532275766,8.655519980131913,0.0,-5.153530532275766,0.0,9.97513493789138,9.887427162565684,8.655519980131913
r300\t4.8\t4.8_220.cif,1,9.297338397875913,4.946848366158711,9.168426395583806,0.0,-4.946848366158711,0.0,9.864539484928647,10.55859653455792,9.168426395583806
r300\t4.8\t4.8_180.cif,1,9.259141011447197,4.85237514227141,9.421193931007503,0.0,-4.85237514227141,0.0,9.727030122636656,10.59574685009867,9.421193931007503
r300\t4.8\t4.8_260.cif,1,9.26746390732923,5.252853698829162,8.433940529780921,0.0,-5.252853698829162,0.0,9.822110362449363,10.623984439246263,8.433940529780921
r300\t4.8\t4.8_300.cif,1,9.137662403694478,5.431994785660079,8.014632588610187,0.0,-5.431994785660079,0.0,9.641625854395999,10.65420031084158,8.014632588610187
r300\t4.8\t4.8_280.cif,1,9.624287740667645,5.6156574944322335,8.159340562822335,0.0,-5.6156574944322335,0.0,10.088142744477528,10.485908158538308,8.159340562822335
r300\t4.8\t4.8_320.cif,1,9.700251856154473,5.398445898380508,8.233977672738757,0.0,-5.398445898380508,0.0,10.345168752983383,10.934858326201736,8.233977672738757
r300\t4.8\t4.8_40.cif,1,9.30324385654334,4.882656763383258,9.259037197097587,0.0,-4.882656763383258,0.0,9.799017932044869,10.569085545975026,9.259037197097587
r300\t4.8\t4.8_60.cif,1,9.218069899307789,5.2489648122895565,8.592720552095628,0.0,-5.2489648122895565,0.0,9.79800575127744,11.030165547987746,8.592720552095628
r300\t6.0\t6.0_0.cif,1,9.570948023637998,4.945110539399445,8.99257634356394,0.0,-4.945110539399445,0.0,9.794155201952941,11.42785106165763,8.99257634356394
r300\t6.0\t6.0_120.cif,1,8.706635146106986,5.347111804100905,8.068303769101417,0.0,-5.347111804100905,0.0,9.198219380530595,11.261819245658002,8.068303769101417
r300\t4.8\t4.8_80.cif,1,9.289655813686432,5.384716813375981,8.453162951440119,0.0,-5.384716813375981,0.0,9.8114519755788,11.171644666847264,8.453162951440119
r300\t6.0\t6.0_140.cif,1,9.052698072881402,4.985443848678027,8.583044891664558,0.0,-4.985443848678027,0.0,9.444852805213914,9.946153599249959,8.583044891664558
r300\t4.8\t4.8_340.cif,1,9.103806138390185,5.187587811180808,8.568963833110134,0.0,-5.187587811180808,0.0,9.723361151147925,11.753116788747656,8.568963833110134
r300\t6.0\t6.0_100.cif,1,9.579504719304776,5.321151817613783,7.932412970427833,0.0,-5.321151817613783,0.0,9.778985221161069,10.86854196073531,7.932412970427833
r300\t6.0\t6.0_20.cif,1,9.453607355969176,5.015086036787852,9.12046854070147,0.0,-5.015086036787852,0.0,9.648409761644777,11.865298312463416,9.12046854070147
r300\t6.0\t6.0_180.cif,1,8.77146620733397,4.844712302069809,9.427888019612983,0.0,-4.844712302069809,0.0,9.413865152375879,10.582993053476851,9.427888019612983
r300\t6.0\t6.0_200.cif,1,8.971134840411699,4.9570946046876,9.48716121860895,0.0,-4.9570946046876,0.0,9.615179423777985,11.96051209276718,9.48716121860895
r300\t6.0\t6.0_160.cif,1,8.42144294834524,5.649713038963415,8.426618198601238,0.0,-5.649713038963415,0.0,9.340035658299016,12.942901112641836,8.426618198601238
r300\t6.0\t6.0_220.cif,1,9.18351959867696,4.960002602939742,9.150680848995034,0.0,-4.960002602939742,0.0,9.459518844307658,10.5737958579842,9.150680848995034
r300\t6.0\t6.0_240.cif,1,9.540788101448483,5.190168548907609,8.63478615445239,0.0,-5.190168548907609,0.0,9.551536878162514,10.264345606920372,8.63478615445239
r300\t6.0\t6.0_280.cif,1,9.504427027744246,5.138103103022588,8.514532650643208,0.0,-5.138103103022588,0.0,9.724983211165377,10.06578446113071,8.514532650643208
r300\t6.0\t6.0_340.cif,1,9.549782232991046,5.107509182374601,8.523162775453379,0.0,-5.107509182374601,0.0,9.883855947066724,11.161922641013927,8.523162775453379
r300\t6.0\t6.0_300.cif,1,9.485019889033522,4.962171265768788,8.492413166522212,0.0,-4.962171265768788,0.0,9.758911349795978,9.011559717645605,8.492413166522212
r300\t6.0\t6.0_260.cif,1,9.419028990360081,5.2095968184836705,8.467970774744897,0.0,-5.2095968184836705,0.0,9.348599957632654,10.207933431728407,8.467970774744897
r300\t6.0\t6.0_60.cif,1,9.411797343519694,5.042490685191753,8.715703219687276,0.0,-5.042490685191753,0.0,9.505731940468708,10.68858535087727,8.715703219687276
r300\t6.0\t6.0_320.cif,1,9.525649488552258,5.324703101245412,8.147645554135089,0.0,-5.324703101245412,0.0,9.883559013252635,10.776451694841642,8.147645554135089
r300\t6.0\t6.0_40.cif,1,9.44484845231572,4.8761604523391435,9.279716861202102,0.0,-4.8761604523391435,0.0,9.564526158230453,10.538793591981271,9.279716861202102
r300\t6.0\t6.0_80.cif,1,9.638585223250967,5.530762352157249,8.15803395962172,0.0,-5.530762352157249,0.0,9.750327520164634,11.484703078506836,8.15803395962172
r300\t7.2\t7.2_120.cif,1,9.059436316592134,5.253143244921116,8.315785005393241,0.0,-5.253143244921116,0.0,9.236673668032893,10.930269132602058,8.315785005393241
r300\t7.2\t7.2_100.cif,1,8.376740274022405,5.4481002598060835,7.987535346045526,0.0,-5.4481002598060835,0.0,8.96146323824165,11.070309114658986,7.987535346045526
r300\t7.2\t7.2_0.cif,1,9.129941191706882,4.9583878270275,8.93274400311838,0.0,-4.9583878270275,0.0,9.596739478436893,11.475581831485009,8.93274400311838
r300\t7.2\t7.2_20.cif,1,9.086137357803384,4.939369662203234,9.189237758433645,0.0,-4.939369662203234,0.0,9.551741980399287,11.599343544577309,9.189237758433645
r300\t7.2\t7.2_140.cif,1,8.959115264469125,4.970941601067114,8.72444826675513,0.0,-4.970941601067114,0.0,9.36586392679838,10.143264179218674,8.72444826675513
r300\t7.2\t7.2_200.cif,1,8.929184078867685,4.922909784041665,9.44675390127079,0.0,-4.922909784041665,0.0,9.401747351066316,11.502535004094547,9.44675390127079
r300\t7.2\t7.2_160.cif,1,8.588317552029615,5.057075629487548,8.80091863339757,0.0,-5.057075629487548,0.0,9.077564376000991,10.560957170768136,8.80091863339757
r300\t7.2\t7.2_180.cif,1,8.896988292696959,4.822395991454936,9.441778171245442,0.0,-4.822395991454936,0.0,9.345629801715216,10.574272241350794,9.441778171245442
r300\t7.2\t7.2_240.cif,1,9.104910298149514,5.119328562040223,8.661817472095322,0.0,-5.119328562040223,0.0,9.693250038364221,9.88697350023945,8.661817472095322
r300\t7.2\t7.2_220.cif,1,8.973569591941331,4.947901001704139,9.161038907457696,0.0,-4.947901001704139,0.0,9.370061127015399,10.566970378571783,9.161038907457696
r300\t7.2\t7.2_320.cif,1,9.543999880350546,5.096030515642452,8.359597556171272,0.0,-5.096030515642452,0.0,9.86313935343947,9.845711189987552,8.359597556171272
r300\t7.2\t7.2_260.cif,1,8.971191002019811,5.2000865643117615,8.457468751484438,0.0,-5.2000865643117615,0.0,9.476427809326157,10.227419636110765,8.457468751484436
r300\t7.2\t7.2_300.cif,1,9.54713167337936,5.208149532990107,8.3354361049707,0.0,-5.208149532990107,0.0,9.965363107164768,9.896894246776204,8.3354361049707
r300\t7.2\t7.2_340.cif,1,10.016208379669441,5.584856069799772,8.196690241772579,0.0,-5.584856069799772,0.0,10.47401656726125,12.523738622151312,8.196690241772579
r300\t7.2\t7.2_40.cif,1,9.018584790656625,4.878938286892648,9.28622589692558,0.0,-4.878938286892648,0.0,9.410068588829,10.540072116913553,9.28622589692558
r300\t7.2\t7.2_280.cif,1,9.208128040654481,5.2265388969601725,8.468407167937023,0.0,-5.2265388969601725,0.0,9.662539794713858,10.141952133671396,8.468407167937023
r300\t7.2\t7.2_60.cif,1,8.967864302335204,5.020482327002171,8.751552086052014,0.0,-5.020482327002171,0.0,9.408141573127393,10.650341449146808,8.751552086052014
r300\t8.4\t8.4_100.cif,1,8.896941436287532,5.414005714326646,8.041463540980157,0.0,-5.414005714326646,0.0,9.417064186604577,11.22515864007643,8.041463540980157
r300\t7.2\t7.2_80.cif,1,8.87574734282338,5.124599421295294,8.500417399880586,0.0,-5.124599421295294,0.0,9.366499270688365,10.626945865409201,8.500417399880586
r300\t8.4\t8.4_120.cif,1,9.110748483138588,5.118739498978288,8.34400846950718,0.0,-5.118739498978288,0.0,9.458844978636336,10.295928624657716,8.344008469507182
r300\t8.4\t8.4_140.cif,1,9.119578137351402,4.961772673281176,8.763654185468699,0.0,-4.961772673281176,0.0,9.561870905295766,10.102381755018717,8.763654185468699
r300\t8.4\t8.4_0.cif,1,9.38986417130579,5.040845170478213,8.787103599997431,0.0,-5.040845170478213,0.0,9.783176268998464,11.65306382204392,8.787103599997431
r300\t8.4\t8.4_20.cif,1,9.231214227391277,4.984511599944328,9.169063085004419,0.0,-4.984511599944328,0.0,9.73969561548375,11.801441885866327,9.169063085004419
r300\t8.4\t8.4_160.cif,1,8.636965728345265,4.938509217908629,8.966771603893099,0.0,-4.938509217908629,0.0,9.093507092954974,9.951806929782308,8.966771603893099
r300\t8.4\t8.4_180.cif,1,9.145321250949106,4.69997314566759,9.504756201773038,0.0,-4.69997314566759,0.0,9.481486504129458,9.690749579592614,9.504756201773038
r300\t8.4\t8.4_220.cif,1,9.103671894099167,4.957185819501664,9.136802457130758,0.0,-4.957185819501664,0.0,9.51100940159932,10.782049736309947,9.136802457130758
r300\t8.4\t8.4_260.cif,1,9.093694340265777,5.211738445701649,8.40944375348425,0.0,-5.211738445701649,0.0,9.433597336576964,10.290020617198516,8.40944375348425
r300\t8.4\t8.4_200.cif,1,9.141468743140717,4.8533393620561744,9.434911597794487,0.0,-4.8533393620561744,0.0,9.695862003257265,11.044954074114935,9.434911597794487
r300\t8.4\t8.4_240.cif,1,9.198671006463263,5.0497005037286895,8.682674920976579,0.0,-5.0497005037286895,0.0,9.543267744671823,9.876787837622526,8.682674920976579
r300\t8.4\t8.4_300.cif,1,9.688713613388543,5.287628284403734,8.270476132732965,0.0,-5.287628284403734,0.0,9.895406011423573,10.353046852418611,8.270476132732965
r300\t8.4\t8.4_280.cif,1,9.476420517873262,5.449195620399383,8.180130556214053,0.0,-5.449195620399383,0.0,9.735988279723163,10.531725443896418,8.180130556214053
r300\t8.4\t8.4_80.cif,1,9.097327190577957,5.039142507517566,8.580496123703465,0.0,-5.039142507517566,0.0,9.518708099477498,10.53280653303487,8.580496123703465
r300\t8.4\t8.4_320.cif,1,9.582464955216917,5.281581197850895,8.278937612672449,0.0,-5.281581197850895,0.0,9.850571642381878,10.576186781071208,8.278937612672449
r300\t8.4\t8.4_340.cif,1,9.673213092992656,5.439957815192195,8.332763403710823,0.0,-5.439957815192195,0.0,10.21211392161223,12.310685140079107,8.332763403710823
r300\t8.4\t8.4_40.cif,1,9.182806717651411,4.864042068246161,9.305844094110263,0.0,-4.864042068246161,0.0,9.561173947140697,10.176879758402356,9.305844094110263
r300\t8.4\t8.4_60.cif,1,9.17310298216803,4.979174172886767,8.791121880569298,0.0,-4.979174172886767,0.0,9.606593383227496,10.427560309814758,8.791121880569298
r300\t9.6\t9.6_160.cif,1,9.570932360629481,4.9942097718254,8.726747355096524,0.0,-4.9942097718254,0.0,10.26467004240428,10.376483198613911,8.726747355096524
r300\t9.6\t9.6_100.cif,1,9.286117132481426,5.422528996607077,8.042709558583525,0.0,-5.422528996607077,0.0,10.017239648351069,11.201022723258939,8.042709558583525
r300\t9.6\t9.6_120.cif,1,9.469486806487778,5.150682845411451,8.292863642383708,0.0,-5.150682845411451,0.0,10.083904054107212,10.751620797463646,8.292863642383708
r300\t9.6\t9.6_0.cif,1,9.578596064499209,4.993860203244294,8.84029675055591,0.0,-4.993860203244294,0.0,10.218884154704897,11.57697482954656,8.84029675055591
r300\t9.6\t9.6_140.cif,1,9.570932360629481,4.9942097718254,8.726747355096524,0.0,-4.9942097718254,0.0,10.26467004240428,10.376483198613911,8.726747355096524
r300\t9.6\t9.6_20.cif,1,9.54032566141013,5.043701943520119,9.16068334995459,0.0,-5.043701943520119,0.0,10.11747350518532,11.809818653860944,9.16068334995459
r300\t9.6\t9.6_180.cif,1,9.590602658146324,4.675068846490123,9.497980392171273,0.0,-4.675068846490123,0.0,10.140368421748164,9.352434638487741,9.497980392171273
r300\t9.6\t9.6_220.cif,1,9.52082554271207,5.000301193474371,9.157666025670279,0.0,-5.000301193474371,0.0,10.175667503620877,11.40483711437515,9.157666025670279
r300\t9.6\t9.6_280.cif,1,9.481024602285201,5.178998052604576,8.386191975438484,0.0,-5.178998052604576,0.0,9.826101528561422,9.859022322501929,8.386191975438484
r300\t9.6\t9.6_240.cif,1,9.522132827881974,5.106595718903438,8.68481874026773,0.0,-5.106595718903438,0.0,9.897742216673072,9.883200345969092,8.68481874026773
r300\t9.6\t9.6_320.cif,1,9.569816436322002,5.155218989848113,8.374592958169758,0.0,-5.155218989848113,0.0,9.948807794950026,9.850294015861918,8.374592958169758
r300\t9.6\t9.6_200.cif,1,9.515704552305762,4.895266440345862,9.47507200062976,0.0,-4.895266440345862,0.0,10.220273281008236,11.464395443330382,9.47507200062976
r300\t9.6\t9.6_260.cif,1,9.452493671298324,5.233740376287916,8.366105821799492,0.0,-5.233740376287916,0.0,9.82535686644291,9.897789845004015,8.366105821799492
r300\t9.6\t9.6_40.cif,1,9.53188186638359,4.862042625645905,9.301125238662097,0.0,-4.862042625645905,0.0,9.980877084709743,10.181270030139974,9.301125238662097
r300\t9.6\t9.6_300.cif,1,9.542327341055012,5.227243699707302,8.270591241213987,0.0,-5.227243699707302,0.0,10.12720421666551,9.786806881867337,8.270591241213987
r300\t9.6\t9.6_340.cif,1,9.668518535314131,5.222843709276102,8.50355019469605,0.0,-5.222843709276102,0.0,10.344818803419825,11.205133149598918,8.50355019469605
r300\t9.6\t9.6_60.cif,1,9.506977321607563,4.9796711255992046,8.774626813306662,0.0,-4.9796711255992046,0.0,9.985783653398041,10.448661321097754,8.774626813306662
r300\t9.6\t9.6_80.cif,1,9.45666806207264,5.0405324472871325,8.566517231420768,0.0,-5.0405324472871325,0.0,10.111158389404544,10.548606339052665,8.566517231420768
r320\t0\t0_120.cif,1,9.220227550823184,5.289614168633146,8.038891875336526,0.0,-5.289614168633146,0.0,9.850286594432681,10.208299230625189,8.038891875336526
r320\t0\t0_100.cif,1,9.327134941292165,5.160418206064242,8.24520189844308,0.0,-5.160418206064242,0.0,9.928629383889776,9.723962917241051,8.24520189844308
r320\t0\t0_0.cif,1,9.249336988333894,5.198789053798199,8.435471043254271,0.0,-5.198789053798199,0.0,10.041937777959463,11.423475437905546,8.435471043254271
r320\t0\t0_160.cif,1,9.651971234175848,4.739660710479669,9.347040788312006,0.0,-4.739660710479669,0.0,10.03077626989767,8.709763770378713,9.347040788312006
r320\t0\t0_140.cif,1,9.265715864906369,4.856908616653404,9.030342160206674,0.0,-4.856908616653404,0.0,9.880159024523396,9.875785506095282,9.030342160206674
r320\t0\t0_240.cif,1,9.272641651936754,5.0554113196136585,9.171437826623235,0.0,-5.0554113196136585,0.0,9.664779233659686,9.480228733592314,9.171437826623235
r320\t0\t0_180.cif,1,10.286669658298008,4.791771028293653,9.344244797687544,0.0,-4.791771028293653,0.0,10.918211062920713,9.141944885117741,9.344244797687544
r320\t0\t0_200.cif,1,9.609836249888886,5.057597041840066,9.998986057190681,0.0,-5.057597041840066,0.0,9.898108896460927,11.16073986175302,9.998986057190681
r320\t0\t0_20.cif,1,9.20207943816638,4.579627645854117,8.968900600316111,0.0,-4.579627645854117,0.0,9.732555776459487,8.700835693932612,8.968900600316111
r320\t0\t0_260.cif,1,9.18044500062152,5.126922395744059,8.54135837326738,0.0,-5.126922395744059,0.0,9.69964072666071,8.976994538037099,8.54135837326738
r320\t0\t0_320.cif,1,9.382461374878051,5.186037957634636,7.856427310155766,0.0,-5.186037957634636,0.0,9.944836723532026,9.35744994576383,7.856427310155766
r320\t0\t0_220.cif,1,9.58504940946373,5.037901350122298,9.653983628495963,0.0,-5.037901350122298,0.0,10.040513409147138,9.99698335508169,9.653983628495961
r320\t0\t0_300.cif,1,9.425697310733222,5.190106677856213,8.358185107041777,0.0,-5.190106677856213,0.0,9.86818556123458,8.781465606311011,8.358185107041777
r320\t0\t0_280.cif,1,9.322411727384782,5.105955639719449,8.610358949933278,0.0,-5.105955639719449,0.0,9.77752051099493,9.138683549888096,8.610358949933278
r320\t1.2\t1.2_0.cif,1,9.252571779010596,4.906481836993163,9.093947430270088,0.0,-4.906481836993163,0.0,9.453053199306092,11.010902577042456,9.093947430270088
r320\t0\t0_340.cif,1,9.33454850776003,4.9704592306692446,7.956980852956103,0.0,-4.9704592306692446,0.0,10.021135334511886,9.953619161669765,7.956980852956103
r320\t0\t0_80.cif,1,8.734360543328098,5.10987191446015,8.716249854582308,0.0,-5.10987191446015,0.0,9.699440529722956,9.713238776408662,8.716249854582308
r320\t1.2\t1.2_100.cif,1,9.249920734459176,5.077027811255266,8.268324361320834,0.0,-5.077027811255266,0.0,9.487987200806106,9.698352182970776,8.268324361320834
r320\t0\t0_40.cif,1,8.82358210577623,4.90095664644198,9.526181991368514,0.0,-4.90095664644198,0.0,9.936790939463656,9.946864334795476,9.526181991368514
r320\t0\t0_60.cif,1,8.393026230614751,5.3049566981723375,9.210429509011165,0.0,-5.3049566981723375,0.0,9.618268735157962,10.56410534659215,9.210429509011165
r320\t1.2\t1.2_120.cif,1,9.21001242615413,5.3101883880134295,8.002500369735221,0.0,-5.3101883880134295,0.0,9.401795255137408,10.247071821524097,8.002500369735221
r320\t1.2\t1.2_160.cif,1,9.760068178675013,4.912050724183097,9.129376287797378,0.0,-4.912050724183097,0.0,9.788690474084605,9.17237250847543,9.129376287797378
r320\t1.2\t1.2_140.cif,1,9.786192298788267,5.037041875532745,8.693214235596928,0.0,-5.037041875532745,0.0,9.89985467948976,10.268458788491685,8.693214235596928
r320\t1.2\t1.2_220.cif,1,10.167752964888708,5.369601268493842,9.558715291798633,0.0,-5.369601268493842,0.0,10.491789273360109,11.728926244153298,9.558715291798633
r320\t1.2\t1.2_200.cif,1,10.20001074861743,5.221098363176088,9.960070258433323,0.0,-5.221098363176088,0.0,10.3727983932713,12.538222389905286,9.960070258433323
r320\t1.2\t1.2_240.cif,1,9.714753215593722,5.548113184986209,9.004814883472145,0.0,-5.548113184986209,0.0,9.941902311491942,11.453604117525519,9.004814883472145
r320\t1.2\t1.2_180.cif,1,10.000749887719307,4.7374379662431645,9.824341429031739,0.0,-4.7374379662431645,0.0,9.954969153515254,9.097054077271974,9.824341429031739
r320\t1.2\t1.2_260.cif,1,9.315934745059822,5.025815646298596,8.884013955432426,0.0,-5.025815646298596,0.0,9.725076124337136,8.526284818720697,8.884013955432426
r320\t1.2\t1.2_20.cif,1,9.307935726859746,4.222133209270829,9.901277611301484,0.0,-4.222133209270829,0.0,9.488879953257522,7.305896615183261,9.901277611301484
r320\t1.2\t1.2_300.cif,1,9.013100024293166,5.217500483640649,8.38356302848473,0.0,-5.217500483640649,0.0,9.632465888091541,9.482488975011265,8.38356302848473
r320\t1.2\t1.2_280.cif,1,8.868478835499847,4.977601233045141,8.512940050322781,0.0,-4.977601233045141,0.0,9.252141333697287,8.143745378244223,8.512940050322781
r320\t1.2\t1.2_320.cif,1,9.092786056721241,5.087102831037246,8.270094471297945,0.0,-5.087102831037246,0.0,9.434064224771744,9.289387668764324,8.270094471297945
r320\t1.2\t1.2_340.cif,1,9.162828181104576,4.657029507814253,8.867601821567867,0.0,-4.657029507814253,0.0,9.531506610572093,8.840470244141732,8.867601821567867
r320\t1.2\t1.2_40.cif,1,9.302793079568495,4.304569541254351,10.384692413092882,0.0,-4.304569541254351,0.0,9.334322443134585,6.6563959502504435,10.384692413092882
r320\t1.2\t1.2_60.cif,1,9.272189634744153,5.000068714733791,8.941119492193826,0.0,-5.000068714733791,0.0,9.406745536880061,8.75194757192311,8.941119492193826
r320\t1.2\t1.2_80.cif,1,9.295597852235703,4.963852006831202,8.968286114229139,0.0,-4.963852006831202,0.0,9.392575683692336,8.996192577236812,8.968286114229139
r320\t2.4\t2.4_100.cif,1,9.473622157082879,5.0734705832049665,8.284600943189819,0.0,-5.0734705832049665,0.0,9.922578155611236,9.669005235537778,8.284600943189819
r320\t2.4\t2.4_0.cif,1,9.375846863479596,4.696039519221894,9.17057913294641,0.0,-4.696039519221894,0.0,9.740971356645714,9.647429949314308,9.17057913294641
r320\t2.4\t2.4_120.cif,1,9.356673965257546,5.320088360104694,7.900159412443625,0.0,-5.320088360104694,0.0,9.87919066635377,10.351088967190256,7.900159412443625
r320\t2.4\t2.4_140.cif,1,9.472967958661163,5.043398390344353,8.66971983908299,0.0,-5.043398390344353,0.0,9.96326108044264,10.286003317890772,8.66971983908299
r320\t2.4\t2.4_180.cif,1,9.972328385446776,4.9775692087420325,9.813085312233481,0.0,-4.9775692087420325,0.0,10.229919277606008,10.494623010640046,9.813085312233481
r320\t2.4\t2.4_160.cif,1,9.385786929811326,5.016214181324281,8.781892195118354,0.0,-5.016214181324281,0.0,9.81430073909555,9.516095385218607,8.781892195118354
r320\t2.4\t2.4_200.cif,1,9.773370665254523,5.341489875912272,9.912480457448401,0.0,-5.341489875912272,0.0,9.901748326189361,12.652896944114937,9.912480457448401
r320\t2.4\t2.4_220.cif,1,9.847551259815013,5.4647984476779135,9.588942808167944,0.0,-5.4647984476779135,0.0,10.242719313367598,12.419553457315912,9.588942808167944
r320\t2.4\t2.4_240.cif,1,9.428174175031792,5.215348032108173,8.301282201874384,0.0,-5.215348032108173,0.0,9.905563198945622,10.270472016212837,8.301282201874384
r320\t2.4\t2.4_20.cif,1,9.572550314407552,4.550754000533697,9.568222428729394,0.0,-4.550754000533697,0.0,9.759016588629875,8.033441630584472,9.568222428729394
r320\t2.4\t2.4_280.cif,1,9.351127998259317,5.072336319539428,8.774175436872527,0.0,-5.072336319539428,0.0,9.624126817370842,9.026874574099539,8.774175436872527
r320\t2.4\t2.4_260.cif,1,9.222162337666699,5.159836030299951,9.065682471703969,0.0,-5.159836030299951,0.0,9.55609945212439,9.401461316310288,9.065682471703969
r320\t2.4\t2.4_300.cif,1,8.388457157760534,5.211702087934856,8.369382641593477,0.0,-5.211702087934856,0.0,9.007371861267428,8.816885149192558,8.369382641593477
r320\t2.4\t2.4_40.cif,1,9.625968315178161,4.553337736714359,9.937636917623948,0.0,-4.553337736714359,0.0,9.821572815586398,8.327207669442922,9.937636917623948
r320\t2.4\t2.4_320.cif,1,8.861149521885645,4.9576792666308025,8.217796658412206,0.0,-4.9576792666308025,0.0,9.156965883721082,8.638852784446723,8.217796658412206
r320\t2.4\t2.4_340.cif,1,9.30192541935791,4.643288839183264,8.84271361927168,0.0,-4.643288839183264,0.0,9.60200932346695,8.83442235467724,8.84271361927168
r320\t2.4\t2.4_60.cif,1,9.997696901019175,4.846263916884782,9.244307377494787,0.0,-4.846263916884782,0.0,10.3032721194821,9.02741251590613,9.244307377494787
r320\t3.6\t3.6_0.cif,1,9.23887512750304,4.865356823884812,9.074549792631252,0.0,-4.865356823884812,0.0,9.619981579975857,10.552474747938648,9.074549792631252
r320\t2.4\t2.4_80.cif,1,9.62146408304612,4.804334350462459,9.096109581306253,0.0,-4.804334350462459,0.0,9.959982844191781,8.509229607137549,9.096109581306253
r320\t3.6\t3.6_100.cif,1,9.139573736024321,5.29017509143455,8.307788414571444,0.0,-5.29017509143455,0.0,9.666174573353935,10.140164006439438,8.307788414571444
r320\t3.6\t3.6_180.cif,1,9.299790534187112,5.116723170586284,9.719751936707882,0.0,-5.116723170586284,0.0,9.788097443116206,12.017843725561484,9.719751936707882
r320\t3.6\t3.6_160.cif,1,9.251898071275429,5.18712628198293,8.810208292245854,0.0,-5.18712628198293,0.0,9.732107421302388,11.075753707341956,8.810208292245854
r320\t3.6\t3.6_120.cif,1,9.212281694759744,5.153198188164458,7.991613571457146,0.0,-5.153198188164458,0.0,9.386100010098803,9.772631968385692,7.991613571457146
r320\t3.6\t3.6_140.cif,1,9.239416913996036,5.0976268342475795,8.406872585334442,0.0,-5.0976268342475795,0.0,9.618514954236344,9.241576842224582,8.406872585334442
r320\t3.6\t3.6_200.cif,1,9.272181824360974,5.359864765144774,9.910810506282672,0.0,-5.359864765144774,0.0,9.722554284378967,12.639303093496943,9.910810506282672
r320\t3.6\t3.6_20.cif,1,9.122311852762127,4.644275825694484,9.467266738586074,0.0,-4.644275825694484,0.0,9.328971902911263,8.70938396232264,9.467266738586074
r320\t3.6\t3.6_240.cif,1,9.15649455736292,5.344124038847603,9.296883242355518,0.0,-5.344124038847603,0.0,9.525432945117274,11.229253607160743,9.296883242355518
r320\t3.6\t3.6_220.cif,1,9.237879769526481,5.443059142498015,9.682702368319072,0.0,-5.443059142498015,0.0,9.57097647151379,12.021528106900874,9.68270236831907
r320\t3.6\t3.6_280.cif,1,9.605117490770976,5.185551557695728,8.667153876822512,0.0,-5.185551557695728,0.0,9.983100692507454,9.439426628248402,8.667153876822512
r320\t3.6\t3.6_260.cif,1,9.529500730922758,5.245757651639009,8.676773707150444,0.0,-5.245757651639009,0.0,9.82391774793537,9.710718149028413,8.676773707150444
r320\t3.6\t3.6_40.cif,1,9.252582316971187,4.7537626929295485,9.804405602620587,0.0,-4.7537626929295485,0.0,9.498250103809646,9.28870626089554,9.804405602620587
r320\t3.6\t3.6_340.cif,1,10.169281012271801,5.404830532500149,8.427069291424932,0.0,-5.404830532500149,0.0,10.521164049641982,11.429591369102898,8.427069291424932
r320\t3.6\t3.6_320.cif,1,9.745409584865113,5.4713862641459725,7.803399354298638,0.0,-5.4713862641459725,0.0,9.952483026923966,10.207485505286494,7.803399354298638
r320\t3.6\t3.6_300.cif,1,9.408939435813663,5.2914688466864055,8.45870546245612,0.0,-5.2914688466864055,0.0,9.86943847853416,9.741592921393055,8.45870546245612
r320\t3.6\t3.6_80.cif,1,9.371756753971512,4.925437658936776,9.190648315075272,0.0,-4.925437658936776,0.0,9.680626644688662,9.226699979705389,9.190648315075272
r320\t3.6\t3.6_60.cif,1,9.427222313205009,4.886162894008872,9.294479292313524,0.0,-4.886162894008872,0.0,9.448843964916488,9.004753455579804,9.294479292313524
r320\t4.8\t4.8_0.cif,1,9.432864706803365,5.008395871154202,9.015707707816011,0.0,-5.008395871154202,0.0,10.172066586827293,11.481988085441447,9.015707707816011
r320\t4.8\t4.8_100.cif,1,9.788009595726152,5.623274122473073,8.120205562598517,0.0,-5.623274122473073,0.0,10.09238995758394,10.925781991378695,8.120205562598517
r320\t4.8\t4.8_120.cif,1,9.669524309499925,4.947740067342483,7.778278235472306,0.0,-4.947740067342483,0.0,9.834492384743124,8.08307358031677,7.778278235472306
r320\t4.8\t4.8_160.cif,1,9.26488913021133,5.201082433827093,8.716330804173735,0.0,-5.201082433827093,0.0,9.433104401943128,10.87858350718264,8.716330804173735
r320\t4.8\t4.8_20.cif,1,9.305107430203739,4.7734262546015644,9.354498396596576,0.0,-4.7734262546015644,0.0,9.811302847990614,9.93780282485782,9.354498396596576
r320\t4.8\t4.8_140.cif,1,9.34054680122466,4.954270993689819,8.372924979337975,0.0,-4.954270993689819,0.0,9.410932965720995,8.34577464880691,8.372924979337974
r320\t4.8\t4.8_220.cif,1,9.427929749458254,5.3386746956726565,9.742841744703735,0.0,-5.3386746956726565,0.0,9.965949850191024,11.551237354944275,9.742841744703735
r320\t4.8\t4.8_200.cif,1,8.839138461640932,5.132096716723143,10.330010966571471,0.0,-5.132096716723143,0.0,9.572059079702637,12.41896279883289,10.330010966571471
r320\t4.8\t4.8_180.cif,1,9.200999243784242,5.180260562083902,9.610960236606187,0.0,-5.180260562083902,0.0,9.798612915235802,12.381923087709648,9.610960236606187
r320\t4.8\t4.8_260.cif,1,9.395565231326895,4.966345474765214,8.769558992314547,0.0,-4.966345474765214,0.0,9.721382051710792,7.910787039011241,8.769558992314547
r320\t4.8\t4.8_240.cif,1,9.264398069810087,5.112843552413173,9.27802538032252,0.0,-5.112843552413173,0.0,9.76762595342202,9.375316359736821,9.27802538032252
r320\t4.8\t4.8_280.cif,1,9.34753565162002,5.21088297114586,8.6750838607086,0.0,-5.21088297114586,0.0,9.764397614271443,9.38462893541189,8.6750838607086
r320\t4.8\t4.8_340.cif,1,10.003128983247194,5.246723960547308,8.500367879331357,0.0,-5.246723960547308,0.0,10.511390055148643,10.85237195650114,8.500367879331357
r320\t4.8\t4.8_300.cif,1,9.53594456948381,5.585246969917414,8.37841260503635,0.0,-5.585246969917414,0.0,10.014477694897018,10.515771377697034,8.37841260503635
r320\t4.8\t4.8_320.cif,1,9.437538013802227,5.191517391376593,7.980413318932281,0.0,-5.191517391376593,0.0,9.879786513463632,9.930369642779686,7.980413318932281
r320\t4.8\t4.8_80.cif,1,9.927499737779037,4.9748330409724515,9.38800833749974,0.0,-4.9748330409724515,0.0,10.21438260732337,10.09187860224235,9.38800833749974
r320\t6.0\t6.0_0.cif,1,9.532512365310309,5.006424572465195,8.92585771326564,0.0,-5.006424572465195,0.0,9.713400592209307,10.957824587898097,8.92585771326564
r320\t4.8\t4.8_40.cif,1,9.521216255870744,4.709158915927004,9.916991996134925,0.0,-4.709158915927004,0.0,9.791384943526374,8.720570663983738,9.916991996134925
r320\t4.8\t4.8_60.cif,1,10.299934051866362,5.167923953310794,9.217017564876846,0.0,-5.167923953310794,0.0,10.591149788005024,10.506031265675514,9.217017564876846
r320\t6.0\t6.0_120.cif,1,9.03924597274434,4.994293755441486,7.8338552800569206,0.0,-4.994293755441486,0.0,8.87278983215801,8.498527936150268,7.8338552800569206
r320\t6.0\t6.0_140.cif,1,8.882323115863468,5.02313277033749,8.428941360049425,0.0,-5.02313277033749,0.0,9.478017979932503,9.920100058066872,8.428941360049425
r320\t6.0\t6.0_100.cif,1,9.492653715274697,5.286589204475384,8.182119141097077,0.0,-5.286589204475384,0.0,9.517347017213778,10.285468047035067,8.182119141097077
r320\t6.0\t6.0_160.cif,1,7.948586511304994,5.122781163272509,8.81655062176443,0.0,-5.122781163272509,0.0,8.955535552817642,10.221047312603202,8.81655062176443
r320\t6.0\t6.0_20.cif,1,9.49544370387339,4.751718798076116,9.739702390335854,0.0,-4.751718798076116,0.0,9.422251505597213,9.80132725684498,9.739702390335854
r320\t6.0\t6.0_180.cif,1,8.003026605597354,5.276089240352472,9.50926654900119,0.0,-5.276089240352472,0.0,9.207902379690045,13.342107522548993,9.50926654900119
r320\t6.0\t6.0_200.cif,1,8.387627225523627,5.311547943178535,9.80815863854195,0.0,-5.311547943178535,0.0,9.44746200383807,12.738841020065296,9.80815863854195
r320\t6.0\t6.0_220.cif,1,8.77897407486415,5.326219313380272,9.7238252161328,0.0,-5.326219313380272,0.0,9.684565745951453,11.739287360897228,9.7238252161328
r320\t6.0\t6.0_260.cif,1,9.456640405440487,5.078892435394268,8.823969686947,0.0,-5.078892435394268,0.0,9.493735403771344,8.88404759232644,8.823969686947
r320\t6.0\t6.0_240.cif,1,9.57886866841854,4.989437847107759,9.267760398687479,0.0,-4.989437847107759,0.0,9.594271663878382,9.373428786746507,9.267760398687479
r320\t6.0\t6.0_280.cif,1,9.486349079764695,5.560375782172709,8.490350252212917,0.0,-5.560375782172709,0.0,9.692159158346524,10.48921324905738,8.490350252212917
r320\t6.0\t6.0_340.cif,1,9.577305775242452,5.321600378864612,8.418984370622965,0.0,-5.321600378864612,0.0,9.739662450469341,11.370289876622621,8.418984370622965
r320\t6.0\t6.0_300.cif,1,9.719801028332075,5.317362811182103,8.676032490665952,0.0,-5.317362811182103,0.0,10.089874336684321,9.823678916118448,8.676032490665952
r320\t6.0\t6.0_320.cif,1,9.567570840260027,4.696007915562087,8.383182528820905,0.0,-4.696007915562087,0.0,10.008140719952003,7.963316024424188,8.383182528820905
r320\t6.0\t6.0_60.cif,1,9.502271405281727,5.4123890646532775,8.84505218149722,0.0,-5.4123890646532775,0.0,10.011737778419139,10.840601888095868,8.84505218149722
r320\t7.2\t7.2_0.cif,1,9.530613657856456,5.1712671830429935,8.79313832431652,0.0,-5.1712671830429935,0.0,9.887494968090813,11.775202787009167,8.79313832431652
r320\t6.0\t6.0_40.cif,1,9.401535945427744,5.0470727196042855,9.722105969051901,0.0,-5.0470727196042855,0.0,9.722581555814054,11.047178620792078,9.722105969051901
r320\t6.0\t6.0_80.cif,1,9.582399391155187,5.363093708283074,8.882470050470085,0.0,-5.363093708283074,0.0,9.673142475441523,10.424248533394037,8.882470050470085
r320\t7.2\t7.2_20.cif,1,9.064689689823323,4.948697050377015,9.679346485069303,0.0,-4.948697050377015,0.0,9.37184886672112,10.242126656383578,9.679346485069303
r320\t7.2\t7.2_120.cif,1,8.778080514417873,5.234038976584389,8.378879115651596,0.0,-5.234038976584389,0.0,8.969753606823346,10.10170185066921,8.378879115651596
r320\t7.2\t7.2_140.cif,1,8.94869379310332,5.100719851872908,8.486381916459537,0.0,-5.100719851872908,0.0,9.28680558812936,10.2261072749668,8.486381916459537
r320\t7.2\t7.2_160.cif,1,8.737806340813352,4.633727070033213,9.291189614405653,0.0,-4.633727070033213,0.0,8.94794207237869,8.79273498996352,9.291189614405653
r320\t7.2\t7.2_100.cif,1,8.790186526063241,5.1466815125295176,8.499239022875654,0.0,-5.1466815125295176,0.0,9.019208833731044,9.710408222503986,8.499239022875654
r320\t7.2\t7.2_260.cif,1,8.972112870251449,5.091618475131865,8.779373222900292,0.0,-5.091618475131865,0.0,9.404441695837148,8.937834708568753,8.779373222900292
r320\t7.2\t7.2_180.cif,1,7.665742340417431,5.372355825314804,9.443028437697423,0.0,-5.372355825314804,0.0,8.773693206841909,13.44840678509618,9.443028437697423
r320\t7.2\t7.2_200.cif,1,7.787983376455583,5.4556304314073,9.811649244724537,0.0,-5.4556304314073,0.0,8.958570386556971,13.142923537315632,9.811649244724537
r320\t7.2\t7.2_300.cif,1,9.81074561567144,5.324925996095616,8.473112286714946,0.0,-5.324925996095616,0.0,9.85408282006735,10.051202001545063,8.473112286714946
r320\t7.2\t7.2_280.cif,1,9.116021981384133,5.147925798648704,8.890817557314284,0.0,-5.147925798648704,0.0,9.456079989033812,9.209273036525019,8.890817557314284
r320\t7.2\t7.2_220.cif,1,8.389190550124452,5.085945852705482,9.712754850928999,0.0,-5.085945852705482,0.0,9.255194749541161,10.747194320246935,9.712754850928999
r320\t7.2\t7.2_240.cif,1,9.006916569444945,4.918507978543243,9.220929059934432,0.0,-4.918507978543243,0.0,9.535785294801446,9.084767501386668,9.220929059934432
r320\t7.2\t7.2_320.cif,1,10.00849067523004,5.213033440819302,8.040433875196511,0.0,-5.213033440819302,0.0,10.41634131510294,9.539191186666836,8.040433875196511
r320\t7.2\t7.2_340.cif,1,9.71425015005104,5.115975126625975,8.465320982124648,0.0,-5.115975126625975,0.0,10.011448213216429,10.46774242471262,8.465320982124648
r320\t7.2\t7.2_80.cif,1,8.749621261311585,5.491763777335266,8.805998437792171,0.0,-5.491763777335266,0.0,9.089878040528932,10.871506330492496,8.805998437792171
r320\t7.2\t7.2_40.cif,1,8.83926567010954,5.274799761807039,9.388910011992765,0.0,-5.274799761807039,0.0,9.42899861237582,11.498625770107184,9.388910011992765
r320\t8.4\t8.4_100.cif,1,9.109115051355989,5.057377223929426,8.194490929680278,0.0,-5.057377223929426,0.0,9.479410355839544,9.759693818190875,8.194490929680278
r320\t7.2\t7.2_60.cif,1,8.876031145837862,5.371350307773747,8.861805927224019,0.0,-5.371350307773747,0.0,9.12039186496808,10.64383990919821,8.861805927224019
r320\t8.4\t8.4_0.cif,1,9.439076920890905,4.99544252818705,8.938190349268853,0.0,-4.99544252818705,0.0,9.920128936268853,11.221815988245508,8.938190349268853
r320\t8.4\t8.4_120.cif,1,9.037461599777657,5.170529917616724,8.050099090570956,0.0,-5.170529917616724,0.0,9.470639142272988,10.184412442180973,8.050099090570956
r320\t8.4\t8.4_140.cif,1,8.968680905600676,5.119840297507809,8.469439024150956,0.0,-5.119840297507809,0.0,9.33874204991947,10.242787354704637,8.469439024150956
r320\t8.4\t8.4_160.cif,1,8.909571022425345,4.582998197242622,9.425441803454804,0.0,-4.582998197242622,0.0,9.085884771915575,8.622909575405195,9.425441803454804
r320\t8.4\t8.4_20.cif,1,9.21675128065792,4.986072790493777,9.454437363584312,0.0,-4.986072790493777,0.0,9.726028366131462,11.1914673198708,9.454437363584312
r320\t8.4\t8.4_180.cif,1,7.929839184578028,5.047450801265075,9.770920339941494,0.0,-5.047450801265075,0.0,9.030629225357655,12.382728061042174,9.770920339941494
r320\t8.4\t8.4_200.cif,1,7.833728849723657,5.347981355774886,9.852005568897447,0.0,-5.347981355774886,0.0,9.24510823893877,12.739599495858391,9.852005568897447
r320\t8.4\t8.4_240.cif,1,9.077435702442758,4.9528467115618025,9.14184368563476,0.0,-4.9528467115618025,0.0,9.308903529931108,8.934757914942677,9.14184368563476
r320\t8.4\t8.4_260.cif,1,9.09370734484158,4.891434444834642,9.026453616211741,0.0,-4.891434444834642,0.0,9.44324672783443,8.213161160005354,9.026453616211741
r320\t8.4\t8.4_340.cif,1,9.444057529590483,5.096050633894085,8.640342664862066,0.0,-5.096050633894085,0.0,9.894379275402331,10.624424860638499,8.640342664862066
r320\t8.4\t8.4_300.cif,1,9.63038494907318,5.1703051370801685,8.371249270474589,0.0,-5.1703051370801685,0.0,9.813818018384472,9.088894940317266,8.371249270474586
r320\t8.4\t8.4_220.cif,1,8.611742838654349,5.047736503672245,9.700652577836859,0.0,-5.047736503672245,0.0,9.356882730843495,10.592784918830818,9.700652577836859
r320\t8.4\t8.4_280.cif,1,9.255834789352921,5.101240030843042,8.793081242585162,0.0,-5.101240030843042,0.0,9.437275202495316,9.293081646111256,8.793081242585162
r320\t8.4\t8.4_320.cif,1,9.547745966822744,5.169371081682133,8.116549438706071,0.0,-5.169371081682133,0.0,9.822274624996544,9.452746302171525,8.116549438706071
r320\t8.4\t8.4_60.cif,1,7.736164657804257,5.323074368695617,8.832985520379054,0.0,-5.323074368695617,0.0,8.567379846510088,10.671986183631729,8.832985520379054
r320\t8.4\t8.4_40.cif,1,9.173001941365206,4.948400843429041,9.766138067006612,0.0,-4.948400843429041,0.0,9.654803425362214,10.524825185693576,9.766138067006612
r320\t8.4\t8.4_80.cif,1,7.801618712958518,5.4565515175560435,8.831498996901685,0.0,-5.4565515175560435,0.0,8.807525768612821,10.84131031968045,8.831498996901685
r320\t9.6\t9.6_0.cif,1,9.502909551116522,5.000592181849487,9.069899284123348,0.0,-5.000592181849487,0.0,10.020979540207918,11.407980387822962,9.069899284123348
r320\t9.6\t9.6_120.cif,1,9.444339942772876,5.282917456342532,8.110332441280109,0.0,-5.282917456342532,0.0,10.128675163470186,10.139996903740991,8.110332441280109
r320\t9.6\t9.6_100.cif,1,9.426686159909,5.106711711363399,8.216742757337771,0.0,-5.106711711363399,0.0,10.021234471414104,9.722325255072814,8.216742757337771
r320\t9.6\t9.6_140.cif,1,9.466677896612536,4.982091192008293,8.575081345001918,0.0,-4.982091192008293,0.0,10.145321618865156,10.126838123343735,8.575081345001918
r320\t9.6\t9.6_180.cif,1,10.310944673812795,4.819275988357261,9.845197650123263,0.0,-4.819275988357261,0.0,10.372218649774796,9.916676831419508,9.845197650123263
r320\t9.6\t9.6_160.cif,1,9.858780475696708,4.734562511289483,9.24140904909583,0.0,-4.734562511289483,0.0,10.13612608208316,8.831495948069293,9.24140904909583
r320\t9.6\t9.6_20.cif,1,9.113848205797165,4.5012438341854,9.898322323397593,0.0,-4.5012438341854,0.0,9.740582758811875,8.179600450504648,9.898322323397593
r320\t9.6\t9.6_200.cif,1,10.00742890608515,5.011441893817051,10.00999226169154,0.0,-5.011441893817051,0.0,10.321103190220786,10.999651933835723,10.00999226169154
r320\t9.6\t9.6_220.cif,1,9.671799579826567,5.1804457954662,9.709036210564513,0.0,-5.1804457954662,0.0,10.052149562186306,11.60674110772946,9.709036210564513
r320\t9.6\t9.6_240.cif,1,9.504953354906403,5.093562211704636,9.212418960001223,0.0,-5.093562211704636,0.0,9.955406448471516,9.469250148449,9.212418960001223
r320\t9.6\t9.6_300.cif,1,9.48787834185367,5.102649957242869,8.39207164521332,0.0,-5.102649957242869,0.0,9.75106111236543,8.729280271289806,8.39207164521332
r320\t9.6\t9.6_260.cif,1,9.336481977386272,5.013298936252205,8.56836455694451,0.0,-5.013298936252205,0.0,9.540240209834966,8.417263781109806,8.56836455694451
r320\t9.6\t9.6_320.cif,1,9.419582709418219,5.111605039305246,8.198414998716714,0.0,-5.111605039305246,0.0,9.967308852853412,9.372491778964314,8.198414998716714
r320\t9.6\t9.6_280.cif,1,9.46778318457223,4.890779549066644,8.99268812657862,0.0,-4.890779549066644,0.0,9.805713634169829,8.194476358015892,8.99268812657862
r320\t9.6\t9.6_340.cif,1,9.392609148905812,4.843018780824357,8.7872523522656,0.0,-4.843018780824357,0.0,10.011592511602668,10.10610751517883,8.7872523522656
r320\t9.6\t9.6_40.cif,1,9.532975057157497,4.660519351383326,10.010336310066055,0.0,-4.660519351383326,0.0,10.057024415269165,9.111601636177882,10.010336310066055
r320\t9.6\t9.6_60.cif,1,8.565939457461537,5.428964549850739,8.881602355818808,0.0,-5.428964549850739,0.0,9.58076090582644,11.514860429753169,8.881602355818808
r320\t9.6\t9.6_80.cif,1,9.178705102166306,5.0136152575718915,8.908085750297746,0.0,-5.0136152575718915,0.0,9.564035397554477,9.249885206148273,8.908085750297746
r340\t0\t0_0.cif,1,9.166209544946778,4.9556646564111535,8.434282277348037,0.0,-4.9556646564111535,0.0,9.697009082617443,9.77254440845179,8.434282277348037
r340\t0\t0_100.cif,1,9.152554652991315,4.844298205483379,8.385131675622992,0.0,-4.844298205483379,0.0,9.500459111222703,7.59096538511214,8.385131675622992
r340\t0\t0_120.cif,1,9.3990363556953,5.116575396304104,8.036576313560081,0.0,-5.116575396304104,0.0,9.943868356452555,9.069569542470106,8.036576313560081
r340\t0\t0_140.cif,1,9.234692663775903,5.045106428942053,8.879658003909837,0.0,-5.045106428942053,0.0,9.782920318731607,10.2058851412895,8.879658003909837
r340\t0\t0_160.cif,1,9.365331360270613,4.733849639762988,9.51450165391308,0.0,-4.733849639762988,0.0,9.901870519304843,8.652611995857587,9.51450165391308
r340\t0\t0_180.cif,1,10.019836230315786,4.53640918107994,9.670027516495079,0.0,-4.53640918107994,0.0,10.41247146112452,7.786333979943181,9.670027516495079
r340\t0\t0_200.cif,1,9.69070691699973,4.396725025361289,10.036468419555405,0.0,-4.396725025361289,0.0,9.939595286286778,7.383637413319294,10.036468419555403
r340\t0\t0_20.cif,1,9.383968900796436,4.900182553401332,8.359722059063131,0.0,-4.900182553401332,0.0,9.918309336114321,8.834043015844596,8.359722059063131
r340\t0\t0_240.cif,1,9.290704972482208,5.00978719486592,8.63625256220613,0.0,-5.00978719486592,0.0,9.447186261451959,8.162365504765168,8.63625256220613
r340\t0\t0_260.cif,1,9.20162530168535,4.909128729739622,8.48340387230891,0.0,-4.909128729739622,0.0,9.506766569300842,6.663951504992911,8.48340387230891
r340\t0\t0_220.cif,1,9.706398497551824,4.78856192802635,9.22519280595414,0.0,-4.78856192802635,0.0,9.897743790119568,6.7681673097252935,9.22519280595414
r340\t0\t0_320.cif,1,9.496594037724016,5.109473117940126,7.843939898861426,0.0,-5.109473117940126,0.0,9.984011829598634,8.242495147611907,7.843939898861426
r340\t0\t0_280.cif,1,9.13535338412083,4.897227927715189,8.435003191433173,0.0,-4.897227927715189,0.0,9.37790780491434,6.336784731571965,8.435003191433173
r340\t0\t0_340.cif,1,9.357975176228708,5.004898476003858,7.837860365182753,0.0,-5.004898476003858,0.0,10.005086648797436,9.50394665727296,7.837860365182753
r340\t0\t0_300.cif,1,9.499979140707286,4.874327835912933,8.440120838232733,0.0,-4.874327835912933,0.0,9.785362382924841,6.706744599177687,8.440120838232733
r340\t1.2\t1.2_100.cif,1,9.224865540240305,4.579362019773185,8.387027945390429,0.0,-4.579362019773185,0.0,9.287949127548293,6.485532001935988,8.387027945390429
r340\t0\t0_60.cif,1,9.244625399032106,4.807671846760342,9.064913747696341,0.0,-4.807671846760342,0.0,9.8764090519736,8.463835179926829,9.064913747696341
r340\t0\t0_40.cif,1,9.262481322050933,4.637529335970504,9.28234046037135,0.0,-4.637529335970504,0.0,9.716938946874492,7.62041789819439,9.28234046037135
r340\t1.2\t1.2_120.cif,1,9.137449536327997,4.901255976174867,8.410041976176487,0.0,-4.901255976174867,0.0,9.14190146298441,8.117695389737198,8.410041976176487
r340\t1.2\t1.2_0.cif,1,9.216545285924777,4.764004331702411,9.137974850958656,0.0,-4.764004331702411,0.0,9.264205541366037,8.720793516904518,9.137974850958656
r340\t0\t0_80.cif,1,8.858246778428022,4.789735638538616,8.346656927274196,0.0,-4.789735638538616,0.0,9.243780535486879,7.00755863936774,8.346656927274196
r340\t1.2\t1.2_140.cif,1,9.561687443327045,5.3215886575703095,8.579988347990978,0.0,-5.3215886575703095,0.0,9.966051461722262,10.886540049086705,8.579988347990978
r340\t1.2\t1.2_20.cif,1,9.15840151287259,4.554428378697104,9.52038790038522,0.0,-4.554428378697104,0.0,9.134018797167284,8.003168166266352,9.52038790038522
r340\t1.2\t1.2_180.cif,1,9.74952459279328,4.63724552395035,9.559286364888443,0.0,-4.63724552395035,0.0,9.697434182089307,8.059851102049302,9.559286364888443
r340\t1.2\t1.2_160.cif,1,9.77738458973167,4.885281316052584,9.309168170272377,0.0,-4.885281316052584,0.0,9.737667399065831,9.5092564953661,9.309168170272377
r340\t1.2\t1.2_240.cif,1,9.856541128481863,5.524413818677115,8.706810825303492,0.0,-5.524413818677115,0.0,9.995387784088699,12.121575848319852,8.706810825303492
r340\t1.2\t1.2_200.cif,1,10.219373025046744,5.428330199171775,9.55124840064684,0.0,-5.428330199171775,0.0,10.37527970711974,11.610490653757857,9.55124840064684
r340\t1.2\t1.2_220.cif,1,10.30542010966499,5.406360811839479,8.864982264905532,0.0,-5.406360811839479,0.0,10.397545369354358,11.667779842035367,8.864982264905532
r340\t1.2\t1.2_260.cif,1,9.900501598206382,5.733268746631089,8.215742922531744,0.0,-5.733268746631089,0.0,10.391349462554512,13.1726837354667,8.215742922531744
r340\t1.2\t1.2_280.cif,1,9.33197250877923,5.129540926267053,8.486195309146606,0.0,-5.129540926267053,0.0,9.748209776681293,9.070888870494887,8.486195309146606
r340\t1.2\t1.2_300.cif,1,8.985552607302553,4.876844682780628,8.430821403436092,0.0,-4.876844682780628,0.0,9.309189252438612,6.725236032199575,8.430821403436092
r340\t1.2\t1.2_320.cif,1,8.680018925662273,5.164856830718179,8.175309424656975,0.0,-5.164856830718179,0.0,9.114424467982282,9.105252842288325,8.175309424656975
r340\t1.2\t1.2_340.cif,1,8.832319695805964,4.967940735160775,8.490060305201856,0.0,-4.967940735160775,0.0,9.395765940797059,9.74235302976389,8.490060305201856
r340\t1.2\t1.2_60.cif,1,9.612516046287684,4.558832255280114,9.448824368703658,0.0,-4.558832255280114,0.0,9.62382055409824,7.363453183529126,9.448824368703658
r340\t1.2\t1.2_80.cif,1,9.63921746865421,4.574641122481075,8.733234605265695,0.0,-4.574641122481075,0.0,9.524680135462816,6.143319668937599,8.733234605265695
r340\t1.2\t1.2_40.cif,1,9.124778164989413,4.643823455324165,9.400684499804953,0.0,-4.643823455324165,0.0,9.312660648107707,7.676843948298395,9.400684499804953
r340\t2.4\t2.4_100.cif,1,9.582401427035355,4.685237865526714,8.501933726825628,0.0,-4.685237865526714,0.0,9.940678962764526,7.124484030744774,8.501933726825628
r340\t2.4\t2.4_120.cif,1,9.312703338819984,4.765508958589841,8.458155196520082,0.0,-4.765508958589841,0.0,9.599606643080612,6.780175350941329,8.458155196520082
r340\t2.4\t2.4_0.cif,1,9.119164254308913,4.7805655469548585,9.199149786709162,0.0,-4.7805655469548585,0.0,9.359498572227562,9.095069951403556,9.199149786709162
r340\t2.4\t2.4_160.cif,1,9.508014731471137,4.923320948476966,9.13123277435525,0.0,-4.923320948476966,0.0,9.798202133900995,8.409081192834872,9.13123277435525
r340\t2.4\t2.4_180.cif,1,9.717814887919507,4.758192155655897,9.347665232603951,0.0,-4.758192155655897,0.0,10.002640295799418,8.245213894557601,9.347665232603951
r340\t2.4\t2.4_140.cif,1,9.426548698251347,5.200528283160145,8.536187921307294,0.0,-5.200528283160145,0.0,9.919358064697029,10.168138915694023,8.536187921307294
r340\t2.4\t2.4_20.cif,1,9.382086515850956,4.469659308172961,9.618169911796747,0.0,-4.469659308172961,0.0,9.577978055841431,7.933438221461221,9.618169911796747
r340\t2.4\t2.4_200.cif,1,9.82222813663109,5.279930358513278,9.573159748033095,0.0,-5.279930358513278,0.0,10.26570364970596,11.554456897373552,9.573159748033095
r340\t2.4\t2.4_240.cif,1,9.26222326053155,5.362372787943863,7.972494886903254,0.0,-5.362372787943863,0.0,9.70391892202768,10.786536113713211,7.972494886903254
r340\t2.4\t2.4_220.cif,1,9.900359880491868,5.512773147167287,8.87783886341753,0.0,-5.512773147167287,0.0,10.363351464755542,12.53378028215798,8.87783886341753
r340\t2.4\t2.4_260.cif,1,9.387969274145815,5.634013082417355,8.279355416809654,0.0,-5.634013082417355,0.0,10.011208771199763,13.06772728301533,8.279355416809654
r340\t2.4\t2.4_280.cif,1,9.557243494599843,5.148335111539742,8.50241986426279,0.0,-5.148335111539742,0.0,9.854845780947809,9.053307012472702,8.50241986426279
r340\t2.4\t2.4_300.cif,1,9.454171348357393,5.098205565084905,8.555340080860136,0.0,-5.098205565084905,0.0,9.696081738766187,8.31559267075373,8.555340080860136
r340\t2.4\t2.4_340.cif,1,8.820332984946642,4.684456647190391,8.673380653140564,0.0,-4.684456647190391,0.0,8.954205975382546,7.230768852954011,8.673380653140564
r340\t2.4\t2.4_320.cif,1,9.310340031446964,5.138772640920181,8.361965537138461,0.0,-5.138772640920181,0.0,9.67576162028651,9.757057276326403,8.361965537138461
r340\t2.4\t2.4_40.cif,1,9.705327409035123,4.605389308576389,9.528414348743652,0.0,-4.605389308576389,0.0,9.769989869120105,6.943682713511632,9.528414348743652
r340\t2.4\t2.4_60.cif,1,9.758747364575859,4.374802165182367,9.494224718892491,0.0,-4.374802165182367,0.0,9.750132006262866,6.6125486177998924,9.494224718892491
r340\t2.4\t2.4_80.cif,1,9.917370271647197,4.7311747268761,8.89632823618113,0.0,-4.7311747268761,0.0,9.929072707672175,6.9282468273048305,8.89632823618113
r340\t3.6\t3.6_100.cif,1,9.33164076002998,4.9810273500445135,8.507158218463385,0.0,-4.9810273500445135,0.0,9.541727081378324,8.655213127800735,8.507158218463385
r340\t3.6\t3.6_0.cif,1,9.40559511163992,4.762028905135371,9.21957818722504,0.0,-4.762028905135371,0.0,9.696118324518354,8.838734430176967,9.21957818722504
r340\t3.6\t3.6_160.cif,1,9.309596582621682,5.108720289922512,8.789555639163348,0.0,-5.108720289922512,0.0,9.638711460070514,9.05102608200556,8.789555639163348
r340\t3.6\t3.6_120.cif,1,9.095522487632621,4.8557014981116,8.504158019293332,0.0,-4.8557014981116,0.0,9.102503312220959,7.951582253529911,8.504158019293332
r340\t3.6\t3.6_140.cif,1,9.18918867676898,4.937941907828449,8.409700153446702,0.0,-4.937941907828449,0.0,9.433451080228858,7.8756763538220325,8.409700153446702
r340\t3.6\t3.6_180.cif,1,9.200893177559147,5.148959215791579,9.142489350753577,0.0,-5.148959215791579,0.0,9.676317117370813,10.632813887375276,9.142489350753577
r340\t3.6\t3.6_240.cif,1,9.12148523380295,5.557617268254536,8.824119344639223,0.0,-5.557617268254536,0.0,9.818479628549772,13.789877369975313,8.824119344639223
r340\t3.6\t3.6_20.cif,1,9.183610796378218,4.449938754870325,9.584038534034082,0.0,-4.449938754870325,0.0,9.3593208390656,7.78522464209724,9.584038534034082
r340\t3.6\t3.6_200.cif,1,9.254600537951113,5.251203513867963,9.684002221283343,0.0,-5.251203513867963,0.0,9.573481532471822,11.826150798184832,9.684002221283343
r340\t3.6\t3.6_220.cif,1,9.16674168377674,5.314069983237969,9.402165473711175,0.0,-5.314069983237969,0.0,9.567696313819338,11.695109749132392,9.402165473711175
r340\t3.6\t3.6_260.cif,1,9.47128483017689,5.3872423723263125,8.481940025343917,0.0,-5.3872423723263125,0.0,9.879680816332096,10.8055013352679,8.481940025343917
r340\t3.6\t3.6_280.cif,1,9.427787319334925,5.16520228452276,8.44683082480562,0.0,-5.16520228452276,0.0,9.908804854525254,9.095183323819231,8.44683082480562
r340\t3.6\t3.6_300.cif,1,9.556074318379096,5.172386435887108,8.439258429546662,0.0,-5.172386435887108,0.0,9.976315204621239,8.396907241862195,8.439258429546662
r340\t3.6\t3.6_320.cif,1,9.504812114693195,5.380881508349908,8.13904756685427,0.0,-5.380881508349908,0.0,10.05072769194629,10.432247915628482,8.13904756685427
r340\t3.6\t3.6_40.cif,1,9.23458917726346,4.782235010310549,9.454479747028104,0.0,-4.782235010310549,0.0,9.4297385909899,8.0382366818847,9.454479747028104
r340\t3.6\t3.6_340.cif,1,9.921171055648156,5.21358841169123,8.24636158286003,0.0,-5.21358841169123,0.0,10.115897168021597,10.240214684769597,8.24636158286003
r340\t3.6\t3.6_80.cif,1,9.97418142540967,5.282049988476012,8.717177185260727,0.0,-5.282049988476012,0.0,10.2181813933984,9.354742546176196,8.717177185260727
r340\t3.6\t3.6_60.cif,1,9.520710057191698,4.809383865576708,8.816676342521058,0.0,-4.809383865576708,0.0,9.575534395236867,7.462446033539668,8.816676342521058
r340\t4.8\t4.8_0.cif,1,9.983527937113175,5.362292722004929,8.641573719472163,0.0,-5.362292722004929,0.0,10.289662437282807,12.05742262452032,8.641573719472163
r340\t4.8\t4.8_120.cif,1,9.735873094810065,5.19390151082391,8.432453139493418,0.0,-5.19390151082391,0.0,10.218348521539076,10.083236561523199,8.432453139493418
r340\t4.8\t4.8_100.cif,1,9.844488087205056,5.3164331485476115,8.195639193987368,0.0,-5.3164331485476115,0.0,10.350453281842011,10.794903340913324,8.195639193987368
r340\t4.8\t4.8_140.cif,1,9.335840929052695,4.845305399694876,8.453710417431777,0.0,-4.845305399694876,0.0,9.42232530091706,7.145583364171471,8.453710417431777
r340\t4.8\t4.8_160.cif,1,9.372347789807462,5.10407995686101,8.689111650300172,0.0,-5.10407995686101,0.0,9.392588185947936,8.64324560446882,8.689111650300172
r340\t4.8\t4.8_180.cif,1,9.344498149270327,4.866337855710412,9.249557266190504,0.0,-4.866337855710412,0.0,9.564734548930916,8.345346795584506,9.249557266190504
r340\t4.8\t4.8_20.cif,1,9.513130504793368,4.685128276994002,9.390917754419762,0.0,-4.685128276994002,0.0,9.936665190226984,8.185785763331609,9.390917754419762
r340\t4.8\t4.8_200.cif,1,8.957784199934801,5.205328923321591,9.675951981879656,0.0,-5.205328923321591,0.0,9.403386876888737,11.813916910810326,9.675951981879656
r340\t4.8\t4.8_280.cif,1,9.317349678984074,5.130736003104916,8.511703953290969,0.0,-5.130736003104916,0.0,9.736914232366033,9.017107412629082,8.511703953290969
r340\t4.8\t4.8_220.cif,1,9.087246946396137,5.128339387755951,9.49489378964549,0.0,-5.128339387755951,0.0,9.600726654987769,10.594734378156923,9.49489378964549
r340\t4.8\t4.8_260.cif,1,9.277854414346143,5.106756602121914,8.53552137204465,0.0,-5.106756602121914,0.0,9.72614357964365,8.636476433008271,8.53552137204465
r340\t4.8\t4.8_240.cif,1,9.257978166166222,5.182392093488749,8.990006656921203,0.0,-5.182392093488749,0.0,9.857536950380593,9.811380949666002,8.990006656921203
r340\t4.8\t4.8_300.cif,1,9.433524688851165,5.07898778020081,8.462132545608197,0.0,-5.07898778020081,0.0,9.751022154288014,7.851894520262261,8.462132545608197
r340\t4.8\t4.8_320.cif,1,9.621970625022024,5.609028865862265,8.078123255320245,0.0,-5.609028865862265,0.0,10.496045870283282,13.161797566896162,8.078123255320245
r340\t4.8\t4.8_40.cif,1,9.38895489824963,5.01634331161424,9.227780931708534,0.0,-5.01634331161424,0.0,9.795424205990502,9.266195679391831,9.227780931708534
r340\t4.8\t4.8_80.cif,1,10.024857208056595,5.163225032755229,8.573329542656548,0.0,-5.163225032755229,0.0,10.322106655476496,9.28163480649042,8.573329542656548
r340\t6.0\t6.0_0.cif,1,9.484501562824468,4.940292105289435,8.948896115062462,0.0,-4.940292105289435,0.0,9.42016237742097,9.144040313384338,8.948896115062462
r340\t4.8\t4.8_340.cif,1,9.825941599335769,5.05395426807619,8.200915243497075,0.0,-5.05395426807619,0.0,10.270715122630724,8.840500932880976,8.200915243497075
r340\t4.8\t4.8_60.cif,1,9.249329893852398,5.040960017546009,8.66798893886676,0.0,-5.040960017546009,0.0,9.666753184166584,8.549646732083685,8.66798893886676
r340\t6.0\t6.0_120.cif,1,9.298945339682465,5.170271851074493,8.466349181437256,0.0,-5.170271851074493,0.0,9.27752682900852,10.047165098434533,8.466349181437256
r340\t6.0\t6.0_140.cif,1,8.837499259110501,5.125203398022273,8.182631236500526,0.0,-5.125203398022273,0.0,8.847900993806403,8.90569198171555,8.182631236500526
r340\t6.0\t6.0_100.cif,1,9.41937352015178,5.507776919818586,8.181891450072964,0.0,-5.507776919818586,0.0,9.570513242883662,12.019714406928339,8.181891450072964
r340\t6.0\t6.0_160.cif,1,8.666559605887882,4.897196610128749,9.076274624931855,0.0,-4.897196610128749,0.0,9.05486030637568,7.868062349090754,9.076274624931855
r340\t6.0\t6.0_20.cif,1,9.619165063732988,5.079620455496984,9.11754017606204,0.0,-5.079620455496984,0.0,9.728416379037,10.722054026476075,9.11754017606204
r340\t6.0\t6.0_180.cif,1,8.599642618528238,4.803584308175113,9.350628473372927,0.0,-4.803584308175113,0.0,9.072472472422278,8.247734760354334,9.350628473372927
r340\t6.0\t6.0_200.cif,1,8.283007423704568,5.229697826753925,9.6671526146125,0.0,-5.229697826753925,0.0,9.170158816615599,11.47017456916567,9.6671526146125
r340\t6.0\t6.0_220.cif,1,8.692098258114912,5.239299936345022,9.119153583898859,0.0,-5.239299936345022,0.0,9.137728742889,10.910883811915365,9.119153583898859
r340\t6.0\t6.0_260.cif,1,9.343904038742902,5.020918738669782,8.573381874093782,0.0,-5.020918738669782,0.0,9.22816324627342,8.558953672671729,8.573381874093782
r340\t6.0\t6.0_340.cif,1,9.5393300206808,4.766006186982039,8.68386526869216,0.0,-4.766006186982039,0.0,9.81006747300907,8.382439906313262,8.68386526869216
r340\t6.0\t6.0_280.cif,1,9.421404956387937,5.129882366453875,8.52500593090863,0.0,-5.129882366453875,0.0,9.612211756075855,9.008895388908273,8.52500593090863
r340\t6.0\t6.0_240.cif,1,9.334386654550833,4.9704794882693975,9.072692908835378,0.0,-4.9704794882693975,0.0,9.242318947452263,8.564031223696308,9.072692908835378
r340\t6.0\t6.0_300.cif,1,9.503480393495272,5.398155734729926,8.515750395196024,0.0,-5.398155734729926,0.0,9.959244013166543,11.708228065639775,8.515750395196024
r340\t6.0\t6.0_320.cif,1,9.486003804138313,4.856904743700761,8.52118062475528,0.0,-4.856904743700761,0.0,9.972670061219684,8.697820883335437,8.52118062475528
r340\t6.0\t6.0_60.cif,1,9.289354290686932,5.082062567492906,8.63033324911865,0.0,-5.082062567492906,0.0,9.073046674809536,7.831781511072482,8.63033324911865
r340\t6.0\t6.0_80.cif,1,9.472146867231274,5.251139171450749,8.521163746394459,0.0,-5.251139171450749,0.0,9.394825219131093,9.729187367435228,8.521163746394459
r340\t6.0\t6.0_40.cif,1,9.417587230157821,4.893668775966597,9.438571160098396,0.0,-4.893668775966597,0.0,9.344216041304993,8.617164399947304,9.438571160098396
r340\t7.2\t7.2_0.cif,1,9.73453400930825,5.186957437929105,8.809985210276418,0.0,-5.186957437929105,0.0,9.94571484594448,10.963746995636532,8.809985210276418
r340\t7.2\t7.2_120.cif,1,8.829182642681488,5.056067987639419,8.48058758305519,0.0,-5.056067987639419,0.0,8.981061039879025,9.187725541752107,8.480587583055192
r340\t7.2\t7.2_140.cif,1,8.82781907054195,4.915689135023965,8.891825202671003,0.0,-4.915689135023965,0.0,9.05256160433753,9.76150898203622,8.891825202671003
r340\t7.2\t7.2_100.cif,1,8.297026703832014,5.432100731018645,8.204297964128896,0.0,-5.432100731018645,0.0,9.003795382836646,11.991920421132205,8.204297964128896
r340\t7.2\t7.2_200.cif,1,8.179743861092513,5.032290889828507,9.62193476804453,0.0,-5.032290889828507,0.0,9.039750632122843,10.996793770546125,9.62193476804453
r340\t7.2\t7.2_20.cif,1,9.202840417418356,5.102603795161222,9.131573960789064,0.0,-5.102603795161222,0.0,9.637289057289307,11.186882120822634,9.131573960789064
r340\t7.2\t7.2_160.cif,1,8.865705088054597,4.793993997198685,9.314978561349818,0.0,-4.793993997198685,0.0,9.030945698174444,8.700177712658332,9.314978561349818
r340\t7.2\t7.2_220.cif,1,8.624650181156603,5.071802239383891,9.268746512409615,0.0,-5.071802239383891,0.0,9.021373458423108,10.204776266497658,9.268746512409615
r340\t7.2\t7.2_240.cif,1,8.751803942205903,4.784035607428657,9.213835487998534,0.0,-4.784035607428657,0.0,9.102563330153302,7.297509582205604,9.213835487998534
r340\t7.2\t7.2_260.cif,1,8.860852054257508,4.905609416548439,8.629753027758412,0.0,-4.905609416548439,0.0,9.172846138515572,7.362719817157219,8.629753027758412
r340\t7.2\t7.2_180.cif,1,8.633404618147363,4.549544108047357,9.564096054778805,0.0,-4.549544108047357,0.0,8.84404018679215,8.043321862317809,9.564096054778805
r340\t7.2\t7.2_300.cif,1,9.224634693551492,5.264354723523738,8.630011324002634,0.0,-5.264354723523738,0.0,9.74904080085369,10.41844665561226,8.630011324002634
r340\t7.2\t7.2_40.cif,1,9.159306521489842,4.938815549471348,9.49286199361549,0.0,-4.938815549471348,0.0,9.44218782240925,9.497602500787407,9.49286199361549
r340\t7.2\t7.2_320.cif,1,9.442374235313384,4.940158915772459,8.505848075699067,0.0,-4.940158915772459,0.0,9.678444447625631,8.724452912072515,8.505848075699067
r340\t7.2\t7.2_280.cif,1,8.911323499720066,4.984584837779759,8.580192490536684,0.0,-4.984584837779759,0.0,9.281487910224346,8.621380477177597,8.580192490536684
r340\t7.2\t7.2_340.cif,1,9.850214896246358,4.956049626374927,8.373107396912353,0.0,-4.956049626374927,0.0,10.008899013969025,9.531626586140991,8.373107396912353
r340\t7.2\t7.2_60.cif,1,8.731828345529996,5.2618577095812755,8.444434638175947,0.0,-5.2618577095812755,0.0,8.96566033414926,9.875010947446414,8.444434638175947
r340\t8.4\t8.4_100.cif,1,9.131178940835946,5.06374214335145,8.37521513841521,0.0,-5.06374214335145,0.0,9.392549695495944,8.80802698400317,8.37521513841521
r340\t7.2\t7.2_80.cif,1,8.483211571129841,5.557468668805652,8.460957274484796,0.0,-5.557468668805652,0.0,8.87843360558812,11.048530876781388,8.460957274484796
r340\t8.4\t8.4_120.cif,1,9.195048789810228,4.860050955801435,8.619827795689252,0.0,-4.860050955801435,0.0,9.3681352102826,8.121660932617154,8.619827795689252
r340\t8.4\t8.4_0.cif,1,9.534220059160129,5.0539895923954345,8.850372600942423,0.0,-5.0539895923954345,0.0,9.953583411535051,11.1562714705425,8.850372600942423
r340\t8.4\t8.4_160.cif,1,8.759214587514547,5.010820808778402,9.198710769270518,0.0,-5.010820808778402,0.0,9.067719912484037,10.34443884392698,9.198710769270518
r340\t8.4\t8.4_140.cif,1,8.852618747677639,5.077882744651975,8.90481503664872,0.0,-5.077882744651975,0.0,9.137130693491903,9.765502598686737,8.90481503664872
r340\t8.4\t8.4_180.cif,1,8.835812647803646,4.57745958906936,9.755761411466567,0.0,-4.57745958906936,0.0,8.984285672288173,7.899575895631236,9.755761411466567
r340\t8.4\t8.4_20.cif,1,9.24624089034432,5.005475214890711,9.19694157458134,0.0,-5.005475214890711,0.0,9.698096758090161,10.847743991405324,9.19694157458134
r340\t8.4\t8.4_220.cif,1,8.586091930919475,4.665133146320137,9.529065311204269,0.0,-4.665133146320137,0.0,8.82726404348174,6.745850171483329,9.529065311204269
r340\t8.4\t8.4_200.cif,1,7.963320317761131,5.005016772417402,9.775291979755227,0.0,-5.005016772417402,0.0,9.036142735501112,9.835503448164381,9.775291979755227
r340\t8.4\t8.4_240.cif,1,9.03517745699071,4.699368137060918,8.906648716364332,0.0,-4.699368137060918,0.0,9.266341373887391,6.277182021276411,8.906648716364332
r340\t8.4\t8.4_280.cif,1,8.972035777061818,4.962798214013068,8.523999052605264,0.0,-4.962798214013068,0.0,9.287109449634604,7.869444871779662,8.523999052605264
r340\t8.4\t8.4_260.cif,1,8.983289088973747,4.897193371510331,8.500606686617433,0.0,-4.897193371510331,0.0,9.208221699394075,6.65804154769114,8.500606686617433
r340\t8.4\t8.4_340.cif,1,9.517353189245858,4.989748764169895,8.416336432904322,0.0,-4.989748764169895,0.0,9.889643665953013,9.659551345735789,8.416336432904322
r340\t8.4\t8.4_300.cif,1,9.566762330770796,4.909209242508041,8.524667610879442,0.0,-4.909209242508041,0.0,9.660228214514085,7.469432217485506,8.524667610879442
r340\t8.4\t8.4_320.cif,1,9.741801036119533,4.939099260179857,8.19120224823195,0.0,-4.939099260179857,0.0,9.833026202243273,7.417607673089482,8.19120224823195
r340\t8.4\t8.4_40.cif,1,9.169897553649944,4.827549533088741,9.58532638558544,0.0,-4.827549533088741,0.0,9.408659852678898,8.17343105742998,9.58532638558544
r340\t8.4\t8.4_60.cif,1,8.943265834976977,5.062307560494479,8.751090764048238,0.0,-5.062307560494479,0.0,9.250551896340712,9.947032530096521,8.751090764048238
r340\t9.6\t9.6_0.cif,1,9.363261384869478,4.887263300209409,9.002639053254379,0.0,-4.887263300209409,0.0,9.779312356969871,9.036011677190666,9.002639053254379
r340\t8.4\t8.4_80.cif,1,8.878748778741324,5.128073450966254,8.757070165584942,0.0,-5.128073450966254,0.0,9.281966440117646,9.488323516870517,8.757070165584942
r340\t9.6\t9.6_100.cif,1,9.357854679793682,4.730674897182247,8.31050720684273,0.0,-4.730674897182247,0.0,9.738297359769307,7.223391232570935,8.31050720684273
r340\t9.6\t9.6_120.cif,1,9.59977925158626,5.019344831968122,8.436544675268667,0.0,-5.019344831968122,0.0,10.17102507333786,9.261894046039318,8.436544675268667
r340\t9.6\t9.6_140.cif,1,9.716917106389289,5.352256303570965,8.707865338226652,0.0,-5.352256303570965,0.0,10.39868822055043,11.765399691851258,8.707865338226652
r340\t9.6\t9.6_200.cif,1,10.519282266399093,5.137355157542077,9.665776440565459,0.0,-5.137355157542077,0.0,10.458272690521573,10.97547706068132,9.665776440565459
r340\t9.6\t9.6_160.cif,1,9.664008267396921,4.656434551112895,9.47908752812481,0.0,-4.656434551112895,0.0,10.124286875764884,7.990563253738007,9.47908752812481
r340\t9.6\t9.6_180.cif,1,9.700542943175584,4.51713502670573,9.78495235515404,0.0,-4.51713502670573,0.0,10.018101675942912,7.892906305261263,9.78495235515404
r340\t9.6\t9.6_20.cif,1,9.340266062533143,4.895392667321077,9.384640120340345,0.0,-4.895392667321077,0.0,9.889896974256327,10.498464641585267,9.384640120340345
r340\t9.6\t9.6_240.cif,1,9.700305780600974,4.9418414399840085,8.955626144710807,0.0,-4.9418414399840085,0.0,9.976695771179863,8.105771556257965,8.955626144710807
r340\t9.6\t9.6_220.cif,1,10.211519595173876,5.28445408473937,9.134486353183128,0.0,-5.28445408473937,0.0,10.297130111609269,10.902511223720689,9.134486353183128
r340\t9.6\t9.6_260.cif,1,9.530042689913573,5.100175047268109,8.526138482304482,0.0,-5.100175047268109,0.0,9.963086457556697,8.436131256789992,8.526138482304482
r340\t9.6\t9.6_300.cif,1,9.358891373845674,4.793984288583326,8.501464666773073,0.0,-4.793984288583326,0.0,9.589619613768535,6.292502850948325,8.501464666773073
r340\t9.6\t9.6_320.cif,1,9.4900921212503,4.961465650492719,8.20117895252358,0.0,-4.961465650492719,0.0,9.890661229211755,7.412848111289703,8.20117895252358
r340\t9.6\t9.6_280.cif,1,9.183618508752234,4.860334394098018,8.37342696422723,0.0,-4.860334394098018,0.0,9.403597975399235,6.20738669804681,8.37342696422723
r340\t9.6\t9.6_340.cif,1,9.452101460057396,4.974530165443821,8.460560416746214,0.0,-4.974530165443821,0.0,9.988134562661264,9.37674048521092,8.460560416746214
r340\t9.6\t9.6_60.cif,1,8.812520342764223,4.769201980472205,9.371635737005203,0.0,-4.769201980472205,0.0,9.531166888197646,7.9515787889610605,9.371635737005203
r340\t9.6\t9.6_80.cif,1,8.67515309523738,4.8050643293474415,8.65889528508805,0.0,-4.8050643293474415,0.0,9.230071673761909,7.4328483772855884,8.65889528508805
r340\t9.6\t9.6_40.cif,1,9.319218305914081,4.507577704692781,9.77180492951364,0.0,-4.507577704692781,0.0,9.548794207627484,7.561771215727219,9.77180492951364
