file_path,Int1_avg_HH_dist,Int1_avg_OO_dist,Int1_avg_OH_dist,Int1_avg_HO_dist,Int1_count_HH,Int1_count_OO,Int1_count_OH,Int1_count_HO,Int1_sum_of_count,Int2_avg_HH_dist,Int2_avg_OO_dist,Int2_avg_OH_dist,Int2_avg_HO_dist,Int2_count_HH,Int2_count_OO,Int2_count_OH,Int2_count_HO,Int2_sum_of_count,Int3_avg_HH_dist,Int3_avg_OO_dist,Int3_avg_OH_dist,Int3_avg_HO_dist,Int3_count_HH,Int3_count_OO,Int3_count_OH,Int3_count_HO,Int3_sum_of_count,Int4_avg_HH_dist,Int4_avg_OO_dist,Int4_avg_OH_dist,Int4_avg_HO_dist,Int4_count_HH,Int4_count_OO,Int4_count_OH,Int4_count_HO,Int4_sum_of_count
D:\New folder\project\results\5_layer\lower\r0\t6.0\t6.0_80_grid1.cif,2.451658454057566,2.9831668876194173,2.0935044890425565,2.5133322242319753,4,5,6,5,20,2.205540526697731,3.000813458206364,1.9492445851082039,1.8350537456251643,10,7,12,10,39,2.1290898795161195,2.907478747486732,3.0,1.7430291412489005,8,3,0,7,18,2.3189779082499005,2.93420014975112,2.2875476800572456,2.1895254642143724,4,4,8,5,21
D:\New folder\project\results\5_layer\lower\r0\t6.0\t6.0_80_grid3.cif,2.380778190574918,2.8490834252925823,2.6250105909782784,2.409654388633092,7,5,4,15,31,2.441825462471353,2.83150684130834,2.081930362034537,1.9953281060545114,4,6,6,12,28,2.343462872095,2.590153664183015,2.5104422348188913,2.6049697698654213,6,4,10,7,27,2.2789944431063103,2.6259963545347706,2.2669049405698893,2.2064121532028023,8,6,6,11,31
D:\New folder\project\results\5_layer\lower\r0\t6.0\t6.0_100_grid6.cif,2.2929449715913526,2.5951817124329564,2.1597464607296972,2.1305071295932314,12,10,14,21,57,2.2900007678281185,3.013963244131988,2.6177822196056066,2.231603255703523,6,2,4,2,14,2.1290898795161195,2.907478747486732,3.0,1.7430291412489005,8,3,0,7,18,2.3189779082499005,2.93420014975112,2.2875476800572456,2.1895254642143724,4,4,8,5,21
D:\New folder\project\results\5_layer\lower\r0\t6.0\t6.0_200_grid2.cif,2.2560358213705807,2.4417634135323567,2.4665424072566946,2.398796801265496,6,4,8,7,25,2.2639409497183003,2.870175751293931,2.180209947676621,2.263407385994783,8,7,13,6,34,2.3177150720924145,2.6906682100668675,2.442144688343544,2.129212584894907,2,3,4,9,18,2.2977084759304405,2.7581143143318805,2.2370947123764364,2.202940824105543,8,6,6,16,36
D:\New folder\project\results\5_layer\lower\r0\t6.0\t6.0_220_grid2.cif,2.363428304428121,2.4417634135323567,2.3520325652138396,2.498571146740131,8,4,8,8,28,2.2639409497183003,2.870175751293931,2.180209947676621,2.263407385994783,8,7,13,6,34,2.3177150720924145,2.6906682100668675,2.442144688343544,2.129212584894907,2,3,4,9,18,2.2977084759304405,2.7581143143318805,2.2370947123764364,2.202940824105543,8,6,6,16,36
D:\New folder\project\results\5_layer\lower\r0\t6.0\t6.0_260_grid1.cif,2.1727741368689064,2.9331470554205428,2.193959878460913,2.0474793549503127,6,4,13,5,28,2.3311030090186957,3.026785775279212,2.1887781074834014,2.3482123129955874,12,7,11,6,36,2.1290898795161195,2.907478747486732,3.0,1.7430291412489005,8,3,0,7,18,2.3189779082499005,2.93420014975112,2.2875476800572456,2.1895254642143724,4,4,8,5,21
D:\New folder\project\results\5_layer\lower\r0\t6.0\t6.0_260_grid2.cif,2.380778190574918,2.6183467592336256,2.442595550040119,2.3973296319146407,7,5,6,7,25,2.4253612415759767,2.9678618352499435,2.0693307510981684,2.2801630739909116,6,8,10,12,36,2.33478024753115,2.590153664183015,2.438931569902983,2.5383187170806183,3,4,7,8,22,2.267237980692391,2.7581143143318805,2.1877210794480098,2.1589065190367807,9,6,8,9,32
D:\New folder\project\results\5_layer\lower\r0\t6.0\t6.0_260_grid3.cif,2.380778190574918,2.8490834252925823,2.6250105909782784,2.4615366778800802,7,5,4,13,29,2.441825462471353,2.730387956415749,2.0836335787914155,1.9757102667388438,4,5,5,13,27,2.343462872095,2.590153664183015,2.4510750721744605,2.5941117302439807,6,4,10,6,26,2.3041886965626324,2.6259963545347706,2.2669049405698893,2.2321648365601137,8,6,6,9,29
D:\New folder\project\results\5_layer\lower\r0\t6.0\t6.0_280_grid2.cif,2.380778190574918,2.8490834252925823,2.6250105909782784,2.409654388633092,7,5,4,15,31,2.441825462471353,2.83150684130834,2.081930362034537,1.9953281060545114,4,6,6,12,28,2.343462872095,2.590153664183015,2.5104422348188913,2.6049697698654213,6,4,10,7,27,2.2789944431063103,2.6259963545347706,2.2669049405698893,2.2064121532028023,8,6,6,11,31
D:\New folder\project\results\5_layer\lower\r0\t6.0\t6.0_280_grid4.cif,2.2717946251445618,2.852648007185207,2.3500743617584563,2.34934148313051,9,10,8,25,52,2.466458449191962,2.870375565630981,2.2195331061573573,2.5546666336200965,5,9,14,10,38,2.3840448618655943,2.914398335924651,2.050398235355554,2.0643537388749014,11,4,8,4,27,2.3540597108642887,2.9148868514868047,2.70610344693131,1.7875673526508895,5,4,6,4,19
D:\New folder\project\results\5_layer\lower\r0\t6.0\t6.0_340_grid6.cif,2.358088091427075,2.5452908191522865,2.3908452729965295,2.3666797965583006,13,10,14,16,53,2.2900007678281185,3.013963244131988,2.6177822196056066,2.231603255703523,6,2,4,2,14,2.1290898795161195,2.907478747486732,3.0,1.7430291412489005,8,3,0,7,18,2.3189779082499005,2.93420014975112,2.2875476800572456,2.1895254642143724,4,4,8,5,21
D:\New folder\project\results\5_layer\lower\r0\t7.2\t7.2_260_grid4.cif,2.38927557606282,2.5679727774465113,2.3974508241119827,2.205754849046275,8,10,10,30,58,2.3869147708434464,2.6155498731256968,2.429849927583509,2.345816908087414,7,5,6,13,31,2.2547669860055595,2.9460662569914824,2.1387478290089064,2.270501637952193,8,7,10,12,37,2.23947728865219,2.7218087806327325,2.33430183260135,2.458245700816439,2,3,4,8,17
D:\New folder\project\results\5_layer\lower\r60\t9.6\t9.6_260_grid3.cif,2.0928217886161384,2.9473384325496523,2.028364447683608,2.28845871372912,6,4,2,12,24,2.3985561575917136,2.8265716536045264,2.2221227405074098,2.3364011074233777,6,5,4,13,28,2.3631220726847064,2.914481570211128,2.6121302651284957,2.3704534001181674,7,10,6,20,43,2.0350701299511966,2.5858182145535675,2.0888809766303003,1.9621196512493142,4,4,3,12,23
D:\New folder\project\results\5_layer\lower\r80\t1.2\t1.2_80_grid1.cif,2.376311148266104,2.4178219452222334,2.294478423327698,2.3848250437031004,15,4,11,10,40,2.2594851414876245,2.7463465524089394,2.0198661353098806,2.16108411806257,9,15,18,13,55,2.374144769931729,2.912776404679098,2.2905828799241665,2.387647489167208,7,8,8,13,36,2.032954887211388,2.4020908910264955,2.213135112704256,2.6324194982598574,2,5,8,4,19
D:\New folder\project\results\5_layer\lower\r80\t1.2\t1.2_100_grid5.cif,2.2038313926582402,3.0,2.1133112794563207,2.254419349357541,8,0,4,8,20,2.270028337181522,2.8038865619582984,2.211207413827554,2.305160729892725,14,15,15,18,62,1.7752005120456948,2.900829313237942,2.0298146596260667,2.399336516029069,4,2,2,4,12,2.1348523120947256,2.6954282775523533,1.6967034399685739,2.0676253972712497,4,2,2,4,12
D:\New folder\project\results\5_layer\lower\r80\t1.2\t1.2_280_grid3.cif,2.2846765841946426,3.0,3.0,3.0,8,0,0,0,8,2.176595081604914,2.9133891072182894,2.1152460634073686,2.2471331485713812,10,15,14,22,61,2.2826089331117823,2.900829313237942,2.0939830145604486,2.6155072664437506,2,2,2,4,10,2.1403632490014965,2.6014788664367154,2.4965861002852385,2.444786338063439,2,1,4,6,13
D:\New folder\project\results\5_layer\lower\r80\t1.2\t1.2_320_grid3.cif,2.1293638145412275,2.775985395433608,2.0621126532080623,2.0804821642896454,6,12,12,10,40,2.339752454859893,2.6981134281881554,2.335303364531049,2.3860742327962168,8,14,12,22,56,2.2467864109513735,2.7692366154561934,1.9798899060855484,2.1944693488556646,12,14,13,16,55,2.3935994650504577,2.7288214840814398,1.6844270621290613,2.3576197529498715,4,6,6,10,26
D:\New folder\project\results\5_layer\lower\r80\t1.2\t1.2_340_grid0.cif,2.1814220918227307,2.7577684880422173,2.2964312968337657,2.3992300384377057,6,11,10,11,38,2.291774080812458,2.793671965437883,2.150204638410267,2.3724066046883925,14,14,15,17,60,2.3439102065556043,2.7830923238694893,2.1003433342230413,2.2490981660517835,6,13,12,14,45,2.397004896049631,2.975984664356037,2.148853390302001,3.0,8,6,10,0,24
D:\New folder\project\results\5_layer\lower\r80\t2.4\t2.4_80_grid0.cif,2.1026817918448444,2.8391843588932506,1.9245300629796973,1.9349477430347712,4,9,10,7,30,2.3745702867709513,2.77387548164656,2.1755806291043696,2.4474983144384987,7,4,5,5,21,2.3297802789927804,2.7723597839389105,2.3099778535119855,2.4789426702878594,8,6,5,7,26,2.156483257229442,2.4906202050513637,2.3387638232658707,2.1380655635364465,1,6,4,20,31
D:\New folder\project\results\5_layer\lower\r80\t2.4\t2.4_80_grid3.cif,2.228150899040513,3.0,2.1145782585215764,3.0,6,0,14,0,20,2.430207346832345,2.98360670670209,2.6139383977669306,2.0581875326550816,2,4,3,6,15,2.1122710059510337,2.9910714964055933,2.359070067599481,2.085738523607671,4,3,4,5,16,2.370751387008593,2.6314726564013284,2.3208355988625704,2.3139124542851843,11,9,10,15,45
D:\New folder\project\results\5_layer\lower\r80\t2.4\t2.4_80_grid4.cif,2.238047077568101,3.0,2.113987908126551,3.0,8,0,14,0,22,2.2413881838918055,2.903339983095039,2.0450630308146156,2.1833627021746866,11,8,11,15,45,2.4621349093000093,2.98360670670209,2.3172850274427264,2.2682735416251085,4,4,8,6,22,2.1122710059510337,2.9910714964055933,2.359070067599481,2.085738523607671,4,3,4,5,16
D:\New folder\project\results\5_layer\lower\r80\t2.4\t2.4_80_grid5.cif,2.227569439303572,3.0,1.9689116991127078,3.0,6,0,12,0,18,2.430207346832345,2.98360670670209,2.6139383977669306,2.0581875326550816,2,4,3,6,15,2.436729470077705,2.734528572892349,2.3095790633238398,2.1933876449139995,8,10,16,16,50,2.2784170883293977,2.5581315329666103,2.484542515553971,2.1538792735730854,12,5,3,15,35
D:\New folder\project\results\5_layer\lower\r80\t2.4\t2.4_80_grid6.cif,2.1777242586853394,2.6934272687372856,1.9770612342410339,1.823270425167206,8,4,16,10,38,2.262542385320453,2.88751685408805,2.082007395224119,2.6207781448625154,2,2,2,4,10,2.4055910019834537,2.9275568449347102,2.2564360910388075,2.1548756740082746,9,6,16,10,41,2.2784170883293977,2.639720887178144,2.306441409791387,2.3363880997804074,12,7,5,15,39
D:\New folder\project\results\5_layer\lower\r80\t2.4\t2.4_80_grid7.cif,2.234426206912941,3.0,2.0710240087251637,3.0,6,0,13,0,19,2.1828325918373226,2.898889359450244,2.3217538747346484,2.473182293387562,5,5,8,8,26,2.3548206097630318,2.8798256061267327,2.2383454556574955,2.3504056198633902,12,10,12,14,48,2.1122710059510337,2.9910714964055933,2.359070067599481,2.085738523607671,4,3,4,5,16
D:\New folder\project\results\5_layer\lower\r80\t2.4\t2.4_100_grid0.cif,2.246817222794673,2.7828147423924894,1.9564166441063997,2.218276966084023,3,6,13,3,25,2.452714440924042,2.979554779949326,2.3571723716161452,2.237262552966139,2,5,7,4,18,2.280432813872326,2.8693107150637798,2.3571723716161337,2.34402622194783,4,7,7,6,24,2.3538688817915068,2.7590835771818862,2.2255746455202385,2.098172794599387,4,7,7,17,35
D:\New folder\project\results\5_layer\lower\r80\t2.4\t2.4_100_grid2.cif,2.2909337802936824,2.7798728426635813,1.986047305867624,2.088493109687088,4,6,11,4,25,2.3610944981154915,2.9495758879238214,2.2562548555019197,1.8610821473120231,4,6,6,4,20,2.3930443496222082,2.679748718496254,2.1207154508586474,2.331294679647615,8,12,9,18,47,2.1921103011385403,2.9910714964055933,1.7806297371850723,3.0,4,3,8,0,15
D:\New folder\project\results\5_layer\lower\r80\t2.4\t2.4_100_grid3.cif,2.2909337802936824,2.7828147423924894,1.8308761974705297,2.0798326837166567,4,6,13,2,25,2.452714440924042,2.9495758879238214,2.4099501195411324,2.1149090726070683,2,6,6,6,20,2.3530367889275032,2.9910714964055933,2.1889102179795854,3.0,4,3,10,0,17,2.3888917982372004,2.8799011573894635,2.4722425712773206,2.2712837107595165,6,6,10,9,31
D:\New folder\project\results\5_layer\lower\r80\t2.4\t2.4_100_grid4.cif,3.0,3.0572899175418824,3.0,2.769970550136268,0,2,0,4,6,2.1746972136823652,2.943263506099614,1.9662021681247315,2.2836103614455014,10,8,14,12,44,2.4508813622541608,2.98485576737508,2.3992436812604345,2.204541181115516,4,6,5,8,23,2.083307319204841,2.6725609361140292,3.0,2.557553559911191,2,2,0,2,6
D:\New folder\project\results\5_layer\lower\r80\t2.4\t2.4_100_grid5.cif,2.1889922781759754,2.88751685408805,2.082007395224119,2.6207781448625154,4,2,2,4,12,2.382509751188542,2.7043533279377288,1.8524501164433729,1.9821021196408974,6,9,10,20,45,2.411725193981801,2.879924783172734,2.4300995495272675,2.063237607995946,2,6,6,12,26,2.3725995906122646,2.7421690071575124,1.9390057961602014,2.2368959026957205,6,9,14,6,35
D:\New folder\project\results\5_layer\lower\r80\t2.4\t2.4_100_grid6.cif,2.3931405335435096,2.9942214577168125,2.141270045450944,2.1398991756076304,13,8,10,10,41,2.364751384809197,2.98360670670209,2.6139383977669306,2.053766968109356,7,4,3,12,26,2.411725193981801,2.879924783172734,2.4300995495272675,2.063237607995946,2,6,6,12,26,2.3725995906122646,2.7421690071575124,1.9390057961602014,2.2368959026957205,6,9,14,6,35
D:\New folder\project\results\5_layer\lower\r80\t2.4\t2.4_200_grid1.cif,2.246817222794673,2.6934272687372856,1.958924798217387,2.0753791400039905,3,4,14,7,28,1.7718275709780378,2.98360670670209,3.0,2.0685099007281513,2,4,0,8,14,2.083307319204841,2.879924783172734,2.4300995495272675,2.2803578357108867,2,6,6,10,24,2.3538688817915068,2.7421690071575124,2.0209767685062463,2.2368959026957205,4,9,16,6,35
D:\New folder\project\results\5_layer\lower\r80\t2.4\t2.4_200_grid2.cif,2.2245343230623282,2.70219794503547,2.1053905860015085,2.1990845463964024,8,14,15,11,48,2.262542385320453,2.88751685408805,2.082007395224119,2.6207781448625154,2,2,2,4,10,2.083307319204841,2.6725609361140292,3.0,2.557553559911191,2,2,0,2,6,2.356980476893782,2.737259020374292,2.363530738301927,1.9989913044885488,8,12,12,14,46
D:\New folder\project\results\5_layer\lower\r80\t2.4\t2.4_200_grid5.cif,2.3670488814982136,2.9451755238274258,2.3170232690215817,2.5474677919939124,4,8,8,8,28,2.37435501086811,2.696199411640545,2.1559898343281985,2.0691268102350713,5,11,14,6,36,2.411725193981801,2.879924783172734,2.4300995495272675,2.063237607995946,2,6,6,12,26,2.3725995906122646,2.7421690071575124,1.9390057961602014,2.2368959026957205,6,9,14,6,35
D:\New folder\project\results\5_layer\lower\r80\t2.4\t2.4_220_grid0.cif,2.2256396537885546,2.7160390271121453,2.046957492880191,2.2569736720472204,6,6,4,14,30,2.2907434810926275,2.4906202050513584,2.2505590597862484,2.3945561094987444,6,6,6,7,25,2.187210573007072,2.7089972990692193,2.3780682650555374,2.2682634091933167,7,8,4,15,34,2.3569804768937845,2.4906202050513637,2.4618792300072387,2.4194742262147653,4,6,8,8,26
D:\New folder\project\results\5_layer\lower\r80\t2.4\t2.4_220_grid1.cif,2.351544843774605,2.604574005015305,2.2214267551549227,2.034607653642085,8,4,10,12,34,2.1743019262185,2.833636133141066,2.1440938622591164,2.27869983004447,10,11,14,14,49,2.3994463221315265,2.9495758879238214,2.333427704215398,2.013635885388724,3,6,6,5,20,2.3530367889275032,2.9910714964055933,1.992205989483314,3.0,4,3,8,0,15
D:\New folder\project\results\5_layer\lower\r80\t2.4\t2.4_220_grid3.cif,2.2813443123154693,2.7485989448791446,2.2944854109363373,2.3104630267257487,12,13,10,24,59,2.121691474327002,2.98360670670209,3.0,2.0760495507651355,4,4,0,12,20,2.4055910019834537,2.9275568449347102,2.2564360910388075,2.1548756740082746,9,6,16,10,41,2.2784170883293977,2.639720887178144,2.306441409791387,2.3363880997804074,12,7,5,15,39
D:\New folder\project\results\5_layer\lower\r80\t2.4\t2.4_220_grid5.cif,2.267559174688575,2.945175523827423,2.353373412716549,2.458777490876442,9,8,12,10,39,2.374355010868108,2.696199411640552,2.1559898343282033,2.0691268102350664,5,11,14,6,36,2.411725193981801,2.879924783172734,2.4300995495272675,2.063237607995946,2,6,6,12,26,2.3725995906122646,2.7421690071575124,1.9390057961602014,2.2368959026957205,6,9,14,6,35
D:\New folder\project\results\5_layer\lower\r80\t2.4\t2.4_220_grid6.cif,2.2488230413332992,2.949954203838311,2.236794153662654,2.285194330361213,8,6,10,18,42,2.430207346832345,3.0324271745411866,2.609679474192102,2.0664246192876408,2,6,4,12,24,2.411725193981801,2.879924783172734,2.4300995495272675,2.063237607995946,2,6,6,12,26,2.3725995906122646,2.7421690071575124,1.9390057961602014,2.2368959026957205,6,9,14,6,35
D:\New folder\project\results\5_layer\lower\r80\t2.4\t2.4_260_grid0.cif,2.2680613750605856,2.7959477709981337,2.177550006588237,2.377032687295493,8,8,15,4,35,2.297365182859125,2.8026677251351364,2.1906138736904643,2.2306001384045646,12,10,8,19,49,2.415458760382146,2.98360670670209,2.6139383977669306,1.8820767282147617,6,4,3,12,25,2.083307319204841,2.6725609361140292,3.0,2.557553559911191,2,2,0,2,6
D:\New folder\project\results\5_layer\lower\r80\t2.4\t2.4_260_grid1.cif,2.264401076352661,3.059583502286806,2.0188128467047117,2.665668538524763,10,4,14,3,31,2.262542385320453,2.88751685408805,2.082007395224119,2.6207781448625154,2,2,2,4,10,2.411725193981801,2.879924783172734,2.4300995495272675,2.063237607995946,2,6,6,12,26,2.3725995906122646,2.7421690071575124,1.9390057961602014,2.2368959026957205,6,9,14,6,35
D:\New folder\project\results\5_layer\lower\r80\t2.4\t2.4_260_grid4.cif,2.386019943374964,3.0,2.3115651021494794,2.7196222842651014,9,0,8,2,19,2.1746972136823652,2.944008093091306,1.9616815384908368,2.1988890613545884,10,8,13,13,44,2.4575563912858702,2.98485576737508,2.332888260642289,2.3788234837917264,3,6,6,7,22,1.9289899435018611,2.6725609361140292,2.031479859328332,2.5582253268537793,2,2,1,1,6
D:\New folder\project\results\5_layer\lower\r80\t2.4\t2.4_260_grid5.cif,2.323703336615597,3.0,2.1131903800214658,1.903360948096113,8,0,14,2,24,2.4024277123522313,2.773895572361844,2.2256091006916288,2.2589418714815013,13,11,4,22,50,1.7800233263550251,2.98360670670209,2.3679977030780868,2.4313299907687003,2,4,5,6,17,2.1122710059510337,2.9910714964055933,2.359070067599481,2.085738523607671,4,3,4,5,16
D:\New folder\project\results\5_layer\lower\r80\t2.4\t2.4_280_grid0.cif,2.299478519494404,3.116596226474864,2.0455041130585507,3.0,4,1,12,0,17,2.430207346832345,2.98360670670209,2.6139383977669306,2.0581875326550816,2,4,3,6,15,2.1122710059510337,2.9910714964055933,2.359070067599481,2.085738523607671,4,3,4,5,16,2.2434306495409015,2.8621536754756582,2.3351563873783396,2.2312293488331454,6,12,10,14,42
D:\New folder\project\results\5_layer\lower\r80\t2.4\t2.4_280_grid1.cif,2.2920392166303083,2.987353888721048,2.1602849210558492,2.643602126496817,8,2,12,2,24,2.262542385320453,2.88751685408805,2.082007395224119,2.6207781448625154,2,2,2,4,10,2.411725193981801,2.879924783172734,2.4300995495272675,2.063237607995946,2,6,6,12,26,2.3725995906122646,2.7421690071575124,1.9390057961602014,2.2368959026957205,6,9,14,6,35
D:\New folder\project\results\5_layer\lower\r80\t2.4\t2.4_280_grid2.cif,3.0,3.0,3.0,2.5950790416323715,0,0,0,4,4,2.1746972136823652,2.943263506099614,1.9662021681247315,2.2836103614455014,10,8,14,12,44,2.4508813622541608,2.98485576737508,2.3992436812604345,2.204541181115516,4,6,5,8,23,2.083307319204841,2.6725609361140292,3.0,2.557553559911191,2,2,0,2,6
D:\New folder\project\results\5_layer\lower\r80\t2.4\t2.4_280_grid3.cif,2.420018547701021,3.0,2.303350885634265,3.0,6,0,4,0,10,1.7718275709780378,2.88751685408805,2.0308037295834556,2.567410762702387,2,2,2,2,8,2.3930443496222082,2.5051649815825363,2.0911428214926118,2.344669835386297,8,12,15,8,43,1.8772877248773072,2.9910714964055933,3.0,2.089663803990438,6,3,0,7,16
D:\New folder\project\results\5_layer\lower\r80\t2.4\t2.4_280_grid4.cif,2.1490312930355513,2.8776177337656343,1.941312479070717,2.1495760599125693,9,13,12,21,55,2.1914129696882823,2.88751685408805,2.082007395224119,2.6207781448625154,4,2,2,4,12,2.2816556029104627,2.5742553242105486,2.1656209761914176,2.2631777178352714,13,9,13,17,52,2.083307319204841,2.6725609361140292,3.0,2.557553559911191,2,2,0,2,6
D:\New folder\project\results\5_layer\lower\r80\t2.4\t2.4_280_grid5.cif,2.2570610220557854,2.9374353714045522,2.1310708536773038,2.674145527022644,6,4,7,2,19,2.357287375011568,2.9590203881231303,2.2562548555019197,1.9752518790694231,8,8,6,14,36,2.411725193981801,2.879924783172734,2.4300995495272675,2.063237607995946,2,6,6,12,26,2.3725995906122646,2.7421690071575124,1.9390057961602014,2.2368959026957205,6,9,14,6,35
D:\New folder\project\results\5_layer\lower\r80\t2.4\t2.4_280_grid7.cif,3.0,3.0,3.0,2.3819899305757657,0,0,0,2,2,2.360271864549399,2.8026677251351364,2.1906138736904643,2.1778003254786684,12,10,8,18,48,2.415458760382146,2.98360670670209,2.6139383977669306,1.8820767282147617,6,4,3,12,25,2.083307319204841,2.6725609361140292,3.0,2.557553559911191,2,2,0,2,6
D:\New folder\project\results\5_layer\lower\r80\t2.4\t2.4_320_grid1.cif,2.1565273032527177,2.6934272687372856,2.0477152383201647,2.2774752429251373,2,4,13,2,21,2.4564258371417886,2.98360670670209,2.3031173354697825,2.5984403751231437,1,4,6,3,14,2.159300382944345,2.9910714964055933,2.231292352966911,1.7278555905480173,6,3,7,3,19,2.3647790867302296,2.588990804241412,2.2295425273935248,2.2286797308338393,10,8,13,12,43
D:\New folder\project\results\5_layer\lower\r80\t2.4\t2.4_320_grid2.cif,2.3234742692022112,2.6934272687372856,2.0477152383201647,2.2774752429251373,4,4,13,2,23,2.4564258371417886,2.98360670670209,2.3031173354697825,2.5984403751231437,1,4,6,3,14,2.3930443496222082,2.5051649815825363,2.092514529163199,2.293784858984664,8,12,14,10,44,2.0520160577517035,2.9910714964055933,2.231292352966911,1.7278555905480173,6,3,7,3,19
D:\New folder\project\results\5_layer\lower\r80\t2.4\t2.4_320_grid3.cif,2.246817222794673,2.7828147423924894,1.9564166441063997,2.218276966084023,3,6,13,3,25,2.452714440924042,2.98360670670209,2.3172850274427264,2.6225629231971594,2,4,8,2,16,2.2367742679970135,2.9910714964055933,2.1949278044379006,2.099286502223001,5,3,9,1,18,2.336520821260391,2.7938285683057176,2.435553002386787,2.253289316311109,7,7,11,10,35
D:\New folder\project\results\5_layer\lower\r80\t2.4\t2.4_340_grid4.cif,2.221332882919915,2.624274101058312,2.1820451190104455,2.3237149747156343,6,6,8,9,29,2.2795265218322944,2.8009474359998667,2.223806773678272,2.3427498007443703,10,11,8,28,57,2.4564258371417886,2.98360670670209,2.365072840461787,2.5984403751231437,1,4,8,3,16,2.1122710059510337,2.9910714964055933,2.359070067599481,2.085738523607671,4,3,4,5,16
D:\New folder\project\results\5_layer\lower\r80\t3.6\t3.6_80_grid0.cif,2.3227522624065458,2.84944092647143,1.9966111220841247,2.286563352267752,9,15,16,19,59,2.2503637869928927,3.0644492389664375,1.7252283515021505,2.7786119263584506,6,4,4,4,18,2.353523468441007,2.7807386136225314,2.238699772475473,2.24039028289852,11,6,6,20,43,2.265688935983035,2.6738991924703215,2.0177170183463096,2.071464064408863,8,2,10,5,25
D:\New folder\project\results\5_layer\lower\r80\t3.6\t3.6_80_grid3.cif,2.266754144879748,3.0649725159942536,2.305656472931554,2.6406140653958072,6,4,8,2,20,2.2027958676197232,2.941995412521848,2.2255299681321414,1.9678731406906564,10,8,8,18,44,2.265688935983035,2.6738991924703215,2.0177170183463096,2.071464064408863,8,2,10,5,25,2.152526153844597,3.00353022054651,2.1698970719126844,1.947937520068999,5,2,9,6,22
D:\New folder\project\results\5_layer\lower\r80\t3.6\t3.6_80_grid4.cif,2.2692007610186424,3.0,2.24831762186117,2.0877766556341295,8,0,10,2,20,1.7801084854738591,2.986732238530356,3.0,1.8871747464429447,2,3,0,5,10,2.185712856526474,2.801278696025122,2.133333195383226,2.072435002029688,7,4,9,5,25,2.2579552297963033,3.00353022054651,2.16901728531982,2.227527925647868,1,2,9,2,14
D:\New folder\project\results\5_layer\lower\r80\t3.6\t3.6_100_grid3.cif,2.16103552601297,3.133146030627575,2.417727443577837,2.7687474612347027,4,2,2,3,11,2.366699760808919,2.7613713527326995,1.929952424723795,2.0806635451207933,6,10,11,20,47,2.265688935983035,2.6738991924703215,2.0177170183463096,2.071464064408863,8,2,10,5,25,2.152526153844597,3.00353022054651,2.1698970719126844,1.947937520068999,5,2,9,6,22
D:\New folder\project\results\5_layer\lower\r80\t3.6\t3.6_280_grid4.cif,2.172037032239225,2.996799001360932,2.2625324703526317,3.0,8,2,10,0,20,2.162046776581548,3.133146030627575,2.417727443577837,2.7687474612347027,2,2,2,3,9,2.265688935983035,2.6738991924703215,2.0177170183463096,2.071464064408863,8,2,10,5,25,2.152526153844597,3.00353022054651,2.1698970719126844,1.947937520068999,5,2,9,6,22
D:\New folder\project\results\5_layer\lower\r80\t3.6\t3.6_320_grid5.cif,2.327240424385461,2.8001991325843485,2.158630481221076,2.3093198538759636,14,12,6,26,58,1.9362631852445635,3.133146030627575,2.23191928975467,2.320336670439272,4,2,2,3,11,2.265688935983035,2.6738991924703215,2.0177170183463096,2.071464064408863,8,2,10,5,25,2.152526153844597,3.00353022054651,2.1698970719126844,1.947937520068999,5,2,9,6,22
D:\New folder\project\results\5_layer\lower\r200\t0\t0_80_grid4.cif,2.2146007376669274,2.691837375015192,2.288763007248369,2.271951216075807,6,6,5,10,27,2.4443383850536673,2.6223384502455787,2.2034599379006945,2.078749034876359,5,6,8,11,30,2.390708799765132,2.815603668575936,2.2448696226147224,2.331722939920731,6,11,16,14,47,2.2994621596255316,2.6093571437424674,2.4276020141726637,2.3935832000431376,5,5,6,7,23
D:\New folder\project\results\5_layer\lower\r200\t0\t0_100_grid5.cif,2.472012502982882,2.896326620910922,2.086093908757123,2.2201338421060175,4,2,2,4,12,2.3283002755427393,2.9009104284530256,2.093833694273317,2.2860155408774308,10,2,2,8,22,2.2247898532806647,2.609271316224119,2.1945127645638154,2.1229642626505334,12,10,8,21,51,2.340735915920496,2.924053532685644,0.9828318586959968,2.5562792356350927,2,2,2,2,8
D:\New folder\project\results\5_layer\lower\r200\t0\t0_200_grid3.cif,2.2751558654310005,2.630699965211993,2.3585594821582023,2.324600670630154,11,10,11,18,50,2.2876252702140696,2.7390524987055764,2.5431164452634065,2.164156933245012,6,2,4,2,14,2.289156299416494,2.9009104284530256,2.093833694273317,2.688354313549457,4,2,2,3,11,2.2247898532806647,2.6984367989147047,2.2324692601126177,2.0932030826955383,12,8,6,21,47
D:\New folder\project\results\5_layer\lower\r200\t0\t0_220_grid2.cif,2.335076205311614,2.732487413783268,1.9826524673734447,2.1659434838767737,8,10,14,8,40,2.1430209695238607,2.7390524987055764,2.047669088888773,2.0759472197009203,6,2,12,6,26,2.282439430432992,2.8105331848710886,2.3032792896127625,2.478654024563543,6,4,4,5,19,2.1803330967221823,3.0051304795584173,2.259919804372017,2.027391518688734,8,6,15,14,43
D:\New folder\project\results\5_layer\lower\r200\t0\t0_220_grid4.cif,2.3610242010833566,2.5303632971527272,2.4194301631139368,2.388501849756003,10,9,14,14,47,2.2876252702140696,2.7390524987055764,2.5431164452634065,2.164156933245012,6,2,4,2,14,2.289156299416494,2.9009104284530256,2.093833694273317,2.688354313549457,4,2,2,3,11,2.1476366110675347,2.5127330654362154,2.3563455124666923,2.115868555632473,8,8,8,24,48
D:\New folder\project\results\5_layer\lower\r200\t0\t0_220_grid6.cif,2.4055711772710406,2.590682714173369,2.3338589513661607,2.4138985344190136,8,9,15,13,45,2.2876252702140696,2.7390524987055764,2.5431164452634065,2.164156933245012,6,2,4,2,14,2.282439430432992,2.8105331848710886,2.3032792896127625,2.478654024563543,6,4,4,5,19,2.1803330967221823,3.0051304795584173,2.259919804372017,2.027391518688734,8,6,15,14,43
D:\New folder\project\results\5_layer\lower\r200\t0\t0_260_grid0.cif,2.2146007376669274,2.691837375015192,2.288763007248369,2.271951216075807,6,6,5,10,27,2.4426910685157366,2.6223384502455787,2.2034599379006945,2.075864004742338,4,6,8,12,30,2.3782155788039754,2.861754522804589,2.13499435692213,2.285685624221328,4,11,10,12,37,2.340735915920489,2.437134671798729,1.879983218705773,2.2598612189688896,2,4,8,6,20
D:\New folder\project\results\5_layer\lower\r200\t0\t0_260_grid2.cif,2.185320164116799,2.843668228804257,2.154056928583945,2.282609678605656,6,8,14,10,38,2.2202517057854867,2.8682884613683863,2.051572913024272,2.6357588348161842,8,4,14,2,28,2.282439430432992,2.8105331848710886,2.3032792896127625,2.478654024563543,6,4,4,5,19,2.1803330967221823,3.0051304795584173,2.259919804372017,2.027391518688734,8,6,15,14,43
D:\New folder\project\results\5_layer\lower\r200\t0\t0_280_grid2.cif,2.231631135645677,2.7611348444151287,2.0378984922117844,2.408088468638416,10,4,17,6,37,2.1264508239051425,2.8682884613683886,2.0371545674370415,2.6357588348161944,10,4,10,2,26,2.282439430432992,2.8105331848710886,2.3032792896127625,2.478654024563543,6,4,4,5,19,2.1803330967221823,3.0051304795584173,2.259919804372017,2.027391518688734,8,6,15,14,43
D:\New folder\project\results\5_layer\lower\r200\t0\t0_320_grid2.cif,2.4054276688228646,2.8303876155691494,2.1239629898657237,2.4037281222796865,14,8,12,6,40,2.1778301350390277,2.7390524987055764,2.0374623884883514,1.7190165230010177,13,2,10,6,31,2.282439430432992,2.8105331848710886,2.3032792896127625,2.478654024563543,6,4,4,5,19,2.1803330967221823,3.0051304795584173,2.259919804372017,2.027391518688734,8,6,15,14,43
D:\New folder\project\results\5_layer\lower\r200\t0\t0_320_grid3.cif,2.2310305450444465,2.7225040158745317,2.2917906877770187,2.3164631509639086,12,13,13,20,58,2.2876252702140696,2.7390524987055764,2.5431164452634065,2.164156933245012,6,2,4,2,14,2.289156299416494,2.9009104284530256,2.093833694273317,2.688354313549457,4,2,2,3,11,2.2247898532806647,2.6984367989147047,2.2324692601126177,2.0932030826955383,12,8,6,21,47
D:\New folder\project\results\5_layer\lower\r200\t0\t0_320_grid5.cif,2.2146007376669274,2.691837375015192,2.288763007248369,2.271951216075807,6,6,5,10,27,2.445282905810862,2.6223384502455787,2.2034599379006945,2.08230453806288,6,6,8,10,30,2.390708799765132,2.815603668575936,2.2448696226147224,2.331722939920731,6,11,16,14,47,2.2994621596255316,2.6093571437424674,2.4276020141726637,2.3935832000431376,5,5,6,7,23
D:\New folder\project\results\5_layer\lower\r200\t0\t0_320_grid6.cif,2.4109017417203904,2.8583344086368196,2.313359828817719,2.3069702409667716,9,11,15,18,53,2.2876252702140696,2.7390524987055764,2.5431164452634065,2.164156933245012,6,2,4,2,14,2.282439430432992,2.8105331848710886,2.3032792896127625,2.478654024563543,6,4,4,5,19,2.1803330967221823,3.0051304795584173,2.259919804372017,2.027391518688734,8,6,15,14,43
D:\New folder\project\results\5_layer\lower\r200\t0\t0_340_grid0.cif,2.352590718474486,2.7611348444151287,2.188863994383813,2.276767604007442,4,4,4,10,22,2.3584410979298194,2.829594442044803,2.03886786233588,2.427369387488521,10,6,6,8,30,2.091273530926562,2.8170002060342574,2.236702218643174,2.067832768544901,4,8,8,18,38,2.1777273583970653,2.924053532685649,2.100817095644608,2.0268640005307397,6,2,2,8,18
D:\New folder\project\results\5_layer\lower\r200\t0\t0_340_grid4.cif,2.383964077418624,2.9163595818736923,2.5705212926090413,1.8768286602236839,2,6,2,10,20,2.1430209695238607,2.885049320242741,2.261464354392372,2.4859659703204287,6,3,10,5,24,2.340735915920507,2.9306158307354977,2.434120921298193,2.596466927084661,2,4,6,2,14,2.362355766289294,3.0428016644688305,2.434537006920567,2.2723330313186625,6,4,6,3,19
D:\New folder\project\results\5_layer\lower\r200\t0\t0_340_grid6.cif,2.3725380124738495,2.8205180718255884,2.305055509154088,2.376033703121331,12,9,14,20,55,2.2876252702140696,2.7390524987055764,2.5431164452634065,2.164156933245012,6,2,4,2,14,2.282439430432992,2.8105331848710886,2.3032792896127625,2.478654024563543,6,4,4,5,19,2.1803330967221823,3.0051304795584173,2.259919804372017,2.027391518688734,8,6,15,14,43
D:\New folder\project\results\5_layer\lower\r200\t9.6\t9.6_200_grid3.cif,2.223725712077226,2.8993157163164947,2.3125891573620683,2.250632038835466,7,10,11,14,42,2.338896087394438,2.782587531589514,2.2132139776996653,2.228908725616729,6,8,10,20,44,2.2860998086911652,2.9760680249523985,2.297859611194208,2.1979242544114705,7,7,8,12,34,2.295622109339573,2.9086740606740116,2.2204813604883045,2.0930497819777223,8,3,10,1,22
D:\New folder\project\results\5_layer\lower\r200\t9.6\t9.6_280_grid3.cif,2.40172689060273,2.745924151853167,2.3387223286614343,2.6750873711277388,5,8,10,4,27,2.2985519327387296,2.699760093829164,1.9606414555122846,2.207293244555255,8,12,13,10,43,2.331381087315916,2.9703092032389677,2.3753533841130543,2.0961680442792203,4,9,6,12,31,2.3386403933729523,2.669059704206706,1.9870613576348568,2.229717450100928,6,8,11,4,29
D:\New folder\project\results\5_layer\lower\r260\t7.2\t7.2_280_grid0.cif,2.3615867505445944,2.751256647542237,2.275767020989076,2.3646099504383464,9,13,21,7,50,2.2641451472604337,3.0,2.6302732330344067,2.6193701171453423,5,0,6,2,13,2.3783529062818465,2.8933040906933587,2.370509417288854,2.2620885055694586,10,8,10,13,41,2.4223272450313256,2.5626769199909467,2.437038235032152,2.7509674505109087,4,2,6,2,14
D:\New folder\project\results\5_layer\lower\r280\t7.2\t7.2_260_grid4.cif,2.4745224177886787,3.023303170793188,2.3602223614750395,2.466886372047862,4,6,4,6,20,2.261437171764139,3.0030445932356256,1.980623453043462,2.3085306945280015,10,7,6,8,31,2.281895783208905,2.9281648308546386,2.2453540571108412,1.966226893259694,10,6,7,14,37,2.424773714711354,2.8945510686218254,2.0906997604710353,2.244878102116798,2,2,2,8,14
D:\New folder\project\results\5_layer\lower\r280\t7.2\t7.2_260_grid6.cif,2.1372277426098263,3.044592988141934,2.5872720494318884,2.6802143931935083,5,4,8,2,19,2.2509890628250715,3.073329587101139,2.352837089992684,2.1977413386766904,14,7,17,8,46,2.2568333936030416,2.9130298391446727,1.852959065443357,2.076938702485667,12,8,6,12,38,2.402451555167815,3.0,2.091867700564716,3.0,6,0,2,0,8
D:\New folder\project\results\5_layer\lower\r280\t7.2\t7.2_320_grid2.cif,2.4132910358167248,3.044592988141934,2.201629611016747,3.0,4,4,13,0,21,2.278899737625152,3.057786259339071,2.3703665877428826,2.2270678304697635,14,6,16,7,43,2.323361055530473,2.9130298391446727,2.0578559021570615,2.0856360394613596,14,8,8,10,40,2.289559978744892,3.0,2.236839254340838,3.0,2,0,6,0,8
D:\New folder\project\results\5_layer\lower\r320\t6.0\t6.0_220_grid2.cif,2.451052892431955,2.8554742070283092,2.114256716942734,2.2623616825543085,3,4,4,9,20,2.395461076914876,2.7504837669300537,2.2546115700847427,2.2228816953278128,12,10,4,24,50,3.0,2.987570815629356,2.5375679294837123,2.5666686329711395,0,3,5,4,12,2.1634423734725376,3.052926890861385,2.1432786839544335,2.0955203196580703,6,4,10,2,22
D:\New folder\project\results\5_layer\lower\r340\t6.0\t6.0_200_grid0.cif,2.2794375081181606,2.6897076777779425,2.619607877669893,2.302261767135626,10,7,6,15,38,2.2728327499881362,2.644065637463461,2.0843048349416278,2.2294943602782924,6,5,5,20,36,2.2157633998901214,2.9468241747559274,2.245035829666013,2.3052005882042708,4,8,10,4,26,2.269774280345617,2.9257772918318814,2.085262595044477,2.2749345036127675,8,7,10,12,37
D:\New folder\project\results\5_layer\upper\r0\t6.0\t6.0_200_grid2.cif,2.191041918772695,2.6068238223899987,2.097135992811547,2.2957326791426294,6,13,22,13,54,2.2622145173340207,2.617614136892568,2.4280046499103802,2.5139243774945026,6,6,8,11,31,2.458835303017448,2.854378717509486,2.2735705598206515,2.2781104226134796,7,8,7,10,32,2.366562229481406,2.740761661335873,2.4346429576216693,2.18584554626747,6,4,8,8,26
D:\New folder\project\results\5_layer\upper\r0\t6.0\t6.0_200_grid6.cif,2.191041918772695,2.6068238223899987,2.097135992811547,2.2957326791426294,6,13,22,13,54,2.2622145173340207,2.617614136892568,2.4280046499103802,2.5139243774945026,6,6,8,11,31,2.458835303017448,2.854378717509486,2.2735705598206515,2.2781104226134796,7,8,7,10,32,2.3668802191924057,2.7407616613358714,2.4293234695020143,2.185845546267469,5,4,8,8,25
D:\New folder\project\results\5_layer\upper\r0\t6.0\t6.0_260_grid6.cif,2.191041918772695,2.6068238223899987,2.097135992811547,2.2957326791426294,6,13,22,13,54,2.2622145173340207,2.617614136892568,2.4280046499103802,2.5139243774945026,6,6,8,11,31,2.458835303017448,2.854378717509486,2.2735705598206515,2.2781104226134796,7,8,7,10,32,2.3546009668863768,2.7407616613358665,2.0176614256403798,2.1786982573226843,4,4,4,10,22
D:\New folder\project\results\5_layer\upper\r0\t6.0\t6.0_280_grid1.cif,2.3263006137518643,2.7053662668327654,2.3173051592291563,2.2199602439124413,7,8,4,23,42,2.431859654675451,3.0,2.6994963827112017,2.490688658886048,4,0,4,2,10,2.2202223832200323,2.920815951920588,2.4352886264678126,2.0560876744148615,8,3,7,12,30,2.3303315968688114,2.7915626446548516,2.3960459794745605,2.274816645885888,8,12,9,20,49
D:\New folder\project\results\5_layer\upper\r0\t6.0\t6.0_280_grid2.cif,2.191041918772695,2.6068238223899987,2.097135992811547,2.2957326791426294,6,13,22,13,54,2.2622145173340207,2.617614136892568,2.4280046499103802,2.5139243774945026,6,6,8,11,31,2.458835303017448,2.854378717509486,2.2735705598206515,2.2781104226134796,7,8,7,10,32,2.284683480668669,2.770342927519754,2.183639627280626,2.390452734802523,2,4,8,6,20
D:\New folder\project\results\5_layer\upper\r0\t6.0\t6.0_320_grid2.cif,2.191041918772695,2.6068238223899987,2.097135992811547,2.2957326791426294,6,13,22,13,54,2.2622145173340207,2.617614136892568,2.4280046499103802,2.5139243774945026,6,6,8,11,31,2.458835303017448,2.854378717509486,2.2735705598206515,2.2781104226134796,7,8,7,10,32,2.1543052843202353,2.7392297688506697,1.9665693585703228,2.2383328421099677,4,10,10,6,30
D:\New folder\project\results\5_layer\upper\r0\t6.0\t6.0_320_grid3.cif,2.191041918772695,2.6068238223899987,2.097135992811547,2.2957326791426294,6,13,22,13,54,2.2622145173340207,2.617614136892568,2.4280046499103802,2.5139243774945026,6,6,8,11,31,2.458835303017448,2.854378717509486,2.2735705598206515,2.2781104226134796,7,8,7,10,32,2.1543052843202366,2.739229768850664,1.9665693585703174,2.2383328421099624,4,10,10,6,30
D:\New folder\project\results\5_layer\upper\r0\t6.0\t6.0_320_grid5.cif,2.191041918772695,2.6068238223899987,2.097135992811547,2.2957326791426294,6,13,22,13,54,2.2622145173340207,2.617614136892568,2.4280046499103802,2.5139243774945026,6,6,8,11,31,2.2447375697174503,2.9146425937057296,1.9869581747261214,1.809726258792592,13,8,17,7,45,2.3008931439526794,2.8167647526687407,2.201445970082422,2.2364415662293684,11,11,8,24,54
D:\New folder\project\results\5_layer\upper\r0\t6.0\t6.0_320_grid6.cif,2.191041918772695,2.6068238223899987,2.097135992811547,2.2957326791426294,6,13,22,13,54,2.2622145173340207,2.617614136892568,2.4280046499103802,2.5139243774945026,6,6,8,11,31,2.458835303017448,2.854378717509486,2.2735705598206515,2.2781104226134796,7,8,7,10,32,1.9998761230067619,2.7392297688506684,1.9665693585703194,2.2383328421099677,4,10,10,6,30
D:\New folder\project\results\5_layer\upper\r0\t6.0\t6.0_320_grid7.cif,2.191041918772695,2.6068238223899987,2.097135992811547,2.2957326791426294,6,13,22,13,54,2.2622145173340207,2.617614136892568,2.4280046499103802,2.5139243774945026,6,6,8,11,31,2.458835303017448,2.854378717509486,2.2735705598206515,2.2781104226134796,7,8,7,10,32,1.9998761230067543,2.6868181307949635,2.0831468429848394,2.330678200302236,4,6,12,8,30
D:\New folder\project\results\5_layer\upper\r0\t6.0\t6.0_340_grid2.cif,2.191041918772695,2.6068238223899987,2.097135992811547,2.2957326791426294,6,13,22,13,54,2.2622145173340207,2.617614136892568,2.4280046499103802,2.5139243774945026,6,6,8,11,31,2.458835303017448,2.854378717509486,2.2735705598206515,2.2781104226134796,7,8,7,10,32,2.456441767140086,2.63984304210778,1.967189268495564,2.083535022553482,6,7,12,4,29
D:\New folder\project\results\5_layer\upper\r0\t6.0\t6.0_340_grid6.cif,2.191041918772695,2.6068238223899987,2.097135992811547,2.2957326791426294,6,13,22,13,54,2.2622145173340207,2.617614136892568,2.4280046499103802,2.5139243774945026,6,6,8,11,31,2.458835303017448,2.854378717509486,2.2735705598206515,2.2781104226134796,7,8,7,10,32,2.456441767140086,2.6398430421077737,1.9671892684955656,2.083535022553483,6,7,12,4,29
D:\New folder\project\results\5_layer\upper\r0\t6.0\t6.0_340_grid7.cif,2.191041918772695,2.6068238223899987,2.097135992811547,2.2957326791426294,6,13,22,13,54,2.2622145173340207,2.617614136892568,2.4280046499103802,2.5139243774945026,6,6,8,11,31,2.458835303017448,2.854378717509486,2.2735705598206515,2.2781104226134796,7,8,7,10,32,2.45644176714008,2.4611911935854573,1.9667887192266171,2.0835350225534803,6,3,12,4,25
D:\New folder\project\results\5_layer\upper\r0\t7.2\t7.2_200_grid0.cif,2.280496746683397,2.4690611947164465,2.2939706938609663,2.364295920866353,12,10,11,15,48,2.2038881946884117,3.0403813719515194,2.5742102920861383,2.200143047735932,7,5,4,7,23,2.138618497716671,2.9193811933934577,3.0,1.9870575268275512,6,4,0,10,20,1.6239632364074366,3.0109165880008075,2.290134588852879,2.347613190581799,3,4,4,10,21
D:\New folder\project\results\5_layer\upper\r0\t7.2\t7.2_200_grid3.cif,2.2985051797305913,2.469061194716449,2.3129503324174427,2.4902664480669268,10,10,13,11,44,2.2038881946884117,3.0403813719515194,2.5742102920861383,2.200143047735932,7,5,4,7,23,2.138618497716671,2.9193811933934577,3.0,1.9870575268275512,6,4,0,10,20,1.7153403765584132,2.9198783549259932,2.3557216247391453,2.2601194775223474,4,6,6,10,26
D:\New folder\project\results\5_layer\upper\r0\t7.2\t7.2_220_grid0.cif,2.280496746683397,2.4690611947164465,2.2939706938609663,2.364295920866353,12,10,11,15,48,2.2038881946884117,3.0403813719515194,2.5742102920861383,2.200143047735932,7,5,4,7,23,2.138618497716671,2.9193811933934577,3.0,1.9870575268275512,6,4,0,10,20,2.4753596817091306,3.0422271891524044,2.7266042906942305,2.314724964060183,3,4,4,8,19
D:\New folder\project\results\5_layer\upper\r0\t7.2\t7.2_220_grid6.cif,2.2747121235766046,2.554078975717798,2.1825868295198023,2.4291919602917047,10,12,14,9,45,2.176843087135981,3.0403813719515194,2.4735257349673794,2.127124639739864,5,5,5,6,21,2.203791457988146,2.005611960040389,2.00348793141647,2.2438986681237783,8,4,9,8,29,1.6930860632926492,2.391867730898947,2.201757322057643,2.43599118674279,6,4,4,7,21
D:\New folder\project\results\5_layer\upper\r0\t7.2\t7.2_260_grid0.cif,2.280496746683397,2.4690611947164465,2.2939706938609663,2.364295920866353,12,10,11,15,48,2.2038881946884117,3.0403813719515194,2.5742102920861383,2.200143047735932,7,5,4,7,23,2.138618497716671,2.9193811933934577,3.0,1.9870575268275512,6,4,0,10,20,2.373670959236619,2.851147708433391,2.026284929170296,2.269875701916346,9,2,10,4,25
D:\New folder\project\results\5_layer\upper\r0\t7.2\t7.2_260_grid3.cif,2.274619941620964,2.7246662720173687,2.3022313267298333,2.1378888294861045,9,8,4,20,41,2.2707542839042527,3.00434951600481,2.6000954436100767,2.2042343766761645,6,2,3,2,13,2.163833195450553,2.9193811933934577,3.0,2.001579928573494,8,4,0,12,24,1.2649358720125126,2.8999912755706143,2.547922454309867,2.351988424619297,3,2,2,2,9
D:\New folder\project\results\5_layer\upper\r0\t7.2\t7.2_260_grid5.cif,2.2747121235766046,2.554078975717798,2.1825868295198023,2.4291919602917047,10,12,14,9,45,2.176843087135981,3.0403813719515194,2.4735257349673794,2.127124639739864,5,5,5,6,21,2.34233743601409,2.9346650052180006,2.3813446195163848,2.431010717456545,6,4,5,6,21,1.7900461324334338,2.9193811933934803,3.0,1.8924027115652464,4,4,0,6,14
D:\New folder\project\results\5_layer\upper\r80\t1.2\t1.2_80_grid0.cif,2.333670327560102,2.7887282663659514,2.1361245400547757,1.702040493136418,7,7,17,6,37,2.186881864171271,2.7898591118661393,2.0560432618358675,2.3301469047711425,10,10,4,27,51,2.4016731474945603,2.967613068371527,2.2664190306054883,2.3233870471624947,5,6,6,8,25,1.9759245912377614,2.736818831457224,1.9608868294717472,1.9237284649837547,4,9,10,8,31
D:\New folder\project\results\5_layer\upper\r80\t1.2\t1.2_80_grid1.cif,2.270028337181522,2.8038865619582984,2.211207413827554,2.305160729892725,14,15,15,18,62,1.9576490433625342,2.900829313237942,2.0298146596260667,2.399336516029069,6,2,2,4,14,2.3795411254347614,2.881382037068226,2.5098191182152925,2.1149532668388256,10,8,5,14,37,2.2463101405178882,2.579940612537929,2.2701067697518,2.2562105284134417,11,9,16,12,48
D:\New folder\project\results\5_layer\upper\r80\t1.2\t1.2_80_grid2.cif,2.1293638145412275,2.775985395433608,2.0621126532080623,2.0804821642896454,6,12,12,10,40,2.339752454859893,2.71659162249628,2.335303364531049,2.3743654097343705,8,15,12,20,55,1.779417692080011,2.8031584769429867,1.985388174011424,2.102107432037078,4,2,2,2,10,1.799539523019082,3.0,3.0,2.095741622754091,2,0,0,2,4
D:\New folder\project\results\5_layer\upper\r80\t1.2\t1.2_80_grid3.cif,2.1293638145412275,2.775985395433608,2.0621126532080623,2.0804821642896454,6,12,12,10,40,2.339752454859893,2.71659162249628,2.335303364531049,2.3743654097343705,8,15,12,20,55,1.779417692080011,2.8031584769429867,1.985388174011424,2.102107432037078,4,2,2,2,10,1.799539523019082,3.0,3.0,2.095741622754091,2,0,0,2,4
D:\New folder\project\results\5_layer\upper\r80\t1.2\t1.2_80_grid4.cif,2.2258311828797304,2.7166657204418003,2.208617068256349,2.3126494801911304,12,13,12,25,62,2.2826089331117823,2.900829313237942,2.0939830145604486,2.6155072664437506,2,2,2,4,10,2.059188098590464,2.2257731322389716,2.4097571552958947,2.6998008443694137,6,1,6,3,16,2.2008300675039267,2.9086965255469,2.30834467819179,1.8740683807410021,4,4,10,4,22
D:\New folder\project\results\5_layer\upper\r80\t1.2\t1.2_80_grid5.cif,2.194855249786924,2.7512632828309473,2.044621753723349,2.1139712554442824,2,14,12,18,46,2.284638581111151,2.7594387164507443,2.3002602060041766,2.2456845860434855,9,11,8,21,49,1.779417692080011,2.7842776401480265,2.279209769476781,1.9323629412618906,4,8,4,8,24,3.0,3.0,3.0,2.2509607532660385,0,0,0,8,8
D:\New folder\project\results\5_layer\upper\r80\t1.2\t1.2_100_grid0.cif,2.333670327560102,2.7887282663659514,2.1361245400547757,1.702040493136418,7,7,17,6,37,2.186881864171271,2.7898591118661393,2.0560432618358675,2.3301469047711425,10,10,4,27,51,2.4016731474945603,2.967613068371527,2.2664190306054883,2.3233870471624947,5,6,6,8,25,2.453596682947187,2.6784073829360464,2.1008574492890277,2.2383387452865398,5,8,10,7,30
D:\New folder\project\results\5_layer\upper\r80\t1.2\t1.2_100_grid1.cif,2.0481851659984196,2.7484030065390845,2.585593956988925,2.309013917397655,6,4,2,8,20,2.2258311828797304,2.7166657204418003,2.208617068256349,2.3126494801911304,12,13,12,25,62,2.2826089331117823,2.900829313237942,2.0939830145604486,2.6155072664437506,2,2,2,4,10,2.209284309607831,3.0,2.815261585460386,2.417511984356871,4,0,2,3,9
D:\New folder\project\results\5_layer\upper\r80\t1.2\t1.2_100_grid3.cif,2.1293638145412275,2.775985395433608,2.0621126532080623,2.0804821642896454,6,12,12,10,40,2.339752454859893,2.71659162249628,2.335303364531049,2.3743654097343705,8,15,12,20,55,1.779417692080011,2.8031584769429867,1.985388174011424,2.102107432037078,4,2,2,2,10,1.799539523019082,3.0,2.724208777825595,2.095741622754091,2,0,2,2,6
D:\New folder\project\results\5_layer\upper\r80\t1.2\t1.2_200_grid1.cif,2.333670327560102,2.7887282663659514,2.1361245400547757,1.702040493136418,7,7,17,6,37,2.186881864171271,2.7898591118661393,2.0560432618358675,2.3301469047711425,10,10,4,27,51,2.4016731474945603,2.967613068371527,2.2664190306054883,2.3233870471624947,5,6,6,8,25,2.349662403984907,2.266039288536134,2.510540956274163,2.1438560571939975,5,4,6,17,32
D:\New folder\project\results\5_layer\upper\r80\t1.2\t1.2_200_grid2.cif,2.1781301022861665,2.8756518013620624,2.722121905846142,2.198745612393681,8,2,8,6,24,2.270028337181522,2.8038865619582984,2.211207413827554,2.305160729892725,14,15,15,18,62,1.7752005120456948,2.900829313237942,2.0298146596260667,2.399336516029069,4,2,2,4,12,2.4092251811690675,2.3360721160233044,2.2216413930266032,2.2756593550625706,4,9,10,16,39
D:\New folder\project\results\5_layer\upper\r80\t1.2\t1.2_200_grid3.cif,2.270028337181522,2.8038865619582984,2.211207413827554,2.305160729892725,14,15,15,18,62,1.7752005120456948,2.900829313237942,2.0298146596260667,2.399336516029069,4,2,2,4,12,2.414473496118753,2.8802540734544397,2.19890457239308,2.3157124756259915,4,8,4,18,34,1.7224106619900583,3.0,3.0,2.514668246133499,6,0,0,2,8
D:\New folder\project\results\5_layer\upper\r80\t1.2\t1.2_200_grid5.cif,2.179040285168409,2.834984779671012,2.0589931113473092,2.0770228289195565,12,14,14,16,56,2.3706682246527304,2.7594387164507443,2.196536583315216,2.1917000404446463,8,11,12,15,46,1.776646073328692,2.7842776401480265,2.3268549933636886,2.321043158723053,2,8,8,4,22,2.399800294358842,2.936420802241876,2.3811364092341774,2.1527604641025406,1,5,4,13,23
D:\New folder\project\results\5_layer\upper\r80\t1.2\t1.2_220_grid1.cif,2.1781301022861665,2.8756518013620624,2.722121905846142,2.198745612393681,8,2,8,6,24,2.270028337181522,2.8038865619582984,2.211207413827554,2.305160729892725,14,15,15,18,62,1.7752005120456948,2.900829313237942,2.0298146596260667,2.399336516029069,4,2,2,4,12,2.134852312094706,3.0,2.3643949172808854,2.0676253972712497,4,0,4,4,12
D:\New folder\project\results\5_layer\upper\r80\t1.2\t1.2_220_grid3.cif,2.1293638145412275,2.775985395433608,2.0621126532080623,2.0804821642896454,6,12,12,10,40,2.339752454859893,2.71659162249628,2.335303364531049,2.3743654097343705,8,15,12,20,55,1.779417692080011,2.8031584769429867,1.985388174011424,2.102107432037078,4,2,2,2,10,3.0,2.9053356674126056,1.717375187766338,3.0,0,2,2,0,4
D:\New folder\project\results\5_layer\upper\r80\t1.2\t1.2_220_grid4.cif,2.2258311828797304,2.7166657204418003,2.208617068256349,2.3126494801911304,12,13,12,25,62,2.2826089331117823,2.900829313237942,2.0939830145604486,2.6155072664437506,2,2,2,4,10,2.059188098590464,2.2257731322389716,2.4097571552958947,2.6998008443694137,6,1,6,3,16,2.405467251907369,3.0375018588419227,3.0,2.7440866664513726,4,2,0,2,8
D:\New folder\project\results\5_layer\upper\r80\t1.2\t1.2_260_grid1.cif,2.1293638145412275,2.775985395433608,2.0621126532080623,2.0804821642896454,6,12,12,10,40,2.339752454859893,2.71659162249628,2.335303364531049,2.3743654097343705,8,15,12,20,55,1.779417692080011,2.8031584769429867,1.985388174011424,2.102107432037078,4,2,2,2,10,2.34435984513742,2.74985577831103,2.2541809927911807,2.377871080500783,9,12,20,9,50
D:\New folder\project\results\5_layer\upper\r80\t1.2\t1.2_260_grid3.cif,2.1781301022861665,2.8756518013620624,2.722121905846142,2.198745612393681,8,2,8,6,24,2.270028337181522,2.8038865619582984,2.211207413827554,2.305160729892725,14,15,15,18,62,1.7752005120456948,2.900829313237942,2.0298146596260667,2.399336516029069,4,2,2,4,12,2.014332925282166,3.0,3.0,3.0,4,0,0,0,4
D:\New folder\project\results\5_layer\upper\r80\t1.2\t1.2_260_grid4.cif,2.1293638145412275,2.775985395433608,2.0621126532080623,2.0804821642896454,6,12,12,10,40,2.339752454859893,2.71659162249628,2.335303364531049,2.3743654097343705,8,15,12,20,55,1.779417692080011,2.8031584769429867,1.985388174011424,2.102107432037078,4,2,2,2,10,2.1514187611746265,3.0,2.1933376377177405,3.0,4,0,2,0,6
D:\New folder\project\results\5_layer\upper\r80\t1.2\t1.2_280_grid0.cif,2.0481851659984196,2.7484030065390845,2.585593956988925,2.309013917397655,6,4,2,8,20,2.2258311828797304,2.7166657204418003,2.208617068256349,2.3126494801911304,12,13,12,25,62,2.2826089331117823,2.900829313237942,2.0939830145604486,2.6155072664437506,2,2,2,4,10,2.378398190225156,2.6538457221525453,2.2650687647048935,2.3082567076973883,12,13,15,18,58
D:\New folder\project\results\5_layer\upper\r80\t1.2\t1.2_280_grid1.cif,2.1293638145412275,2.775985395433608,2.0621126532080623,2.0804821642896454,6,12,12,10,40,2.339752454859893,2.71659162249628,2.335303364531049,2.3743654097343705,8,15,12,20,55,1.779417692080011,2.8031584769429867,1.985388174011424,2.102107432037078,4,2,2,2,10,2.235293055440312,2.7943084809985037,2.2153110329082786,2.3604358376011434,4,15,18,13,50
D:\New folder\project\results\5_layer\upper\r80\t1.2\t1.2_280_grid2.cif,2.1293638145412275,2.775985395433608,2.0621126532080623,2.0804821642896454,6,12,12,10,40,2.339752454859893,2.71659162249628,2.335303364531049,2.3743654097343705,8,15,12,20,55,1.779417692080011,2.8031584769429867,1.985388174011424,2.102107432037078,4,2,2,2,10,2.330134693791339,3.0,2.021717781742185,2.0898494885355037,10,0,7,4,21
D:\New folder\project\results\5_layer\upper\r80\t1.2\t1.2_280_grid3.cif,2.1781301022861665,2.8756518013620624,2.722121905846142,2.198745612393681,8,2,8,6,24,2.270028337181522,2.8038865619582984,2.211207413827554,2.305160729892725,14,15,15,18,62,1.7752005120456948,2.900829313237942,2.0298146596260667,2.399336516029069,4,2,2,4,12,1.8770939029139417,3.0,3.0,3.0,2,0,0,0,2
D:\New folder\project\results\5_layer\upper\r80\t1.2\t1.2_280_grid4.cif,2.1293638145412275,2.775985395433608,2.0621126532080623,2.0804821642896454,6,12,12,10,40,2.339752454859893,2.71659162249628,2.335303364531049,2.3743654097343705,8,15,12,20,55,1.779417692080011,2.8031584769429867,1.985388174011424,2.102107432037078,4,2,2,2,10,3.0,3.0,2.737880930244218,3.0,0,0,2,0,2
D:\New folder\project\results\5_layer\upper\r80\t1.2\t1.2_320_grid0.cif,2.333670327560102,2.7887282663659514,2.1361245400547757,1.702040493136418,7,7,17,6,37,2.186881864171271,2.7898591118661393,2.0560432618358675,2.3301469047711425,10,10,4,27,51,2.4016731474945603,2.967613068371527,2.2664190306054883,2.3233870471624947,5,6,6,8,25,2.3589566305558782,2.9676130683715223,2.320599594299368,2.602259579328827,5,6,9,6,26
D:\New folder\project\results\5_layer\upper\r80\t1.2\t1.2_320_grid1.cif,2.1781301022861665,2.8756518013620624,2.722121905846142,2.198745612393681,8,2,8,6,24,2.270028337181522,2.8038865619582984,2.211207413827554,2.305160729892725,14,15,15,18,62,1.7752005120456948,2.900829313237942,2.0298146596260667,2.399336516029069,4,2,2,4,12,2.442429929911245,3.026888519198469,2.469153381299157,2.199099857587809,6,1,6,4,17
D:\New folder\project\results\5_layer\upper\r80\t1.2\t1.2_320_grid2.cif,2.1293638145412275,2.775985395433608,2.0621126532080623,2.0804821642896454,6,12,12,10,40,2.339752454859893,2.71659162249628,2.335303364531049,2.3743654097343705,8,15,12,20,55,1.779417692080011,2.8031584769429867,1.985388174011424,2.102107432037078,4,2,2,2,10,2.3900840208386396,2.987890367998214,2.460885987622844,1.9501411038556977,2,4,2,10,18
D:\New folder\project\results\5_layer\upper\r80\t1.2\t1.2_320_grid4.cif,2.333670327560102,2.7887282663659514,2.1361245400547757,1.702040493136418,7,7,17,6,37,2.186881864171271,2.7898591118661393,2.0560432618358675,2.3301469047711425,10,10,4,27,51,2.4016731474945603,2.967613068371527,2.2664190306054883,2.3233870471624947,5,6,6,8,25,2.3589566305558782,2.9676130683715285,2.3205995942993685,2.6022595793288334,5,6,9,6,26
D:\New folder\project\results\5_layer\upper\r80\t1.2\t1.2_340_grid1.cif,2.333670327560102,2.7887282663659514,2.1361245400547757,1.702040493136418,7,7,17,6,37,2.186881864171271,2.7898591118661393,2.0560432618358675,2.3301469047711425,10,10,4,27,51,2.4016731474945603,2.967613068371527,2.2664190306054883,2.3233870471624947,5,6,6,8,25,2.3665260086669546,2.773005179072576,2.210718643084481,2.2372807712889076,10,4,8,13,35
D:\New folder\project\results\5_layer\upper\r80\t1.2\t1.2_340_grid2.cif,2.0481851659984196,2.7484030065390845,2.585593956988925,2.309013917397655,6,4,2,8,20,2.2258311828797304,2.7166657204418003,2.208617068256349,2.3126494801911304,12,13,12,25,62,2.2826089331117823,2.900829313237942,2.0939830145604486,2.6155072664437506,2,2,2,4,10,1.9597745622818454,2.857426813819975,2.0112468113142348,2.632962107126228,2,2,2,2,8
D:\New folder\project\results\5_layer\upper\r80\t1.2\t1.2_340_grid4.cif,2.333670327560102,2.7887282663659514,2.1361245400547757,1.702040493136418,7,7,17,6,37,2.186881864171271,2.7898591118661393,2.0560432618358675,2.3301469047711425,10,10,4,27,51,2.4016731474945603,2.967613068371527,2.2664190306054883,2.3233870471624947,5,6,6,8,25,2.4139444046192224,2.9676130683715254,2.3979334269869645,2.7181792822219144,6,6,7,6,25
D:\New folder\project\results\5_layer\upper\r80\t2.4\t2.4_80_grid0.cif,2.262542385320453,2.88751685408805,2.082007395224119,2.6207781448625154,2,2,2,4,10,2.294195799835544,2.5051649815825363,2.1602269775570355,2.383299668805072,8,12,15,9,44,1.8772877248773072,2.6725609361140292,2.030803729583455,2.4387719947323476,6,2,2,4,14,2.367807618327254,2.674295941131116,2.254169948573601,2.087419661114868,14,11,8,14,47
D:\New folder\project\results\5_layer\upper\r80\t2.4\t2.4_80_grid1.cif,2.262542385320453,2.88751685408805,2.082007395224119,2.6207781448625154,2,2,2,4,10,2.381504410786431,2.8798256061267327,2.1850653484604496,2.3563292265152374,11,10,8,18,47,2.230565388867053,2.6725609361140292,2.585614674697329,2.557553559911191,4,2,2,2,10,2.0889464781480633,2.6817351547426616,2.10268923106661,2.2053035269320684,5,11,14,16,46
D:\New folder\project\results\5_layer\upper\r80\t2.4\t2.4_80_grid3.cif,2.1914129696882823,2.88751685408805,2.082007395224119,2.6207781448625154,4,2,2,4,12,2.2816556029104627,2.5742553242105486,2.1656209761914176,2.2631777178352714,13,9,13,17,52,2.083307319204841,2.6725609361140292,3.0,2.557553559911191,2,2,0,2,6,2.3602368038497894,2.6922057861867668,2.3342736513560327,2.3539266889237953,12,12,14,14,52
D:\New folder\project\results\5_layer\upper\r80\t2.4\t2.4_80_grid4.cif,2.262542385320453,2.88751685408805,2.082007395224119,2.6207781448625154,2,2,2,4,10,2.381504410786431,2.8798256061267327,2.1850653484604496,2.3563292265152374,11,10,8,18,47,2.083307319204841,2.6725609361140292,3.0,2.557553559911191,2,2,0,2,6,2.261676153548662,2.6257954527850087,2.1826618020416437,2.257462615280481,6,13,13,20,52
D:\New folder\project\results\5_layer\upper\r80\t2.4\t2.4_80_grid5.cif,2.1914129696882823,2.88751685408805,2.082007395224119,2.6207781448625154,4,2,2,4,12,2.2816556029104627,2.5742553242105486,2.1656209761914176,2.2631777178352714,13,9,13,17,52,2.083307319204841,2.6725609361140292,3.0,2.557553559911191,2,2,0,2,6,2.2879309183731973,2.663679949674363,2.168148196196493,2.2818311911945046,10,11,12,14,47
D:\New folder\project\results\5_layer\upper\r80\t2.4\t2.4_100_grid0.cif,2.262542385320453,2.88751685408805,2.082007395224119,2.6207781448625154,2,2,2,4,10,2.294195799835544,2.5051649815825363,2.1602269775570355,2.383299668805072,8,12,15,9,44,1.8772877248773072,2.6725609361140292,2.030803729583455,2.4387719947323476,6,2,2,4,14,2.2789838345875064,2.616761417904948,2.2687416278753707,2.4234606773481344,12,8,16,13,49
D:\New folder\project\results\5_layer\upper\r80\t2.4\t2.4_100_grid1.cif,2.262542385320453,2.88751685408805,2.082007395224119,2.6207781448625154,2,2,2,4,10,2.381504410786431,2.8798256061267327,2.1850653484604496,2.3563292265152374,11,10,8,18,47,2.083307319204841,2.6725609361140292,3.0,2.557553559911191,2,2,0,2,6,2.4160445223478018,2.551276983106207,2.341565962484658,2.2478637940532673,5,11,14,17,47
D:\New folder\project\results\5_layer\upper\r80\t2.4\t2.4_100_grid3.cif,2.1914129696882823,2.88751685408805,2.082007395224119,2.6207781448625154,4,2,2,4,12,2.2816556029104627,2.5742553242105486,2.1656209761914176,2.2631777178352714,13,9,13,17,52,2.083307319204841,2.6725609361140292,3.0,2.557553559911191,2,2,0,2,6,2.37488263165892,2.61676141790495,2.267553900757169,2.3833324491693424,10,8,16,11,45
D:\New folder\project\results\5_layer\upper\r80\t2.4\t2.4_100_grid4.cif,2.262542385320453,2.88751685408805,2.082007395224119,2.6207781448625154,2,2,2,4,10,2.381504410786431,2.8798256061267327,2.1850653484604496,2.3563292265152374,11,10,8,18,47,2.083307319204841,2.6725609361140292,3.0,2.557553559911191,2,2,0,2,6,2.3888917982372035,2.62579545278501,2.3420298146823995,2.2343275864708967,6,13,14,18,51
D:\New folder\project\results\5_layer\upper\r80\t2.4\t2.4_100_grid5.cif,2.2183554937575476,2.709421814423132,2.1106246810951768,2.2392329539926994,10,9,7,24,50,2.4508813622541545,2.98360670670209,2.6139383977669306,2.071364059928686,4,4,3,10,21,2.372599590612266,2.6520593825141727,1.9082372660581797,2.2368959026957373,6,9,14,6,35,2.4510770989427266,2.586054406633031,2.1229635160925695,2.090327470577134,6,2,8,4,20
D:\New folder\project\results\5_layer\upper\r80\t2.4\t2.4_200_grid0.cif,2.1026817918448444,2.8391843588932506,1.9245300629796973,1.8158619621961718,4,9,10,8,31,2.3948106382854073,2.77387548164656,2.0514095099193757,2.386517681007525,6,4,4,6,20,2.091776382479898,2.6226739129317185,2.5300327669329437,2.140701496565719,4,8,2,19,33,2.381749678705924,2.6664052356023182,2.4618792300072343,2.2806655678764463,7,7,8,18,40
D:\New folder\project\results\5_layer\upper\r80\t2.4\t2.4_200_grid1.cif,2.2703952811196486,2.845729108032254,1.9483144180927456,2.1926603806446554,10,14,13,22,59,2.262542385320453,2.88751685408805,2.082007395224119,2.6207781448625154,2,2,2,4,10,2.083307319204841,2.6725609361140292,3.0,2.557553559911191,2,2,0,2,6,2.4712603470317167,2.32979869837732,2.0955804097022273,2.260296915762753,3,10,14,16,43
D:\New folder\project\results\5_layer\upper\r80\t2.4\t2.4_200_grid3.cif,2.2703952811196486,2.845729108032254,1.9483144180927456,2.1926603806446554,10,14,13,22,59,2.262542385320453,2.88751685408805,2.082007395224119,2.6207781448625154,2,2,2,4,10,2.277030185314022,2.6725609361140292,2.364871247217906,2.19480656383932,4,2,4,8,18,2.180504236383599,2.918822217294429,1.8443991907375294,1.9071845826889993,10,7,10,12,39
D:\New folder\project\results\5_layer\upper\r80\t2.4\t2.4_200_grid4.cif,2.2703952811196486,2.845729108032254,1.9483144180927456,2.1926603806446554,10,14,13,22,59,2.262542385320453,2.88751685408805,2.082007395224119,2.6207781448625154,2,2,2,4,10,2.083307319204841,2.6725609361140292,3.0,2.557553559911191,2,2,0,2,6,2.2842181663217844,2.5948308292804985,2.2021982202655543,2.3461425363800323,6,8,16,13,43
D:\New folder\project\results\5_layer\upper\r80\t2.4\t2.4_200_grid5.cif,2.360271864549399,2.8026677251351364,2.1906138736904643,2.1778003254786684,12,10,8,18,48,2.415458760382146,2.98360670670209,2.6139383977669306,1.8820767282147617,6,4,3,12,25,2.083307319204841,2.6725609361140292,3.0,2.557553559911191,2,2,0,2,6,2.063689480712663,2.650572820850635,2.202198220265559,2.3521290195298694,6,10,16,14,46
D:\New folder\project\results\5_layer\upper\r80\t2.4\t2.4_220_grid0.cif,2.1746972136823652,2.943263506099614,1.9662021681247315,2.2836103614455014,10,8,14,12,44,2.4508813622541608,2.98485576737508,2.3992436812604345,2.204541181115516,4,6,5,8,23,2.277030185314018,2.8903477989417996,2.644165932331502,2.2694532930380786,4,5,2,11,22,2.1417946241492745,2.8479527259580832,1.9079821527577525,2.0152704777930217,12,7,10,12,41
D:\New folder\project\results\5_layer\upper\r80\t2.4\t2.4_220_grid1.cif,2.2703952811196486,2.845729108032254,1.9483144180927456,2.1926603806446554,10,14,13,22,59,2.262542385320453,2.88751685408805,2.082007395224119,2.6207781448625154,2,2,2,4,10,2.083307319204841,2.6725609361140292,3.0,2.557553559911191,2,2,0,2,6,2.2690007576043403,2.6331906805277567,2.2156737060823097,2.243719956425837,8,13,18,16,55
D:\New folder\project\results\5_layer\upper\r80\t2.4\t2.4_220_grid4.cif,2.360271864549399,2.8026677251351364,2.1906138736904643,2.1778003254786684,12,10,8,18,48,2.415458760382146,2.98360670670209,2.6139383977669306,1.8820767282147617,6,4,3,12,25,2.083307319204841,2.6725609361140292,3.0,2.557553559911191,2,2,0,2,6,2.0835182399202856,2.7545875967837525,2.1530400429420027,2.1639122454301263,6,10,12,21,49
D:\New folder\project\results\5_layer\upper\r80\t2.4\t2.4_220_grid5.cif,2.1746972136823652,2.943263506099614,1.9662021681247315,2.2836103614455014,10,8,14,12,44,2.4508813622541608,2.98485576737508,2.3992436812604345,2.204541181115516,4,6,5,8,23,2.083307319204841,2.6725609361140292,3.0,2.557553559911191,2,2,0,2,6,2.110223603089682,2.7308748302383212,2.39766595753499,2.2828874458452675,8,12,18,10,48
D:\New folder\project\results\5_layer\upper\r80\t2.4\t2.4_260_grid0.cif,2.262542385320453,2.88751685408805,2.082007395224119,2.6207781448625154,2,2,2,4,10,2.294195799835544,2.5051649815825363,2.1602269775570355,2.383299668805072,8,12,15,9,44,1.8772877248773072,2.6725609361140292,2.030803729583455,2.4387719947323476,6,2,2,4,14,2.3356459600431285,2.7701273422221684,2.329216740724063,1.998991304488548,5,14,12,14,45
D:\New folder\project\results\5_layer\upper\r80\t2.4\t2.4_260_grid1.cif,2.260421753368487,2.7089937833737423,2.160289304903521,2.2317860473746567,12,9,10,21,52,2.317493944173162,2.882477910861118,2.0836497835003525,2.535289093005085,3,8,8,8,27,2.099996243616668,2.5104747911351764,2.26218233305436,2.392841885808928,13,9,12,12,46,2.33137188793314,2.787225753331099,1.996858280088354,2.4035769120934725,8,9,16,13,46
D:\New folder\project\results\5_layer\upper\r80\t2.4\t2.4_260_grid3.cif,2.1914129696882823,2.88751685408805,2.082007395224119,2.6207781448625154,4,2,2,4,12,2.2816556029104627,2.5742553242105486,2.1656209761914176,2.2631777178352714,13,9,13,17,52,2.083307319204841,2.6725609361140292,3.0,2.557553559911191,2,2,0,2,6,2.3356459600431316,2.76741892843959,2.3691922506481915,2.3057492518271436,5,14,14,14,47
D:\New folder\project\results\5_layer\upper\r80\t2.4\t2.4_280_grid0.cif,2.262542385320453,2.88751685408805,2.082007395224119,2.6207781448625154,2,2,2,4,10,2.294195799835544,2.5051649815825363,2.1602269775570355,2.383299668805072,8,12,15,9,44,1.8772877248773072,2.6725609361140292,2.030803729583455,2.4387719947323476,6,2,2,4,14,2.3803973719706173,2.623275806171357,2.431090755817271,2.220595631614581,8,10,16,12,46
D:\New folder\project\results\5_layer\upper\r80\t2.4\t2.4_280_grid1.cif,2.2703952811196486,2.845729108032254,1.9483144180927456,2.1926603806446554,10,14,13,22,59,2.262542385320453,2.88751685408805,2.082007395224119,2.6207781448625154,2,2,2,4,10,2.083307319204841,2.6725609361140292,3.0,2.557553559911191,2,2,0,2,6,2.352846940850648,2.521115591904571,2.375381727032991,2.3379168214368518,14,11,10,19,54
D:\New folder\project\results\5_layer\upper\r80\t2.4\t2.4_280_grid3.cif,2.1914129696882823,2.88751685408805,2.082007395224119,2.6207781448625154,4,2,2,4,12,2.2816556029104627,2.5742553242105486,2.1656209761914176,2.2631777178352714,13,9,13,17,52,2.083307319204841,2.6725609361140292,3.0,2.557553559911191,2,2,0,2,6,2.3897938354793538,2.6232758061713537,2.4430178744797737,2.220595631614579,9,10,16,12,47
D:\New folder\project\results\5_layer\upper\r80\t2.4\t2.4_280_grid5.cif,2.225999724562935,2.9499542038383115,2.192819715132994,2.296259267965855,9,6,9,17,41,2.4575079371442965,2.9606121055435164,2.5200232379245793,2.1513347976418795,4,6,4,14,28,2.225021932018486,2.6520593825141727,2.2228187852874304,2.357695034270365,12,9,14,8,43,2.3920679574709367,2.668298101608428,2.2485159225363835,2.06889160160402,6,10,8,10,34
D:\New folder\project\results\5_layer\upper\r80\t2.4\t2.4_320_grid0.cif,2.262542385320453,2.88751685408805,2.082007395224119,2.6207781448625154,2,2,2,4,10,2.294195799835544,2.5051649815825363,2.1602269775570355,2.383299668805072,8,12,15,9,44,1.8772877248773072,2.6725609361140292,2.030803729583455,2.4387719947323476,6,2,2,4,14,2.3381785703345335,2.578888721965269,2.416549062319164,2.4883543216898367,13,8,14,8,43
D:\New folder\project\results\5_layer\upper\r80\t2.4\t2.4_320_grid1.cif,2.2703952811196486,2.845729108032254,1.9483144180927456,2.1926603806446554,10,14,13,22,59,2.262542385320453,2.88751685408805,2.082007395224119,2.6207781448625154,2,2,2,4,10,2.083307319204841,2.6725609361140292,3.0,2.557553559911191,2,2,0,2,6,2.3680541105035062,2.4749444069882705,2.3636902489886453,2.384131732061605,8,10,14,16,48
D:\New folder\project\results\5_layer\upper\r80\t2.4\t2.4_320_grid3.cif,2.3894336423656783,2.8661242734073937,1.9943547954801841,2.021278537436174,4,11,11,23,49,2.262542385320453,2.88751685408805,2.082007395224119,2.6207781448625154,2,2,2,4,10,2.083307319204841,2.6725609361140292,3.0,2.557553559911191,2,2,0,2,6,2.368054110503506,2.490620205051365,2.4246853299592743,2.3684967530215655,8,12,12,20,52
D:\New folder\project\results\5_layer\upper\r80\t2.4\t2.4_320_grid4.cif,2.2703952811196486,2.845729108032254,1.9483144180927456,2.1926603806446554,10,14,13,22,59,2.262542385320453,2.88751685408805,2.082007395224119,2.6207781448625154,2,2,2,4,10,2.186680604738924,2.6725609361140292,3.0,2.557553559911191,4,2,0,2,8,2.3465261080874824,2.510069974122996,2.397811390202442,2.4090874987238386,8,10,11,14,43
D:\New folder\project\results\5_layer\upper\r80\t2.4\t2.4_320_grid5.cif,2.204300011180466,2.6795283878958847,2.0979465860520428,2.1308917323869423,10,14,18,12,54,2.262542385320453,2.88751685408805,2.082007395224119,2.6207781448625154,2,2,2,4,10,2.083307319204841,2.6725609361140292,3.0,2.557553559911191,2,2,0,2,6,2.355008632910642,2.6232758061713546,2.305925540868076,2.4301501721840673,8,10,13,8,39
D:\New folder\project\results\5_layer\upper\r80\t2.4\t2.4_340_grid0.cif,2.1746972136823652,2.943263506099614,1.9662021681247315,2.2836103614455014,10,8,14,12,44,2.4508813622541608,2.98485576737508,2.3992436812604345,2.204541181115516,4,6,5,8,23,2.432219817452911,2.8636672722889736,2.3624527231414634,2.063237607995947,4,5,7,12,28,2.3725995906122623,2.831609753931816,1.9090468655564954,2.630754359290621,6,9,14,4,33
D:\New folder\project\results\5_layer\upper\r80\t2.4\t2.4_340_grid1.cif,2.3368759289795986,2.808648365006669,1.9290451253361574,1.9242113711737754,3,7,10,7,27,2.3610944981154915,2.9495758879238214,2.2562548555019197,1.8610821473120231,4,6,6,4,20,2.2631269656866175,2.863667272288977,1.7806297371850743,2.557553559911191,6,5,8,2,21,2.32664454839767,2.6268769127931275,2.250559059786252,2.1165657676564416,3,8,6,20,37
D:\New folder\project\results\5_layer\upper\r80\t2.4\t2.4_340_grid3.cif,2.2703952811196486,2.845729108032254,1.9483144180927456,2.1926603806446554,10,14,13,22,59,2.262542385320453,2.88751685408805,2.082007395224119,2.6207781448625154,2,2,2,4,10,1.9275674450914289,2.8636672722889736,3.0,2.0694078707953567,4,5,0,14,23,2.156171782218186,2.657437302169436,2.0605239045162227,2.6079281202506097,4,9,18,4,35
D:\New folder\project\results\5_layer\upper\r80\t2.4\t2.4_340_grid4.cif,2.2703952811196486,2.845729108032254,1.9483144180927456,2.1926603806446554,10,14,13,22,59,2.262542385320453,2.88751685408805,2.082007395224119,2.6207781448625154,2,2,2,4,10,2.083307319204841,2.6725609361140292,3.0,2.557553559911191,2,2,0,2,6,2.3366578411295986,2.458819140838815,2.409046998897797,2.451070456773243,6,9,12,16,43
D:\New folder\project\results\5_layer\upper\r80\t2.4\t2.4_340_grid5.cif,2.360271864549399,2.8026677251351364,2.1906138736904643,2.1778003254786684,12,10,8,18,48,2.415458760382146,2.98360670670209,2.6139383977669306,1.8820767282147617,6,4,3,12,25,2.0670519389557134,2.6725609361140292,3.0,2.557553559911191,4,2,0,2,8,2.289532533130144,2.458819140838818,2.4281132647756882,2.409087498723843,6,9,13,14,42
D:\New folder\project\results\5_layer\upper\r80\t3.6\t3.6_80_grid0.cif,2.3227522624065458,2.84944092647143,1.9966111220841247,2.286563352267752,9,15,16,19,59,2.162046776581548,3.133146030627575,2.417727443577837,2.7687474612347027,2,2,2,3,9,2.265688935983035,2.6738991924703215,2.0177170183463096,2.071464064408863,8,2,10,5,25,2.4155227580436716,2.796771169670796,2.0726978205596764,2.024921148653815,8,6,7,9,30
D:\New folder\project\results\5_layer\upper\r80\t3.6\t3.6_80_grid1.cif,2.209701459710396,2.7814770931475863,1.8493373818897663,1.9076126695961921,6,14,16,21,57,2.162046776581548,3.133146030627575,2.417727443577837,2.7687474612347027,2,2,2,3,9,2.265688935983035,2.6738991924703215,2.0177170183463096,2.071464064408863,8,2,10,5,25,2.4169217852680127,2.947562636686092,2.0726978205596724,2.0249211486538155,6,6,7,9,28
D:\New folder\project\results\5_layer\upper\r80\t3.6\t3.6_320_grid4.cif,2.285306116171858,2.728818907366248,2.0438170598474628,2.2645289595665825,8,6,4,14,32,2.465079317273628,2.6928059987712114,2.2995886888204504,2.1920801776167496,2,10,13,10,35,2.3515545060581564,2.5342425222693947,2.145371713563355,2.30338015721432,4,5,8,7,24,2.2205299464287536,2.9111796093838023,2.0418364327949883,2.2382273528399654,6,4,2,14,26
D:\New folder\project\results\5_layer\upper\r200\t0\t0_80_grid1.cif,2.145046984650531,2.9034018987049697,2.285769122444578,2.393183144169047,4,8,8,10,30,2.2018159377376985,2.9651034264531937,2.2659521895513057,2.200488913159502,14,9,10,15,48,2.442691068515738,2.9009104284530256,2.2730130380848137,2.4092693886810435,4,2,6,1,13,1.338365471701925,3.114977136665686,2.3260177206712163,2.1615053899257575,6,3,4,2,15
D:\New folder\project\results\5_layer\upper\r200\t0\t0_80_grid4.cif,2.37573482523096,2.603344614176519,2.2716911972505485,2.1800172970066654,6,6,5,12,29,2.445282905810862,2.6223384502455787,2.170217772269626,2.2008349592213854,6,6,8,6,26,2.1231127974491235,2.940486822434378,2.0645840522354812,2.146150594307345,10,12,6,18,46,2.246515846718445,2.3999273256244824,2.3218687611608013,2.4085119199740297,2,5,8,5,20
D:\New folder\project\results\5_layer\upper\r200\t0\t0_100_grid0.cif,2.428253640628753,2.8357835940775233,2.377170563773293,2.573852461722199,6,7,9,6,28,2.2984070942185344,2.953431972271346,2.424069497745349,2.30643494461941,3,11,8,15,37,2.3446373395460696,2.937164615759593,2.5131271572145755,2.1955291407740893,5,6,10,6,27,2.229898834136627,2.8731209748757807,2.1706767222533814,2.0343029369547883,11,7,15,14,47
D:\New folder\project\results\5_layer\upper\r200\t0\t0_100_grid1.cif,2.145046984650531,2.9034018987049697,2.285769122444578,2.393183144169047,4,8,8,10,30,2.2018159377376985,2.9651034264531937,2.2659521895513057,2.200488913159502,14,9,10,15,48,2.442691068515738,2.9009104284530256,2.2730130380848137,2.4092693886810435,4,2,6,1,13,1.5821543194938874,3.0,2.1034990379518024,2.5392219998434347,4,0,2,2,8
D:\New folder\project\results\5_layer\upper\r200\t0\t0_100_grid3.cif,2.145046984650531,2.9034018987049697,2.285769122444578,2.393183144169047,4,8,8,10,30,2.2018159377376985,2.9651034264531937,2.2659521895513057,2.200488913159502,14,9,10,15,48,1.9997947565869432,2.9009104284530256,2.2465517178701866,2.5978754383426756,6,2,8,3,19,2.2253367917455744,2.6559626770664213,2.0550504683426167,2.228879084676461,10,8,8,23,49
D:\New folder\project\results\5_layer\upper\r200\t0\t0_100_grid4.cif,2.37573482523096,2.603344614176519,2.2716911972505485,2.1800172970066654,6,6,5,12,29,2.445282905810862,2.6223384502455787,2.170217772269626,2.2008349592213854,6,6,8,6,26,2.269230024807461,2.7963725164005346,2.143080865026043,2.4953703450345825,6,11,14,8,39,2.246515846718445,2.3999273256244824,2.3218687611608013,2.4085119199740297,2,5,8,5,20
D:\New folder\project\results\5_layer\upper\r200\t0\t0_200_grid0.cif,2.2876252702140696,2.7390524987055764,2.5431164452634065,2.164156933245012,6,2,4,2,14,2.128709876997271,2.7266640535950692,2.0573785175240733,2.1197217009876765,7,9,18,15,49,2.3721976507883897,2.8105331848710886,2.3990886871864325,2.0355438669328008,6,4,8,7,25,2.1803330967221823,3.0051304795584173,2.259919804372017,2.027391518688734,8,6,15,14,43
D:\New folder\project\results\5_layer\upper\r200\t0\t0_220_grid1.cif,2.145046984650531,2.9034018987049697,2.285769122444578,2.393183144169047,4,8,8,10,30,2.2018159377376985,2.9651034264531937,2.2659521895513057,2.200488913159502,14,9,10,15,48,2.442691068515738,2.9009104284530256,2.2730130380848137,2.4092693886810435,4,2,6,1,13,1.9758301801587035,3.0,1.6746118889606998,2.5822986032374513,6,0,4,1,11
D:\New folder\project\results\5_layer\upper\r200\t0\t0_280_grid1.cif,2.37573482523096,2.603344614176519,2.2716911972505485,2.1800172970066654,6,6,5,12,29,2.445282905810862,2.6223384502455787,2.170217772269626,2.2008349592213854,6,6,8,6,26,2.246515846718445,2.3999273256244824,2.3218687611608013,2.4085119199740297,2,5,8,5,20,2.4452829058108616,2.622338450245588,2.1702177722696248,2.200834959221396,6,6,8,6,26
D:\New folder\project\results\5_layer\upper\r200\t0\t0_320_grid3.cif,2.352590718474486,2.603344614176519,2.1538978505572537,2.1659434838767737,4,6,6,8,24,2.374616518644533,2.829594442044803,2.03886786233588,2.3601088868738835,8,6,6,10,30,2.1274926544186017,2.5883314590737054,2.090730186781004,1.964141863549884,6,4,4,12,26,2.380612503219903,2.924053532685638,3.0,1.9291080361405097,6,2,0,10,18
D:\New folder\project\results\5_layer\upper\r200\t0\t0_340_grid4.cif,2.2876252702140696,2.7390524987055764,2.5431164452634065,2.164156933245012,6,2,4,2,14,2.289156299416494,2.9009104284530256,2.093833694273317,2.688354313549457,4,2,2,3,11,2.2247898532806647,2.6984367989147047,2.2324692601126177,2.0932030826955383,12,8,6,21,47,2.3456854646292817,2.924053532685644,0.9828318586959968,2.5562792356350927,4,2,2,2,10
D:\New folder\project\results\5_layer\upper\r200\t9.6\t9.6_100_grid1.cif,2.300999215377478,2.816714732274955,2.4414503596035493,2.174324593975895,6,4,8,10,28,2.2743133087691354,2.7410458184264024,1.9481355416195987,1.937476341137704,7,11,13,12,43,2.331381087315916,2.9760680249523985,2.288999272048052,2.250082891943364,4,7,8,8,27,2.366297894545567,3.0,1.7948025804469356,3.0,4,0,6,0,10
D:\New folder\project\results\5_layer\upper\r200\t9.6\t9.6_100_grid5.cif,2.357399309415065,2.5390360225305058,2.3538446494546594,2.3491261196814897,6,4,6,7,23,2.231951539745924,2.7154497235916595,1.9241762534586864,1.9724654287828827,10,11,11,13,45,2.331381087315916,2.9703092032389677,2.3753533841130543,2.0961680442792203,4,9,6,12,31,2.321687011414899,2.9426554957119633,1.9447258201193496,3.0,2,4,10,0,16
D:\New folder\project\results\5_layer\upper\r200\t9.6\t9.6_200_grid0.cif,2.40172689060273,2.8414005016952086,2.383822518325099,2.426338431535875,5,7,9,8,29,2.2743133087691354,2.7410458184264024,1.922641084505579,2.024212661216358,7,11,11,11,40,2.3021612807568284,2.9703092032389677,2.364457732036451,2.1974505366600767,3,9,6,11,29,2.330367150350498,2.52713129598228,2.158221269294362,2.3314442275066716,8,6,7,7,28
D:\New folder\project\results\5_layer\upper\r200\t9.6\t9.6_200_grid1.cif,2.4085470823639232,2.9042256099032024,2.196484997333311,2.2300693246007444,1,6,4,9,20,2.3505449411439523,2.721115375802443,1.9057132567292234,1.9283907510381055,8,10,13,12,43,2.331381087315916,2.9813333789048646,2.245967145284672,2.250082891943364,4,9,10,8,31,2.3583803311192892,2.828796125065661,2.13540212278592,2.4005291719945125,9,6,6,8,29
D:\New folder\project\results\5_layer\upper\r200\t9.6\t9.6_200_grid2.cif,2.357399309415065,2.5390360225305058,2.3538446494546594,2.3491261196814897,6,4,6,7,23,2.242925647473038,2.7154497235916595,1.9457413656629075,2.0550941166455003,9,11,10,12,42,2.021342011305586,2.9703092032389677,2.424639646612384,2.377150625318559,4,9,8,8,29,2.311283936436996,2.721852100828433,2.1704332004398905,2.3592306175539495,7,7,7,8,29
D:\New folder\project\results\5_layer\upper\r200\t9.6\t9.6_200_grid3.cif,2.357399309415065,2.5390360225305058,2.3538446494546594,2.3491261196814897,6,4,6,7,23,2.242925647473038,2.7154497235916595,1.9457413656629075,2.0550941166455003,9,11,10,12,42,2.021342011305586,2.9703092032389677,2.424639646612384,2.377150625318559,4,9,8,8,29,2.3112839364369977,2.7218521008284355,2.1704332004398887,2.359230617553955,7,7,7,8,29
D:\New folder\project\results\5_layer\upper\r200\t9.6\t9.6_200_grid4.cif,2.357399309415065,2.5390360225305058,2.3538446494546594,2.3491261196814897,6,4,6,7,23,2.242925647473038,2.7154497235916595,1.9457413656629075,2.0550941166455003,9,11,10,12,42,2.1114360749417997,2.9399217689938175,2.4028889193631455,2.377150625318559,5,13,10,8,36,2.325195184039381,2.754918694227618,2.1847973177930498,2.255797040366121,8,8,7,12,35
D:\New folder\project\results\5_layer\upper\r200\t9.6\t9.6_200_grid7.cif,2.3627201197355427,2.6941452067187535,2.2335413213608395,2.225592659922115,7,10,12,19,48,2.248805658866696,2.7515461458339594,2.0332967999898464,2.0936069793476837,10,2,10,4,26,2.2881191892384223,2.889831783489055,2.2323173898457602,2.4371401716767735,9,2,12,2,25,2.234900034524923,2.75052462041065,3.0,2.097970208531673,2,2,0,2,6
D:\New folder\project\results\5_layer\upper\r200\t9.6\t9.6_220_grid0.cif,2.40172689060273,2.8414005016952086,2.383822518325099,2.426338431535875,5,7,9,8,29,2.2743133087691354,2.7410458184264024,1.922641084505579,2.024212661216358,7,11,11,11,40,2.3021612807568284,2.9703092032389677,2.364457732036451,2.1974505366600767,3,9,6,11,29,2.306572617109882,2.5271312959822754,2.2284212943713526,2.310277237138995,6,6,6,10,28
D:\New folder\project\results\5_layer\upper\r200\t9.6\t9.6_220_grid1.cif,2.4085470823639232,2.9042256099032024,2.196484997333311,2.2300693246007444,1,6,4,9,20,2.3505449411439523,2.721115375802443,1.9057132567292234,1.9283907510381055,8,10,13,12,43,2.331381087315916,2.9813333789048646,2.245967145284672,2.250082891943364,4,9,10,8,31,2.418926055828292,2.9321974945443743,2.3846762614910633,2.4647353917798847,2,5,7,7,21
D:\New folder\project\results\5_layer\upper\r200\t9.6\t9.6_220_grid2.cif,2.357399309415065,2.5390360225305058,2.3538446494546594,2.3491261196814897,6,4,6,7,23,2.242925647473038,2.7154497235916595,1.9457413656629075,2.0550941166455003,9,11,10,12,42,2.021342011305586,2.9703092032389677,2.424639646612384,2.377150625318559,4,9,8,8,29,2.370306533621601,2.6260333286011996,2.2787966196586495,2.4091132267513595,4,6,8,7,25
D:\New folder\project\results\5_layer\upper\r200\t9.6\t9.6_220_grid3.cif,2.357399309415065,2.5390360225305058,2.3538446494546594,2.3491261196814897,6,4,6,7,23,2.242925647473038,2.7154497235916595,1.9457413656629075,2.0550941166455003,9,11,10,12,42,2.021342011305586,2.9703092032389677,2.424639646612384,2.377150625318559,4,9,8,8,29,2.370306533621605,2.626033328601195,2.2787966196586478,2.409113226751358,4,6,8,7,25
D:\New folder\project\results\5_layer\upper\r200\t9.6\t9.6_220_grid7.cif,2.3627201197355427,2.6941452067187535,2.2335413213608395,2.225592659922115,7,10,12,19,48,2.248805658866696,2.7515461458339594,2.0332967999898464,2.0936069793476837,10,2,10,4,26,2.2881191892384223,2.889831783489055,2.2323173898457602,2.4371401716767735,9,2,12,2,25,1.4456314316193302,3.0034208263773188,1.7430133719789782,3.0,2,2,5,0,9
D:\New folder\project\results\5_layer\upper\r200\t9.6\t9.6_260_grid3.cif,2.357399309415065,2.5390360225305058,2.3538446494546594,2.3491261196814897,6,4,6,7,23,2.242925647473038,2.7154497235916595,1.9457413656629075,2.0550941166455003,9,11,10,12,42,2.021342011305586,2.9703092032389677,2.424639646612384,2.377150625318559,4,9,8,8,29,3.0,2.437339579713128,2.5089882589652315,2.2143477721130678,0,4,6,8,18
D:\New folder\project\results\5_layer\upper\r200\t9.6\t9.6_280_grid3.cif,2.357399309415065,2.5390360225305058,2.3538446494546594,2.3491261196814897,6,4,6,7,23,2.242925647473038,2.7154497235916595,1.9457413656629075,2.0550941166455003,9,11,10,12,42,2.021342011305586,2.9703092032389677,2.424639646612384,2.377150625318559,4,9,8,8,29,3.0,2.4373395797131296,2.508988258965242,2.2143477721130624,0,4,6,8,18
D:\New folder\project\results\5_layer\upper\r200\t9.6\t9.6_320_grid2.cif,2.357399309415065,2.5390360225305058,2.3538446494546594,2.3491261196814897,6,4,6,7,23,2.242925647473038,2.7154497235916595,1.9457413656629075,2.0550941166455003,9,11,10,12,42,2.021342011305586,2.9703092032389677,2.424639646612384,2.377150625318559,4,9,8,8,29,2.418926055828297,2.7776113839199335,2.248835522400597,2.0653750084746076,2,8,10,6,26
D:\New folder\project\results\5_layer\upper\r200\t9.6\t9.6_320_grid5.cif,2.357399309415065,2.5390360225305058,2.3538446494546594,2.3491261196814897,6,4,6,7,23,2.242925647473038,2.7154497235916595,1.9457413656629075,2.0550941166455003,9,11,10,12,42,2.021342011305586,2.9703092032389677,2.424639646612384,2.377150625318559,4,9,8,8,29,3.0,2.887722002332776,2.3171627538538573,2.043236256178582,0,5,7,2,14
D:\New folder\project\results\5_layer\upper\r200\t9.6\t9.6_340_grid1.cif,2.300999215377478,2.816714732274955,2.4414503596035493,2.174324593975895,6,4,8,10,28,2.2743133087691354,2.7292865978213694,1.9064674989306372,2.0070929329645653,7,11,10,11,39,2.24219380930007,2.9703092032389677,2.353321018289369,2.3189910764377077,2,9,6,10,27,2.442464900873996,2.9848910716440455,2.3509245757325217,2.194203189994405,4,7,9,4,24
D:\New folder\project\results\5_layer\upper\r200\t9.6\t9.6_340_grid2.cif,2.357399309415065,2.5390360225305058,2.3538446494546594,2.3491261196814897,6,4,6,7,23,2.242925647473038,2.7154497235916595,1.9457413656629075,2.0550941166455003,9,11,10,12,42,2.021342011305586,2.9703092032389677,2.424639646612384,2.377150625318559,4,9,8,8,29,2.4424649008740005,2.7889428540931567,2.351124281975998,2.3011163080338894,4,8,10,10,32
D:\New folder\project\results\5_layer\upper\r200\t9.6\t9.6_340_grid3.cif,2.357399309415065,2.5390360225305058,2.3538446494546594,2.3491261196814897,6,4,6,7,23,2.242925647473038,2.7154497235916595,1.9457413656629075,2.0550941166455003,9,11,10,12,42,2.021342011305586,2.9703092032389677,2.424639646612384,2.377150625318559,4,9,8,8,29,2.4424649008740014,2.788942854093157,2.351124281975997,2.301116308033888,4,8,10,10,32
D:\New folder\project\results\5_layer\upper\r200\t9.6\t9.6_340_grid4.cif,2.3059275954080314,2.7747662225647596,1.891094227697644,2.0612375591375915,10,11,14,17,52,2.172050821482322,2.875654131786228,2.357807899987488,2.1206186853018183,10,4,10,2,26,2.2881191892384223,2.889831783489055,2.2323173898457602,2.4371401716767735,9,2,12,2,25,2.2901246466573815,2.9315561761066293,2.43712917734344,2.7461975128378335,2,4,5,3,14
D:\New folder\project\results\5_layer\upper\r200\t9.6\t9.6_340_grid5.cif,2.357399309415065,2.5390360225305058,2.3538446494546594,2.3491261196814897,6,4,6,7,23,2.242925647473038,2.7154497235916595,1.9457413656629075,2.0550941166455003,9,11,10,12,42,2.021342011305586,2.9703092032389677,2.424639646612384,2.377150625318559,4,9,8,8,29,2.4424649008739974,2.99834157133876,2.4186137372075858,2.3011163080338854,4,7,8,10,29
D:\New folder\project\results\5_layer\upper\r200\t9.6\t9.6_340_grid6.cif,2.337248200321794,2.9281097368620284,2.3075299050085385,2.411284082209921,6,8,6,12,32,2.2193542178279007,2.7515461458339594,2.528464992428831,2.354148745795369,6,2,4,3,15,2.2881191892384223,2.889831783489055,2.2323173898457602,2.4371401716767735,9,2,12,2,25,2.25398608645186,3.0034208263773188,2.076617309019684,2.6396322845100606,3,2,2,1,8
D:\New folder\project\results\5_layer\upper\r200\t9.6\t9.6_340_grid7.cif,2.3627201197355427,2.6941452067187535,2.2335413213608395,2.225592659922115,7,10,12,19,48,2.248805658866696,2.7515461458339594,2.0332967999898464,2.0936069793476837,10,2,10,4,26,2.2881191892384223,2.889831783489055,2.2323173898457602,2.4371401716767735,9,2,12,2,25,2.4633323851727447,3.0034208263773188,2.076617309019684,2.6396322845100606,1,2,2,1,6
D:\New folder\project\results\5_layer\upper\r260\t7.2\t7.2_200_grid4.cif,2.3615867505445944,2.751256647542237,2.275767020989076,2.3646099504383464,9,13,21,7,50,2.0966180357280435,3.0,2.4079920386779397,2.6193701171453423,4,0,6,2,12,2.4223272450313256,2.5626769199909467,2.437038235032152,2.7509674505109087,4,2,6,2,14,2.416545523471213,2.9057108043323776,2.3768769294876217,2.404938669228136,7,9,9,14,39
D:\New folder\project\results\5_layer\upper\r260\t7.2\t7.2_220_grid4.cif,2.3615867505445944,2.751256647542237,2.275767020989076,2.3646099504383464,9,13,21,7,50,2.0966180357280435,3.0,2.4079920386779397,2.6193701171453423,4,0,6,2,12,2.4223272450313256,2.5626769199909467,2.437038235032152,2.7509674505109087,4,2,6,2,14,2.368146336346124,2.905710804332374,2.3108553435367276,2.1770559119428214,7,9,9,16,41
D:\New folder\project\results\5_layer\upper\r280\t7.2\t7.2_80_grid0.cif,2.474522417788675,3.044592988141934,2.644477064425406,2.2590201241778924,4,4,2,10,20,2.261437171764139,3.0030445932356256,2.2395947710914266,2.386051706529112,10,7,14,6,37,2.2117103340062445,2.9281648308546386,2.2133672698003064,1.9430592123449573,7,6,8,11,32,2.45065689527262,2.8945510686218254,2.0906997604710353,2.3990935702969187,4,2,2,4,12
D:\New folder\project\results\5_layer\upper\r280\t7.2\t7.2_100_grid0.cif,2.474522417788675,3.044592988141934,2.644477064425406,2.2590201241778924,4,4,2,10,20,2.2422730887979125,3.0030445932356256,2.2160038096944707,2.386051706529112,12,7,13,6,38,2.2388678884918285,2.9281648308546386,2.2133672698003064,1.9430592123449573,9,6,8,11,34,2.45065689527262,2.8945510686218254,2.0906997604710353,2.3990935702969187,4,2,2,4,12
D:\New folder\project\results\5_layer\upper\r280\t7.2\t7.2_100_grid2.cif,2.213294844535224,3.0291399930393133,1.9931380660844593,2.254398589270174,8,9,8,10,35,2.2732516624503485,2.9281648308546386,2.4707951704551054,1.8047531813046789,14,6,6,14,40,2.424773714711354,2.8945510686218254,2.0906997604710353,2.244878102116798,2,2,2,8,14,1.8575766123531512,2.7813223090530244,2.1383979762810585,2.5030274156994476,6,8,11,8,33
D:\New folder\project\results\5_layer\upper\r280\t7.2\t7.2_100_grid5.cif,2.474522417788675,3.044592988141934,2.644477064425406,2.2590201241778924,4,4,2,10,20,2.2422730887979125,3.0030445932356256,2.2160038096944707,2.386051706529112,12,7,13,6,38,2.249827110715027,2.9281648308546386,2.073962959691314,2.050751175246691,8,6,8,12,34,2.45065689527262,2.8945510686218254,2.0906997604710353,2.3990935702969187,4,2,2,4,12
D:\New folder\project\results\5_layer\upper\r280\t7.2\t7.2_200_grid0.cif,2.405723690478406,3.044592988141934,2.644477064425406,2.373555909300141,4,4,2,4,14,2.2271168343017687,3.054471865000706,2.396166503344455,2.247174818538625,14,5,13,9,41,2.3210999252786113,2.919221385337662,2.187458683169644,2.1909854094614483,12,7,7,10,36,3.0,3.0,2.1965544039076366,3.0,0,0,5,0,5
D:\New folder\project\results\5_layer\upper\r280\t7.2\t7.2_200_grid1.cif,2.4209160882096206,2.4766330643469963,2.1496878954219687,2.2744406962168258,2,6,7,9,24,2.3717874576410476,2.776244142625797,2.028435415343749,2.1635925729037284,4,7,14,6,31,2.363619271869554,2.826016564392643,2.2879204787854386,1.9511114742612972,10,4,8,3,25,2.4081475539038144,2.267544087811585,2.384901758643369,2.3365181587266193,6,4,5,11,26
D:\New folder\project\results\5_layer\upper\r280\t7.2\t7.2_200_grid2.cif,2.213294844535224,3.0291399930393133,1.9931380660844593,2.254398589270174,8,9,8,10,35,2.2732516624503485,2.9281648308546386,2.4707951704551054,1.8047531813046789,14,6,6,14,40,2.424773714711354,2.8945510686218254,2.0906997604710353,2.244878102116798,2,2,2,8,14,2.4200559372279407,3.049947295862287,2.0467987618421395,2.239743940926295,8,8,14,14,44
D:\New folder\project\results\5_layer\upper\r280\t7.2\t7.2_200_grid4.cif,2.474522417788675,3.044592988141934,2.644477064425406,2.2590201241778924,4,4,2,10,20,2.2422730887979125,3.0030445932356256,2.2160038096944707,2.386051706529112,12,7,13,6,38,2.2498271107150254,2.9130298391446727,1.852959065443357,2.076938702485667,8,8,6,12,34,2.424773714711366,2.9094106665880415,2.24364792713052,2.33478704236407,4,6,9,14,33
D:\New folder\project\results\5_layer\upper\r280\t7.2\t7.2_200_grid6.cif,2.4209160882096206,2.4766330643469963,1.8891803530043052,2.1578787261916146,2,6,9,5,22,2.3717874576410476,2.893295685979298,2.0656368796430993,2.207055032805665,4,6,15,4,29,2.4195505506348534,2.826016564392643,2.5035965015701462,2.2940559595157084,8,4,7,6,25,2.253316478337444,2.2675440878115882,2.587361137218276,2.3000339518073534,4,4,4,12,24
D:\New folder\project\results\5_layer\upper\r280\t7.2\t7.2_220_grid0.cif,2.405723690478406,3.044592988141934,2.644477064425406,2.373555909300141,4,4,2,4,14,2.2271168343017687,3.054471865000706,2.396166503344455,2.247174818538625,14,5,13,9,41,2.3210999252786113,2.919221385337662,2.187458683169644,2.1909854094614483,12,7,7,10,36,3.0,3.0,2.1965544039076352,3.0,0,0,5,0,5
D:\New folder\project\results\5_layer\upper\r280\t7.2\t7.2_220_grid6.cif,2.4209160882096206,2.4766330643469963,1.8891803530043052,2.1578787261916146,2,6,9,5,22,2.3717874576410476,2.893295685979298,2.0656368796430993,2.207055032805665,4,6,15,4,29,2.4195505506348534,2.826016564392643,2.5035965015701462,2.2940559595157084,8,4,7,6,25,2.373951292938779,2.267544087811586,2.371547054278036,2.3451109063844604,4,4,4,10,22
D:\New folder\project\results\5_layer\upper\r280\t7.2\t7.2_340_grid0.cif,2.474522417788675,3.044592988141934,2.644477064425406,2.2590201241778924,4,4,2,10,20,2.2422730887979125,3.0030445932356256,2.2160038096944707,2.386051706529112,12,7,13,6,38,2.2498271107150254,2.9130298391446727,1.852959065443357,2.076938702485667,8,8,6,12,34,2.4906774375757923,2.919166024444307,2.399179808003279,2.7530754594041724,2,4,2,2,10
D:\New folder\project\results\5_layer\upper\r280\t7.2\t7.2_340_grid2.cif,2.213294844535224,3.0291399930393133,1.9931380660844593,2.254398589270174,8,9,8,10,35,2.2732516624503485,2.9281648308546386,2.4707951704551054,1.8047531813046789,14,6,6,14,40,2.424773714711354,2.8945510686218254,2.0906997604710353,2.244878102116798,2,2,2,8,14,2.378359331245631,2.6028793066816833,1.7615140766800141,2.2478023854610685,6,4,8,10,28
D:\New folder\project\results\5_layer\upper\r280\t7.2\t7.2_340_grid5.cif,2.474522417788675,3.044592988141934,2.644477064425406,2.2590201241778924,4,4,2,10,20,2.2422730887979125,3.0030445932356256,2.2160038096944707,2.386051706529112,12,7,13,6,38,2.2498271107150254,2.9130298391446727,1.852959065443357,2.076938702485667,8,8,6,12,34,2.4905118459071183,2.954493209135819,2.4549425101903366,2.3932637385056896,3,6,4,4,17
D:\New folder\project\results\5_layer\upper\r320\t6.0\t6.0_320_grid4.cif,2.395461076914876,2.6805416133249897,2.1538006623403887,2.1369249443135168,12,8,7,18,45,1.9344605790918652,2.9949205357133004,2.0379964079080923,2.1256832134302606,4,1,1,8,14,2.3959762584093935,2.7664490691463,2.2364996770584025,2.326162875754876,10,13,20,8,51,2.0723683495617973,3.0,2.458657881302718,2.470510694970735,4,0,5,2,11
D:\New folder\project\results\5_layer\upper\r320\t8.4\t8.4_80_grid0.cif,2.3569712043803652,2.6337748884385515,2.3557690539029683,2.401454926371221,5,10,12,13,40,2.4133875893989414,2.8230151097078764,1.9362804933396718,2.246408511251226,5,12,10,15,42,1.7810755802508083,2.9477113167444307,3.0,1.82732503824913,2,4,0,6,12,2.289307482313983,3.0,2.2173298854160532,3.0,6,0,7,0,13
D:\New folder\project\results\5_layer\upper\r320\t8.4\t8.4_80_grid1.cif,2.3569712043803652,2.6337748884385515,2.3557690539029683,2.401454926371221,5,10,12,13,40,2.4133875893989414,2.8230151097078764,1.9362804933396718,2.246408511251226,5,12,10,15,42,1.7810755802508083,2.9477113167444307,3.0,1.82732503824913,2,4,0,6,12,2.319570876716707,2.7334090728893896,2.1771447429060897,2.425937047946768,7,11,17,11,46
D:\New folder\project\results\5_layer\upper\r320\t8.4\t8.4_80_grid3.cif,2.3569712043803652,2.6337748884385515,2.3557690539029683,2.401454926371221,5,10,12,13,40,2.4133875893989414,2.8230151097078764,1.9362804933396718,2.246408511251226,5,12,10,15,42,1.7810755802508083,2.9477113167444307,3.0,1.82732503824913,2,4,0,6,12,2.289307482313986,3.0,2.1900082337419087,3.0,6,0,8,0,14
D:\New folder\project\results\5_layer\upper\r320\t8.4\t8.4_80_grid4.cif,2.3569712043803652,2.6337748884385515,2.3557690539029683,2.401454926371221,5,10,12,13,40,2.4133875893989414,2.8230151097078764,1.9362804933396718,2.246408511251226,5,12,10,15,42,1.7810755802508083,2.9477113167444307,3.0,1.82732503824913,2,4,0,6,12,2.157234554220769,3.0,2.2173298854160572,3.0,2,0,7,0,9
D:\New folder\project\results\5_layer\upper\r320\t8.4\t8.4_100_grid0.cif,2.3569712043803652,2.6337748884385515,2.3557690539029683,2.401454926371221,5,10,12,13,40,2.4133875893989414,2.8230151097078764,1.9362804933396718,2.246408511251226,5,12,10,15,42,1.7810755802508083,2.9477113167444307,3.0,1.82732503824913,2,4,0,6,12,2.4367862806828913,2.9095656547665727,2.0652319368583614,2.4464040719122973,3,1,4,3,11
D:\New folder\project\results\5_layer\upper\r320\t8.4\t8.4_100_grid1.cif,2.3569712043803652,2.6337748884385515,2.3557690539029683,2.401454926371221,5,10,12,13,40,2.4133875893989414,2.8230151097078764,1.9362804933396718,2.246408511251226,5,12,10,15,42,1.7810755802508083,2.9477113167444307,3.0,1.82732503824913,2,4,0,6,12,2.3940142942122975,2.676801753483106,2.289537028718269,2.373037845688518,8,11,15,16,50
D:\New folder\project\results\5_layer\upper\r320\t8.4\t8.4_100_grid3.cif,2.3569712043803652,2.6337748884385515,2.3557690539029683,2.401454926371221,5,10,12,13,40,2.4133875893989414,2.8230151097078764,1.9362804933396718,2.246408511251226,5,12,10,15,42,1.7810755802508083,2.9477113167444307,3.0,1.82732503824913,2,4,0,6,12,2.436786280682879,2.924792801844701,2.1562759527008137,2.446404071912281,3,2,5,3,13
D:\New folder\project\results\5_layer\upper\r320\t8.4\t8.4_100_grid4.cif,2.3569712043803652,2.6337748884385515,2.3557690539029683,2.401454926371221,5,10,12,13,40,2.4133875893989414,2.8230151097078764,1.9362804933396718,2.246408511251226,5,12,10,15,42,1.7810755802508083,2.9477113167444307,3.0,1.82732503824913,2,4,0,6,12,2.436786280682894,2.9095656547665785,2.065231936858358,2.363940494585864,3,1,4,2,10
D:\New folder\project\results\5_layer\upper\r320\t8.4\t8.4_200_grid1.cif,2.3569712043803652,2.6337748884385515,2.3557690539029683,2.401454926371221,5,10,12,13,40,2.4133875893989414,2.8230151097078764,1.9362804933396718,2.246408511251226,5,12,10,15,42,1.7810755802508083,2.9477113167444307,3.0,1.82732503824913,2,4,0,6,12,2.3456663552654295,2.4189003373576505,2.343324831713507,2.366242155787532,5,9,14,13,41
D:\New folder\project\results\5_layer\upper\r320\t8.4\t8.4_200_grid4.cif,2.3569712043803652,2.6337748884385515,2.3557690539029683,2.401454926371221,5,10,12,13,40,2.4133875893989414,2.8230151097078764,1.9362804933396718,2.246408511251226,5,12,10,15,42,1.7810755802508083,2.9477113167444307,3.0,1.82732503824913,2,4,0,6,12,3.0,3.0,2.0860400293527737,3.0,0,0,2,0,2
D:\New folder\project\results\5_layer\upper\r320\t8.4\t8.4_200_grid5.cif,2.3569712043803652,2.6337748884385515,2.3557690539029683,2.401454926371221,5,10,12,13,40,2.4133875893989414,2.8230151097078764,1.9362804933396718,2.246408511251226,5,12,10,15,42,1.7810755802508083,2.9477113167444307,3.0,1.82732503824913,2,4,0,6,12,2.469932088974643,3.047893331103147,2.385754292564073,2.1688610016004857,2,4,4,7,17
D:\New folder\project\results\5_layer\upper\r320\t8.4\t8.4_220_grid1.cif,2.3569712043803652,2.6337748884385515,2.3557690539029683,2.401454926371221,5,10,12,13,40,2.4133875893989414,2.8230151097078764,1.9362804933396718,2.246408511251226,5,12,10,15,42,1.7810755802508083,2.9477113167444307,3.0,1.82732503824913,2,4,0,6,12,2.393098270603706,2.5076788091933495,2.1242255282615794,2.3111564563777978,4,11,18,12,45
D:\New folder\project\results\5_layer\upper\r320\t8.4\t8.4_220_grid4.cif,2.3569712043803652,2.6337748884385515,2.3557690539029683,2.401454926371221,5,10,12,13,40,2.4133875893989414,2.8230151097078764,1.9362804933396718,2.246408511251226,5,12,10,15,42,1.7810755802508083,2.9477113167444307,3.0,1.82732503824913,2,4,0,6,12,2.469932088974672,3.0,2.687117564532929,3.0,2,0,3,0,5
D:\New folder\project\results\5_layer\upper\r320\t8.4\t8.4_220_grid5.cif,2.3569712043803652,2.6337748884385515,2.3557690539029683,2.401454926371221,5,10,12,13,40,2.4133875893989414,2.8230151097078764,1.9362804933396718,2.246408511251226,5,12,10,15,42,1.7810755802508083,2.9477113167444307,3.0,1.82732503824913,2,4,0,6,12,2.4699320889746437,3.0478933311031584,2.6431017118620312,2.168861001600489,4,4,1,7,16
D:\New folder\project\results\5_layer\upper\r320\t8.4\t8.4_260_grid0.cif,2.3569712043803652,2.6337748884385515,2.3557690539029683,2.401454926371221,5,10,12,13,40,2.4133875893989414,2.8230151097078764,1.9362804933396718,2.246408511251226,5,12,10,15,42,1.7810755802508083,2.9477113167444307,3.0,1.82732503824913,2,4,0,6,12,2.3657411230804293,3.0478933311031526,2.004156243299478,2.1833331590888703,2,4,7,6,19
D:\New folder\project\results\5_layer\upper\r320\t8.4\t8.4_260_grid1.cif,2.3569712043803652,2.6337748884385515,2.3557690539029683,2.401454926371221,5,10,12,13,40,2.4133875893989414,2.8230151097078764,1.9362804933396718,2.246408511251226,5,12,10,15,42,1.7810755802508083,2.9477113167444307,3.0,1.82732503824913,2,4,0,6,12,2.3796336549925803,2.7933560919173144,2.220644325550142,2.358364271427802,8,12,22,5,47
D:\New folder\project\results\5_layer\upper\r320\t8.4\t8.4_260_grid3.cif,2.3569712043803652,2.6337748884385515,2.3557690539029683,2.401454926371221,5,10,12,13,40,2.4133875893989414,2.8230151097078764,1.9362804933396718,2.246408511251226,5,12,10,15,42,1.7810755802508083,2.9477113167444307,3.0,1.82732503824913,2,4,0,6,12,2.3320327969141434,3.047893331103158,2.004156243299478,2.1833331590888743,6,4,7,6,23
D:\New folder\project\results\5_layer\upper\r320\t8.4\t8.4_260_grid4.cif,2.3569712043803652,2.6337748884385515,2.3557690539029683,2.401454926371221,5,10,12,13,40,2.4133875893989414,2.8230151097078764,1.9362804933396718,2.246408511251226,5,12,10,15,42,1.7810755802508083,2.9477113167444307,3.0,1.82732503824913,2,4,0,6,12,3.0,3.0478933311031557,1.8914074204761802,2.090336810612744,0,4,6,4,14
D:\New folder\project\results\5_layer\upper\r320\t8.4\t8.4_280_grid0.cif,2.3569712043803652,2.6337748884385515,2.3557690539029683,2.401454926371221,5,10,12,13,40,2.4133875893989414,2.8230151097078764,1.9362804933396718,2.246408511251226,5,12,10,15,42,1.7810755802508083,2.9477113167444307,3.0,1.82732503824913,2,4,0,6,12,2.3623399616634257,3.0,2.02804035173659,3.0,5,0,10,0,15
D:\New folder\project\results\5_layer\upper\r320\t8.4\t8.4_280_grid1.cif,2.3569712043803652,2.6337748884385515,2.3557690539029683,2.401454926371221,5,10,12,13,40,2.4133875893989414,2.8230151097078764,1.9362804933396718,2.246408511251226,5,12,10,15,42,1.7810755802508083,2.9477113167444307,3.0,1.82732503824913,2,4,0,6,12,2.2025668962993246,2.582755040481556,2.348191721444496,2.2296017717552985,5,10,10,19,44
D:\New folder\project\results\5_layer\upper\r320\t8.4\t8.4_280_grid3.cif,2.3569712043803652,2.6337748884385515,2.3557690539029683,2.401454926371221,5,10,12,13,40,2.4133875893989414,2.8230151097078764,1.9362804933396718,2.246408511251226,5,12,10,15,42,1.7810755802508083,2.9477113167444307,3.0,1.82732503824913,2,4,0,6,12,2.3873118581712434,3.0,2.028040351736586,3.0,4,0,10,0,14
D:\New folder\project\results\5_layer\upper\r320\t8.4\t8.4_280_grid4.cif,2.3569712043803652,2.6337748884385515,2.3557690539029683,2.401454926371221,5,10,12,13,40,2.4133875893989414,2.8230151097078764,1.9362804933396718,2.246408511251226,5,12,10,15,42,1.7810755802508083,2.9477113167444307,3.0,1.82732503824913,2,4,0,6,12,2.408882593262036,3.0,1.8683600316788551,3.0,2,0,8,0,10
D:\New folder\project\results\5_layer\upper\r320\t8.4\t8.4_280_grid5.cif,2.3569712043803652,2.6337748884385515,2.3557690539029683,2.401454926371221,5,10,12,13,40,2.4133875893989414,2.8230151097078764,1.9362804933396718,2.246408511251226,5,12,10,15,42,1.7810755802508083,2.9477113167444307,3.0,1.82732503824913,2,4,0,6,12,2.3609502271804432,2.9077983158082654,2.310051414346163,2.0725062862083936,9,4,10,6,29
D:\New folder\project\results\5_layer\upper\r320\t8.4\t8.4_320_grid0.cif,2.3569712043803652,2.6337748884385515,2.3557690539029683,2.401454926371221,5,10,12,13,40,2.4133875893989414,2.8230151097078764,1.9362804933396718,2.246408511251226,5,12,10,15,42,1.7810755802508083,2.9477113167444307,3.0,1.82732503824913,2,4,0,6,12,2.408882593262038,2.9477113167444253,2.694793253645485,1.7820891028242085,2,4,4,4,14
D:\New folder\project\results\5_layer\upper\r320\t8.4\t8.4_320_grid1.cif,2.3569712043803652,2.6337748884385515,2.3557690539029683,2.401454926371221,5,10,12,13,40,2.4133875893989414,2.8230151097078764,1.9362804933396718,2.246408511251226,5,12,10,15,42,1.7810755802508083,2.9477113167444307,3.0,1.82732503824913,2,4,0,6,12,2.330507202309473,2.4941369049369815,2.2790155874041185,2.429032337802569,9,9,14,12,44
D:\New folder\project\results\5_layer\upper\r320\t8.4\t8.4_320_grid3.cif,2.3569712043803652,2.6337748884385515,2.3557690539029683,2.401454926371221,5,10,12,13,40,2.4133875893989414,2.8230151097078764,1.9362804933396718,2.246408511251226,5,12,10,15,42,1.7810755802508083,2.9477113167444307,3.0,1.82732503824913,2,4,0,6,12,2.408882593262037,2.9477113167444227,2.694793253645474,1.78208910282421,2,4,4,4,14
D:\New folder\project\results\5_layer\upper\r320\t8.4\t8.4_320_grid5.cif,2.3569712043803652,2.6337748884385515,2.3557690539029683,2.401454926371221,5,10,12,13,40,2.4133875893989414,2.8230151097078764,1.9362804933396718,2.246408511251226,5,12,10,15,42,1.7810755802508083,2.9477113167444307,3.0,1.82732503824913,2,4,0,6,12,2.456788581371369,2.907827483205059,2.399756448572004,2.1028282468946466,4,6,6,10,26
D:\New folder\project\results\5_layer\upper\r320\t8.4\t8.4_340_grid0.cif,2.3569712043803652,2.6337748884385515,2.3557690539029683,2.401454926371221,5,10,12,13,40,2.4133875893989414,2.8230151097078764,1.9362804933396718,2.246408511251226,5,12,10,15,42,1.7810755802508083,2.9477113167444307,3.0,1.82732503824913,2,4,0,6,12,2.4088825932620415,2.947711316744423,2.6947932536454866,1.7820891028242012,2,4,4,4,14
D:\New folder\project\results\5_layer\upper\r320\t8.4\t8.4_340_grid1.cif,2.3569712043803652,2.6337748884385515,2.3557690539029683,2.401454926371221,5,10,12,13,40,2.4133875893989414,2.8230151097078764,1.9362804933396718,2.246408511251226,5,12,10,15,42,1.7810755802508083,2.9477113167444307,3.0,1.82732503824913,2,4,0,6,12,2.33050720230947,2.5374218796377837,2.278780329071217,2.4043678911456317,9,9,11,14,43
D:\New folder\project\results\5_layer\upper\r320\t8.4\t8.4_340_grid3.cif,2.3569712043803652,2.6337748884385515,2.3557690539029683,2.401454926371221,5,10,12,13,40,2.4133875893989414,2.8230151097078764,1.9362804933396718,2.246408511251226,5,12,10,15,42,1.7810755802508083,2.9477113167444307,3.0,1.82732503824913,2,4,0,6,12,2.408882593262038,2.947711316744425,2.6947932536454866,1.7820891028242003,2,4,4,4,14
D:\New folder\project\results\5_layer\upper\r320\t8.4\t8.4_340_grid5.cif,2.3569712043803652,2.6337748884385515,2.3557690539029683,2.401454926371221,5,10,12,13,40,2.4133875893989414,2.8230151097078764,1.9362804933396718,2.246408511251226,5,12,10,15,42,1.7810755802508083,2.9477113167444307,3.0,1.82732503824913,2,4,0,6,12,2.453217687234688,2.94771131674442,2.309028645778924,2.2234900622552067,3,4,8,7,22
D:\New folder\project\results\5_layer\upper\r340\t3.6\t3.6_80_grid4.cif,2.4020480391373793,2.559687261092881,2.2340395878602406,2.286037468508938,4,8,8,14,34,2.345379991036364,2.680002847558396,2.1508991463772134,2.3269684651820635,7,5,6,8,26,2.163524059354242,2.8999049799939,2.369874289954044,2.4799062026452963,8,5,5,10,28,2.025940634125294,2.6915519493963944,2.159711502831939,2.432228157414537,2,6,12,16,36
D:\New folder\project\results\5_layer\upper\r340\t3.6\t3.6_100_grid1.cif,2.4020480391373793,2.559687261092881,2.2340395878602406,2.286037468508938,4,8,8,14,34,2.345379991036364,2.680002847558396,2.1508991463772134,2.3269684651820635,7,5,6,8,26,2.153083619112211,2.8999049799938996,2.5054561189571265,2.251045344572823,8,5,5,10,28,2.2792820443219384,2.6851725783292704,2.0687858193201087,2.1956386328180075,4,8,4,8,24
D:\New folder\project\results\5_layer\upper\r340\t3.6\t3.6_200_grid1.cif,2.4020480391373793,2.559687261092881,2.2340395878602406,2.286037468508938,4,8,8,14,34,2.345379991036364,2.680002847558396,2.1508991463772134,2.3269684651820635,7,5,6,8,26,2.153083619112211,2.8999049799938996,2.5054561189571265,2.251045344572823,8,5,5,10,28,3.0,2.6248112736413862,2.2865803345755857,2.2925300449407535,0,4,7,4,15
D:\New folder\project\results\5_layer\upper\r340\t3.6\t3.6_220_grid1.cif,2.230288063710565,2.462448767970614,2.281106420322138,2.307629987436116,9,10,18,19,56,2.417266296665792,2.7414941961057804,2.0112027090064974,2.2962059871557714,8,7,4,20,39,2.14000033999953,2.777837207218353,2.1996189944098963,2.3733221994772893,7,7,6,11,31,2.282989447099444,2.438196504321841,2.1778661026728012,2.5100762596492525,6,4,3,10,23
D:\New folder\project\results\5_layer\upper\r340\t3.6\t3.6_260_grid0.cif,2.4020480391373793,2.559687261092881,2.2340395878602406,2.286037468508938,4,8,8,14,34,2.345379991036364,2.680002847558396,2.1508991463772134,2.3269684651820635,7,5,6,8,26,2.2861563500929494,2.6919537061742287,2.3926426604927875,2.3946413658044907,4,5,3,8,20,2.255066883745445,2.664456090520056,2.2698293066595165,2.364660253410537,2,10,15,13,40
D:\New folder\project\results\5_layer\upper\r340\t3.6\t3.6_260_grid1.cif,2.230288063710565,2.462448767970614,2.281106420322138,2.307629987436116,9,10,18,19,56,2.417266296665792,2.7414941961057804,2.0112027090064974,2.2962059871557714,8,7,4,20,39,2.14000033999953,2.777837207218353,2.2651597507415637,2.3733221994772893,7,7,7,11,32,2.250543663197776,2.4381965043218417,2.250443302081707,2.2296105905783583,2,4,4,14,24
D:\New folder\project\results\5_layer\upper\r340\t3.6\t3.6_260_grid3.cif,2.4020480391373793,2.559687261092881,2.2340395878602406,2.286037468508938,4,8,8,14,34,2.157835847369544,2.680002847558396,2.3915443084075654,2.3742473327948095,7,5,6,10,28,2.239988077174863,2.842891990007497,2.442452822533058,2.3123970565641154,5,8,6,13,32,1.9692830197609559,2.715664816839067,2.2767927047256773,2.335214618155029,8,10,9,21,48
D:\New folder\project\results\5_layer\upper\r340\t3.6\t3.6_280_grid0.cif,2.4020480391373793,2.559687261092881,2.2340395878602406,2.286037468508938,4,8,8,14,34,2.345379991036364,2.680002847558396,2.1508991463772134,2.3269684651820635,7,5,6,8,26,2.2373464056643764,2.7000321011119253,2.3886167530874713,2.5063514615176783,5,5,5,9,24,2.105507497230838,2.943725903155273,2.239915858956819,2.351243080611013,6,9,10,11,36
D:\New folder\project\results\5_layer\upper\r340\t3.6\t3.6_280_grid2.cif,2.4020480391373793,2.559687261092881,2.2340395878602406,2.286037468508938,4,8,8,14,34,2.15783584736954,2.680002847558396,2.3915443084075654,2.3742473327948095,7,5,6,10,28,2.184525338491095,2.9570280836368426,2.3949485431684705,2.2197641678109203,8,3,8,9,28,2.243147651261933,2.563113105024865,2.244525918422027,2.3836504380107515,7,12,13,16,48
D:\New folder\project\results\5_layer\upper\r340\t3.6\t3.6_280_grid3.cif,2.4020480391373793,2.559687261092881,2.2340395878602406,2.286037468508938,4,8,8,14,34,2.1578358473695407,2.680002847558396,2.3915443084075654,2.3742473327948095,7,5,6,10,28,2.082163155430961,2.8428919900074963,1.9948876570515268,2.1330387381480387,8,8,2,14,32,2.179142172535483,2.646772524354234,2.202443498573082,2.2412490714472986,7,10,7,22,46
D:\New folder\project\results\5_layer\upper\r340\t3.6\t3.6_320_grid1.cif,2.230288063710565,2.462448767970614,2.281106420322138,2.307629987436116,9,10,18,19,56,2.417266296665792,2.7414941961057804,2.0112027090064974,2.2962059871557714,8,7,4,20,39,2.14000033999953,2.777837207218353,2.1996189944098963,2.3733221994772893,7,7,6,11,31,2.4611356603600814,2.736382869133307,1.8393541527774633,1.8569588844010685,1,10,10,10,31
D:\New folder\project\results\5_layer\upper\r340\t3.6\t3.6_320_grid2.cif,2.230288063710565,2.462448767970614,2.281106420322138,2.307629987436116,9,10,18,19,56,2.417266296665792,2.7414941961057804,2.0112027090064974,2.2962059871557714,8,7,4,20,39,2.14000033999953,2.777837207218353,2.1996189944098963,2.3733221994772893,7,7,6,11,31,2.4594617169791295,2.6851725783292664,1.8168920090224097,2.06677609281785,2,8,9,6,25
D:\New folder\project\results\5_layer\upper\r340\t3.6\t3.6_340_grid1.cif,2.230288063710565,2.462448767970614,2.281106420322138,2.307629987436116,9,10,18,19,56,2.417266296665792,2.7414941961057804,2.0112027090064974,2.2962059871557714,8,7,4,20,39,2.14000033999953,2.777837207218353,2.1996189944098963,2.3733221994772893,7,7,6,11,31,2.4447374510547273,2.715425250760074,2.340893998097757,2.3497540355964186,3,8,5,12,28
D:\New folder\project\results\5_layer\upper\r340\t3.6\t3.6_340_grid3.cif,2.4020480391373793,2.559687261092881,2.2340395878602406,2.286037468508938,4,8,8,14,34,2.2768063586492966,2.99961229079323,2.5611233849170887,2.3806836262195015,2,3,4,6,15,2.194125267161272,2.722999819058887,2.1037488741201384,2.4020280152358477,11,13,15,19,58,2.2165806682821296,2.899226923712909,2.250202964888838,2.2234160503088516,10,7,7,10,34
D:\New folder\project\results\5_layer\upper\r340\t4.8\t4.8_220_grid1.cif,2.334155572341065,2.6645094825042936,2.303248204979616,2.354971805725317,13,13,12,15,53,2.419897456733989,2.7056295782279216,2.2921103106533938,1.7271609717334586,4,2,2,2,10,2.3274589077040364,2.9817439337960403,1.6566630667327773,2.2153021163971434,9,5,3,9,26,2.0930487021334994,2.631225669166602,2.490115168455753,2.171228237940058,5,2,5,6,18
D:\New folder\project\results\5_layer\upper\r340\t6.0\t6.0_280_grid3.cif,2.281711883665057,2.7810174561768886,1.9998044344644534,2.3478098103639,8,11,16,14,49,2.1703722742820117,2.7485074647607113,2.361458996604357,1.9778790735285243,4,2,2,2,10,2.3329814168024225,2.9546449905855723,2.2372571468839952,2.3018021752169933,6,4,8,8,26,2.1582476270916255,2.903124042667364,2.2241637294956043,2.3661648939585644,12,13,17,14,56
