file_path,X,Y,Z
d:\New folder\project\data\r0\t0\t0_0.cif,0.11656509459687048,-1.0630033427010663,7.802620169147051
d:\New folder\project\data\r0\t0\t0_160.cif,0.3143225644008082,-1.324228725825655,8.924590767348182
d:\New folder\project\data\r0\t0\t0_100.cif,-0.32298566303414955,-1.3848283926696516,7.093223574488754
d:\New folder\project\data\r0\t0\t0_180.cif,0.4906552228455554,-1.2364032475192612,9.48401434472791
d:\New folder\project\data\r0\t0\t0_20.cif,0.11188709368358829,-0.8807794925116448,8.018344140432006
d:\New folder\project\data\r0\t0\t0_120.cif,0.23272302807517364,-1.1601701764972157,7.1730709455135795
d:\New folder\project\data\r0\t0\t0_280.cif,0.19519633972497186,-0.8860435955693099,7.5045190214354545
d:\New folder\project\data\r0\t0\t0_140.cif,0.3487284435544575,-1.190400105431289,7.992503003077501
d:\New folder\project\data\r0\t0\t0_220.cif,1.9151526357988866,-1.5835363548026258,8.554181881478806
d:\New folder\project\data\r0\t0\t0_200.cif,0.48872343673388735,-1.4839465154870266,9.788034372084644
d:\New folder\project\data\r0\t0\t0_300.cif,0.20582688606586685,-0.9583545182761354,7.465380399299883
d:\New folder\project\data\r0\t0\t0_260.cif,0.37962130526416604,-1.090500131166461,7.628245824063056
d:\New folder\project\data\r0\t0\t0_240.cif,2.6264283971237172,-0.908362379080162,7.212192881780826
d:\New folder\project\data\r0\t0\t0_320.cif,0.4073328478059529,-0.943071261558993,7.244340687741105
d:\New folder\project\data\r0\t0\t0_340.cif,0.35827198689994816,-0.7366597179686636,7.416522524134526
d:\New folder\project\data\r0\t0\t0_40.cif,-0.01620198561606656,-1.3402822989477303,8.582896755284814
d:\New folder\project\data\r0\t0\t0_80.cif,-0.4252067361407492,-0.8326617222030603,7.346974878407493
d:\New folder\project\data\r0\t1.2\t1.2_140.cif,0.8165353801817503,-1.2384009418679582,7.732405228630665
d:\New folder\project\data\r0\t0\t0_60.cif,0.1525867795383642,-1.3154428797020739,8.224602903289211
d:\New folder\project\data\r0\t1.2\t1.2_120.cif,0.659038168477353,-1.289662666084101,7.230407541928544
d:\New folder\project\data\r0\t1.2\t1.2_180.cif,-0.026901048601884747,-1.5432492003508083,9.578218148055035
d:\New folder\project\data\r0\t1.2\t1.2_0.cif,-0.35273397883753915,-1.3239792504728494,8.45250203490437
d:\New folder\project\data\r0\t1.2\t1.2_160.cif,0.7254155327154408,-1.3381300176580144,8.79193653187902
d:\New folder\project\data\r0\t1.2\t1.2_100.cif,0.9486009519020719,-1.7648529054965678,7.4100383833831085
d:\New folder\project\data\r0\t1.2\t1.2_200.cif,0.148707850128111,-1.4018539557215361,9.66329624948677
d:\New folder\project\data\r0\t1.2\t1.2_260.cif,0.9016654579305272,-0.5167222867551884,6.82918181633921
d:\New folder\project\data\r0\t1.2\t1.2_20.cif,-0.13063932909069603,-1.3199547656529078,8.921897011592717
d:\New folder\project\data\r0\t1.2\t1.2_220.cif,0.5902724689456307,-1.4755628523843263,8.757007613084532
d:\New folder\project\data\r0\t1.2\t1.2_240.cif,1.128858029370462,-0.8547930260841471,7.221903958827264
d:\New folder\project\data\r0\t1.2\t1.2_280.cif,0.01903767035048054,-0.7956740491981906,7.474985053527924
d:\New folder\project\data\r0\t1.2\t1.2_320.cif,-0.2996944016559626,-0.954548325401003,7.389112273557177
d:\New folder\project\data\r0\t1.2\t1.2_300.cif,-0.09009931635768648,-0.9083139388606968,7.4406679348180775
d:\New folder\project\data\r0\t1.2\t1.2_340.cif,-0.6605713192601732,-1.023652332091006,7.807901246319095
d:\New folder\project\data\r0\t2.4\t2.4_100.cif,0.6650421650404096,-1.6208914197439546,7.488982104412465
d:\New folder\project\data\r0\t1.2\t1.2_40.cif,-0.11574572350621676,-1.5081444805086328,9.108394072598074
d:\New folder\project\data\r0\t1.2\t1.2_60.cif,-0.1085665613777228,-1.5001766451347578,8.41746899126134
d:\New folder\project\data\r0\t2.4\t2.4_0.cif,0.11965200569552281,-1.3809245672228847,8.750329034432765
d:\New folder\project\data\r0\t1.2\t1.2_80.cif,0.671461432804584,-1.1176461230805907,8.19661148627267
d:\New folder\project\data\r0\t2.4\t2.4_120.cif,0.6416714237529244,-1.1690259959092844,7.284814471540376
d:\New folder\project\data\r0\t2.4\t2.4_160.cif,0.24977622291436818,-1.425208226109038,8.674592703383349
d:\New folder\project\data\r0\t2.4\t2.4_20.cif,0.31128899729266735,-1.3004131396734169,9.09519391009337
d:\New folder\project\data\r0\t2.4\t2.4_140.cif,0.3193385067655693,-1.2635801488782672,7.653503893276293
d:\New folder\project\data\r0\t2.4\t2.4_180.cif,0.3034407376727697,-1.5833488351077543,9.514980235643236
d:\New folder\project\data\r0\t2.4\t2.4_200.cif,0.41072666166402516,-1.453269862293449,9.52886883476587
d:\New folder\project\data\r0\t2.4\t2.4_260.cif,0.5296767724311062,-0.4396068593336112,6.85078671646276
d:\New folder\project\data\r0\t2.4\t2.4_240.cif,0.33681197162321286,-1.2933102441970934,7.283943015722552
d:\New folder\project\data\r0\t2.4\t2.4_220.cif,1.2770009101771962,-1.1438937951276253,8.040331338035424
d:\New folder\project\data\r0\t2.4\t2.4_280.cif,0.5967917663553397,-0.6372423961506358,7.313961243282812
d:\New folder\project\data\r0\t2.4\t2.4_300.cif,0.422879690301058,-0.813588070498548,7.4026551098734
d:\New folder\project\data\r0\t2.4\t2.4_320.cif,0.6429474089560764,-0.6509415987274203,7.43624509570596
d:\New folder\project\data\r0\t2.4\t2.4_340.cif,0.27638673097449984,-0.7926161025327025,8.215504228542999
d:\New folder\project\data\r0\t2.4\t2.4_80.cif,0.5288324228912953,-1.5221154710471607,8.31180207576916
d:\New folder\project\data\r0\t3.6\t3.6_100.cif,0.4495860018524014,-1.290096728564857,7.013076544766039
d:\New folder\project\data\r0\t2.4\t2.4_40.cif,0.33714832318085286,-1.6021656983283177,9.331408073882843
d:\New folder\project\data\r0\t3.6\t3.6_0.cif,-0.1944728167755101,-1.3014006760125603,8.444827744809166
d:\New folder\project\data\r0\t3.6\t3.6_140.cif,-0.8727417943831252,-1.253472962067629,7.765555064487651
d:\New folder\project\data\r0\t2.4\t2.4_60.cif,0.2490016966144165,-1.650887345832936,8.550335075502737
d:\New folder\project\data\r0\t3.6\t3.6_120.cif,-0.05784453367474118,-1.0769745687787207,7.237432578144484
d:\New folder\project\data\r0\t3.6\t3.6_160.cif,-0.9524593980194799,-1.4739051857374241,8.717251150346781
d:\New folder\project\data\r0\t3.6\t3.6_20.cif,-0.7517148769162555,-1.3619262362778102,9.038583649831686
d:\New folder\project\data\r0\t3.6\t3.6_180.cif,-0.8690802696744062,-1.6013163169027156,9.442027383620898
d:\New folder\project\data\r0\t3.6\t3.6_200.cif,-0.8766004761708075,-1.305057280285034,9.220337176692697
d:\New folder\project\data\r0\t3.6\t3.6_260.cif,-0.7060210258733124,-0.66211786300041,7.241506713462654
d:\New folder\project\data\r0\t3.6\t3.6_220.cif,-0.468398914473352,-1.062880588419555,7.790663480569316
d:\New folder\project\data\r0\t3.6\t3.6_280.cif,-0.3433687418598213,-0.591859569550086,7.2722101442811224
d:\New folder\project\data\r0\t3.6\t3.6_300.cif,-0.21387295275567525,-0.5836368793099553,7.078099604279617
d:\New folder\project\data\r0\t3.6\t3.6_40.cif,-0.7797887136074189,-1.516791461279006,9.327401695614865
d:\New folder\project\data\r0\t3.6\t3.6_80.cif,-0.023250762499621824,-1.7264348590642418,7.761803761109393
d:\New folder\project\data\r0\t3.6\t3.6_240.cif,-0.7820080827098155,-0.7380201293754267,7.452307717402941
d:\New folder\project\data\r0\t3.6\t3.6_60.cif,-0.7267452293675017,-1.7727917293761442,8.45412875610876
d:\New folder\project\data\r0\t3.6\t3.6_340.cif,-0.07606630280093266,-0.7596726441994834,7.699816074319748
d:\New folder\project\data\r0\t3.6\t3.6_320.cif,-0.27670326600913286,-0.8082529675157313,7.36803627504751
d:\New folder\project\data\r0\t4.8\t4.8_0.cif,1.5026910093131112,-1.2441486446357755,7.617926178695084
d:\New folder\project\data\r0\t4.8\t4.8_100.cif,1.091978865271127,-1.0961676435353016,6.752375071821769
d:\New folder\project\data\r0\t4.8\t4.8_160.cif,0.413268030529537,-1.4609921624245246,8.739087632213394
d:\New folder\project\data\r0\t4.8\t4.8_180.cif,0.39971060180495566,-1.6466212673650635,9.30805730934041
d:\New folder\project\data\r0\t4.8\t4.8_140.cif,0.8479140884087593,-1.167049151940188,7.657457776696087
d:\New folder\project\data\r0\t4.8\t4.8_20.cif,0.4939434226302899,-1.3942918661835089,8.85998046026557
d:\New folder\project\data\r0\t4.8\t4.8_120.cif,0.859002507611728,-0.811713649318024,6.922133792693336
d:\New folder\project\data\r0\t4.8\t4.8_200.cif,0.36744814686783966,-1.3073585280532551,9.20821835397478
d:\New folder\project\data\r0\t4.8\t4.8_220.cif,-0.0024671347367357654,-0.9695686265336383,7.8245130851357
d:\New folder\project\data\r0\t4.8\t4.8_280.cif,0.5179100768977767,-0.8601729881123692,7.400230209146688
d:\New folder\project\data\r0\t4.8\t4.8_340.cif,0.12176318083090476,-0.8669230561272813,7.724495059137219
d:\New folder\project\data\r0\t4.8\t4.8_260.cif,0.38727297378583214,-0.8394067464278047,7.4505044005646885
d:\New folder\project\data\r0\t4.8\t4.8_320.cif,0.5131247019561145,-0.742220702879016,7.349295408612568
d:\New folder\project\data\r0\t4.8\t4.8_300.cif,0.5066410396363479,-0.7729492487088924,7.243960384406741
d:\New folder\project\data\r0\t4.8\t4.8_240.cif,0.42501903977111766,-0.8564908199878898,7.684970558914059
d:\New folder\project\data\r0\t4.8\t4.8_60.cif,0.7735676548630835,-1.956256307266262,7.303548593806109
d:\New folder\project\data\r0\t6.0\t6.0_0.cif,0.11708748139235764,-1.2955756840846018,8.474275267186604
d:\New folder\project\data\r0\t4.8\t4.8_80.cif,0.6225533278660939,-1.4068753607523368,7.438857035491519
d:\New folder\project\data\r0\t4.8\t4.8_40.cif,0.5329100863286211,-1.4414656148064517,9.069996805229573
d:\New folder\project\data\r0\t6.0\t6.0_120.cif,-0.07621313998483803,-1.002243270723422,7.138447079535203
d:\New folder\project\data\r0\t6.0\t6.0_100.cif,-0.18262069762997712,-1.0628434715552477,6.746341888479723
d:\New folder\project\data\r0\t6.0\t6.0_180.cif,-1.516928820098114,-1.591982003695733,9.463638552917216
d:\New folder\project\data\r0\t6.0\t6.0_20.cif,0.11439419587761523,-1.359548992846994,8.702174163831085
d:\New folder\project\data\r0\t6.0\t6.0_220.cif,-1.1644419620549646,-1.1471450892475716,8.464350347924107
d:\New folder\project\data\r0\t6.0\t6.0_200.cif,-0.8393813963729224,-1.3972900474258547,9.30984146466825
d:\New folder\project\data\r0\t6.0\t6.0_140.cif,-1.6898341316879333,-1.9716927729996498,7.631021042339647
d:\New folder\project\data\r0\t6.0\t6.0_160.cif,-1.4450537539900008,-1.4213239393106734,8.659774680602876
d:\New folder\project\data\r0\t6.0\t6.0_240.cif,-0.3164805756751118,-0.9217670688849982,7.721787291731956
d:\New folder\project\data\r0\t6.0\t6.0_260.cif,-0.09561774334509893,-0.8644242310547929,7.5434088383279665
d:\New folder\project\data\r0\t6.0\t6.0_300.cif,-0.12801708491054986,-0.7856047679549996,7.320409125655004
d:\New folder\project\data\r0\t6.0\t6.0_280.cif,-0.06668507717757699,-0.9598235483719552,7.481426317001814
d:\New folder\project\data\r0\t6.0\t6.0_320.cif,-0.31650071631955895,-0.12349179843549307,7.111693155490845
d:\New folder\project\data\r0\t6.0\t6.0_340.cif,-0.17350244793493352,-0.9211291838511017,8.066565007246226
d:\New folder\project\data\r0\t6.0\t6.0_80.cif,-0.12824535691875738,-1.408411006008001,6.971534146023161
d:\New folder\project\data\r0\t6.0\t6.0_60.cif,-0.04563007396789087,-1.3736505599638882,8.0496776669217
d:\New folder\project\data\r0\t7.2\t7.2_140.cif,-1.2021351054766602,-1.2810713554721924,8.014867773929437
d:\New folder\project\data\r0\t6.0\t6.0_40.cif,0.0794162832110551,-1.448251167692613,8.943368431905657
d:\New folder\project\data\r0\t7.2\t7.2_120.cif,-0.8069723386433755,-0.9295588780719382,7.239548047291611
d:\New folder\project\data\r0\t7.2\t7.2_0.cif,0.3868106773923749,-1.186724250938758,7.935631861579323
d:\New folder\project\data\r0\t7.2\t7.2_100.cif,-0.8843033079617839,-1.114409538305739,6.762832383563973
d:\New folder\project\data\r0\t7.2\t7.2_160.cif,-1.0986376602971608,-1.4345881302214898,8.70874646282017
d:\New folder\project\data\r0\t7.2\t7.2_20.cif,-0.9609821664787123,-1.322542115851789,8.643065024362878
d:\New folder\project\data\r0\t7.2\t7.2_200.cif,-1.6243374305807463,-1.3892956275800405,9.5048645255446
d:\New folder\project\data\r0\t7.2\t7.2_220.cif,-1.5925048768478038,-1.3356990914033597,8.706357026916592
d:\New folder\project\data\r0\t7.2\t7.2_180.cif,-1.1470614865628415,-1.5802269087340917,9.599436819754706
d:\New folder\project\data\r0\t7.2\t7.2_240.cif,-1.3168058942941334,-1.1147224816355332,8.023326695918763
d:\New folder\project\data\r0\t7.2\t7.2_260.cif,-1.212877461119541,-0.8441732567625575,7.705394755437872
d:\New folder\project\data\r0\t7.2\t7.2_300.cif,-1.078813337841217,-0.8541857452333984,7.478999418814857
d:\New folder\project\data\r0\t7.2\t7.2_280.cif,-1.1570051367334415,-1.0500004074123812,7.595661091000797
d:\New folder\project\data\r0\t7.2\t7.2_320.cif,-0.9637540588328604,-0.6713944553604583,7.664546812334589
d:\New folder\project\data\r0\t7.2\t7.2_340.cif,-0.7805385543787879,-1.0513959783514053,8.229493497438586
d:\New folder\project\data\r0\t8.4\t8.4_120.cif,-0.6027884491638342,-1.0421295683514828,7.171849670604075
d:\New folder\project\data\r0\t7.2\t7.2_80.cif,-0.647378507927447,-1.3515222025613431,7.418692923050833
d:\New folder\project\data\r0\t8.4\t8.4_140.cif,-0.8799148922369795,-1.1892741079094702,8.041137878815936
d:\New folder\project\data\r0\t7.2\t7.2_60.cif,-1.0384379637069505,-1.287758585024265,8.066796862767427
d:\New folder\project\data\r0\t7.2\t7.2_40.cif,-0.9696450963961354,-1.3956156705253733,8.904123740391746
d:\New folder\project\data\r0\t8.4\t8.4_0.cif,-0.08256249351597617,-1.3224080496565862,8.095477642944484
d:\New folder\project\data\r0\t8.4\t8.4_220.cif,-1.2307610411029184,-1.3793276197766924,8.81190854798419
d:\New folder\project\data\r0\t8.4\t8.4_180.cif,-0.9212076324430694,-1.451927867462235,9.642155235100525
d:\New folder\project\data\r0\t8.4\t8.4_160.cif,-0.8658544006816584,-1.3433558802344954,8.793921310996897
d:\New folder\project\data\r0\t8.4\t8.4_100.cif,-0.9240557747682663,-1.2402773839542145,6.960752681685981
d:\New folder\project\data\r0\t8.4\t8.4_20.cif,-0.4877111030098944,-1.1702467383560635,8.573658634508
d:\New folder\project\data\r0\t8.4\t8.4_300.cif,-0.6399028528146133,-0.9076013694998634,7.4549293522883495
d:\New folder\project\data\r0\t8.4\t8.4_240.cif,-1.2751859673394565,-1.3556662018925518,8.015297706882901
d:\New folder\project\data\r0\t8.4\t8.4_200.cif,-1.1450780478302665,-1.4367575670835764,9.765181622975145
d:\New folder\project\data\r0\t8.4\t8.4_280.cif,-0.6628397227960815,-1.021544789349259,7.563499530639587
d:\New folder\project\data\r0\t8.4\t8.4_260.cif,-0.7278316197788581,-1.0060511794597522,7.63933792754581
d:\New folder\project\data\r0\t8.4\t8.4_320.cif,-0.20883723512850688,-0.936984500914806,7.449486223969281
d:\New folder\project\data\r0\t8.4\t8.4_40.cif,-0.49139973165563344,-1.3495023968041608,8.870825219146711
d:\New folder\project\data\r0\t8.4\t8.4_340.cif,0.07713403307640052,-1.1641881087203174,7.784550470797811
d:\New folder\project\data\r0\t9.6\t9.6_120.cif,0.5144707288669643,-1.2057984043263277,7.2200700886921165
d:\New folder\project\data\r0\t9.6\t9.6_140.cif,0.6558587026380931,-1.2080554160801575,7.939797269285487
d:\New folder\project\data\r0\t8.4\t8.4_60.cif,-0.6052046317681372,-1.2531233637267227,8.10231376157349
d:\New folder\project\data\r0\t9.6\t9.6_100.cif,-0.01351526195420516,-1.566020957950983,7.138976941818262
d:\New folder\project\data\r0\t9.6\t9.6_160.cif,0.6960498301053395,-1.3748511706894504,8.881037053810832
d:\New folder\project\data\r0\t8.4\t8.4_80.cif,-0.8510863758877201,-1.2567576437066532,7.662174412470922
d:\New folder\project\data\r0\t9.6\t9.6_0.cif,0.48417333277210534,-1.4644071305806179,8.22722059579762
d:\New folder\project\data\r0\t9.6\t9.6_180.cif,0.7954133314293028,-1.4785838567701899,9.60218997200048
d:\New folder\project\data\r0\t9.6\t9.6_20.cif,0.5467221940801112,-1.3556388253762763,8.782882231266546
d:\New folder\project\data\r0\t9.6\t9.6_300.cif,0.35234215879929665,-1.0537740507943967,7.4255322569480375
d:\New folder\project\data\r0\t9.6\t9.6_200.cif,1.152218816427867,-1.4005425247133092,9.713743835963967
d:\New folder\project\data\r0\t9.6\t9.6_220.cif,1.321023985303846,-1.547784566037983,8.856436024521726
d:\New folder\project\data\r0\t9.6\t9.6_280.cif,0.5713574020062772,-0.9848475899856323,7.539070899461893
d:\New folder\project\data\r0\t9.6\t9.6_240.cif,2.150798263235493,-1.0039237937686312,7.617033951116873
d:\New folder\project\data\r0\t9.6\t9.6_260.cif,0.8376054722731365,-1.0579362741847764,7.581066920407129
d:\New folder\project\data\r0\t9.6\t9.6_60.cif,0.32344665895276936,-1.3118133775979108,8.29614647565674
d:\New folder\project\data\r0\t9.6\t9.6_320.cif,0.5270668965868098,-1.042159475836411,7.42748168575466
d:\New folder\project\data\r0\t9.6\t9.6_40.cif,0.44426705366495123,-1.368125525428899,8.974444805035214
d:\New folder\project\data\r0\t9.6\t9.6_340.cif,0.41727185856683846,-1.088753338006693,7.783554553882176
d:\New folder\project\data\r20\t0\t0_0.cif,0.4558960545524011,-1.2397758788826467,7.392183178147117
d:\New folder\project\data\r0\t9.6\t9.6_80.cif,0.1285010122509085,-0.915844141529121,7.828634508127279
d:\New folder\project\data\r20\t0\t0_140.cif,0.3950122396222102,-1.3263412523373064,7.830519671250515
d:\New folder\project\data\r20\t0\t0_160.cif,0.39890373377788907,-1.442832716266338,8.762724523026707
d:\New folder\project\data\r20\t0\t0_220.cif,0.442320150552149,-1.1682731765204382,8.859816802926881
d:\New folder\project\data\r20\t0\t0_100.cif,0.31690755470629706,-1.1331251154605009,7.061905316523993
d:\New folder\project\data\r20\t0\t0_180.cif,0.539342625769102,-1.4213566836428446,9.133818400091691
d:\New folder\project\data\r20\t0\t0_120.cif,0.4743188474381042,-1.2007443909045645,7.055855878604606
d:\New folder\project\data\r20\t0\t0_200.cif,0.5095449354199835,-1.4251000822500797,9.533386866473787
d:\New folder\project\data\r20\t0\t0_300.cif,0.10330131811860566,-1.0322778599376579,7.359276905039574
d:\New folder\project\data\r20\t0\t0_240.cif,0.6699038648016221,-1.0853915614748664,7.979940816509924
d:\New folder\project\data\r20\t0\t0_260.cif,0.8452013551660511,-0.8848445878702361,7.2458480385858985
d:\New folder\project\data\r20\t0\t0_20.cif,0.35607840974795557,-1.12722492303605,7.635752347786701
d:\New folder\project\data\r20\t0\t0_280.cif,0.3888272528098256,-0.8805916041358093,7.4410390268636055
d:\New folder\project\data\r20\t0\t0_40.cif,0.40164024743276067,-1.3293752234556278,8.433391225758921
d:\New folder\project\data\r20\t0\t0_340.cif,0.2670183255925106,-0.9708398957310002,6.993858899587555
d:\New folder\project\data\r20\t0\t0_80.cif,0.4123660199761737,-0.9876110893611003,7.379194527009542
d:\New folder\project\data\r20\t1.2\t1.2_120.cif,0.9241986062145815,-1.1862399254592393,7.05743112131206
d:\New folder\project\data\r20\t0\t0_320.cif,0.12999175314450995,-0.9410292279254021,7.002676216964421
d:\New folder\project\data\r20\t1.2\t1.2_160.cif,0.7181959453042223,-1.4884793639401868,8.692739499662165
d:\New folder\project\data\r20\t1.2\t1.2_0.cif,-0.04431516917801642,-1.4107593359854724,8.21740624506048
d:\New folder\project\data\r20\t1.2\t1.2_100.cif,0.797126377480867,-1.1621080363229157,7.192852535019299
d:\New folder\project\data\r20\t1.2\t1.2_140.cif,0.8250966838384497,-1.2279478225959837,7.73651021982401
d:\New folder\project\data\r20\t0\t0_60.cif,0.4059822305334696,-1.3774037368863308,8.082887677873787
d:\New folder\project\data\r20\t1.2\t1.2_180.cif,-0.04954801751036875,-1.5708245730145851,9.31955257126486
d:\New folder\project\data\r20\t1.2\t1.2_240.cif,0.4569662511030017,-1.1217099329687135,7.765629528072195
d:\New folder\project\data\r20\t1.2\t1.2_20.cif,0.025368146559687776,-1.5009294786797207,8.795925454762669
d:\New folder\project\data\r20\t1.2\t1.2_200.cif,0.05358696736144836,-1.4374674663396085,9.51931730810912
d:\New folder\project\data\r20\t1.2\t1.2_220.cif,0.08706674651681273,-1.2505910464015975,8.831052953917425
d:\New folder\project\data\r20\t1.2\t1.2_260.cif,0.9858791492870242,-0.8206222168933361,6.554972869273527
d:\New folder\project\data\r20\t1.2\t1.2_280.cif,0.09670214564259327,-0.8343775385707897,7.381917793662346
d:\New folder\project\data\r20\t1.2\t1.2_300.cif,0.07109680555861092,-0.87232301970733,7.370796500500587
d:\New folder\project\data\r20\t1.2\t1.2_320.cif,0.01777028471305686,-1.0210843943224748,7.341360009915885
d:\New folder\project\data\r20\t1.2\t1.2_40.cif,0.021053700265531827,-1.5534256419450219,8.903588818421307
d:\New folder\project\data\r20\t1.2\t1.2_340.cif,-0.4860356702426703,-1.2675296543282333,7.529804391229401
d:\New folder\project\data\r20\t1.2\t1.2_60.cif,-0.03229002193897462,-1.4181347816890033,8.15473889609443
d:\New folder\project\data\r20\t2.4\t2.4_140.cif,0.5226203946688304,-1.311518130024692,7.703513287980909
d:\New folder\project\data\r20\t2.4\t2.4_0.cif,0.46816585055821713,-1.499379132878217,8.503130834499602
d:\New folder\project\data\r20\t2.4\t2.4_100.cif,0.48366145325313886,-1.4920735867010095,7.31413394087305
d:\New folder\project\data\r20\t1.2\t1.2_80.cif,0.8192736592424557,-1.13506796338383,7.813214948188863
d:\New folder\project\data\r20\t2.4\t2.4_120.cif,0.5232368333314084,-1.1993733690886428,7.073760334864253
d:\New folder\project\data\r20\t2.4\t2.4_180.cif,0.15074345407546152,-1.5147726764536682,9.253101199643343
d:\New folder\project\data\r20\t2.4\t2.4_220.cif,0.5787283819749658,-1.387052697885902,8.644100001818495
d:\New folder\project\data\r20\t2.4\t2.4_20.cif,0.4752322321187054,-1.4593310704541258,8.839416853279566
d:\New folder\project\data\r20\t2.4\t2.4_260.cif,0.49204896802509307,-0.7746530788062794,6.556165039572061
d:\New folder\project\data\r20\t2.4\t2.4_200.cif,0.4223274643175172,-1.474939543028495,9.493899876061668
d:\New folder\project\data\r20\t2.4\t2.4_160.cif,0.4371661673371893,-1.4421506987967418,8.768173089078072
d:\New folder\project\data\r20\t2.4\t2.4_240.cif,0.5639986330102941,-1.1946441539253496,6.830575337943693
d:\New folder\project\data\r20\t2.4\t2.4_300.cif,0.5518980641991144,-0.8289560490484819,7.2919224675233
d:\New folder\project\data\r20\t2.4\t2.4_80.cif,0.43667099216507543,-1.3006461467706003,7.950903449201574
d:\New folder\project\data\r20\t2.4\t2.4_320.cif,0.9378703082522076,-0.8061992403794442,7.016950947947374
d:\New folder\project\data\r20\t2.4\t2.4_280.cif,0.774944309157706,-0.6937713053849159,6.921249000143303
d:\New folder\project\data\r20\t2.4\t2.4_340.cif,0.5093289223418034,-0.9454288349330443,7.74064893920386
d:\New folder\project\data\r20\t2.4\t2.4_60.cif,0.3406451964904197,-1.5330535310642366,8.339083655354981
d:\New folder\project\data\r20\t3.6\t3.6_0.cif,-0.5861031802324643,-1.3212080316159176,8.382563771197011
d:\New folder\project\data\r20\t2.4\t2.4_40.cif,0.43824394979062886,-1.5882015666126474,8.951746895275358
d:\New folder\project\data\r20\t3.6\t3.6_160.cif,-0.7432934334274551,-1.4489013448873345,8.718820198046377
d:\New folder\project\data\r20\t3.6\t3.6_140.cif,-0.6503592221376633,-1.2752341270912775,7.647540057619685
d:\New folder\project\data\r20\t3.6\t3.6_180.cif,-0.7315466106463713,-1.5877420469396653,9.55444717681704
d:\New folder\project\data\r20\t3.6\t3.6_100.cif,-0.1586949505782839,-1.480758123765954,7.121809744683876
d:\New folder\project\data\r20\t3.6\t3.6_20.cif,-0.6743821754309139,-1.4768990909425341,8.822470103091621
d:\New folder\project\data\r20\t3.6\t3.6_120.cif,0.08992878568713275,-1.1401032316397373,7.0372637754753695
d:\New folder\project\data\r20\t3.6\t3.6_200.cif,-0.7489359732519799,-1.4783929159146716,9.558677588210326
d:\New folder\project\data\r20\t3.6\t3.6_300.cif,-0.2278861326707055,-0.6811799299854959,6.684751363254
d:\New folder\project\data\r20\t3.6\t3.6_240.cif,-0.5651288813154465,-0.9111860925310842,7.143517534065283
d:\New folder\project\data\r20\t3.6\t3.6_260.cif,-0.8063507512981201,-0.6570779582885085,6.675426899046238
d:\New folder\project\data\r20\t3.6\t3.6_280.cif,-0.3476153183905679,-0.8588647014743034,6.885302197207603
d:\New folder\project\data\r20\t3.6\t3.6_220.cif,-0.592422913963754,-1.4014347667346259,8.564887893942432
d:\New folder\project\data\r20\t3.6\t3.6_320.cif,-0.5081347796520221,-0.9260888930802844,7.0784550236829045
d:\New folder\project\data\r20\t3.6\t3.6_340.cif,-0.03726645169131912,-1.104339271298241,7.3409134029795355
d:\New folder\project\data\r20\t3.6\t3.6_40.cif,-0.7213040537137703,-1.5613630052004752,8.965347078549366
d:\New folder\project\data\r20\t4.8\t4.8_0.cif,0.5064261640768264,-1.3122763310798893,8.24682312191753
d:\New folder\project\data\r20\t3.6\t3.6_80.cif,-0.605373399758379,-1.408035209560478,7.855289856880881
d:\New folder\project\data\r20\t4.8\t4.8_100.cif,0.6974335233389644,-1.4046032981134844,6.798154750553876
d:\New folder\project\data\r20\t3.6\t3.6_60.cif,-0.8507028685422657,-1.545210111594485,8.342912408943072
d:\New folder\project\data\r20\t4.8\t4.8_140.cif,0.7165143120845303,-1.2241331005532494,7.447593192509854
d:\New folder\project\data\r20\t4.8\t4.8_120.cif,0.6901602760629707,-1.0959391270205527,6.676759850054943
d:\New folder\project\data\r20\t4.8\t4.8_220.cif,0.6719411182366865,-1.4057331169582707,8.466442540858642
d:\New folder\project\data\r20\t4.8\t4.8_20.cif,0.5257316967747525,-1.455303049698664,8.798258012814577
d:\New folder\project\data\r20\t4.8\t4.8_200.cif,0.48286766337553966,-1.5220844962441655,9.566210749522178
d:\New folder\project\data\r20\t4.8\t4.8_160.cif,0.5022945895154819,-1.4625592549493713,8.705623730535066
d:\New folder\project\data\r20\t4.8\t4.8_240.cif,0.354460744393074,-1.053023379495165,7.470556359836194
d:\New folder\project\data\r20\t4.8\t4.8_180.cif,0.4997977546633108,-1.6038612730409063,9.561299054927703
d:\New folder\project\data\r20\t4.8\t4.8_260.cif,0.3386923471921059,-0.9091734419461404,7.027957544676453
d:\New folder\project\data\r20\t4.8\t4.8_280.cif,0.5946398542069949,-0.9136161533158611,6.99367763684259
d:\New folder\project\data\r20\t4.8\t4.8_300.cif,0.677715775964085,-0.8122033535658655,6.888716670244695
d:\New folder\project\data\r20\t4.8\t4.8_340.cif,0.6354291082394918,-0.816000611506488,7.174405919992541
d:\New folder\project\data\r20\t4.8\t4.8_40.cif,0.5025806412823249,-1.482916929888491,8.904807330989671
d:\New folder\project\data\r20\t4.8\t4.8_60.cif,0.5434590008530962,-1.4622729422080418,8.208814077780874
d:\New folder\project\data\r20\t6.0\t6.0_120.cif,-0.22946052795799438,-1.1050513290874504,6.634320409087994
d:\New folder\project\data\r20\t6.0\t6.0_140.cif,-1.3312459034781035,-1.3664763450655115,7.6840403021631865
d:\New folder\project\data\r20\t4.8\t4.8_320.cif,0.4821126663619914,-0.850606902382193,6.967656074359967
d:\New folder\project\data\r20\t6.0\t6.0_0.cif,0.3095308190920772,-1.2310955565315607,8.239640056450103
d:\New folder\project\data\r20\t4.8\t4.8_80.cif,0.345035914190909,-1.4783464549938512,7.59753059801356
d:\New folder\project\data\r20\t6.0\t6.0_180.cif,-1.3678888525792807,-1.6003199018319956,9.536536090656973
d:\New folder\project\data\r20\t6.0\t6.0_160.cif,-1.4090470354143576,-1.4840425790982723,8.619833396357754
d:\New folder\project\data\r20\t6.0\t6.0_100.cif,-0.15530213811672688,-1.3340231216400884,6.39902267340386
d:\New folder\project\data\r20\t6.0\t6.0_220.cif,0.2592695343385785,-1.3963718697601974,8.517939821877507
d:\New folder\project\data\r20\t6.0\t6.0_200.cif,-0.5618531851316508,-1.5340766325192203,9.488108369181495
d:\New folder\project\data\r20\t6.0\t6.0_260.cif,-0.14178327432307813,-0.9512919080624384,7.261077221558358
d:\New folder\project\data\r20\t6.0\t6.0_20.cif,0.1887066076083842,-1.3740412915025528,8.719299960586886
d:\New folder\project\data\r20\t6.0\t6.0_280.cif,0.09190084142586558,-1.0718877744150894,7.3552451009037085
d:\New folder\project\data\r20\t6.0\t6.0_320.cif,0.11934495270442574,-0.8980109729958907,7.282328835230425
d:\New folder\project\data\r20\t6.0\t6.0_300.cif,-0.06735878041208498,-0.933739785461214,6.977091472287567
d:\New folder\project\data\r20\t6.0\t6.0_240.cif,-0.05330612456765693,-1.0158692886240095,7.567563675236564
d:\New folder\project\data\r20\t6.0\t6.0_340.cif,0.09160174162894447,-0.9955815209794721,7.74227454316164
d:\New folder\project\data\r20\t6.0\t6.0_60.cif,0.14408690624396614,-1.368156345621341,8.105511483425662
d:\New folder\project\data\r20\t7.2\t7.2_0.cif,-0.666806508120746,-1.2214138262596568,8.090381549755703
d:\New folder\project\data\r20\t6.0\t6.0_40.cif,0.15523227940865403,-1.4681253932886935,8.894247847161175
d:\New folder\project\data\r20\t6.0\t6.0_80.cif,-0.17163838971319,-1.4814187555500573,7.407669114171689
d:\New folder\project\data\r20\t7.2\t7.2_140.cif,-1.1151631932451267,-1.3429597649873828,7.754683902354724
d:\New folder\project\data\r20\t7.2\t7.2_120.cif,-1.0974386712392112,-1.1472141271419045,7.100310676394471
d:\New folder\project\data\r20\t7.2\t7.2_180.cif,-0.9637828982275547,-1.5925689773787666,9.511841811600762
d:\New folder\project\data\r20\t7.2\t7.2_160.cif,-1.0118848287366606,-1.5530068858131096,8.517994829581509
d:\New folder\project\data\r20\t7.2\t7.2_100.cif,-0.5226886662537249,-1.1972349222375385,6.668172341962996
d:\New folder\project\data\r20\t7.2\t7.2_20.cif,-0.8391957234453815,-1.3034693630346408,8.555744111832679
d:\New folder\project\data\r20\t7.2\t7.2_220.cif,-1.3939247914789887,-1.2752819539005267,8.639032560020299
d:\New folder\project\data\r20\t7.2\t7.2_240.cif,-1.13617118343035,-1.1486063367268964,7.937823083458883
d:\New folder\project\data\r20\t7.2\t7.2_200.cif,-1.0185784292333198,-1.4663996226333382,9.537767820272576
d:\New folder\project\data\r20\t7.2\t7.2_260.cif,-1.0514104608972312,-0.9778520332652115,7.496043768636701
d:\New folder\project\data\r20\t7.2\t7.2_300.cif,-0.9997951157921858,-1.0351748408376216,7.316199161075167
d:\New folder\project\data\r20\t7.2\t7.2_320.cif,-0.9072774932737099,-0.9455703991129772,7.362366626966135
d:\New folder\project\data\r20\t7.2\t7.2_280.cif,-0.9656093028865123,-1.0979802490556256,7.472472549264648
d:\New folder\project\data\r20\t7.2\t7.2_80.cif,-1.0048034046016037,-1.291603207741351,7.564654230142075
d:\New folder\project\data\r20\t7.2\t7.2_40.cif,-0.9267552581226364,-1.4560659059808039,8.880527813245351
d:\New folder\project\data\r20\t7.2\t7.2_340.cif,-0.9313683479713484,-0.9805862985199185,7.782480192594502
d:\New folder\project\data\r20\t7.2\t7.2_60.cif,-0.8426050795365885,-1.264978139576624,7.996080328978163
d:\New folder\project\data\r20\t8.4\t8.4_0.cif,-0.09473956127070766,-1.3582752928858361,7.970304087039534
d:\New folder\project\data\r20\t8.4\t8.4_120.cif,-0.6101307201921831,-1.2181877930608431,6.981293651362721
d:\New folder\project\data\r20\t8.4\t8.4_100.cif,-0.6194595555455327,-1.214929549611185,6.9030683951349445
d:\New folder\project\data\r20\t8.4\t8.4_180.cif,-0.49164953416406765,-1.5962007422581002,9.53340003047049
d:\New folder\project\data\r20\t8.4\t8.4_140.cif,-0.8243895894921123,-1.3088561936893537,7.772485161574066
d:\New folder\project\data\r20\t8.4\t8.4_200.cif,-0.514738555035479,-1.4088821344625682,9.593644780977575
d:\New folder\project\data\r20\t8.4\t8.4_160.cif,-0.5727614403748873,-1.5378579095712992,8.729507355153274
d:\New folder\project\data\r20\t8.4\t8.4_20.cif,-0.367077405957675,-1.516510899885999,8.288543261731657
d:\New folder\project\data\r20\t8.4\t8.4_240.cif,-0.6373169713288307,-1.1559807637718829,8.04575919458907
d:\New folder\project\data\r20\t8.4\t8.4_220.cif,-0.6539863302367498,-1.3013630760009263,8.887784681386698
d:\New folder\project\data\r20\t8.4\t8.4_260.cif,-0.6048681278312972,-0.9905077481499857,7.531447283242058
d:\New folder\project\data\r20\t8.4\t8.4_340.cif,-0.40791881869603686,-1.1271037891749456,7.5158766562603985
d:\New folder\project\data\r20\t8.4\t8.4_280.cif,-0.5315711166962641,-1.0523999068721492,7.4443163211590075
d:\New folder\project\data\r20\t8.4\t8.4_300.cif,-0.67033364701568,-1.0178220632562076,7.2109867053166115
d:\New folder\project\data\r20\t8.4\t8.4_40.cif,-0.4303603943818053,-1.4427795545876703,8.799779984236597
d:\New folder\project\data\r20\t8.4\t8.4_320.cif,-0.48647097113888244,-0.9705670396040087,7.298173087695087
d:\New folder\project\data\r20\t9.6\t9.6_140.cif,0.6246256748789965,-1.3234159984707796,7.840084027048512
d:\New folder\project\data\r20\t9.6\t9.6_0.cif,0.5390768121930458,-1.3110323119443201,7.852339470633094
d:\New folder\project\data\r20\t8.4\t8.4_80.cif,-0.39813864028818036,-0.9578640175597186,7.374809011407024
d:\New folder\project\data\r20\t9.6\t9.6_120.cif,0.6526253418916971,-1.2103947623845888,7.107203705634633
d:\New folder\project\data\r20\t8.4\t8.4_60.cif,-0.4290623333773512,-1.2753392048063419,7.887044045270525
d:\New folder\project\data\r20\t9.6\t9.6_100.cif,0.5184672523101971,-1.158839101206352,7.059108996612075
d:\New folder\project\data\r20\t9.6\t9.6_180.cif,0.8638294489150136,-1.5546735448195959,9.266752112643957
d:\New folder\project\data\r20\t9.6\t9.6_20.cif,0.6669224399474386,-1.5168442561821,8.3637009315024
d:\New folder\project\data\r20\t9.6\t9.6_240.cif,0.8075786339546991,-1.0700267056119714,7.998014205115502
d:\New folder\project\data\r20\t9.6\t9.6_200.cif,0.7782723197034036,-1.4304444775188085,9.54814219440625
d:\New folder\project\data\r20\t9.6\t9.6_160.cif,0.7138491466334995,-1.533597688459258,8.663470910806637
d:\New folder\project\data\r20\t9.6\t9.6_260.cif,1.3224411980004502,-0.8162586801381547,7.166677869364614
d:\New folder\project\data\r20\t9.6\t9.6_320.cif,0.2796033396293369,-1.113468230289411,7.240005597790072
d:\New folder\project\data\r20\t9.6\t9.6_280.cif,0.7097933995182899,-0.9808014691017533,7.397377914006227
d:\New folder\project\data\r20\t9.6\t9.6_220.cif,0.760454166012267,-1.2442720150579154,8.893555932251449
d:\New folder\project\data\r20\t9.6\t9.6_300.cif,0.2582445422905393,-1.0166919046187834,7.239626072810441
d:\New folder\project\data\r40\t0\t0_120.cif,0.429342211483622,-1.1708910195491258,6.88631940949133
d:\New folder\project\data\r20\t9.6\t9.6_40.cif,0.7304862770948113,-1.5033701058278097,8.825737190835452
d:\New folder\project\data\r40\t0\t0_0.cif,0.16874211604115352,-1.0582032022534131,7.087803384031515
d:\New folder\project\data\r20\t9.6\t9.6_60.cif,0.6865075279820474,-1.3706548969287016,8.112958857550183
d:\New folder\project\data\r20\t9.6\t9.6_340.cif,0.42436800937193275,-1.2739817158185207,7.489358651675749
d:\New folder\project\data\r20\t9.6\t9.6_80.cif,0.6695581479060776,-0.9882141130629216,7.517916605815771
d:\New folder\project\data\r40\t0\t0_100.cif,0.6768079648838049,-0.8870565224079621,6.593858140524258
d:\New folder\project\data\r40\t0\t0_180.cif,0.4350725987260613,-1.456065076473916,8.919674754537974
d:\New folder\project\data\r40\t0\t0_160.cif,0.305935931322187,-1.4543625190572194,8.676507128896564
d:\New folder\project\data\r40\t0\t0_220.cif,0.4120439959388539,-1.2563428682065323,8.528232709676576
d:\New folder\project\data\r40\t0\t0_20.cif,0.398904372052656,-1.2970045428904278,7.764799773655984
d:\New folder\project\data\r40\t0\t0_140.cif,0.36534603733384613,-1.3678544443383798,7.796154455324822
d:\New folder\project\data\r40\t0\t0_200.cif,0.5058589592627747,-1.418091031236479,9.270172830985173
d:\New folder\project\data\r40\t0\t0_240.cif,0.4671788874027929,-0.9620357191013849,7.72288714951018
d:\New folder\project\data\r40\t0\t0_260.cif,0.44663582992043493,-0.9259899313570521,7.213264890312642
d:\New folder\project\data\r40\t0\t0_320.cif,0.13432382851116098,-0.7182373600918346,6.591452743313254
d:\New folder\project\data\r40\t0\t0_280.cif,0.3913942335900109,-0.9102643551748151,7.314102931330337
d:\New folder\project\data\r40\t0\t0_40.cif,0.47594981102925765,-1.440131339411545,8.180347983150432
d:\New folder\project\data\r40\t0\t0_340.cif,0.5515302538011658,-1.4459523090932058,6.549659430907081
d:\New folder\project\data\r40\t0\t0_300.cif,0.34933978836920204,-0.953191912157643,7.158578245552402
d:\New folder\project\data\r40\t0\t0_60.cif,0.4802202120923713,-1.3979860808013156,7.796307853087925
d:\New folder\project\data\r40\t1.2\t1.2_100.cif,0.8343185437459152,-1.0566493869191782,6.834307074206082
d:\New folder\project\data\r40\t1.2\t1.2_0.cif,0.036222565531199236,-1.367951488176782,8.232271098560329
d:\New folder\project\data\r40\t1.2\t1.2_120.cif,0.8420237133767474,-1.1509441385881776,6.871643118223069
d:\New folder\project\data\r40\t0\t0_80.cif,0.6375726847584403,-1.0568125622438638,7.03987597821284
d:\New folder\project\data\r40\t1.2\t1.2_20.cif,0.07762710853595906,-1.5213958604247364,8.733757903692803
d:\New folder\project\data\r40\t1.2\t1.2_140.cif,0.833635987448442,-1.3507326987550015,7.766779947814026
d:\New folder\project\data\r40\t1.2\t1.2_160.cif,0.6835215136584981,-1.471555047448009,8.691696642601272
d:\New folder\project\data\r40\t1.2\t1.2_180.cif,-0.029943439929096927,-1.651604916902802,9.31606220343429
d:\New folder\project\data\r40\t1.2\t1.2_240.cif,0.09935949098777713,-0.9376336426730281,7.633582811809861
d:\New folder\project\data\r40\t1.2\t1.2_200.cif,-0.009956210776689622,-1.4339139466657627,9.236504001089445
d:\New folder\project\data\r40\t1.2\t1.2_220.cif,0.030617525697744785,-1.0921387363105088,8.460417355703484
d:\New folder\project\data\r40\t1.2\t1.2_280.cif,0.007541828738515111,-0.8770106100920207,7.279702206635584
d:\New folder\project\data\r40\t1.2\t1.2_260.cif,0.06000216782472778,-0.8686692827858173,7.134856241558266
d:\New folder\project\data\r40\t1.2\t1.2_300.cif,0.00448849956715669,-0.8549229349049271,7.2031998203022125
d:\New folder\project\data\r40\t1.2\t1.2_320.cif,-0.12502842434397798,-0.7533231428372004,7.048933242626646
d:\New folder\project\data\r40\t1.2\t1.2_340.cif,-0.13470660960021463,-1.139371091098323,7.482094872747545
d:\New folder\project\data\r40\t1.2\t1.2_40.cif,0.04154770419646503,-1.5637443541181175,8.801241103603466
d:\New folder\project\data\r40\t1.2\t1.2_60.cif,0.10603112250603769,-1.4537309721266076,7.882894171609894
d:\New folder\project\data\r40\t1.2\t1.2_80.cif,0.8449542440873608,-1.2116221321042326,7.363307585526364
d:\New folder\project\data\r40\t2.4\t2.4_100.cif,0.39046092730233367,-1.2037666453457283,7.037387796403875
d:\New folder\project\data\r40\t2.4\t2.4_120.cif,0.5040941343794312,-1.1861412776858349,6.8129948793910495
d:\New folder\project\data\r40\t2.4\t2.4_0.cif,0.5102569989860541,-1.3369145042267376,8.273879336098
d:\New folder\project\data\r40\t2.4\t2.4_140.cif,0.4937579372857858,-1.3280636631475886,7.707185758129863
d:\New folder\project\data\r40\t2.4\t2.4_160.cif,0.33923366164710433,-1.4800553352786001,8.603217817481726
d:\New folder\project\data\r40\t2.4\t2.4_180.cif,0.26324622427008737,-1.589689333157885,9.276708604540952
d:\New folder\project\data\r40\t2.4\t2.4_20.cif,0.4698921161765162,-1.4911959021796675,8.731068950010672
d:\New folder\project\data\r40\t2.4\t2.4_220.cif,0.33166103890586174,-1.1981539011828561,8.559566516068369
d:\New folder\project\data\r40\t2.4\t2.4_200.cif,0.1560092610455447,-1.4362769705297398,9.282501438392377
d:\New folder\project\data\r40\t2.4\t2.4_260.cif,0.38227969493587016,-0.8828453361127395,7.11842840357191
d:\New folder\project\data\r40\t2.4\t2.4_280.cif,0.46498079573957773,-0.9105467698699484,7.324047633657348
d:\New folder\project\data\r40\t2.4\t2.4_240.cif,0.5799782166496705,-1.32342446769671,6.434267980296855
d:\New folder\project\data\r40\t2.4\t2.4_40.cif,0.45180424102044237,-1.5566378396692515,8.81727202987298
d:\New folder\project\data\r40\t2.4\t2.4_60.cif,0.34634658850901556,-1.485897467913374,8.017808029848167
d:\New folder\project\data\r40\t2.4\t2.4_300.cif,0.49191068255409914,-0.901876748664145,7.189961496358363
d:\New folder\project\data\r40\t2.4\t2.4_340.cif,0.4599341570620362,-1.1257991561661709,7.532289865974377
d:\New folder\project\data\r40\t2.4\t2.4_320.cif,0.5540525639258091,-0.8559592613568362,6.974864716531519
d:\New folder\project\data\r40\t2.4\t2.4_80.cif,0.31276981039117807,-1.338779449677676,7.509282564231336
d:\New folder\project\data\r40\t3.6\t3.6_120.cif,-0.7152237875222498,-1.2268477465599703,6.781192823125736
d:\New folder\project\data\r40\t3.6\t3.6_100.cif,-0.7236462265634981,-1.242392510362782,6.993981177606101
d:\New folder\project\data\r40\t3.6\t3.6_0.cif,-0.5642936265028226,-1.32286833477345,8.183694283556006
d:\New folder\project\data\r40\t3.6\t3.6_140.cif,-0.6704387389387508,-1.3424845620742507,7.695013124298592
d:\New folder\project\data\r40\t3.6\t3.6_20.cif,-0.6621566286045727,-1.5002215049758099,8.695284319912663
d:\New folder\project\data\r40\t3.6\t3.6_160.cif,-0.8678038771003298,-1.5062932180811703,8.605971141677635
d:\New folder\project\data\r40\t3.6\t3.6_200.cif,-0.8896828606943381,-1.420316430496149,9.501446335315356
d:\New folder\project\data\r40\t3.6\t3.6_220.cif,-0.6568550767341483,-1.3505693436159374,8.72443472716648
d:\New folder\project\data\r40\t3.6\t3.6_180.cif,-0.804126384350585,-1.647713356342491,9.34635779182777
d:\New folder\project\data\r40\t3.6\t3.6_240.cif,-0.8834831055054782,-1.135568050121343,7.5785162703998505
d:\New folder\project\data\r40\t3.6\t3.6_260.cif,-0.8432654250618619,-0.9956332820907382,7.218006458082731
d:\New folder\project\data\r40\t3.6\t3.6_340.cif,-0.7087380379842028,-1.5146803515991183,8.81704927885895
d:\New folder\project\data\r40\t3.6\t3.6_320.cif,-0.6169165489239312,-0.9411866851202043,6.927408644895616
d:\New folder\project\data\r40\t3.6\t3.6_280.cif,-0.7114125988034714,-0.9042898350752775,7.295247496091523
d:\New folder\project\data\r40\t3.6\t3.6_300.cif,-0.609480579638896,-0.939286677312027,7.135858267429506
d:\New folder\project\data\r40\t3.6\t3.6_60.cif,-0.7558895102741996,-1.4272999211226876,8.004847646631152
d:\New folder\project\data\r40\t3.6\t3.6_40.cif,-0.711848181463131,-1.5175958024595986,8.817067950672541
d:\New folder\project\data\r40\t4.8\t4.8_140.cif,0.5561630554558568,-1.330528045612397,7.694811944091933
d:\New folder\project\data\r40\t4.8\t4.8_0.cif,0.6444678627977999,-1.2918248703004378,8.16941191569468
d:\New folder\project\data\r40\t3.6\t3.6_80.cif,-0.8623146841563885,-1.2639875258027697,7.519442109411555
d:\New folder\project\data\r40\t4.8\t4.8_120.cif,0.4491219913518734,-1.223393029655149,6.740551267326783
d:\New folder\project\data\r40\t4.8\t4.8_100.cif,0.31889294010686664,-1.3822361911722378,6.8380218846119
d:\New folder\project\data\r40\t4.8\t4.8_200.cif,0.42740932359289885,-1.461180365431482,9.534488469809883
d:\New folder\project\data\r40\t4.8\t4.8_180.cif,0.4445504355214479,-1.6038598589768427,9.459985541006365
d:\New folder\project\data\r40\t4.8\t4.8_160.cif,0.3676899019535439,-1.4817895817707352,8.621945263989163
d:\New folder\project\data\r40\t4.8\t4.8_20.cif,0.5516723309950335,-1.426125461808401,8.56212607348955
d:\New folder\project\data\r40\t4.8\t4.8_220.cif,0.5824443562545454,-1.3766235131853428,8.729832089514497
d:\New folder\project\data\r40\t4.8\t4.8_260.cif,0.3593420998663626,-1.00525204060673,7.2366937282551085
d:\New folder\project\data\r40\t4.8\t4.8_280.cif,0.47062027806143836,-0.9879054222210933,7.2844695872879734
d:\New folder\project\data\r40\t4.8\t4.8_240.cif,0.43306552324260555,-1.1152892503199348,7.662479575876888
d:\New folder\project\data\r40\t4.8\t4.8_320.cif,0.5403666637735466,-0.9786343713394916,6.937728461934913
d:\New folder\project\data\r40\t4.8\t4.8_300.cif,0.631087200773085,-0.9012861883334606,6.921272174968565
d:\New folder\project\data\r40\t4.8\t4.8_340.cif,0.5720181693004882,-1.1333023375154696,7.391515496770062
d:\New folder\project\data\r40\t4.8\t4.8_40.cif,0.5093427189613142,-1.5051930068683483,8.829156645840422
d:\New folder\project\data\r40\t4.8\t4.8_60.cif,0.4420684950716227,-1.3503222235454786,7.9266314908645965
d:\New folder\project\data\r40\t6.0\t6.0_0.cif,0.3119123357756039,-1.3605952095755491,8.097869151771878
d:\New folder\project\data\r40\t4.8\t4.8_80.cif,0.20258207874739254,-1.3900637958020237,7.5446091734367045
d:\New folder\project\data\r40\t6.0\t6.0_120.cif,-0.0021484429368151536,-1.206427325263244,6.695389155128986
d:\New folder\project\data\r40\t6.0\t6.0_100.cif,0.1700361588124628,-1.2720913251665342,6.825101934873536
d:\New folder\project\data\r40\t6.0\t6.0_140.cif,-0.6347613046530858,-1.3543326375332483,7.644990388371026
d:\New folder\project\data\r40\t6.0\t6.0_200.cif,-0.6677554332614721,-1.5074387623292238,9.527772694530087
d:\New folder\project\data\r40\t6.0\t6.0_20.cif,0.14081970637822439,-1.4095326327800575,8.633931917821648
d:\New folder\project\data\r40\t6.0\t6.0_160.cif,-1.498111771779112,-1.5005748782059711,8.579705503009448
d:\New folder\project\data\r40\t6.0\t6.0_220.cif,0.2678927477388692,-1.3598894925580427,8.612842270596397
d:\New folder\project\data\r40\t6.0\t6.0_180.cif,-1.4309402030685483,-1.6326472252768818,9.463453679528257
d:\New folder\project\data\r40\t6.0\t6.0_240.cif,0.044329595831362534,-1.0652936110606581,7.714202209431831
d:\New folder\project\data\r40\t6.0\t6.0_260.cif,0.05344591496176759,-1.028761646008672,7.212787041483189
d:\New folder\project\data\r40\t6.0\t6.0_60.cif,0.12925474854151697,-1.2612708253080251,7.828105285399219
d:\New folder\project\data\r40\t6.0\t6.0_280.cif,0.04663449760394289,-1.0597292623787784,7.3372545907677145
d:\New folder\project\data\r40\t6.0\t6.0_320.cif,0.10635275109345138,-0.9934474575104212,6.9671182558662546
d:\New folder\project\data\r40\t6.0\t6.0_300.cif,0.046129423487401955,-0.9745091898791043,6.97886035367419
d:\New folder\project\data\r40\t6.0\t6.0_40.cif,0.1553512799246698,-1.5247831802593987,8.83727352172151
d:\New folder\project\data\r40\t6.0\t6.0_340.cif,0.17409726873052556,-1.1750009072771725,7.449305877592395
d:\New folder\project\data\r40\t6.0\t6.0_80.cif,0.0341360750984232,-1.2929684081701744,7.583839200075747
d:\New folder\project\data\r40\t7.2\t7.2_120.cif,-1.113745079497171,-1.207699137756507,6.834782693015404
d:\New folder\project\data\r40\t7.2\t7.2_0.cif,-0.8595931442403872,-1.4336408220793044,8.16765830749343
d:\New folder\project\data\r40\t7.2\t7.2_140.cif,-1.1072934517203052,-1.3566159117723295,7.692884284300852
d:\New folder\project\data\r40\t7.2\t7.2_180.cif,-0.9843783978611584,-1.635908744411896,9.451946968193937
d:\New folder\project\data\r40\t7.2\t7.2_160.cif,-1.1137278524890544,-1.5490409413783857,8.610097418694712
d:\New folder\project\data\r40\t7.2\t7.2_220.cif,-1.0018188260689729,-1.3215328870093774,8.786481182662717
d:\New folder\project\data\r40\t7.2\t7.2_100.cif,-1.0114031597729176,-1.2452354052792836,6.763601594486039
d:\New folder\project\data\r40\t7.2\t7.2_20.cif,-1.00878864817965,-1.3646461821237557,8.601252346586604
d:\New folder\project\data\r40\t7.2\t7.2_240.cif,-1.0958907507533713,-0.9950314626212742,7.771149428553164
d:\New folder\project\data\r40\t7.2\t7.2_200.cif,-0.9453056059948339,-1.4630420609868213,9.425977946770727
d:\New folder\project\data\r40\t7.2\t7.2_260.cif,-1.0274068785101136,-0.9743767272453417,7.295287039568992
d:\New folder\project\data\r40\t7.2\t7.2_280.cif,-0.9831962879993552,-1.6372280270121347,9.45130227913745
d:\New folder\project\data\r40\t7.2\t7.2_340.cif,-0.909577563167483,-1.132449769503576,7.440319961583453
d:\New folder\project\data\r40\t7.2\t7.2_40.cif,-0.9477370195369625,-1.493152576382941,8.829846430788042
d:\New folder\project\data\r40\t7.2\t7.2_300.cif,-0.9621432503563225,-1.0387944492847698,7.265799699529674
d:\New folder\project\data\r40\t7.2\t7.2_320.cif,-0.9153933474967249,-1.0149038429043777,7.059465032373526
d:\New folder\project\data\r40\t7.2\t7.2_60.cif,-0.8882627465754508,-1.2882897040994346,7.821262075511256
d:\New folder\project\data\r40\t7.2\t7.2_80.cif,-0.9851499148862221,-1.2580041948999792,7.553091617837845
d:\New folder\project\data\r40\t8.4\t8.4_0.cif,-0.5921387464057292,-1.3987282253499709,8.190124947747563
d:\New folder\project\data\r40\t8.4\t8.4_120.cif,-0.615481006454695,-1.1713712720079104,6.905211110846809
d:\New folder\project\data\r40\t8.4\t8.4_140.cif,-0.7029447715462982,-1.38854808101698,7.7407071407374675
d:\New folder\project\data\r40\t8.4\t8.4_160.cif,-0.6156094651251562,-1.5440363767709433,8.634097728326841
d:\New folder\project\data\r40\t8.4\t8.4_100.cif,-0.46722353995463933,-1.1324969091793964,6.731016235182316
d:\New folder\project\data\r40\t8.4\t8.4_180.cif,-0.5406564438041151,-1.644641549856182,9.351925247789934
d:\New folder\project\data\r40\t8.4\t8.4_20.cif,-0.5726559460547658,-1.3697303549914919,8.603610952445973
d:\New folder\project\data\r40\t8.4\t8.4_260.cif,-0.519783078151993,-0.975527181933008,7.29158983698243
d:\New folder\project\data\r40\t8.4\t8.4_200.cif,-0.42681591706608496,-1.460085322268183,9.331232442395432
d:\New folder\project\data\r40\t8.4\t8.4_240.cif,-0.5436002828649245,-1.0075001093670797,7.862849756728224
d:\New folder\project\data\r40\t8.4\t8.4_220.cif,-0.47062490396207834,-1.269752121337889,8.703364945624639
d:\New folder\project\data\r40\t8.4\t8.4_280.cif,-0.5284417957178378,-1.00362341906112,7.336025947702481
d:\New folder\project\data\r40\t8.4\t8.4_320.cif,-0.49324327088661374,-0.9533144550448331,6.927939238248434
d:\New folder\project\data\r40\t8.4\t8.4_40.cif,-0.48985577489937265,-1.5110443800389266,8.850375403914502
d:\New folder\project\data\r40\t8.4\t8.4_80.cif,-0.25768827827922997,-1.1328485679848308,7.273085555134736
d:\New folder\project\data\r40\t8.4\t8.4_340.cif,-0.5992546582759787,-0.9172793705755251,7.130030355974441
d:\New folder\project\data\r40\t8.4\t8.4_60.cif,-0.4384862667795974,-1.2951632779872746,7.755181241707649
d:\New folder\project\data\r40\t8.4\t8.4_300.cif,-0.4364960344300337,-0.896606646139147,6.901399591634594
d:\New folder\project\data\r40\t9.6\t9.6_100.cif,0.858035747185728,-0.9494650870687422,6.589650400022289
d:\New folder\project\data\r40\t9.6\t9.6_0.cif,0.4327809023965131,-1.5356265537178093,8.278613893298726
d:\New folder\project\data\r40\t9.6\t9.6_160.cif,0.6748737433156158,-1.5399681853257867,8.58409736002637
d:\New folder\project\data\r40\t9.6\t9.6_180.cif,0.6951433353539097,-1.6625484203591128,9.329704112353932
d:\New folder\project\data\r40\t9.6\t9.6_20.cif,0.6516288516944282,-1.454328023550497,8.69385420658345
d:\New folder\project\data\r40\t9.6\t9.6_120.cif,0.7189329819770031,-1.205306633445976,6.87419382358515
d:\New folder\project\data\r40\t9.6\t9.6_140.cif,0.5389353215413717,-1.3783909243222483,7.73753057448183
d:\New folder\project\data\r40\t9.6\t9.6_240.cif,0.7555445436083349,-0.8760791657786062,7.731895687989869
d:\New folder\project\data\r40\t9.6\t9.6_280.cif,0.6702267002996756,-0.9698751118817674,7.312806038408322
d:\New folder\project\data\r40\t9.6\t9.6_260.cif,0.7124492011846744,-0.9581390630047559,7.266197449721507
d:\New folder\project\data\r40\t9.6\t9.6_200.cif,0.8134298040703765,-1.4043000565280297,9.230298714202615
d:\New folder\project\data\r40\t9.6\t9.6_220.cif,0.8524092606584157,-1.0910490934064927,8.502879102608984
d:\New folder\project\data\r40\t9.6\t9.6_300.cif,0.40815404701045954,-0.8106978509664436,6.713063274175475
d:\New folder\project\data\r40\t9.6\t9.6_320.cif,0.2878409064116544,-0.8965029796706331,6.844705513628115
d:\New folder\project\data\r60\t0\t0_0.cif,0.4903382461399836,-1.1071710839595532,7.253073319024173
d:\New folder\project\data\r40\t9.6\t9.6_40.cif,0.7479501363462076,-1.5437696998165003,8.82449783496292
d:\New folder\project\data\r60\t0\t0_100.cif,0.4031548829886592,-1.1886872138736715,6.9668514294152075
d:\New folder\project\data\r40\t9.6\t9.6_60.cif,0.7211581193805771,-1.3914905670170052,7.815740664504145
d:\New folder\project\data\r40\t9.6\t9.6_80.cif,0.9266546959592382,-1.1573172602813053,7.265184884355354
d:\New folder\project\data\r40\t9.6\t9.6_340.cif,0.20741925583696563,-0.9072905384299998,7.122236154027694
d:\New folder\project\data\r60\t0\t0_20.cif,0.40415873162469346,-1.2623828626472184,7.8333789400657095
d:\New folder\project\data\r60\t0\t0_160.cif,0.34902657758140315,-1.5601525300199652,8.629363880995804
d:\New folder\project\data\r60\t0\t0_120.cif,0.37120335863247333,-1.1855298622555985,6.975833159704733
d:\New folder\project\data\r60\t0\t0_140.cif,0.3361997051234821,-1.4384602472393664,7.748399253564712
d:\New folder\project\data\r60\t0\t0_180.cif,0.3903896622261385,-1.5561380694722518,8.996117664432784
d:\New folder\project\data\r60\t0\t0_260.cif,0.4127304038222264,-0.9899610341872617,7.322875427507956
d:\New folder\project\data\r60\t0\t0_240.cif,0.3630240635958989,-1.0526046412341876,7.845376984960326
d:\New folder\project\data\r60\t0\t0_220.cif,0.38893879685484173,-1.3452335551891683,8.636362270998559
d:\New folder\project\data\r60\t0\t0_200.cif,0.45912990569873097,-1.5580391230147932,9.445427253717071
d:\New folder\project\data\r60\t0\t0_280.cif,0.4123268176827695,-1.00707063062255,7.323947186328409
d:\New folder\project\data\r60\t0\t0_300.cif,0.3854298163646381,-1.053899008440975,7.1742977365877225
d:\New folder\project\data\r60\t0\t0_320.cif,0.25704693921249383,-0.7621151861794576,6.536533707570794
d:\New folder\project\data\r60\t0\t0_40.cif,0.3812308733824395,-1.441285649712266,8.338437521221202
d:\New folder\project\data\r60\t0\t0_80.cif,0.49677880945085295,-1.223643477260291,7.2134229734436754
d:\New folder\project\data\r60\t1.2\t1.2_0.cif,0.034792073416130276,-1.3484750737678628,8.161679142221985
d:\New folder\project\data\r60\t0\t0_60.cif,0.40274177253079846,-1.492955448386981,7.926938484024891
d:\New folder\project\data\r60\t0\t0_340.cif,0.22138756685646183,-0.9410078160691286,6.637575956953022
d:\New folder\project\data\r60\t1.2\t1.2_100.cif,0.8088793813538723,-1.2170787812014447,6.950351119031446
d:\New folder\project\data\r60\t1.2\t1.2_180.cif,-0.05528856502299667,-1.7240048146868558,9.382758360033474
d:\New folder\project\data\r60\t1.2\t1.2_120.cif,0.7684109033668087,-1.2634549997660849,6.901821808123234
d:\New folder\project\data\r60\t1.2\t1.2_140.cif,0.8476987719946926,-1.445185602336917,7.740368674539517
d:\New folder\project\data\r60\t1.2\t1.2_160.cif,0.7274006824255398,-1.5260338106273807,8.639868655103113
d:\New folder\project\data\r60\t1.2\t1.2_200.cif,0.07779533150764933,-1.4781543979847152,9.437680833309903
d:\New folder\project\data\r60\t1.2\t1.2_20.cif,0.04569513442005174,-1.512551401643989,8.748056317970077
d:\New folder\project\data\r60\t1.2\t1.2_220.cif,-0.011476067624066277,-1.3895683202557028,8.5986342852548
d:\New folder\project\data\r60\t1.2\t1.2_240.cif,-0.039918791281134736,-1.0880385213669843,7.83559632515906
d:\New folder\project\data\r60\t1.2\t1.2_300.cif,-0.0028253879893050393,-0.9730030534587362,7.234978457825792
d:\New folder\project\data\r60\t1.2\t1.2_260.cif,0.026323549052886586,-0.965942274595697,7.202099415905269
d:\New folder\project\data\r60\t1.2\t1.2_280.cif,0.032410041275113044,-0.9671155191674095,7.336221717693975
d:\New folder\project\data\r60\t1.2\t1.2_40.cif,0.009695612216085059,-1.6386201398191096,8.764823918368288
d:\New folder\project\data\r60\t1.2\t1.2_320.cif,-0.14473023890767173,-0.8567009042091237,6.885891584782963
d:\New folder\project\data\r60\t1.2\t1.2_340.cif,-0.6128740671078188,-0.7597120579986464,6.797200226812894
d:\New folder\project\data\r60\t1.2\t1.2_60.cif,0.05592644933240237,-1.4678376015389343,7.944612743256737
d:\New folder\project\data\r60\t1.2\t1.2_80.cif,0.8308159107960313,-1.3760882340573715,7.589191571230411
d:\New folder\project\data\r60\t2.4\t2.4_0.cif,0.45106167712503314,-1.4050582555356972,8.303731654133594
d:\New folder\project\data\r60\t2.4\t2.4_120.cif,0.37178087775493157,-1.2551572443647006,6.918906224463402
d:\New folder\project\data\r60\t2.4\t2.4_160.cif,0.4016888232383402,-1.5261628975326063,8.609888324121703
d:\New folder\project\data\r60\t2.4\t2.4_100.cif,0.4242777777852464,-1.2517577946214549,6.9395724711745945
d:\New folder\project\data\r60\t2.4\t2.4_140.cif,0.5059708722652576,-1.4723752884362868,7.688821949026869
d:\New folder\project\data\r60\t2.4\t2.4_180.cif,0.36977252850170916,-1.6844484944332687,9.301025452323424
d:\New folder\project\data\r60\t2.4\t2.4_20.cif,0.48692178939850844,-1.5188722133019505,8.710515806999013
d:\New folder\project\data\r60\t2.4\t2.4_220.cif,0.448787302998347,-1.374849153003221,8.670244114142411
d:\New folder\project\data\r60\t2.4\t2.4_200.cif,0.2949844330000312,-1.5688797061198094,9.422381791654534
d:\New folder\project\data\r60\t2.4\t2.4_240.cif,0.7772954089063944,-1.4121404102930448,6.207341371283378
d:\New folder\project\data\r60\t2.4\t2.4_280.cif,0.4203286121192801,-0.9469616578934633,7.309297051596388
d:\New folder\project\data\r60\t2.4\t2.4_340.cif,0.358754196695509,-1.1501047094457053,7.507933856134825
d:\New folder\project\data\r60\t2.4\t2.4_260.cif,0.35265120671147004,-1.034713906545296,7.317651465459727
d:\New folder\project\data\r60\t2.4\t2.4_320.cif,0.4155581778452114,-0.7409581497629156,6.884053796793633
d:\New folder\project\data\r60\t2.4\t2.4_300.cif,0.42957128138107187,-0.9807619941949342,7.237283169958784
d:\New folder\project\data\r60\t2.4\t2.4_40.cif,0.4414080333170866,-1.6553229120466941,8.753320919402027
d:\New folder\project\data\r60\t2.4\t2.4_60.cif,0.4945337067939524,-1.4445007484880472,7.858789821688362
d:\New folder\project\data\r60\t3.6\t3.6_100.cif,-0.7956518513901838,-1.1902322073747498,6.845235004907402
d:\New folder\project\data\r60\t3.6\t3.6_0.cif,-0.6227307867733486,-1.3970719192377365,8.319240872144258
d:\New folder\project\data\r60\t2.4\t2.4_80.cif,0.4846408900112094,-1.3140630729496061,7.542732379857352
d:\New folder\project\data\r60\t3.6\t3.6_160.cif,-0.8681694549828889,-1.568110617379318,8.206369378580513
d:\New folder\project\data\r60\t3.6\t3.6_120.cif,-0.7320829271787146,-1.3402701778785264,6.908859253952652
d:\New folder\project\data\r60\t3.6\t3.6_200.cif,-0.8206614999261063,-1.5190347365788177,9.46154817569787
d:\New folder\project\data\r60\t3.6\t3.6_20.cif,-0.6919282473068061,-1.5721407117949464,8.719329069019787
d:\New folder\project\data\r60\t3.6\t3.6_140.cif,-0.6210114097179604,-1.4233026700241873,7.646883862440782
d:\New folder\project\data\r60\t3.6\t3.6_180.cif,-0.8213506554846273,-1.6929604101136189,9.317978356218939
d:\New folder\project\data\r60\t3.6\t3.6_220.cif,-0.6719174338944665,-1.3744511542384756,8.68306974621162
d:\New folder\project\data\r60\t3.6\t3.6_260.cif,-0.8219197567826896,-1.0217149172994275,7.3535664294711305
d:\New folder\project\data\r60\t3.6\t3.6_240.cif,-0.790103359169952,-1.164808727257932,7.866399689734975
d:\New folder\project\data\r60\t3.6\t3.6_280.cif,-0.7406858057057377,-1.0124966276761223,7.334787139850029
d:\New folder\project\data\r60\t3.6\t3.6_340.cif,-0.6589433258123466,-1.1709306115604043,7.525721559688322
d:\New folder\project\data\r60\t3.6\t3.6_300.cif,-0.7101207829993793,-1.0285628729214737,7.256697737366374
d:\New folder\project\data\r60\t3.6\t3.6_320.cif,-0.7538448637317892,-0.9754984200564262,6.988734439883269
d:\New folder\project\data\r60\t3.6\t3.6_40.cif,-0.701424342457255,-1.603880051959096,8.769972593959352
d:\New folder\project\data\r60\t3.6\t3.6_80.cif,-0.7942934657025138,-1.3720846233427213,7.405569315785253
d:\New folder\project\data\r60\t4.8\t4.8_100.cif,0.44660434604710564,-1.1698112882550369,6.852633120465994
d:\New folder\project\data\r60\t3.6\t3.6_60.cif,-0.7574101380611612,-1.501639891425668,7.891814741594475
d:\New folder\project\data\r60\t4.8\t4.8_140.cif,0.5690354856792241,-1.4241435741292707,7.645415196059099
d:\New folder\project\data\r60\t4.8\t4.8_180.cif,0.4644436022394709,-1.6872672249892162,9.378387133373284
d:\New folder\project\data\r60\t4.8\t4.8_0.cif,0.6104830784789368,-1.3709518116875898,8.287121866111478
d:\New folder\project\data\r60\t4.8\t4.8_160.cif,0.3688039083310001,-1.6065623899156327,8.490927295841207
d:\New folder\project\data\r60\t4.8\t4.8_120.cif,0.49313264155109343,-1.3012511240571343,6.891559045001364
d:\New folder\project\data\r60\t4.8\t4.8_240.cif,0.4445979179420665,-1.1449626072676484,7.857136814145042
d:\New folder\project\data\r60\t4.8\t4.8_200.cif,0.4338587198923093,-1.5343537880122022,9.48405808038037
d:\New folder\project\data\r60\t4.8\t4.8_20.cif,0.5335087923540665,-1.5666975378304024,8.725867221639803
d:\New folder\project\data\r60\t4.8\t4.8_300.cif,0.47183191947072245,-1.113536206369132,7.247732462544513
d:\New folder\project\data\r60\t4.8\t4.8_280.cif,0.4807185135472594,-1.087512874005839,7.360348688957117
d:\New folder\project\data\r60\t4.8\t4.8_260.cif,0.3825715586459024,-1.0618695265089468,7.338159368358202
d:\New folder\project\data\r60\t4.8\t4.8_220.cif,0.5558018867324157,-1.3778870646230912,8.691118901584321
d:\New folder\project\data\r60\t4.8\t4.8_320.cif,0.5979521126356651,-1.1981125324208768,6.90448402287985
d:\New folder\project\data\r60\t4.8\t4.8_340.cif,0.5074245096708605,-1.1678872971108838,7.505459650386463
d:\New folder\project\data\r60\t4.8\t4.8_80.cif,0.3648795156361644,-1.3165546660000003,7.5222357895869365
d:\New folder\project\data\r60\t6.0\t6.0_0.cif,0.32574165468710115,-1.3140567833613581,8.210626239997506
d:\New folder\project\data\r60\t4.8\t4.8_40.cif,0.48635286899250557,-1.553320204706334,8.787704354447238
d:\New folder\project\data\r60\t4.8\t4.8_60.cif,0.41394797802073957,-1.45660952884204,7.891102389386939
d:\New folder\project\data\r60\t6.0\t6.0_120.cif,0.10907278918787794,-1.2125775716968683,6.866715763834467
d:\New folder\project\data\r60\t6.0\t6.0_100.cif,0.1898869738105407,-1.2991637844446158,6.867664303495231
d:\New folder\project\data\r60\t6.0\t6.0_140.cif,-1.4464888508719507,-1.4154732509430712,7.697106635331882
d:\New folder\project\data\r60\t6.0\t6.0_160.cif,-1.5223500261433713,-1.539200727273605,8.546142084840657
d:\New folder\project\data\r60\t6.0\t6.0_200.cif,-0.6936489895173934,-1.5313288970004661,9.490499414754733
d:\New folder\project\data\r60\t6.0\t6.0_20.cif,0.16877463215833477,-1.509210797649288,8.701906023451476
d:\New folder\project\data\r60\t6.0\t6.0_220.cif,0.1577767918081922,-1.3422679379931444,8.738143950915351
d:\New folder\project\data\r60\t6.0\t6.0_280.cif,0.13410540638807045,-1.102548988634702,7.376459904441645
d:\New folder\project\data\r60\t6.0\t6.0_180.cif,-1.4393363836684943,-1.7113756486727532,9.410796548976982
d:\New folder\project\data\r60\t6.0\t6.0_240.cif,0.11567985835813893,-1.1329823380338677,7.872064029267939
d:\New folder\project\data\r60\t6.0\t6.0_260.cif,0.03290960748236732,-1.0698370795330612,7.313707547923659
d:\New folder\project\data\r60\t6.0\t6.0_320.cif,0.17101780894638058,-1.1597646055394464,7.15014186837612
d:\New folder\project\data\r60\t6.0\t6.0_340.cif,0.22754936039452445,-1.2140888610861902,7.398732628881893
d:\New folder\project\data\r60\t6.0\t6.0_40.cif,0.14927793471167133,-1.5598894212787766,8.793090173583167
d:\New folder\project\data\r60\t6.0\t6.0_300.cif,0.12703372012476338,-1.1324286445752312,7.229846935571756
d:\New folder\project\data\r60\t6.0\t6.0_60.cif,0.0923384612673755,-1.4835123607732084,7.8730665950669225
d:\New folder\project\data\r60\t7.2\t7.2_100.cif,-0.9482179747698962,-1.2446260601037862,6.832600770607843
d:\New folder\project\data\r60\t6.0\t6.0_80.cif,0.06505065299207885,-1.3709396805718417,7.538964942101424
d:\New folder\project\data\r60\t7.2\t7.2_0.cif,-0.9061184585553079,-1.4269788942300536,8.277003365894801
d:\New folder\project\data\r60\t7.2\t7.2_180.cif,-1.0153117160958613,-1.7527965359846984,9.413558893584776
d:\New folder\project\data\r60\t7.2\t7.2_120.cif,-1.0969914469242221,-1.165295082045661,6.836890266859772
d:\New folder\project\data\r60\t7.2\t7.2_20.cif,-0.941547733818427,-1.5204313974305423,8.662839554730708
d:\New folder\project\data\r60\t7.2\t7.2_160.cif,-1.1052429916712334,-1.5893391540129755,8.588502158621555
d:\New folder\project\data\r60\t7.2\t7.2_200.cif,-0.9847744646540625,-1.5424214946692534,9.456285301279646
d:\New folder\project\data\r60\t7.2\t7.2_140.cif,-1.0629195310993431,-1.3826875181572351,7.705407899519314
d:\New folder\project\data\r60\t7.2\t7.2_220.cif,-1.0021924405501383,-1.4108204043770123,8.731178783602871
d:\New folder\project\data\r60\t7.2\t7.2_240.cif,-0.9763607277804109,-1.108347700374376,7.870685159305888
d:\New folder\project\data\r60\t7.2\t7.2_280.cif,-0.9441642221729334,-1.083550187851594,7.375170415613805
d:\New folder\project\data\r60\t7.2\t7.2_260.cif,-1.0439698175905894,-1.014853129718548,7.369983593205749
d:\New folder\project\data\r60\t7.2\t7.2_340.cif,-0.846506809748052,-1.2133857176220217,7.339522492576934
d:\New folder\project\data\r60\t7.2\t7.2_300.cif,-0.92953776014569,-1.1247160658290467,7.187943774286448
d:\New folder\project\data\r60\t7.2\t7.2_320.cif,-1.0016786249578993,-1.0355429431579188,7.287742138473155
d:\New folder\project\data\r60\t7.2\t7.2_80.cif,-1.0433788724007753,-1.3840043323929758,7.488451494849329
d:\New folder\project\data\r60\t8.4\t8.4_0.cif,-0.5283446235904338,-1.511822606489355,8.224311843342798
d:\New folder\project\data\r60\t7.2\t7.2_40.cif,-0.9890989307069336,-1.5466463426858685,8.801127864013877
d:\New folder\project\data\r60\t7.2\t7.2_60.cif,-1.0227221879161932,-1.4554802622818186,7.9146537215399935
d:\New folder\project\data\r60\t8.4\t8.4_120.cif,-0.6929123998402384,-1.1658587395982558,6.867031716480583
d:\New folder\project\data\r60\t8.4\t8.4_100.cif,-0.5479228009588226,-1.200554453352922,6.855210969106417
d:\New folder\project\data\r60\t8.4\t8.4_140.cif,-0.7399912165912168,-1.4168363410541487,7.72369571144407
d:\New folder\project\data\r60\t8.4\t8.4_160.cif,-0.6211990730010002,-1.5886086954766228,8.60643750262812
d:\New folder\project\data\r60\t8.4\t8.4_200.cif,-0.5260759848710922,-1.530189556426038,9.460037623568448
d:\New folder\project\data\r60\t8.4\t8.4_260.cif,-0.576680287811336,-1.0088185114074104,7.351186934469974
d:\New folder\project\data\r60\t8.4\t8.4_220.cif,-0.5424072078589739,-1.3842169518106004,8.735452102671516
d:\New folder\project\data\r60\t8.4\t8.4_180.cif,-0.5425815599951378,-1.7748874628844429,9.46423235558438
d:\New folder\project\data\r60\t8.4\t8.4_240.cif,-0.5697918115196846,-1.1434305190871696,7.899248580842754
d:\New folder\project\data\r60\t8.4\t8.4_20.cif,-0.522140608394813,-1.547004466079183,8.62231780771742
d:\New folder\project\data\r60\t8.4\t8.4_280.cif,-0.5060414991216005,-1.1045386260227807,7.367977220656251
d:\New folder\project\data\r60\t8.4\t8.4_300.cif,-0.5191416152066795,-1.1132135710784368,7.139714821869536
d:\New folder\project\data\r60\t8.4\t8.4_320.cif,-0.2141430799085833,-0.886440830915014,6.607837367337896
d:\New folder\project\data\r60\t8.4\t8.4_340.cif,-0.45712707793234053,-1.1638857032560133,7.320875433071868
d:\New folder\project\data\r60\t8.4\t8.4_80.cif,-0.6058034180206874,-1.361486515851492,7.47182701895648
d:\New folder\project\data\r60\t8.4\t8.4_60.cif,-0.5125388293996943,-1.4664011844580216,7.9477199215384795
d:\New folder\project\data\r60\t8.4\t8.4_40.cif,-0.5450384838071137,-1.5436327057517059,8.795866870041579
d:\New folder\project\data\r60\t9.6\t9.6_0.cif,0.5135162428817526,-1.573816608487999,8.279962409609492
d:\New folder\project\data\r60\t9.6\t9.6_140.cif,0.6235459608865699,-1.4758938056563253,7.572179444551651
d:\New folder\project\data\r60\t9.6\t9.6_100.cif,1.0868450431540775,-0.6722965111899453,5.6507982031892565
d:\New folder\project\data\r60\t9.6\t9.6_120.cif,0.7112568277823127,-1.1884073306143224,6.93644117210665
d:\New folder\project\data\r60\t9.6\t9.6_160.cif,0.6846858584204576,-1.625131673325361,8.582238410122475
d:\New folder\project\data\r60\t9.6\t9.6_180.cif,0.6833694329470135,-1.79643552113705,9.449001429329448
d:\New folder\project\data\r60\t9.6\t9.6_20.cif,0.6442378855341692,-1.5036659847031595,8.618992734674203
d:\New folder\project\data\r60\t9.6\t9.6_260.cif,0.6615268125977651,-1.0027314573876496,7.311483180427081
d:\New folder\project\data\r60\t9.6\t9.6_240.cif,0.7378334183929974,-1.0747542755828887,7.789342270488179
d:\New folder\project\data\r60\t9.6\t9.6_220.cif,0.6398400188351306,-1.3519189512513554,8.722853033539565
d:\New folder\project\data\r60\t9.6\t9.6_200.cif,0.6978733721707912,-1.5947649233091292,9.458746020130183
d:\New folder\project\data\r60\t9.6\t9.6_280.cif,0.6823425233306403,-1.1181210111126945,7.3383362734856314
d:\New folder\project\data\r60\t9.6\t9.6_300.cif,0.13611965452999508,-1.00173513137298,5.9722800157826335
d:\New folder\project\data\r60\t9.6\t9.6_320.cif,0.12834706869780854,-0.8999738004373496,6.3652416747173675
d:\New folder\project\data\r60\t9.6\t9.6_80.cif,0.6161384465735857,-1.401579125842204,7.512070383917932
d:\New folder\project\data\r80\t0\t0_0.cif,0.5771850150512449,-1.12446653568925,7.228380645975436
d:\New folder\project\data\r60\t9.6\t9.6_40.cif,0.7401036311929823,-1.602173628994054,8.773046751754753
d:\New folder\project\data\r60\t9.6\t9.6_340.cif,0.491897846000665,-0.9270364045985076,7.137032530471323
d:\New folder\project\data\r60\t9.6\t9.6_60.cif,0.7178958569289118,-1.3832299936957575,7.921793244327922
d:\New folder\project\data\r80\t0\t0_120.cif,0.052403689614266225,-0.9306276442546673,5.699688661953629
d:\New folder\project\data\r80\t0\t0_20.cif,0.40689635851065686,-1.8749525863890786,7.187376758339937
d:\New folder\project\data\r80\t0\t0_220.cif,0.414911323986447,-1.04705072430969,6.387400678795348
d:\New folder\project\data\r80\t0\t0_180.cif,0.5635890200321265,-1.5428292090851814,7.4102971890209535
d:\New folder\project\data\r80\t0\t0_100.cif,0.3119466970621961,-1.2549489975477426,5.423017481965066
d:\New folder\project\data\r80\t0\t0_160.cif,0.7981845478847304,-1.4208110410844688,6.877849227242302
d:\New folder\project\data\r80\t0\t0_140.cif,0.1121365938063511,-0.9192982094276962,6.31444048282507
d:\New folder\project\data\r80\t0\t0_200.cif,0.4814430932643688,-1.631326469896286,6.751307366080102
d:\New folder\project\data\r80\t0\t0_240.cif,0.2372236832326845,-0.46161629679840854,5.471945928935045
d:\New folder\project\data\r80\t0\t0_320.cif,0.45370960157236245,-1.0159248704937642,6.793694142708165
d:\New folder\project\data\r80\t0\t0_280.cif,0.37845717570270543,-1.0212797958375894,5.519283993926635
d:\New folder\project\data\r80\t0\t0_260.cif,0.29888115350700556,-0.807328198770228,5.55089936879002
d:\New folder\project\data\r80\t0\t0_60.cif,0.48420931795194194,-2.08719293993513,5.827609784389797
d:\New folder\project\data\r80\t0\t0_80.cif,0.3730705673549076,-1.470222566164269,5.644252895565587
d:\New folder\project\data\r80\t0\t0_340.cif,0.4234527448896839,-1.2290151423566469,6.916197222928225
d:\New folder\project\data\r80\t0\t0_300.cif,0.28094916170770734,-1.2457749207122832,6.1772673648956635
d:\New folder\project\data\r80\t0\t0_40.cif,0.5257346726640395,-1.7683806195462881,6.988728325680848
d:\New folder\project\data\r80\t1.2\t1.2_0.cif,0.35433290453965766,-1.4370862968087947,6.848773641262808
d:\New folder\project\data\r80\t1.2\t1.2_100.cif,0.750367193008742,-1.295749998874812,5.426733725369824
d:\New folder\project\data\r80\t1.2\t1.2_140.cif,0.7698515368322856,-1.3119132347416527,6.494525322105448
d:\New folder\project\data\r80\t1.2\t1.2_120.cif,0.39027812638266257,-0.8954226928319744,6.0760039551201
d:\New folder\project\data\r80\t1.2\t1.2_180.cif,0.6919373511010569,-1.182239719575676,6.883817374023212
d:\New folder\project\data\r80\t1.2\t1.2_160.cif,0.76485554110273,-1.443967409531816,7.480289901354767
d:\New folder\project\data\r80\t1.2\t1.2_20.cif,0.2708745739943176,-1.527062167053057,7.232886729943574
d:\New folder\project\data\r80\t1.2\t1.2_200.cif,0.6717366046538495,-1.304943878231008,6.707662678895432
d:\New folder\project\data\r80\t1.2\t1.2_220.cif,0.5906563562396002,-0.9401130756788427,6.226361060601874
d:\New folder\project\data\r80\t1.2\t1.2_240.cif,0.4668033280516763,-0.721576465480051,5.842113126730394
d:\New folder\project\data\r80\t1.2\t1.2_280.cif,0.386443143109129,-1.1341387570743697,5.436130591471588
d:\New folder\project\data\r80\t1.2\t1.2_260.cif,-0.042123797150007414,-1.006092836962862,5.7059070220346415
d:\New folder\project\data\r80\t1.2\t1.2_300.cif,0.3566891304818275,-0.9859304756833824,6.047681707705239
d:\New folder\project\data\r80\t1.2\t1.2_320.cif,0.21228571262971307,-0.9599578504229865,6.523516765073221
d:\New folder\project\data\r80\t1.2\t1.2_80.cif,0.86897233337817,-1.2152347388222409,5.836945851157873
d:\New folder\project\data\r80\t1.2\t1.2_340.cif,-0.04620655857023809,-1.2282305621057414,6.865058715434363
d:\New folder\project\data\r80\t1.2\t1.2_40.cif,0.22965747403094003,-1.7060046551943733,6.772415710048097
d:\New folder\project\data\r80\t1.2\t1.2_60.cif,0.23281439131354764,-1.5727538557454817,6.190142322979365
d:\New folder\project\data\r80\t2.4\t2.4_0.cif,0.5936971104596309,-1.2133475118819195,6.476604153317288
d:\New folder\project\data\r80\t2.4\t2.4_100.cif,1.1993835405025381,-0.5604959183431372,5.268824139619307
d:\New folder\project\data\r80\t2.4\t2.4_180.cif,0.09057005606110041,-1.2386159819138312,6.8544446101361185
d:\New folder\project\data\r80\t2.4\t2.4_140.cif,0.4996731957188714,-1.4849352628093833,7.059897958267079
d:\New folder\project\data\r80\t2.4\t2.4_160.cif,0.8405175527528573,-1.4945788383595031,6.5713318280556585
d:\New folder\project\data\r80\t2.4\t2.4_20.cif,0.46850875209074194,-1.193795607763764,7.05184145180356
d:\New folder\project\data\r80\t2.4\t2.4_120.cif,-0.06220510901949039,-1.3654604147988303,5.783316939546624
d:\New folder\project\data\r80\t2.4\t2.4_200.cif,0.5735057808669151,-1.1708262476045967,6.654897361615965
d:\New folder\project\data\r80\t2.4\t2.4_300.cif,0.3576541414416276,-0.9399254773548363,6.106239391449232
d:\New folder\project\data\r80\t2.4\t2.4_220.cif,0.4595202483196342,-0.9676401196599309,6.318227196264803
d:\New folder\project\data\r80\t2.4\t2.4_240.cif,0.6609400979491724,-1.6806288183671145,6.041551855947185
d:\New folder\project\data\r80\t2.4\t2.4_280.cif,0.31838858820529076,-1.1808035411196507,5.562099392075348
d:\New folder\project\data\r80\t2.4\t2.4_260.cif,0.4053494789275155,-0.9192321489954103,5.732149114381713
d:\New folder\project\data\r80\t2.4\t2.4_340.cif,0.25298985664339657,-0.9883664831796833,6.601169767908174
d:\New folder\project\data\r80\t2.4\t2.4_320.cif,0.5341786737848682,-0.7862503369309357,6.265830415762694
d:\New folder\project\data\r80\t2.4\t2.4_40.cif,0.48740457112312935,-1.574853766137585,6.704910895011758
d:\New folder\project\data\r80\t2.4\t2.4_80.cif,1.1542598687141674,-0.9268993957754215,5.27936671443747
d:\New folder\project\data\r80\t3.6\t3.6_120.cif,-0.5225168838984389,-1.2652836469316742,6.195500264067683
d:\New folder\project\data\r80\t2.4\t2.4_60.cif,0.935500995232651,-1.2019932610326622,5.69302572562992
d:\New folder\project\data\r80\t3.6\t3.6_140.cif,-0.552031770680081,-1.5432725220439398,7.082350475095687
d:\New folder\project\data\r80\t3.6\t3.6_0.cif,-1.0102785105906313,-1.1493040207485206,6.336968505625838
d:\New folder\project\data\r80\t3.6\t3.6_100.cif,-0.4863701327978007,-0.6749940407736481,5.246845123254381
d:\New folder\project\data\r80\t3.6\t3.6_160.cif,-0.981118899268568,-1.4256277665432648,6.918422505490077
d:\New folder\project\data\r80\t3.6\t3.6_200.cif,-1.2971204664960387,-1.0989259033149006,7.035012027765386
d:\New folder\project\data\r80\t3.6\t3.6_20.cif,-0.6803072427769897,-1.3204924955880144,6.964921805734917
d:\New folder\project\data\r80\t3.6\t3.6_180.cif,-1.097612466735351,-1.4251107854908345,7.148973385964063
d:\New folder\project\data\r80\t3.6\t3.6_220.cif,-1.230367537608951,-0.8065192878934581,6.341120586818044
d:\New folder\project\data\r80\t3.6\t3.6_260.cif,-0.863654163753415,-0.918763394498607,5.881134280245913
d:\New folder\project\data\r80\t3.6\t3.6_240.cif,-1.1155286987098378,-1.1175515121034456,5.81882770756662
d:\New folder\project\data\r80\t3.6\t3.6_320.cif,-1.2080362838157979,-0.7883207664665892,6.662905598838376
d:\New folder\project\data\r80\t3.6\t3.6_280.cif,-0.8624301937462256,-1.0428299741117424,5.7792044138421375
d:\New folder\project\data\r80\t3.6\t3.6_300.cif,-1.5385399155550086,-0.8432797318082097,6.398902655381798
d:\New folder\project\data\r80\t3.6\t3.6_340.cif,-0.8359116164892479,-0.7656754495205278,6.436964240350787
d:\New folder\project\data\r80\t3.6\t3.6_60.cif,-0.7012991728680833,-1.3321406585713984,5.531887644006658
d:\New folder\project\data\r80\t3.6\t3.6_40.cif,-0.6960931576618612,-1.5032691260417952,7.199028090484002
d:\New folder\project\data\r80\t4.8\t4.8_0.cif,0.7886173322154175,-1.3062963402921663,7.005423280781151
d:\New folder\project\data\r80\t4.8\t4.8_140.cif,0.21339333557113815,-1.5051491531844887,6.9338551195299445
d:\New folder\project\data\r80\t4.8\t4.8_120.cif,0.2427220823716798,-1.128034499219135,6.2279184294764125
d:\New folder\project\data\r80\t3.6\t3.6_80.cif,-0.533030009105542,-1.0010981557357044,5.262701008228337
d:\New folder\project\data\r80\t4.8\t4.8_100.cif,0.35130799706766264,-0.6558286158395517,5.407105130837571
d:\New folder\project\data\r80\t4.8\t4.8_180.cif,0.188585786950486,-1.5748248900357613,7.730710025867412
d:\New folder\project\data\r80\t4.8\t4.8_160.cif,0.1748960138099973,-1.753281811141627,7.523378157486371
d:\New folder\project\data\r80\t4.8\t4.8_20.cif,0.562754986904568,-1.3422708527285696,6.94899237585369
d:\New folder\project\data\r80\t4.8\t4.8_240.cif,0.6052417504539227,-0.8149244920191858,6.228287603784538
d:\New folder\project\data\r80\t4.8\t4.8_200.cif,0.19046696654963735,-1.2599307932750954,7.230961115731105
d:\New folder\project\data\r80\t4.8\t4.8_220.cif,0.4689862912984766,-0.857014193714263,6.906898889119995
d:\New folder\project\data\r80\t4.8\t4.8_260.cif,0.4493411969005367,-0.602210852085282,6.234066933133493
d:\New folder\project\data\r80\t4.8\t4.8_280.cif,0.8300541906603638,-0.42853912139711736,5.907480660132199
d:\New folder\project\data\r80\t4.8\t4.8_300.cif,0.8756668853824356,-1.3169068592938404,6.3833732148134175
d:\New folder\project\data\r80\t4.8\t4.8_340.cif,0.4637530519290141,-1.1214855659344642,6.9370044366902075
d:\New folder\project\data\r80\t4.8\t4.8_320.cif,0.5380709996564691,-1.3912712320711669,6.68603617427542
d:\New folder\project\data\r80\t4.8\t4.8_40.cif,0.5100134615319435,-1.4863608446641714,7.215665583551751
d:\New folder\project\data\r80\t4.8\t4.8_80.cif,0.17944554345690422,-0.9320733176062839,5.3324415573923565
d:\New folder\project\data\r80\t4.8\t4.8_60.cif,0.1421179431995605,-1.6040055147855885,6.009977371819629
d:\New folder\project\data\r80\t6.0\t6.0_120.cif,0.1498676034010088,-1.0901982023773227,6.471672596307565
d:\New folder\project\data\r80\t6.0\t6.0_140.cif,-0.6255090562593604,-1.2545596259603933,7.428759998673777
d:\New folder\project\data\r80\t6.0\t6.0_100.cif,0.22122266772243282,-0.5625630242780226,5.274690170000176
d:\New folder\project\data\r80\t6.0\t6.0_0.cif,0.18532701725595996,-1.3689416341444924,6.430025779258103
d:\New folder\project\data\r80\t6.0\t6.0_160.cif,-1.7447911175991329,-1.8087051965623973,7.8097465363942336
d:\New folder\project\data\r80\t6.0\t6.0_220.cif,0.20486470216528735,-1.130050194585343,6.493789344477979
d:\New folder\project\data\r80\t6.0\t6.0_20.cif,0.27354004415250993,-1.293789974226212,6.9731221291302425
d:\New folder\project\data\r80\t6.0\t6.0_180.cif,-1.7862407482297142,-1.7286414334375633,7.86853537340053
d:\New folder\project\data\r80\t6.0\t6.0_260.cif,0.11656849630857036,-0.844023220050059,5.7855373670770325
d:\New folder\project\data\r80\t6.0\t6.0_200.cif,-0.7797929969992434,-1.435726222780307,7.3444693833931245
d:\New folder\project\data\r80\t6.0\t6.0_240.cif,0.17796520053125459,-0.814848760709328,6.112616255142456
d:\New folder\project\data\r80\t6.0\t6.0_300.cif,0.6330493107499697,-0.8411428302299242,6.025820603207601
d:\New folder\project\data\r80\t6.0\t6.0_280.cif,0.4831759442640269,-0.7541480274979473,5.751188557211048
d:\New folder\project\data\r80\t6.0\t6.0_40.cif,0.11980504414244719,-1.528032945208269,7.240619104007462
d:\New folder\project\data\r80\t6.0\t6.0_340.cif,0.25376216665955165,-1.2322334507260804,6.6802865391057615
d:\New folder\project\data\r80\t6.0\t6.0_320.cif,0.35560214820966707,-1.2266561486381895,6.552405554661616
d:\New folder\project\data\r80\t6.0\t6.0_80.cif,0.17027662714990122,-0.9637028820751098,5.274033523421017
d:\New folder\project\data\r80\t7.2\t7.2_0.cif,-1.120661707810617,-1.3801857086706555,7.21369482453841
d:\New folder\project\data\r80\t7.2\t7.2_160.cif,-1.1721414665774734,-1.5464388292086793,7.8062266810794645
d:\New folder\project\data\r80\t6.0\t6.0_60.cif,0.04260533275088141,-1.4487858336575279,6.604420834611775
d:\New folder\project\data\r80\t7.2\t7.2_100.cif,-1.02660967472652,-1.0501010380884217,5.623580378308578
d:\New folder\project\data\r80\t7.2\t7.2_120.cif,-1.0810607808040686,-1.0780015135213268,6.729673589321485
d:\New folder\project\data\r80\t7.2\t7.2_180.cif,-1.3786075701879725,-1.8540916404795833,7.921171278359104
d:\New folder\project\data\r80\t7.2\t7.2_20.cif,-1.0947149526588833,-1.4782835398923084,7.243913683044365
d:\New folder\project\data\r80\t7.2\t7.2_200.cif,-1.0593439033557837,-1.5211098980142694,7.322076824138748
d:\New folder\project\data\r80\t7.2\t7.2_140.cif,-1.1758107505096749,-1.1749803283210318,7.543871984928565
d:\New folder\project\data\r80\t7.2\t7.2_220.cif,-0.983161559845358,-1.1179608552657723,6.4605694806479335
d:\New folder\project\data\r80\t7.2\t7.2_240.cif,-0.9586001849168684,-0.7737608020091392,5.887820847625743
d:\New folder\project\data\r80\t7.2\t7.2_260.cif,-1.1603637000080724,-0.7800005937769975,6.026530413223467
d:\New folder\project\data\r80\t7.2\t7.2_280.cif,-0.8761787595330972,-0.8084598905182991,5.6234289767742975
d:\New folder\project\data\r80\t7.2\t7.2_300.cif,-0.7771707799155403,-1.0052285161367562,6.3495630221253
d:\New folder\project\data\r80\t7.2\t7.2_340.cif,-0.7189007366309169,-1.0860423596918813,7.298925905338535
d:\New folder\project\data\r80\t7.2\t7.2_320.cif,-0.6907947876394034,-1.1092352218438415,6.986312646795302
d:\New folder\project\data\r80\t7.2\t7.2_40.cif,-1.0568934013265174,-1.474726451044068,7.258762145406702
d:\New folder\project\data\r80\t7.2\t7.2_80.cif,-1.1034359931403597,-1.2767495431382674,5.956153794337261
d:\New folder\project\data\r80\t7.2\t7.2_60.cif,-1.1552882083031417,-1.5111680490893005,6.333964905221759
d:\New folder\project\data\r80\t8.4\t8.4_140.cif,-1.0396449188932149,-1.0666152720451567,7.397545676992898
d:\New folder\project\data\r80\t8.4\t8.4_120.cif,-0.6933458169355693,-0.9543140398565837,5.890092318004004
d:\New folder\project\data\r80\t8.4\t8.4_100.cif,-0.6718493082073355,-1.15658527699608,5.5810685896553816
d:\New folder\project\data\r80\t8.4\t8.4_0.cif,-0.6476991588776082,-1.423641378184834,7.350996870157438
d:\New folder\project\data\r80\t8.4\t8.4_200.cif,-0.5444427180607445,-1.4857289541911398,7.731582482982618
d:\New folder\project\data\r80\t8.4\t8.4_240.cif,-0.49159539104981353,-0.7331737149600208,5.688732602305349
d:\New folder\project\data\r80\t8.4\t8.4_20.cif,-0.6202622754707473,-1.5436376585947253,7.73023144510531
d:\New folder\project\data\r80\t8.4\t8.4_160.cif,-0.3686970163337203,-1.4146039765220089,7.642662609760023
d:\New folder\project\data\r80\t8.4\t8.4_220.cif,-0.43592136857506836,-1.1519014524215554,6.445222269033116
d:\New folder\project\data\r80\t8.4\t8.4_280.cif,-0.6470009954212576,-0.9300584052301732,5.955498461452416
d:\New folder\project\data\r80\t8.4\t8.4_180.cif,-0.4415379166895707,-1.8815555254963912,7.843889844208794
d:\New folder\project\data\r80\t8.4\t8.4_320.cif,-0.4329031862824197,-1.0782757191201315,7.037738291516129
d:\New folder\project\data\r80\t8.4\t8.4_260.cif,-0.6693956172929849,-0.6806481732566525,5.50288562141063
d:\New folder\project\data\r80\t8.4\t8.4_40.cif,-0.6358073541430481,-1.593049411991162,7.324313297937719
d:\New folder\project\data\r80\t8.4\t8.4_340.cif,-0.4080740351420699,-1.0786949611419105,7.353733228011833
d:\New folder\project\data\r80\t8.4\t8.4_300.cif,-0.5144946819035335,-1.069508032578858,6.4275015763952
d:\New folder\project\data\r80\t9.6\t9.6_100.cif,0.47419470862506863,-1.0572857372553917,5.685694384660284
d:\New folder\project\data\r80\t9.6\t9.6_140.cif,0.46853483451509687,-1.338515490939583,7.614875637102102
d:\New folder\project\data\r80\t8.4\t8.4_60.cif,-0.531076112838229,-1.7755391326244936,6.276974713938947
d:\New folder\project\data\r80\t9.6\t9.6_120.cif,0.48756581874479443,-1.0739208786904149,6.70371878291966
d:\New folder\project\data\r80\t9.6\t9.6_0.cif,0.854847917676896,-1.5788836775870962,7.052762762100998
d:\New folder\project\data\r80\t8.4\t8.4_80.cif,-0.5867143398542883,-1.4046901917457115,5.945897137249123
d:\New folder\project\data\r80\t9.6\t9.6_160.cif,0.7616381556783614,-1.4707673133595014,7.847900363754733
d:\New folder\project\data\r80\t9.6\t9.6_180.cif,0.8111939018090121,-1.6689011484909202,7.609168251140742
d:\New folder\project\data\r80\t9.6\t9.6_20.cif,0.6422532348607694,-1.4885404781135947,7.748669687983905
d:\New folder\project\data\r80\t9.6\t9.6_220.cif,0.6321110615958916,-1.2229446320663064,7.565099309892561
d:\New folder\project\data\r80\t9.6\t9.6_280.cif,0.5406079904642078,-1.15400476379928,5.896901488843408
d:\New folder\project\data\r80\t9.6\t9.6_240.cif,0.7681513469023994,-0.37263298884249885,5.85677172425751
d:\New folder\project\data\r80\t9.6\t9.6_200.cif,0.8394420623746237,-1.4286964688520818,7.67110742534239
d:\New folder\project\data\r80\t9.6\t9.6_260.cif,0.521759453380636,-0.9157338341363501,6.076177950314983
d:\New folder\project\data\r80\t9.6\t9.6_340.cif,0.6421602613177009,-1.158359298347081,7.0512015647298885
d:\New folder\project\data\r80\t9.6\t9.6_300.cif,0.38996092589199305,-1.264180198416404,6.307806726338555
d:\New folder\project\data\r80\t9.6\t9.6_60.cif,0.7649893232596233,-1.7839174483604465,6.277223799962919
d:\New folder\project\data\r100\t0\t0_0.cif,0.6059016195420062,-1.3302862798183885,7.683753513183505
d:\New folder\project\data\r80\t9.6\t9.6_40.cif,0.7157739592836536,-1.5548041732135833,7.262420871735679
d:\New folder\project\data\r80\t9.6\t9.6_80.cif,0.606050701326776,-1.4560974536705593,5.867923630899993
d:\New folder\project\data\r80\t9.6\t9.6_320.cif,0.5988707579302979,-1.10111827051295,6.953025125779748
d:\New folder\project\data\r100\t0\t0_100.cif,0.2671549959505827,-1.3574653841441378,6.052736191518852
d:\New folder\project\data\r100\t0\t0_160.cif,0.2575269692471635,-1.1298932461986368,7.669069499576967
d:\New folder\project\data\r100\t0\t0_120.cif,0.16515761853233113,-1.0645647635495545,6.482359548220092
d:\New folder\project\data\r100\t0\t0_20.cif,0.44003447862312406,-1.3607417278586837,8.21587610826292
d:\New folder\project\data\r100\t0\t0_140.cif,0.14957160842371298,-1.2065069703998301,7.422746885552419
d:\New folder\project\data\r100\t0\t0_200.cif,1.6428599808916302,-0.9134734619336498,6.0786870092023895
d:\New folder\project\data\r100\t0\t0_180.cif,0.5685063903947911,-1.2976211631310184,8.11374320237661
d:\New folder\project\data\r100\t0\t0_220.cif,0.6840841041682094,-1.1397860249274445,5.761278127867647
d:\New folder\project\data\r100\t0\t0_240.cif,0.47917638516048994,-0.744538971400232,5.499931717831843
d:\New folder\project\data\r100\t0\t0_260.cif,0.2596378583537675,-0.8005331155437756,5.522164237205287
d:\New folder\project\data\r100\t0\t0_320.cif,0.6159357113436307,-1.287346162948162,6.988954900477027
d:\New folder\project\data\r100\t0\t0_340.cif,0.5975347552499186,-1.1527788154998546,7.290261313211575
d:\New folder\project\data\r100\t0\t0_300.cif,0.32692758193603666,-0.8662060599252388,6.571765599242012
d:\New folder\project\data\r100\t0\t0_280.cif,0.261144531070434,-0.7150003749186946,5.753629366230122
d:\New folder\project\data\r100\t0\t0_40.cif,0.4042222594782385,-1.2837941106012654,8.237403128590026
d:\New folder\project\data\r100\t0\t0_60.cif,0.4660255413094951,-2.3352392251242775,5.572964577122712
d:\New folder\project\data\r100\t0\t0_80.cif,0.32800249583285734,-1.9460785782954344,5.602271562484797
d:\New folder\project\data\r100\t1.2\t1.2_0.cif,0.07260888904130586,-1.425882621474702,7.530078644021893
d:\New folder\project\data\r100\t1.2\t1.2_140.cif,0.5924602833168495,-1.1755630641148338,7.449045940257888
d:\New folder\project\data\r100\t1.2\t1.2_100.cif,0.8079614376143764,-1.2726552652746483,6.109597310137328
d:\New folder\project\data\r100\t1.2\t1.2_120.cif,0.6619662049764579,-0.9598622208279286,6.693953755726052
d:\New folder\project\data\r100\t1.2\t1.2_160.cif,0.6806284250097705,-1.3897457567939806,7.663673306215348
d:\New folder\project\data\r100\t1.2\t1.2_180.cif,-0.005435070303427769,-1.6054654351542457,8.472206865529762
d:\New folder\project\data\r100\t1.2\t1.2_240.cif,0.3057510807647553,-0.5666947755719177,5.77401180317735
d:\New folder\project\data\r100\t1.2\t1.2_200.cif,0.43912586531885517,-0.9864228661038521,6.439472151271132
d:\New folder\project\data\r100\t1.2\t1.2_220.cif,0.5493014080390448,-0.8107515119054676,6.03099922969395
d:\New folder\project\data\r100\t1.2\t1.2_20.cif,0.12392716874182957,-1.5241944832739887,7.925221692126748
d:\New folder\project\data\r100\t1.2\t1.2_300.cif,0.6403376653751311,-1.0568904518823794,6.288369771518728
d:\New folder\project\data\r100\t1.2\t1.2_340.cif,-0.08605067114961673,-1.0378911343029174,7.454723197205081
d:\New folder\project\data\r100\t1.2\t1.2_260.cif,0.0055102489597746995,-0.3283177189425598,6.244765437780806
d:\New folder\project\data\r100\t1.2\t1.2_320.cif,0.16337112653880448,-1.0796480358280478,6.959687650575932
d:\New folder\project\data\r100\t1.2\t1.2_280.cif,0.01859111054872109,-0.839074844349802,6.437563387068672
d:\New folder\project\data\r100\t1.2\t1.2_60.cif,0.5011379007157227,-1.2901051989294232,6.989837698125862
d:\New folder\project\data\r100\t1.2\t1.2_40.cif,0.39083760248462013,-1.5047673921094047,7.1051467600852884
d:\New folder\project\data\r100\t1.2\t1.2_80.cif,1.3028463066461078,-1.5251007019305771,5.773297169734414
d:\New folder\project\data\r100\t2.4\t2.4_120.cif,0.17305647243065359,-0.9707279397247219,6.7859708810524095
d:\New folder\project\data\r100\t2.4\t2.4_0.cif,0.4748492221090053,-1.4175776696248703,7.237708370243551
d:\New folder\project\data\r100\t2.4\t2.4_100.cif,0.36611336258303356,-1.0386719319672386,6.5678587612602755
d:\New folder\project\data\r100\t2.4\t2.4_160.cif,0.39186249287201624,-1.4261006416453257,8.502678776297659
d:\New folder\project\data\r100\t2.4\t2.4_140.cif,0.3344213172857563,-1.2000982765347374,7.624451138915908
d:\New folder\project\data\r100\t2.4\t2.4_20.cif,0.26864587732104406,-1.2758114701222418,8.41408113467044
d:\New folder\project\data\r100\t2.4\t2.4_180.cif,0.015969760570572145,-1.4909981547616356,6.693223834176032
d:\New folder\project\data\r100\t2.4\t2.4_240.cif,-0.464938249584524,-1.2706747515284513,6.448357133031612
d:\New folder\project\data\r100\t2.4\t2.4_200.cif,0.4164779947757112,-1.4206033313101878,9.30715768114123
d:\New folder\project\data\r100\t2.4\t2.4_260.cif,0.32707364526068805,-1.0127249789071364,6.031616117583686
d:\New folder\project\data\r100\t2.4\t2.4_280.cif,0.4417578506499874,-0.8097407408511743,6.495462889216515
d:\New folder\project\data\r100\t2.4\t2.4_300.cif,0.541749235000685,-1.0484474397176702,6.819499151508653
d:\New folder\project\data\r100\t2.4\t2.4_40.cif,0.587866554766866,-1.227160836748233,6.978872213798606
d:\New folder\project\data\r100\t2.4\t2.4_320.cif,0.4998424161433602,-0.8829501988050069,6.779532661400051
d:\New folder\project\data\r100\t2.4\t2.4_340.cif,0.4756525947039112,-0.7137206805419963,6.968850745911116
d:\New folder\project\data\r100\t2.4\t2.4_220.cif,-0.09974023244193031,-0.8276695527975308,6.0043760782726805
d:\New folder\project\data\r100\t2.4\t2.4_60.cif,1.3463265719381174,-1.5076612240266323,5.135294380081215
d:\New folder\project\data\r100\t3.6\t3.6_120.cif,-0.6628286121472511,-1.0771926553380091,6.877350208101111
d:\New folder\project\data\r100\t3.6\t3.6_140.cif,-0.7079272281115394,-1.2827960515032453,7.726279850771356
d:\New folder\project\data\r100\t3.6\t3.6_160.cif,-0.7576686703843638,-1.4949978656763327,8.440694619752412
d:\New folder\project\data\r100\t2.4\t2.4_80.cif,1.334127148245913,-1.1724184743643427,5.204063071811758
d:\New folder\project\data\r100\t3.6\t3.6_100.cif,-0.40556369401219333,-1.0958064752608487,6.465533307274419
d:\New folder\project\data\r100\t3.6\t3.6_0.cif,-1.0646602791981945,-1.2181676778379664,7.088443157107641
d:\New folder\project\data\r100\t3.6\t3.6_200.cif,-1.100899382459433,-1.3365517894711447,6.8476433891393
d:\New folder\project\data\r100\t3.6\t3.6_260.cif,-0.7045683199411386,-0.937782169636904,6.546680601666039
d:\New folder\project\data\r100\t3.6\t3.6_20.cif,-0.815401701143077,-1.3267953142279487,7.646475842523469
d:\New folder\project\data\r100\t3.6\t3.6_180.cif,-0.5652692533559984,-1.5657027014083669,8.306031510559293
d:\New folder\project\data\r100\t3.6\t3.6_220.cif,-0.7031578207373168,-0.9711824196228535,6.264370691290845
d:\New folder\project\data\r100\t3.6\t3.6_280.cif,-0.7374254206516175,-0.7784330581559942,6.593445466649268
d:\New folder\project\data\r100\t3.6\t3.6_240.cif,-0.8727606866837949,-1.0814934416907267,6.398350634073527
d:\New folder\project\data\r100\t3.6\t3.6_40.cif,-0.7577481393313723,-1.3068605541515352,6.8811933413227715
d:\New folder\project\data\r100\t3.6\t3.6_320.cif,-1.6744087385186994,-0.982919998048482,6.764896682711631
d:\New folder\project\data\r100\t4.8\t4.8_0.cif,0.5286749433911502,-1.3237635278624225,7.355806352990379
d:\New folder\project\data\r100\t3.6\t3.6_80.cif,-0.3441964727308435,-1.2708750760623484,5.19846559996715
d:\New folder\project\data\r100\t3.6\t3.6_300.cif,-0.8440593084613215,-1.1785724831264799,6.889239834609115
d:\New folder\project\data\r100\t3.6\t3.6_60.cif,-0.6544249022679485,-1.2308930944149612,6.601797716923291
d:\New folder\project\data\r100\t3.6\t3.6_340.cif,-1.0464032705389732,-0.9000096274743443,6.828714341364432
d:\New folder\project\data\r100\t4.8\t4.8_160.cif,0.40902996200322855,-1.5731644192420728,8.475702346206047
d:\New folder\project\data\r100\t4.8\t4.8_140.cif,0.6061344194547142,-1.4573896324364002,7.75650702281904
d:\New folder\project\data\r100\t4.8\t4.8_100.cif,0.4851317359708531,-1.0032034044376739,6.139443656202224
d:\New folder\project\data\r100\t4.8\t4.8_180.cif,0.30237371557871506,-1.6824313392960997,8.36784563618407
d:\New folder\project\data\r100\t4.8\t4.8_120.cif,0.37676458501115906,-1.091062134304588,6.862445174308334
d:\New folder\project\data\r100\t4.8\t4.8_20.cif,0.5186741676724114,-1.3964302304243401,7.696955674624649
d:\New folder\project\data\r100\t4.8\t4.8_200.cif,0.15389154490388857,-1.3271955591153721,7.515890268760877
d:\New folder\project\data\r100\t4.8\t4.8_220.cif,0.013701317431159432,-1.0969382546452615,6.8083895281393945
d:\New folder\project\data\r100\t4.8\t4.8_320.cif,0.4637506411691992,-1.0600487378746155,7.3848407954297235
d:\New folder\project\data\r100\t4.8\t4.8_280.cif,0.5964978697179774,-0.689179447179458,6.540580692137518
d:\New folder\project\data\r100\t4.8\t4.8_240.cif,0.46201316590515945,-0.9487915201610323,6.789627009476932
d:\New folder\project\data\r100\t4.8\t4.8_260.cif,0.492091688039353,-0.9036128812765932,6.487115156291005
d:\New folder\project\data\r100\t4.8\t4.8_340.cif,0.33681007066183105,-1.0705876314412595,7.533621089520541
d:\New folder\project\data\r100\t4.8\t4.8_80.cif,0.36065350632954485,-1.2176028920229052,5.273308228674165
d:\New folder\project\data\r100\t4.8\t4.8_300.cif,0.4958819422370552,-0.5667386420999272,7.167064980264516
d:\New folder\project\data\r100\t6.0\t6.0_0.cif,0.5191706091591223,-1.258252136395056,8.094935944083334
d:\New folder\project\data\r100\t4.8\t4.8_40.cif,0.4691732662872073,-1.3880565024348803,6.842013890788878
d:\New folder\project\data\r100\t6.0\t6.0_100.cif,0.36007546863655693,-0.7280393773826799,5.365910622646738
d:\New folder\project\data\r100\t4.8\t4.8_60.cif,0.4270150038886206,-1.2924056302347198,6.5751253031528885
d:\New folder\project\data\r100\t6.0\t6.0_220.cif,0.022753975408527305,-1.3649428773429584,6.879708087410295
d:\New folder\project\data\r100\t6.0\t6.0_160.cif,-1.4919117226756047,-1.419078104657172,8.514374391169037
d:\New folder\project\data\r100\t6.0\t6.0_20.cif,0.3044815990017542,-1.358968502932128,7.6428537645417505
d:\New folder\project\data\r100\t6.0\t6.0_120.cif,0.06376496422937117,-1.2334833214520855,6.930481378449016
d:\New folder\project\data\r100\t6.0\t6.0_140.cif,-0.3957099073625394,-1.4530716465879958,7.766126020041428
d:\New folder\project\data\r100\t6.0\t6.0_180.cif,-1.559205928127144,-1.6870523218304974,8.565971361744845
d:\New folder\project\data\r100\t6.0\t6.0_240.cif,0.09516354517145592,-1.250625799683649,6.161124412167723
d:\New folder\project\data\r100\t6.0\t6.0_200.cif,-2.014619314578323,-1.513723673568809,7.6100011086083645
d:\New folder\project\data\r100\t6.0\t6.0_320.cif,0.44645833246164934,-0.9302525558648872,7.037920960388786
d:\New folder\project\data\r100\t6.0\t6.0_280.cif,0.2032552913803884,-0.7698432671117045,6.41322328012128
d:\New folder\project\data\r100\t6.0\t6.0_260.cif,0.11884201938945715,-1.0303099392082635,5.9578258789875544
d:\New folder\project\data\r100\t6.0\t6.0_300.cif,0.4043601375482473,-0.4436739527408795,6.775776331439319
d:\New folder\project\data\r100\t6.0\t6.0_340.cif,0.3487534718550103,-1.053996360803754,7.4152278906584925
d:\New folder\project\data\r100\t6.0\t6.0_60.cif,0.014130785881477037,-1.3355856515074722,6.970707080988249
d:\New folder\project\data\r100\t6.0\t6.0_40.cif,0.1766519364949808,-1.3722487543582036,7.8011780392266346
d:\New folder\project\data\r100\t6.0\t6.0_80.cif,0.32171378587224386,-1.180075120300953,5.19352463483397
d:\New folder\project\data\r100\t7.2\t7.2_100.cif,-0.37984177696706733,-1.2217860982366664,5.949432105643385
d:\New folder\project\data\r100\t7.2\t7.2_120.cif,-0.8670749773599246,-1.2278072454286786,6.8275698876870425
d:\New folder\project\data\r100\t7.2\t7.2_140.cif,-0.9195745145105436,-1.3418312235680385,7.64836217921556
d:\New folder\project\data\r100\t7.2\t7.2_0.cif,-1.1407999784853184,-1.5637728634793262,7.529408971092696
d:\New folder\project\data\r100\t7.2\t7.2_160.cif,-1.105758845366938,-1.2757380209460925,8.405750368112631
d:\New folder\project\data\r100\t7.2\t7.2_20.cif,-1.102031639625034,-1.4851224711314435,7.790632417281527
d:\New folder\project\data\r100\t7.2\t7.2_220.cif,-1.31965207594859,-1.3184047925632492,6.71650686894689
d:\New folder\project\data\r100\t7.2\t7.2_260.cif,-1.1634802681369112,-0.870634849273252,6.23308081241613
d:\New folder\project\data\r100\t7.2\t7.2_180.cif,-1.105758845366938,-1.2757380209460925,8.405750368112631
d:\New folder\project\data\r100\t7.2\t7.2_200.cif,-1.8163020802035814,-1.837147628178743,7.561220289174478
d:\New folder\project\data\r100\t7.2\t7.2_240.cif,-0.9941465768326471,-0.99611538795891,5.986349678447176
d:\New folder\project\data\r100\t7.2\t7.2_280.cif,-1.041004272485281,-0.8363685699897309,6.299089299786912
d:\New folder\project\data\r100\t7.2\t7.2_40.cif,-0.961137899059284,-1.263386265466937,7.797834339164172
d:\New folder\project\data\r100\t7.2\t7.2_300.cif,-1.2737750367832739,-0.5379075891435549,6.751371003089429
d:\New folder\project\data\r100\t7.2\t7.2_60.cif,-1.2841065719619102,-1.374664691406839,7.044243299081798
d:\New folder\project\data\r100\t7.2\t7.2_320.cif,-0.9994929980833651,-1.0962036930181442,7.071658903541119
d:\New folder\project\data\r100\t7.2\t7.2_340.cif,-0.7921695113449231,-1.0817354658094394,7.433942933167694
d:\New folder\project\data\r100\t7.2\t7.2_80.cif,-1.1976345032195874,-1.469863860164684,6.440408767107766
d:\New folder\project\data\r100\t8.4\t8.4_0.cif,-0.5048004192562482,-1.4274750707826604,8.094274427776236
d:\New folder\project\data\r100\t8.4\t8.4_120.cif,-0.5594885023215503,-1.0676840035785027,6.624504578590445
d:\New folder\project\data\r100\t8.4\t8.4_100.cif,-0.6510651270379344,-1.420936070178543,5.961872315278166
d:\New folder\project\data\r100\t8.4\t8.4_160.cif,-0.6872054366050915,-1.1876424638680596,8.359439071584573
d:\New folder\project\data\r100\t8.4\t8.4_140.cif,-0.7894117884279473,-1.2725039090132317,7.4898340943854995
d:\New folder\project\data\r100\t8.4\t8.4_240.cif,-0.16857490138512246,-0.7213130706661053,5.402632578341698
d:\New folder\project\data\r100\t8.4\t8.4_180.cif,-0.5500013890791379,-1.6467857445442942,8.703932207430276
d:\New folder\project\data\r100\t8.4\t8.4_200.cif,-0.06904506108390225,-1.6691714186760882,7.52997234186372
d:\New folder\project\data\r100\t8.4\t8.4_20.cif,-0.660646060282484,-1.6297781855274678,8.101452049381106
d:\New folder\project\data\r100\t8.4\t8.4_220.cif,-0.44085519436747467,-1.355477388075169,6.661796838630445
d:\New folder\project\data\r100\t8.4\t8.4_260.cif,-0.7756116782003829,-0.8428879206976183,6.1643558689037885
d:\New folder\project\data\r100\t8.4\t8.4_280.cif,-0.7733206687354803,-0.8592362815962041,6.1936521340963955
d:\New folder\project\data\r100\t8.4\t8.4_340.cif,-0.6152192822664428,-1.0983194332375459,7.578817224816585
d:\New folder\project\data\r100\t8.4\t8.4_40.cif,-0.8579014298551983,-1.739487098576313,7.3709148550823045
d:\New folder\project\data\r100\t8.4\t8.4_320.cif,-0.6157441398359715,-1.2175863497153594,7.203669046601048
d:\New folder\project\data\r100\t8.4\t8.4_300.cif,-0.6239304678765702,-0.8874158724704148,7.037143027514368
d:\New folder\project\data\r100\t8.4\t8.4_60.cif,-0.868225044864839,-1.4906328024943616,7.385907527323165
d:\New folder\project\data\r100\t9.6\t9.6_0.cif,0.48346917817003265,-1.3769726470117258,8.019383312212247
d:\New folder\project\data\r100\t9.6\t9.6_120.cif,0.48102002401675936,-1.055493285263971,6.622848547109238
d:\New folder\project\data\r100\t9.6\t9.6_100.cif,0.5548979351705758,-1.196142804353565,6.51961053919167
d:\New folder\project\data\r100\t8.4\t8.4_80.cif,-0.6687875277044789,-1.6594978818685364,6.384605877749784
d:\New folder\project\data\r100\t9.6\t9.6_180.cif,0.7170010394554293,-1.6533267319934133,8.568780210337266
d:\New folder\project\data\r100\t9.6\t9.6_140.cif,0.19801904552782368,-1.1222242999640897,7.391155313959773
d:\New folder\project\data\r100\t9.6\t9.6_160.cif,0.4397667901095724,-1.332285727847321,8.299162666809025
d:\New folder\project\data\r100\t9.6\t9.6_20.cif,0.7335306086767519,-1.5558851104056692,8.13876418323865
d:\New folder\project\data\r100\t9.6\t9.6_220.cif,1.868648907149056,-0.9164432665599689,5.914396188537909
d:\New folder\project\data\r100\t9.6\t9.6_200.cif,1.6298497726149719,-1.3299080399292393,6.878541834200829
d:\New folder\project\data\r100\t9.6\t9.6_280.cif,0.40958676372855146,-0.9622167180420589,6.332046894206609
d:\New folder\project\data\r100\t9.6\t9.6_260.cif,0.43996380104865423,-0.48156738477551114,5.767250333482276
d:\New folder\project\data\r100\t9.6\t9.6_300.cif,0.640730164581391,-0.9757741820076665,7.087292468908512
d:\New folder\project\data\r100\t9.6\t9.6_240.cif,0.7067533149295646,-0.7151435315143932,5.645498905450195
d:\New folder\project\data\r100\t9.6\t9.6_320.cif,0.6447128927595008,-1.1794935556947752,7.219890556626466
d:\New folder\project\data\r120\t0\t0_120.cif,0.3300101455394774,-1.2514419838146096,6.740579304486138
d:\New folder\project\data\r100\t9.6\t9.6_340.cif,0.7749587605988109,-1.1162630206329207,7.5155097910321675
d:\New folder\project\data\r100\t9.6\t9.6_40.cif,0.66440369782522,-1.4647614250547065,7.909042501384672
d:\New folder\project\data\r100\t9.6\t9.6_80.cif,0.544556512818376,-1.8428164017646722,5.82370502489966
d:\New folder\project\data\r100\t9.6\t9.6_60.cif,1.2931069795957844,-2.026177695517542,5.967822944080419
d:\New folder\project\data\r120\t0\t0_0.cif,0.7308627602939944,-1.2087763267147387,8.1122540906382
d:\New folder\project\data\r120\t0\t0_100.cif,0.3333545287894711,-1.5038596456277686,6.787508025778562
d:\New folder\project\data\r120\t0\t0_200.cif,0.38217840781466517,-1.4050772523414994,9.338470013400201
d:\New folder\project\data\r120\t0\t0_140.cif,0.3065939601662735,-1.2985141334211774,7.496880564607281
d:\New folder\project\data\r120\t0\t0_160.cif,0.2365667894837975,-1.3324740344538697,8.387969899434967
d:\New folder\project\data\r120\t0\t0_220.cif,0.38720469155990894,-1.2153829442764799,8.504790704312395
d:\New folder\project\data\r120\t0\t0_20.cif,0.44108371499197807,-1.793288212015434,8.241682905006483
d:\New folder\project\data\r120\t0\t0_180.cif,0.26624283042052554,-1.3628366206474438,8.822979975520923
d:\New folder\project\data\r120\t0\t0_240.cif,0.4886547421189306,-1.0639785607097765,7.521029277722447
d:\New folder\project\data\r120\t0\t0_260.cif,0.3704618482663662,-0.8567229460577269,6.978309660319458
d:\New folder\project\data\r120\t0\t0_300.cif,0.3631063531866702,-0.7475663745967834,7.255500746310317
d:\New folder\project\data\r120\t0\t0_280.cif,0.32504570221155543,-0.8886561177710984,7.114684779103033
d:\New folder\project\data\r120\t0\t0_320.cif,0.4307036000506849,-0.4059934111981866,7.4280299767039875
d:\New folder\project\data\r120\t0\t0_340.cif,0.4197010479612505,-1.304171812110468,7.865562671388877
d:\New folder\project\data\r120\t0\t0_60.cif,0.3557377159402298,-1.2677442779919936,7.909498668715582
d:\New folder\project\data\r120\t0\t0_40.cif,0.40544759495594807,-1.4087294115213465,8.301866624261764
d:\New folder\project\data\r120\t1.2\t1.2_100.cif,0.9705240155855264,-1.5681420971684827,6.52988482592143
d:\New folder\project\data\r120\t1.2\t1.2_0.cif,0.09471940026658004,-1.2660646356277467,8.332032738233305
d:\New folder\project\data\r120\t0\t0_80.cif,0.44007897167381194,-1.1344370253369047,7.524947882792514
d:\New folder\project\data\r120\t1.2\t1.2_120.cif,0.7011411686703486,-1.2304795416220693,6.754892471032949
d:\New folder\project\data\r120\t1.2\t1.2_140.cif,0.6253173700112874,-1.1704755874787272,7.365113821598961
d:\New folder\project\data\r120\t1.2\t1.2_180.cif,-0.08463379498201218,-1.5887240836846308,9.259841494589047
d:\New folder\project\data\r120\t1.2\t1.2_160.cif,0.4586507297690814,-1.4395483266559508,8.358970253204381
d:\New folder\project\data\r120\t1.2\t1.2_20.cif,0.07450791422348058,-1.4640358514061005,8.59721111539199
d:\New folder\project\data\r120\t1.2\t1.2_200.cif,0.005679842243416333,-1.4334269328178328,9.318206065679606
d:\New folder\project\data\r120\t1.2\t1.2_260.cif,0.05681032483444853,-0.8109518351274176,6.9613078788995075
d:\New folder\project\data\r120\t1.2\t1.2_220.cif,0.11113795085365619,-1.3141350633112332,8.448658709801656
d:\New folder\project\data\r120\t1.2\t1.2_240.cif,0.25298462994024484,-0.9602946908693324,7.384465585465378
d:\New folder\project\data\r120\t1.2\t1.2_300.cif,0.011251943126225461,-0.8726270605548017,7.2364382877871805
d:\New folder\project\data\r120\t1.2\t1.2_280.cif,0.10527623579525347,-0.7890590343912036,7.103541571872577
d:\New folder\project\data\r120\t1.2\t1.2_340.cif,0.6526021121048039,-1.1205974802037648,7.339667096898413
d:\New folder\project\data\r120\t1.2\t1.2_320.cif,0.740696462745848,-1.3097754680628997,7.01772996164048
d:\New folder\project\data\r120\t1.2\t1.2_60.cif,0.027883999521034042,-1.1871264701713542,7.754799936759056
d:\New folder\project\data\r120\t1.2\t1.2_40.cif,-0.00962722216076195,-1.453338972792791,8.567840185766359
d:\New folder\project\data\r120\t2.4\t2.4_0.cif,0.49504264756681443,-1.270324989724261,8.20480018572288
d:\New folder\project\data\r120\t1.2\t1.2_80.cif,0.8345353471194621,-1.1236648530428839,7.5497282102618195
d:\New folder\project\data\r120\t2.4\t2.4_160.cif,0.3782790624672979,-1.4037089688419768,8.485422487341799
d:\New folder\project\data\r120\t2.4\t2.4_140.cif,0.38380406654878985,-1.2782483960624835,7.61036885740439
d:\New folder\project\data\r120\t2.4\t2.4_100.cif,0.37403670498045943,-1.2738935258212702,6.845552429495486
d:\New folder\project\data\r120\t2.4\t2.4_180.cif,0.40913294779269016,-1.5947400220247243,9.211419918006001
d:\New folder\project\data\r120\t2.4\t2.4_120.cif,0.05548571791902435,-1.3330957423278862,6.865000298975296
d:\New folder\project\data\r120\t2.4\t2.4_20.cif,0.4074809098185337,-1.4172379794721288,8.558027135175612
d:\New folder\project\data\r120\t2.4\t2.4_200.cif,0.4434250909254531,-1.4222394445570292,9.295248453600912
d:\New folder\project\data\r120\t2.4\t2.4_220.cif,0.5787967496496451,-1.2656110007174355,8.361209546743225
d:\New folder\project\data\r120\t2.4\t2.4_240.cif,0.19321287937464715,-1.2983243911333648,7.28210790362085
d:\New folder\project\data\r120\t2.4\t2.4_260.cif,0.44806808610564414,-0.9529287869672837,7.031271100078704
d:\New folder\project\data\r120\t2.4\t2.4_300.cif,0.2825844543513083,-0.9410981655304161,7.287250046578682
d:\New folder\project\data\r120\t2.4\t2.4_280.cif,0.4547687391322636,-0.7710659008800184,7.163498014559396
d:\New folder\project\data\r120\t2.4\t2.4_340.cif,0.46987766841753187,-0.9979536368396011,7.269235076125332
d:\New folder\project\data\r120\t2.4\t2.4_40.cif,0.3907030642669548,-1.457114452523461,8.609780308099298
d:\New folder\project\data\r120\t2.4\t2.4_320.cif,0.39490876370590877,-1.4369384107364276,6.901195275588659
d:\New folder\project\data\r120\t2.4\t2.4_80.cif,0.4854775585609356,-1.134156620087008,7.297155745460022
d:\New folder\project\data\r120\t2.4\t2.4_60.cif,0.27814230603826096,-1.2375550788220602,7.678571281086552
d:\New folder\project\data\r120\t3.6\t3.6_0.cif,-0.7604766249964898,-1.2398358850374323,8.024824891996726
d:\New folder\project\data\r120\t3.6\t3.6_100.cif,-0.7354705874181569,-1.2145084599018219,6.8982553421025985
d:\New folder\project\data\r120\t3.6\t3.6_140.cif,-0.7930886802983068,-1.3078737000306115,7.759982769068871
d:\New folder\project\data\r120\t3.6\t3.6_200.cif,-0.6080291643473585,-1.369730734629717,9.129506130922003
d:\New folder\project\data\r120\t3.6\t3.6_120.cif,-0.7865692093559169,-1.4374126849971907,7.144489029697223
d:\New folder\project\data\r120\t3.6\t3.6_160.cif,-0.8583241014094414,-1.4216456349917812,8.582626908043489
d:\New folder\project\data\r120\t3.6\t3.6_180.cif,-0.7080199043401394,-1.6128439035521467,9.172884213048825
d:\New folder\project\data\r120\t3.6\t3.6_20.cif,-0.7111041920926258,-1.4561553864229857,8.529297101389917
d:\New folder\project\data\r120\t3.6\t3.6_220.cif,-0.6239451526696977,-1.2130542734663268,8.45885981716363
d:\New folder\project\data\r120\t3.6\t3.6_280.cif,-0.7238591023562039,-0.8242873857310367,7.255917341035952
d:\New folder\project\data\r120\t3.6\t3.6_240.cif,-0.7029330380617002,-0.9210841882677012,7.527207754526949
d:\New folder\project\data\r120\t3.6\t3.6_260.cif,-0.7826855102844512,-1.021977464257528,7.092266891419098
d:\New folder\project\data\r120\t3.6\t3.6_300.cif,-0.9109882218127968,-0.9179605518215267,7.473524341298284
d:\New folder\project\data\r120\t3.6\t3.6_320.cif,-1.600779934254081,-1.3648312449935809,6.965354729447209
d:\New folder\project\data\r120\t4.8\t4.8_0.cif,0.5473788640682664,-1.1997035117054349,8.178341344905215
d:\New folder\project\data\r120\t3.6\t3.6_40.cif,-0.736274755013842,-1.472372113797002,8.643235030726137
d:\New folder\project\data\r120\t3.6\t3.6_340.cif,-1.0457833177529356,-1.038991128303214,7.4255481775747025
d:\New folder\project\data\r120\t3.6\t3.6_80.cif,-0.7078103287509426,-1.2298823743026133,7.3012399595226025
d:\New folder\project\data\r120\t3.6\t3.6_60.cif,-0.803037849466973,-1.3539780972329012,7.693182234415538
d:\New folder\project\data\r120\t4.8\t4.8_140.cif,0.23287471455128606,-1.2905787808972693,8.06372287484624
d:\New folder\project\data\r120\t4.8\t4.8_120.cif,0.4992799105680952,-1.0796954048022795,7.253929470749563
d:\New folder\project\data\r120\t4.8\t4.8_100.cif,0.5481249259901239,-1.2396118769405147,6.848007844261007
d:\New folder\project\data\r120\t4.8\t4.8_180.cif,0.500936855766494,-1.6404502599380089,9.153338711620185
d:\New folder\project\data\r120\t4.8\t4.8_160.cif,0.3693057309352079,-1.6143400585511687,8.804094905242124
d:\New folder\project\data\r120\t4.8\t4.8_220.cif,0.569724489998584,-1.2056467096908987,8.474866013110553
d:\New folder\project\data\r120\t4.8\t4.8_200.cif,0.46681610306366494,-1.3845883870839915,9.244054507943066
d:\New folder\project\data\r120\t4.8\t4.8_20.cif,0.5341612330036278,-1.4212205697607403,8.541674219987813
d:\New folder\project\data\r120\t4.8\t4.8_260.cif,0.4417762067434111,-1.0051827080986049,7.089837677222333
d:\New folder\project\data\r120\t4.8\t4.8_300.cif,0.9184340202886915,-0.8031918120471153,7.309230645295678
d:\New folder\project\data\r120\t4.8\t4.8_240.cif,0.43787360340885234,-0.9442038695395105,7.502967408256791
d:\New folder\project\data\r120\t4.8\t4.8_340.cif,0.4135229317165216,-1.008764958226075,7.579148236019295
d:\New folder\project\data\r120\t4.8\t4.8_320.cif,0.6070868443022392,-1.2952246051274001,7.508738484215512
d:\New folder\project\data\r120\t4.8\t4.8_280.cif,0.5391916343300529,-0.8838120108031864,7.231587631501964
d:\New folder\project\data\r120\t4.8\t4.8_40.cif,0.5226315953127922,-1.4675577063981675,8.652146705244883
d:\New folder\project\data\r120\t4.8\t4.8_60.cif,0.49789784984133245,-1.3617995075960716,7.8005351486565635
d:\New folder\project\data\r120\t6.0\t6.0_0.cif,0.1835933255755811,-1.2927326365867533,8.191469867822942
d:\New folder\project\data\r120\t6.0\t6.0_120.cif,0.14749500478409883,-0.9685617369607565,7.1581442494173775
d:\New folder\project\data\r120\t4.8\t4.8_80.cif,0.40945752023563553,-1.2699576757594722,7.285431856783442
d:\New folder\project\data\r120\t6.0\t6.0_100.cif,0.07681592652939673,-1.2724835949239997,6.698323650647752
d:\New folder\project\data\r120\t6.0\t6.0_140.cif,-0.5861344770594462,-1.5227815592030147,8.15599711180165
d:\New folder\project\data\r120\t6.0\t6.0_180.cif,-1.4052936618787684,-1.5677591067999206,9.234824201737105
d:\New folder\project\data\r120\t6.0\t6.0_20.cif,0.18016258104584815,-1.4151729908431792,8.531314365546526
d:\New folder\project\data\r120\t6.0\t6.0_220.cif,0.09434500405638574,-1.1542363504256081,8.49780458197435
d:\New folder\project\data\r120\t6.0\t6.0_160.cif,-1.4412766645133612,-1.6427558659079091,8.856641506526623
d:\New folder\project\data\r120\t6.0\t6.0_240.cif,-0.11691966348812172,-0.9728014809494842,7.480615909678733
d:\New folder\project\data\r120\t6.0\t6.0_200.cif,-0.7784265698642694,-1.2319905917549228,9.15098568948904
d:\New folder\project\data\r120\t6.0\t6.0_320.cif,0.25967063850906613,-1.081107996671682,7.172255688431278
d:\New folder\project\data\r120\t6.0\t6.0_260.cif,-0.0690156800674373,-0.9963945886991212,7.021368795841078
d:\New folder\project\data\r120\t6.0\t6.0_40.cif,0.21197404506508255,-1.425072198842261,8.630043592520307
d:\New folder\project\data\r120\t6.0\t6.0_280.cif,0.11588646525198465,-1.0495047553374133,7.0937231756166135
d:\New folder\project\data\r120\t6.0\t6.0_300.cif,0.37728651997815066,-0.873141024160284,7.068354721354112
d:\New folder\project\data\r120\t6.0\t6.0_60.cif,0.14067578703141037,-1.3794698236363596,7.882119108456764
d:\New folder\project\data\r120\t6.0\t6.0_340.cif,0.08360665212567919,-0.9382095997746456,7.464424867670602
d:\New folder\project\data\r120\t7.2\t7.2_0.cif,-1.037221425637124,-1.346093762132914,8.375738935551837
d:\New folder\project\data\r120\t6.0\t6.0_80.cif,0.013543165275931968,-1.2167789597848773,7.308198951824488
d:\New folder\project\data\r120\t7.2\t7.2_120.cif,-0.4742608205991807,-0.970604629394192,6.859982142123971
d:\New folder\project\data\r120\t7.2\t7.2_140.cif,-0.762846959786619,-1.4038456759206523,8.077560505385186
d:\New folder\project\data\r120\t7.2\t7.2_160.cif,-0.9828259817032514,-1.5683028006893698,8.761379725544801
d:\New folder\project\data\r120\t7.2\t7.2_180.cif,-1.0542938442891474,-1.5816511106239806,9.221019792266647
d:\New folder\project\data\r120\t7.2\t7.2_100.cif,-1.1126029009621972,-1.3568959605341062,6.710520673946158
d:\New folder\project\data\r120\t7.2\t7.2_20.cif,-0.9622461142071785,-1.599872410336187,8.547428606476942
d:\New folder\project\data\r120\t7.2\t7.2_220.cif,-1.3704838965374393,-1.2874974887363866,8.572886067737127
d:\New folder\project\data\r120\t7.2\t7.2_260.cif,-1.192360601359892,-0.9694289067646565,7.090010246577277
d:\New folder\project\data\r120\t7.2\t7.2_200.cif,-1.0633273693618999,-1.4434380603970398,9.312356445844863
d:\New folder\project\data\r120\t7.2\t7.2_240.cif,-1.1644337484259473,-1.1562625088230416,7.604448607631528
d:\New folder\project\data\r120\t7.2\t7.2_320.cif,-1.660643042932082,-0.8695870193158999,7.3132234906472915
d:\New folder\project\data\r120\t7.2\t7.2_280.cif,-1.1390140295638078,-1.0175740470201204,7.0816010568156385
d:\New folder\project\data\r120\t7.2\t7.2_340.cif,-1.2737916383365722,-1.259731490141924,7.550835902074393
d:\New folder\project\data\r120\t7.2\t7.2_300.cif,-1.2613520177700277,-0.77421857089004,7.031887883670093
d:\New folder\project\data\r120\t7.2\t7.2_80.cif,-1.1493613285071098,-1.2341350560135083,7.3557088838671785
d:\New folder\project\data\r120\t7.2\t7.2_60.cif,-0.9899218430012807,-1.1230850848108394,7.7436621012218705
d:\New folder\project\data\r120\t8.4\t8.4_100.cif,-0.6730172692387476,-1.5001632397940408,6.712994597772188
d:\New folder\project\data\r120\t7.2\t7.2_40.cif,-0.8931294441732869,-1.352910949031703,8.597462681238182
d:\New folder\project\data\r120\t8.4\t8.4_0.cif,-0.6511608676564852,-1.3572244525330057,8.501459672712942
d:\New folder\project\data\r120\t8.4\t8.4_140.cif,-0.23774132315254584,-1.3221088200103466,7.570426439279927
d:\New folder\project\data\r120\t8.4\t8.4_120.cif,-0.48972287599074404,-1.1542036394868644,6.750614211186207
d:\New folder\project\data\r120\t8.4\t8.4_200.cif,-0.5745304383738781,-1.3266635046539637,9.314561218893761
d:\New folder\project\data\r120\t8.4\t8.4_160.cif,-0.46227758177180234,-1.422580892078662,8.520178186435222
d:\New folder\project\data\r120\t8.4\t8.4_260.cif,-0.5869124917789533,-0.9644676206346977,7.1023191979745945
d:\New folder\project\data\r120\t8.4\t8.4_20.cif,-0.5358024019544165,-1.7974685048327643,8.581910602186195
d:\New folder\project\data\r120\t8.4\t8.4_220.cif,-0.5838931579292334,-1.2942678557483431,8.604509222557015
d:\New folder\project\data\r120\t8.4\t8.4_240.cif,-0.5798675559017961,-1.1352175380372849,7.700715167001055
d:\New folder\project\data\r120\t8.4\t8.4_180.cif,-0.6214783834400381,-1.545352443976986,9.20546717505926
d:\New folder\project\data\r120\t8.4\t8.4_300.cif,-0.5727440940701692,-0.8279928879036703,7.1689504988852315
d:\New folder\project\data\r120\t8.4\t8.4_280.cif,-0.5652681090007758,-0.9837449483201498,7.106722261482785
d:\New folder\project\data\r120\t8.4\t8.4_80.cif,-0.8220543587903814,-1.2125423300359741,7.622618748713615
d:\New folder\project\data\r120\t8.4\t8.4_340.cif,-0.5362536139225849,-1.575441420339218,7.844724651773566
d:\New folder\project\data\r120\t8.4\t8.4_320.cif,-0.8813930666018049,-0.8643325922190799,7.687785266500075
d:\New folder\project\data\r120\t8.4\t8.4_40.cif,-0.5113979285304948,-1.3954272034132602,8.639671627661302
d:\New folder\project\data\r120\t8.4\t8.4_60.cif,-0.6134922966496084,-1.1885563386216091,7.906154630354234
d:\New folder\project\data\r120\t9.6\t9.6_0.cif,0.6945629907689502,-1.380356741614582,8.419655639284395
d:\New folder\project\data\r120\t9.6\t9.6_100.cif,0.6460554660179678,-1.5849707375170454,6.718838353204652
d:\New folder\project\data\r120\t9.6\t9.6_120.cif,0.6007042609701404,-1.2187351377781976,6.765910438586127
d:\New folder\project\data\r120\t9.6\t9.6_180.cif,0.39742406549466114,-1.6202109069415658,9.184478972578615
d:\New folder\project\data\r120\t9.6\t9.6_140.cif,0.4354167363020424,-1.3019556161077601,7.465207974842786
d:\New folder\project\data\r120\t9.6\t9.6_20.cif,0.6479933624297722,-1.6498442332659682,8.602481594753673
d:\New folder\project\data\r120\t9.6\t9.6_160.cif,0.5192510501073684,-1.2436549638452903,8.250943197716584
d:\New folder\project\data\r120\t9.6\t9.6_200.cif,0.5909013074973741,-1.4241056419593952,9.369987376074286
d:\New folder\project\data\r120\t9.6\t9.6_240.cif,0.690812530684277,-1.038224884867518,7.580662144905425
d:\New folder\project\data\r120\t9.6\t9.6_280.cif,0.6872773367061122,-0.9381535170917795,7.144154120308693
d:\New folder\project\data\r120\t9.6\t9.6_260.cif,0.7301430942329673,-0.8630851362467984,7.004597884453354
d:\New folder\project\data\r120\t9.6\t9.6_220.cif,0.6533407601463126,-1.253218477768378,8.57211833580604
d:\New folder\project\data\r120\t9.6\t9.6_300.cif,0.6473960111036879,-0.8309475496872222,7.209091210209569
d:\New folder\project\data\r120\t9.6\t9.6_340.cif,0.8369428957438404,-1.524560441130947,7.736745520842105
d:\New folder\project\data\r120\t9.6\t9.6_40.cif,0.6744940242035541,-1.423301358104462,8.624511832981666
d:\New folder\project\data\r120\t9.6\t9.6_80.cif,0.630367199228037,-1.1665751336123464,7.643982891532094
d:\New folder\project\data\r120\t9.6\t9.6_320.cif,0.8981955363278928,-1.142464189858683,7.634239439073459
d:\New folder\project\data\r120\t9.6\t9.6_60.cif,0.6854311428666611,-1.2222919174165403,7.920044390416384
d:\New folder\project\data\r140\t0\t0_0.cif,0.6855769873647439,-1.3070459419481224,8.358225211013425
d:\New folder\project\data\r140\t0\t0_120.cif,0.3296422849166014,-1.7202192358823545,6.807649845456192
d:\New folder\project\data\r140\t0\t0_100.cif,0.3742761046000406,-1.2709607205721911,7.215099540478017
d:\New folder\project\data\r140\t0\t0_180.cif,0.4160157057146313,-1.3478194844420794,8.823644329866964
d:\New folder\project\data\r140\t0\t0_140.cif,0.27248262868703765,-1.3107462202413729,7.371432196793645
d:\New folder\project\data\r140\t0\t0_20.cif,0.4932477617568723,-1.0576818928720981,8.894700616293198
d:\New folder\project\data\r140\t0\t0_200.cif,0.3046543277818409,-1.3237365087874864,9.171936156734182
d:\New folder\project\data\r140\t0\t0_160.cif,0.23882633190401703,-1.30498697771885,8.307117001268667
d:\New folder\project\data\r140\t0\t0_220.cif,0.3939117411770749,-1.091991771355102,7.989911983379205
d:\New folder\project\data\r140\t0\t0_280.cif,0.4053641503582676,-0.810176239764957,7.0505255115395595
d:\New folder\project\data\r140\t0\t0_260.cif,0.3827999161838626,-0.7952878500630604,6.9769252626846905
d:\New folder\project\data\r140\t0\t0_240.cif,0.5219235287509347,-0.9706583175294073,7.020134000020444
d:\New folder\project\data\r140\t0\t0_320.cif,0.3286667990215046,-0.4399063851386125,7.399178973055675
d:\New folder\project\data\r140\t0\t0_340.cif,0.3014278989524503,-0.5228121225802311,8.162838100476474
d:\New folder\project\data\r140\t0\t0_300.cif,0.39577509209066675,-0.7407389191650051,7.087264126584545
d:\New folder\project\data\r140\t1.2\t1.2_0.cif,0.30249173137675506,-1.1510848644674192,8.220678853888943
d:\New folder\project\data\r140\t0\t0_60.cif,0.586374748819545,-1.5969203480068626,8.17445251689958
d:\New folder\project\data\r140\t1.2\t1.2_100.cif,0.9083543648541726,-1.0955573933100626,7.071371380921754
d:\New folder\project\data\r140\t1.2\t1.2_140.cif,0.642026782494397,-1.285969139883683,7.402679201782459
d:\New folder\project\data\r140\t0\t0_40.cif,0.5893227529758733,-1.9323773701849463,8.318012551966085
d:\New folder\project\data\r140\t0\t0_80.cif,0.49042912691036494,-1.674107352590846,7.442891324800009
d:\New folder\project\data\r140\t1.2\t1.2_120.cif,0.7115120395771132,-1.5357861927664358,7.048116861690738
d:\New folder\project\data\r140\t1.2\t1.2_220.cif,0.07288619028043952,-1.113828313696267,7.9469974200201685
d:\New folder\project\data\r140\t1.2\t1.2_160.cif,0.5452076886205575,-1.3181343246527426,8.219839589748863
d:\New folder\project\data\r140\t1.2\t1.2_200.cif,0.006134857055476894,-1.2393832701491159,8.734647772087689
d:\New folder\project\data\r140\t1.2\t1.2_260.cif,-0.08111273893115845,-0.8502890664049827,7.191077694747681
d:\New folder\project\data\r140\t1.2\t1.2_180.cif,0.5908338797850218,-1.5094137616175034,9.128207593583845
d:\New folder\project\data\r140\t1.2\t1.2_20.cif,0.2167493940932887,-1.4105988300424714,8.911678123962997
d:\New folder\project\data\r140\t1.2\t1.2_240.cif,0.042948307731228874,-0.8565107457222203,7.149780497128853
d:\New folder\project\data\r140\t1.2\t1.2_280.cif,0.019170355517838467,-0.8438124621492312,7.1229631122348716
d:\New folder\project\data\r140\t1.2\t1.2_40.cif,0.07269634397757796,-1.5618067308715697,8.65113444867824
d:\New folder\project\data\r140\t1.2\t1.2_300.cif,0.06970318796876868,-0.7225028598519058,7.128541779387919
d:\New folder\project\data\r140\t1.2\t1.2_340.cif,0.6094654587812949,-0.954765070726928,7.955689154661813
d:\New folder\project\data\r140\t1.2\t1.2_320.cif,0.04925038412736904,-0.48790905708379406,7.141049660726426
d:\New folder\project\data\r140\t1.2\t1.2_80.cif,0.9452190455844696,-1.2361953693751246,7.54677915115999
d:\New folder\project\data\r140\t1.2\t1.2_60.cif,0.28755013382141625,-1.407662141400251,7.7826117008263065
d:\New folder\project\data\r140\t2.4\t2.4_0.cif,0.6992513428452931,-0.9574558110454854,7.894033314367956
d:\New folder\project\data\r140\t2.4\t2.4_100.cif,0.5086920085828617,-0.8855802246616531,6.983273543674475
d:\New folder\project\data\r140\t2.4\t2.4_160.cif,0.31706135920940426,-1.34935866709135,8.342495378866861
d:\New folder\project\data\r140\t2.4\t2.4_140.cif,0.12000000688337076,-1.2179405405032457,7.668484617011425
d:\New folder\project\data\r140\t2.4\t2.4_120.cif,0.22641201958144974,-1.070645429043369,7.301742278874243
d:\New folder\project\data\r140\t2.4\t2.4_20.cif,0.6142337828616451,-1.3289426114184177,8.604731749650766
d:\New folder\project\data\r140\t2.4\t2.4_180.cif,0.33400266220602615,-1.5026211310628317,9.125495106242747
d:\New folder\project\data\r140\t2.4\t2.4_200.cif,0.49501352224446843,-1.2566850175588322,8.746838791923985
d:\New folder\project\data\r140\t2.4\t2.4_260.cif,0.2168087877454128,-0.8883718046934054,7.359798425165582
d:\New folder\project\data\r140\t2.4\t2.4_240.cif,0.06052877459361239,-1.2756187794093206,7.583049597586596
d:\New folder\project\data\r140\t2.4\t2.4_280.cif,0.3561943526876734,-0.8949167335596324,7.218204445702477
d:\New folder\project\data\r140\t2.4\t2.4_220.cif,0.5210850130475547,-1.1850405618312014,7.954621600053253
d:\New folder\project\data\r140\t2.4\t2.4_300.cif,0.255228269056447,-0.7468353906536664,7.231716009108807
d:\New folder\project\data\r140\t2.4\t2.4_40.cif,0.493004807734656,-1.4715026405408718,8.095760574204476
d:\New folder\project\data\r140\t2.4\t2.4_320.cif,0.29422485843409707,-0.8291213284881318,7.5546402718841525
d:\New folder\project\data\r140\t2.4\t2.4_340.cif,0.4033011018108675,-1.0219586811151409,7.980970139015855
d:\New folder\project\data\r140\t2.4\t2.4_80.cif,0.5656007320359266,-1.1429300306657555,6.71971534201048
d:\New folder\project\data\r140\t2.4\t2.4_60.cif,0.4373942493525165,-1.2303616229886531,7.202085635378705
d:\New folder\project\data\r140\t3.6\t3.6_100.cif,-0.7526416916379406,-0.9712009850596723,6.853089732295943
d:\New folder\project\data\r140\t3.6\t3.6_0.cif,-0.7378983801135877,-1.1387387293843885,7.960092084209407
d:\New folder\project\data\r140\t3.6\t3.6_120.cif,-0.8085910592196888,-0.84121385598948,7.214658365465234
d:\New folder\project\data\r140\t3.6\t3.6_160.cif,-0.8559904654010363,-1.334986146386541,8.420283203572952
d:\New folder\project\data\r140\t3.6\t3.6_180.cif,-0.7758972215145463,-1.5230271011491872,9.291663838952394
d:\New folder\project\data\r140\t3.6\t3.6_200.cif,-0.6764140602393685,-1.4159060131132113,8.442702904137754
d:\New folder\project\data\r140\t3.6\t3.6_140.cif,-0.8159937217539912,-1.2673878697739145,7.920193589325565
d:\New folder\project\data\r140\t3.6\t3.6_220.cif,-0.6302828110179448,-1.1821604004121318,7.983634110995671
d:\New folder\project\data\r140\t3.6\t3.6_260.cif,-0.7923387146060112,-0.9992375921409051,7.497483302719287
d:\New folder\project\data\r140\t3.6\t3.6_20.cif,-0.7464596913968056,-1.2482328756721244,8.388406736138542
d:\New folder\project\data\r140\t3.6\t3.6_240.cif,-0.8282205909305868,-1.0644566896812453,7.44955091356331
d:\New folder\project\data\r140\t3.6\t3.6_340.cif,-0.9722317637426506,-1.0989328346804113,8.07203802114419
d:\New folder\project\data\r140\t3.6\t3.6_280.cif,-0.6604740752173706,-0.9311509379346105,7.317572520904798
d:\New folder\project\data\r140\t3.6\t3.6_300.cif,-0.7586204180741596,-0.625749947857446,7.3489385635235545
d:\New folder\project\data\r140\t3.6\t3.6_40.cif,-0.7513951381644879,-1.3879902253277483,8.585755269055115
d:\New folder\project\data\r140\t3.6\t3.6_320.cif,-0.8764493565403404,-0.5437996069566988,7.6372399881658115
d:\New folder\project\data\r140\t3.6\t3.6_60.cif,-0.8449197686672378,-1.2997321863182338,7.650839955227688
d:\New folder\project\data\r140\t3.6\t3.6_80.cif,-0.6768535089934656,-1.0590536399831418,6.774604497661611
d:\New folder\project\data\r140\t4.8\t4.8_0.cif,0.5757829919431197,-1.123558531517974,7.988066828863326
d:\New folder\project\data\r140\t4.8\t4.8_120.cif,0.5410415959254422,-0.9845469954924293,7.231936699734086
d:\New folder\project\data\r140\t4.8\t4.8_140.cif,0.4125043169124267,-1.0825800846370555,7.95908461608008
d:\New folder\project\data\r140\t4.8\t4.8_100.cif,0.5490776506793043,-0.8349449941277372,6.843213387492961
d:\New folder\project\data\r140\t4.8\t4.8_20.cif,0.4461643866672623,-1.2572786312593514,8.379785931874235
d:\New folder\project\data\r140\t4.8\t4.8_180.cif,0.5135960873613684,-1.6921712203151802,9.476286000061997
d:\New folder\project\data\r140\t4.8\t4.8_160.cif,0.35158773251105335,-1.2947544479055775,8.80292477100013
d:\New folder\project\data\r140\t4.8\t4.8_200.cif,0.4983673320731652,-1.6148085348663326,8.278313351643584
d:\New folder\project\data\r140\t4.8\t4.8_240.cif,0.40578464272504566,-1.266016539858431,7.570998940158753
d:\New folder\project\data\r140\t4.8\t4.8_300.cif,0.5439183400541349,-0.6637731901638202,7.4077724929504845
d:\New folder\project\data\r140\t4.8\t4.8_280.cif,0.5452945739693018,-1.0127071632162903,7.3374435308656905
d:\New folder\project\data\r140\t4.8\t4.8_220.cif,0.435864581668755,-1.4135444184242354,7.805703211918198
d:\New folder\project\data\r140\t4.8\t4.8_260.cif,0.5271229176221963,-1.0181722700885105,7.473724577858485
d:\New folder\project\data\r140\t4.8\t4.8_340.cif,0.6826538765449275,-1.3715951112709082,7.790169195575069
d:\New folder\project\data\r140\t4.8\t4.8_320.cif,0.717123260126749,-0.4361798580815886,7.536383204874648
d:\New folder\project\data\r140\t4.8\t4.8_60.cif,0.6344590541082209,-1.2565159244116113,7.019369774712892
d:\New folder\project\data\r140\t6.0\t6.0_0.cif,0.11624739436248949,-1.1326068975365218,8.027061764076684
d:\New folder\project\data\r140\t6.0\t6.0_120.cif,0.28865176851293245,-1.0621175141535646,7.0495488998873395
d:\New folder\project\data\r140\t4.8\t4.8_40.cif,0.5298649659564462,-1.308137433932487,8.06882489926861
d:\New folder\project\data\r140\t6.0\t6.0_140.cif,-0.6599680934285054,-0.890734504909189,7.9184017834175675
d:\New folder\project\data\r140\t4.8\t4.8_80.cif,0.5781217288559488,-0.9419400227460681,6.72946983055005
d:\New folder\project\data\r140\t6.0\t6.0_100.cif,0.015919321709244483,-0.9997422691539253,6.8221122853302445
d:\New folder\project\data\r140\t6.0\t6.0_220.cif,0.09507390583498843,-1.272830004953233,8.154645986002814
d:\New folder\project\data\r140\t6.0\t6.0_180.cif,-1.3666804260014054,-1.6192057592356996,9.505838950076294
d:\New folder\project\data\r140\t6.0\t6.0_20.cif,0.10492328858146877,-1.3384166636633448,8.580857623530726
d:\New folder\project\data\r140\t6.0\t6.0_160.cif,-0.6066523268915535,-1.4100808416382669,8.90673794522937
d:\New folder\project\data\r140\t6.0\t6.0_200.cif,-0.731243634749687,-1.613156449913649,8.839504199944674
d:\New folder\project\data\r140\t6.0\t6.0_280.cif,0.1264069028311971,-1.0851034398414552,7.255406916691037
d:\New folder\project\data\r140\t6.0\t6.0_260.cif,0.17763356602547165,-0.9119584623365843,7.295808641597339
d:\New folder\project\data\r140\t6.0\t6.0_340.cif,0.15677455897344678,-0.9754250715811746,7.903742093125587
d:\New folder\project\data\r140\t6.0\t6.0_240.cif,0.11243779889607236,-1.4755369803959577,7.336103690957725
d:\New folder\project\data\r140\t6.0\t6.0_300.cif,0.31495528200116674,-0.9120146509504446,7.196677155513249
d:\New folder\project\data\r140\t6.0\t6.0_320.cif,0.4144598960934437,-0.8221189401105112,7.263400527685453
d:\New folder\project\data\r140\t6.0\t6.0_40.cif,0.12273132668563724,-1.3769019974653942,8.079433083252974
d:\New folder\project\data\r140\t6.0\t6.0_60.cif,0.20296155481489292,-1.175468707439257,7.201921429503419
d:\New folder\project\data\r140\t7.2\t7.2_0.cif,-1.2124086014780118,-1.1691042739474469,8.28680044925755
d:\New folder\project\data\r140\t7.2\t7.2_100.cif,-0.4043630536872071,-1.2392700266238492,6.975458041986803
d:\New folder\project\data\r140\t6.0\t6.0_80.cif,0.059755410894087646,-0.9321213073432966,6.742266698995477
d:\New folder\project\data\r140\t7.2\t7.2_20.cif,-1.1906839420450037,-1.3907988333233368,8.920959933587296
d:\New folder\project\data\r140\t7.2\t7.2_160.cif,-0.7662596547239453,-1.4321819299456984,8.812020018098506
d:\New folder\project\data\r140\t7.2\t7.2_180.cif,-0.9099872102990076,-1.582673321475786,9.435616846190593
d:\New folder\project\data\r140\t7.2\t7.2_220.cif,-1.0437656505991921,-1.3617337504284277,8.180871310866126
d:\New folder\project\data\r140\t7.2\t7.2_140.cif,-0.5262981974277532,-0.8580932883167298,7.55507210833611
d:\New folder\project\data\r140\t7.2\t7.2_120.cif,-0.9186644718866182,-1.1295722388235667,6.964346929494615
d:\New folder\project\data\r140\t7.2\t7.2_340.cif,-1.4242318383588302,-0.8325416875194475,8.006480128528459
d:\New folder\project\data\r140\t7.2\t7.2_240.cif,-0.8872777000004523,-1.2084936191487654,7.228858098522603
d:\New folder\project\data\r140\t7.2\t7.2_200.cif,-1.3387953694281218,-1.8718350693028294,8.638534993211671
d:\New folder\project\data\r140\t7.2\t7.2_260.cif,-1.0401903023829628,-0.8701005619324866,7.20652193707892
d:\New folder\project\data\r140\t7.2\t7.2_300.cif,-1.0252597959574818,-0.9963162407539559,7.111644718549138
d:\New folder\project\data\r140\t7.2\t7.2_280.cif,-1.002350319821537,-0.986441723478802,7.225223127879303
d:\New folder\project\data\r140\t7.2\t7.2_320.cif,-1.1653195334120081,-0.6939894436907609,7.182988526784501
d:\New folder\project\data\r140\t7.2\t7.2_60.cif,-1.5415096163985864,-1.4150604003084808,7.3533757140828175
d:\New folder\project\data\r140\t7.2\t7.2_80.cif,-0.8781421028584924,-1.1341626381783612,7.0032361999567305
d:\New folder\project\data\r140\t7.2\t7.2_40.cif,-1.1571880566878967,-1.7242446776938585,8.068525828981931
d:\New folder\project\data\r140\t8.4\t8.4_100.cif,-0.7623262147378115,-1.5209130800033483,7.072280223518625
d:\New folder\project\data\r140\t8.4\t8.4_120.cif,-0.6571537030816126,-1.347654922900632,6.97294827426212
d:\New folder\project\data\r140\t8.4\t8.4_0.cif,-0.639781224480666,-1.3616485565907592,8.47652155633252
d:\New folder\project\data\r140\t8.4\t8.4_140.cif,-0.39596506590813685,-1.1890479966037422,7.361172669085424
d:\New folder\project\data\r140\t8.4\t8.4_20.cif,-0.6784676918679341,-1.4076359496634043,9.065519861601066
d:\New folder\project\data\r140\t8.4\t8.4_180.cif,-0.4064979207716676,-1.5319212198467904,9.256247213476524
d:\New folder\project\data\r140\t8.4\t8.4_240.cif,-0.45580696251735076,-0.9666151670995562,7.139455265042334
d:\New folder\project\data\r140\t8.4\t8.4_220.cif,-0.3221198292868721,-1.353853434168207,7.727756624819432
d:\New folder\project\data\r140\t8.4\t8.4_160.cif,-0.3930948683888632,-1.2546329995233891,8.426232999229363
d:\New folder\project\data\r140\t8.4\t8.4_280.cif,-0.5394642439998503,-0.8779949410336717,7.136380014362682
d:\New folder\project\data\r140\t8.4\t8.4_260.cif,-0.5899666769009266,-0.8534118095832013,7.136211861718186
d:\New folder\project\data\r140\t8.4\t8.4_200.cif,-0.3026563642517527,-1.6724313916936253,8.621826245154763
d:\New folder\project\data\r140\t8.4\t8.4_320.cif,-0.6697371241829846,-0.5910025482741108,7.2646556161662765
d:\New folder\project\data\r140\t8.4\t8.4_60.cif,-0.6780441743935178,-1.5575038203831917,8.15560749464062
d:\New folder\project\data\r140\t8.4\t8.4_300.cif,-0.5504251784233002,-0.8697061061875657,7.069903124671033
d:\New folder\project\data\r140\t8.4\t8.4_340.cif,-0.6779435706457013,-0.8882866661405837,8.366457394234011
d:\New folder\project\data\r140\t9.6\t9.6_100.cif,0.7158102273013007,-1.3222364311390906,7.135459505312567
d:\New folder\project\data\r140\t9.6\t9.6_0.cif,0.6985654589464392,-1.3886423281020221,8.479869369925446
d:\New folder\project\data\r140\t8.4\t8.4_40.cif,-0.5222952841226238,-1.9491313691213557,8.287566396889405
d:\New folder\project\data\r140\t8.4\t8.4_80.cif,-0.7732929956907063,-1.8751515192768646,7.258139906683808
d:\New folder\project\data\r140\t9.6\t9.6_120.cif,0.6161458832958554,-1.6534284863857063,6.8393800166231555
d:\New folder\project\data\r140\t9.6\t9.6_140.cif,0.48957704719169626,-1.2884792610146083,7.396246735224663
d:\New folder\project\data\r140\t9.6\t9.6_20.cif,0.7985944954294886,-1.432211682241283,9.034326777614728
d:\New folder\project\data\r140\t9.6\t9.6_200.cif,0.649139418109749,-1.3314626444102844,8.386955903914686
d:\New folder\project\data\r140\t9.6\t9.6_220.cif,0.674031160502852,-1.1162673719234755,7.534615332556956
d:\New folder\project\data\r140\t9.6\t9.6_160.cif,0.5944355751244117,-1.2856406275661467,8.171489361875384
d:\New folder\project\data\r140\t9.6\t9.6_180.cif,0.4380238709095067,-1.536656050784239,9.075806029042875
d:\New folder\project\data\r140\t9.6\t9.6_260.cif,0.6428442852623324,-0.8313469540754697,7.0188332783269045
d:\New folder\project\data\r140\t9.6\t9.6_280.cif,0.678814304907338,-0.8767849243733673,6.6926498130244285
d:\New folder\project\data\r140\t9.6\t9.6_300.cif,0.6339477707485386,-0.7812968386926168,7.022842851191419
d:\New folder\project\data\r160\t0\t0_0.cif,0.4845492809102508,-1.1456458529792952,8.384870971680774
d:\New folder\project\data\r140\t9.6\t9.6_240.cif,0.6960792285261458,-0.9096473877265648,7.128322653217535
d:\New folder\project\data\r140\t9.6\t9.6_60.cif,0.9100302012125769,-1.8302735918446733,7.87934476645449
d:\New folder\project\data\r140\t9.6\t9.6_40.cif,0.878671450992722,-1.8494881454595768,8.24284430393406
d:\New folder\project\data\r140\t9.6\t9.6_320.cif,0.6218464429086392,-0.5658688695770759,7.36807283644715
d:\New folder\project\data\r140\t9.6\t9.6_340.cif,0.7909234296643843,-0.9105598770019063,8.336418172173753
d:\New folder\project\data\r160\t0\t0_100.cif,0.5599106387337365,-1.4470998574766658,6.855649356100139
d:\New folder\project\data\r160\t0\t0_160.cif,0.14735543920722227,-1.2373649386857277,7.5934240110873485
d:\New folder\project\data\r140\t9.6\t9.6_80.cif,0.863106154690582,-1.8808510977349142,7.1257620188975785
d:\New folder\project\data\r160\t0\t0_140.cif,0.18218990673417468,-1.3060094143173278,7.0532470529562765
d:\New folder\project\data\r160\t0\t0_180.cif,0.24841397884527494,-1.0686262910379152,8.08859855981409
d:\New folder\project\data\r160\t0\t0_120.cif,0.22520031205109992,-1.1008379746391046,6.647946820311541
d:\New folder\project\data\r160\t0\t0_200.cif,0.41139680860684785,-1.2404351225780617,8.773382640173784
d:\New folder\project\data\r160\t0\t0_220.cif,0.6003703344948473,-1.2166764449903011,7.577139158373945
d:\New folder\project\data\r160\t0\t0_240.cif,0.3482056099748871,-0.8552789952770548,7.003350420099294
d:\New folder\project\data\r160\t0\t0_20.cif,0.4845492809102508,-1.1456458529792952,8.384870971680774
d:\New folder\project\data\r160\t0\t0_340.cif,0.5336117318511413,-0.7508147190756533,7.70715499863029
d:\New folder\project\data\r160\t0\t0_280.cif,0.6892046657828691,-0.6504131809245839,6.482718285889497
d:\New folder\project\data\r160\t0\t0_300.cif,0.8031215217739683,-0.6609217248786642,6.455424410925498
d:\New folder\project\data\r160\t0\t0_260.cif,0.25965135683209145,-0.5505590136101242,6.380452592397842
d:\New folder\project\data\r160\t0\t0_40.cif,0.4597379463522011,-1.2680084568787044,8.78093430427652
d:\New folder\project\data\r160\t0\t0_60.cif,0.38534791514469063,-1.6894045027564482,8.136364670905179
d:\New folder\project\data\r160\t0\t0_320.cif,1.427512193150398,-0.23788481722017196,6.393081712579148
d:\New folder\project\data\r160\t0\t0_80.cif,0.4077225074205722,-1.1322855021231288,7.743444351097996
d:\New folder\project\data\r160\t1.2\t1.2_0.cif,0.19887057742856823,-1.1536085563647134,8.166162123080447
d:\New folder\project\data\r160\t1.2\t1.2_160.cif,0.3611114421697663,-1.3237577439871246,7.653593564535772
d:\New folder\project\data\r160\t1.2\t1.2_180.cif,0.37819630600578436,-1.4591488215798456,8.572505413106235
d:\New folder\project\data\r160\t1.2\t1.2_100.cif,1.4302853519236063,-1.11455764645401,6.479302884800283
d:\New folder\project\data\r160\t1.2\t1.2_120.cif,0.7385091179818764,-0.8789060919925911,6.88946032246263
d:\New folder\project\data\r160\t1.2\t1.2_140.cif,0.7586362960689337,-1.2260387060469955,7.208761801057733
d:\New folder\project\data\r160\t1.2\t1.2_20.cif,0.27006043932286183,-1.162288216658839,8.249723382824666
d:\New folder\project\data\r160\t1.2\t1.2_280.cif,-0.20464315482152357,-0.5796857397055148,6.336795678772489
d:\New folder\project\data\r160\t1.2\t1.2_240.cif,-0.10938471546156109,-0.8810171771168236,7.011322453763379
d:\New folder\project\data\r160\t1.2\t1.2_220.cif,-0.20212972385636246,-1.0151932705533575,7.842160267586088
d:\New folder\project\data\r160\t1.2\t1.2_260.cif,-0.2071001255748095,-0.596444900404348,6.4755292471982795
d:\New folder\project\data\r160\t1.2\t1.2_200.cif,0.43369066294577097,-1.1961482650635458,8.593540845067503
d:\New folder\project\data\r160\t1.2\t1.2_300.cif,-0.10264683159880666,-0.5536851677096237,6.210115497279171
d:\New folder\project\data\r160\t1.2\t1.2_320.cif,0.17838835880211146,-0.2103330258891788,6.3959523185658735
d:\New folder\project\data\r160\t1.2\t1.2_340.cif,0.42136463849278527,-0.6549999043985104,7.2840497582714185
d:\New folder\project\data\r160\t2.4\t2.4_100.cif,0.545991453856954,-0.9724256624506239,6.342506164651199
d:\New folder\project\data\r160\t1.2\t1.2_40.cif,0.024031631539620013,-1.3682679380348717,8.875816449168832
d:\New folder\project\data\r160\t2.4\t2.4_0.cif,-0.19231612046139931,-1.027831098293247,7.5047066210684505
d:\New folder\project\data\r160\t1.2\t1.2_60.cif,0.44988753448660135,-1.777502450301632,7.605035236054393
d:\New folder\project\data\r160\t2.4\t2.4_120.cif,0.42772712304339344,-0.8675613529124969,6.836884968732946
d:\New folder\project\data\r160\t1.2\t1.2_80.cif,1.3504146406997821,-1.4090173095061151,7.134864064511784
d:\New folder\project\data\r160\t2.4\t2.4_220.cif,0.3485447293510899,-1.1733387321977544,7.597506385676006
d:\New folder\project\data\r160\t2.4\t2.4_20.cif,0.7028724329709489,-1.098973366925046,7.904938032661124
d:\New folder\project\data\r160\t2.4\t2.4_200.cif,0.3960944706176228,-1.3298212546152264,8.740177422878162
d:\New folder\project\data\r160\t2.4\t2.4_160.cif,0.4192766363777698,-1.3279367300151346,7.97039760484883
d:\New folder\project\data\r160\t2.4\t2.4_180.cif,0.278412698694109,-1.499830678641499,8.104545650598979
d:\New folder\project\data\r160\t2.4\t2.4_240.cif,0.13824256098436682,-1.124595377873379,7.220979164065344
d:\New folder\project\data\r160\t2.4\t2.4_140.cif,0.48606372624454997,-1.208841335797767,7.530653200648465
d:\New folder\project\data\r160\t2.4\t2.4_300.cif,0.19834324739515652,-0.8232983875569624,6.750117104590846
d:\New folder\project\data\r160\t2.4\t2.4_340.cif,0.20962606540447604,-0.872298892961308,7.417576126393758
d:\New folder\project\data\r160\t2.4\t2.4_320.cif,0.1137818046225395,-0.7766384532130499,6.999558166480741
d:\New folder\project\data\r160\t2.4\t2.4_260.cif,0.06631827919827471,-0.637470547667355,6.72900025696509
d:\New folder\project\data\r160\t2.4\t2.4_280.cif,0.04345887687293981,-0.6117161389469965,6.6597852187572215
d:\New folder\project\data\r160\t2.4\t2.4_40.cif,0.49535475195896445,-1.3629481877941265,8.640798496229642
d:\New folder\project\data\r160\t2.4\t2.4_60.cif,0.6605347203705092,-1.5245749485197266,7.170331681060369
d:\New folder\project\data\r160\t2.4\t2.4_80.cif,0.5376238175786341,-1.1863745281121498,6.752766067134292
d:\New folder\project\data\r160\t3.6\t3.6_140.cif,-0.6254471962810437,-1.2340080898664323,7.581957231262768
d:\New folder\project\data\r160\t3.6\t3.6_160.cif,-0.6879538209637356,-1.2216613794886093,7.4856375410478915
d:\New folder\project\data\r160\t3.6\t3.6_100.cif,-0.7609760149869558,-0.9375845446441209,6.6546070834642626
d:\New folder\project\data\r160\t3.6\t3.6_180.cif,-0.7523006786130599,-1.348875631174718,8.723424282739165
d:\New folder\project\data\r160\t3.6\t3.6_120.cif,-0.7555405888692053,-0.9556124898612366,6.909545487946497
d:\New folder\project\data\r160\t3.6\t3.6_0.cif,-0.6474758169271775,-1.0938605826793395,7.948513978313315
d:\New folder\project\data\r160\t3.6\t3.6_20.cif,-0.6849835166669898,-1.1482690919581924,7.71943966210887
d:\New folder\project\data\r160\t3.6\t3.6_200.cif,-0.7192386767904096,-1.2897605887982242,9.324132169421292
d:\New folder\project\data\r160\t3.6\t3.6_220.cif,-0.641278038738907,-1.2811109928332107,8.059759846169687
d:\New folder\project\data\r160\t3.6\t3.6_240.cif,-0.9392882853412565,-1.0126247160924304,7.345697810385994
d:\New folder\project\data\r160\t3.6\t3.6_300.cif,-0.6777594323600684,-0.8535708429478058,7.2072418147337425
d:\New folder\project\data\r160\t3.6\t3.6_260.cif,-0.9611133263074577,-0.7041724066313184,7.032842302836471
d:\New folder\project\data\r160\t3.6\t3.6_340.cif,-0.8093338326630763,-0.7432779697312484,7.654609925249645
d:\New folder\project\data\r160\t3.6\t3.6_280.cif,-0.6905674704611884,-0.826272261740414,7.271949651177393
d:\New folder\project\data\r160\t3.6\t3.6_320.cif,-0.7237446862929604,-0.8769024945867032,7.3211983637040445
d:\New folder\project\data\r160\t3.6\t3.6_40.cif,-0.7391966603771489,-1.334616930932041,8.600883221208347
d:\New folder\project\data\r160\t4.8\t4.8_100.cif,0.6485347801112008,-0.9390681088326172,6.591877672600138
d:\New folder\project\data\r160\t3.6\t3.6_80.cif,-0.928039164046554,-1.2459797634469814,6.548579759713308
d:\New folder\project\data\r160\t3.6\t3.6_60.cif,-0.7936623609836753,-1.2122734550751009,7.749442529010138
d:\New folder\project\data\r160\t4.8\t4.8_0.cif,0.6776695397717707,-1.1289919419570762,7.877440979252033
d:\New folder\project\data\r160\t4.8\t4.8_120.cif,0.4334141606147484,-0.9780172173199422,6.878991254784773
d:\New folder\project\data\r160\t4.8\t4.8_140.cif,0.3054656378132675,-1.1353604347628792,7.641767022585853
d:\New folder\project\data\r160\t4.8\t4.8_160.cif,0.33795152274731066,-1.2649242643717575,8.44201894987195
d:\New folder\project\data\r160\t4.8\t4.8_240.cif,0.40069244986456787,-0.9034578572820344,7.520372835698975
d:\New folder\project\data\r160\t4.8\t4.8_200.cif,0.5464030359020897,-1.4676389354798964,9.075726663997605
d:\New folder\project\data\r160\t4.8\t4.8_20.cif,0.6951715629145311,-1.1751283939512147,7.6462577877935365
d:\New folder\project\data\r160\t4.8\t4.8_260.cif,0.4653280612496878,-0.7950100344074437,7.365452032647546
d:\New folder\project\data\r160\t4.8\t4.8_220.cif,0.5849484784204462,-1.4667088262143742,8.06727072240507
d:\New folder\project\data\r160\t4.8\t4.8_280.cif,0.5634539312762623,-0.8900760313883365,7.2621831633536935
d:\New folder\project\data\r160\t4.8\t4.8_180.cif,0.49296796497174034,-1.4458517877681314,8.962046676079433
d:\New folder\project\data\r160\t4.8\t4.8_300.cif,0.5902734525386707,-0.8155630394708341,7.198619549685871
d:\New folder\project\data\r160\t4.8\t4.8_320.cif,0.6514307440729286,-0.82784810364412,7.281146412526699
d:\New folder\project\data\r160\t4.8\t4.8_40.cif,0.4975363188125996,-1.3283376370337459,8.612654411330405
d:\New folder\project\data\r160\t4.8\t4.8_340.cif,0.49349161033200545,-0.747903647062428,7.608824966930069
d:\New folder\project\data\r160\t4.8\t4.8_60.cif,0.45261697357508285,-1.184380025248134,7.740396754152326
d:\New folder\project\data\r160\t4.8\t4.8_80.cif,0.8115571240000894,-1.0406764043213264,6.3807461342152125
d:\New folder\project\data\r160\t6.0\t6.0_0.cif,0.12409662032653768,-1.0767776459863634,7.703993334809598
d:\New folder\project\data\r160\t6.0\t6.0_100.cif,0.09499135728202596,-0.8524690933167894,6.558923119851397
d:\New folder\project\data\r160\t6.0\t6.0_120.cif,-0.04118200237442382,-0.821745810652696,6.8107820706516256
d:\New folder\project\data\r160\t6.0\t6.0_180.cif,-1.3455096133478128,-1.4661121609369272,9.049714996326095
d:\New folder\project\data\r160\t6.0\t6.0_160.cif,-1.4190628763181135,-1.3005670044962432,8.616420923021932
d:\New folder\project\data\r160\t6.0\t6.0_140.cif,-1.3688030601467256,-1.2105635546639233,7.701269489888321
d:\New folder\project\data\r160\t6.0\t6.0_200.cif,-0.572332336995716,-1.5440253873068464,9.140309813543103
d:\New folder\project\data\r160\t6.0\t6.0_220.cif,0.11762155368582294,-1.440455158184624,8.233297075203241
d:\New folder\project\data\r160\t6.0\t6.0_20.cif,-0.1249743182828636,-1.0596701345436645,7.578805809086098
d:\New folder\project\data\r160\t6.0\t6.0_260.cif,0.1370205968200598,-0.8891234786264148,7.330964083205868
d:\New folder\project\data\r160\t6.0\t6.0_280.cif,0.21753410367623555,-0.8799569143366613,6.813036528356044
d:\New folder\project\data\r160\t6.0\t6.0_240.cif,0.11261851934966949,-0.7986383299173092,7.837516099905687
d:\New folder\project\data\r160\t6.0\t6.0_40.cif,0.11077560570105155,-1.3164821097042014,8.624646206129144
d:\New folder\project\data\r160\t6.0\t6.0_340.cif,0.19689357399825852,-0.8488669753279061,7.397775097625198
d:\New folder\project\data\r160\t6.0\t6.0_60.cif,0.11608287251631721,-1.248618346392709,7.755061211666557
d:\New folder\project\data\r160\t6.0\t6.0_300.cif,0.09028529235975152,-0.8303665714345894,7.104052067636265
d:\New folder\project\data\r160\t6.0\t6.0_320.cif,0.26884124743327253,-0.8674838589677216,7.03077089808357
d:\New folder\project\data\r160\t7.2\t7.2_0.cif,-1.4419728733468116,-1.1629724077733388,8.013111826525591
d:\New folder\project\data\r160\t7.2\t7.2_120.cif,-0.8778041307607615,-0.9857031996623189,6.853531550347187
d:\New folder\project\data\r160\t6.0\t6.0_80.cif,-0.09670253936675072,-1.0966279757898583,6.487863243007936
d:\New folder\project\data\r160\t7.2\t7.2_140.cif,-0.4532682576155683,-1.2729526349386386,7.440610943301215
d:\New folder\project\data\r160\t7.2\t7.2_100.cif,-0.7018241349318036,-1.0281382793905025,6.765968477438325
d:\New folder\project\data\r160\t7.2\t7.2_160.cif,-0.8710260507242891,-1.3348760238297224,8.480485453962304
d:\New folder\project\data\r160\t7.2\t7.2_20.cif,-0.9999554819165819,-1.2632308073785408,8.595591289089592
d:\New folder\project\data\r160\t7.2\t7.2_180.cif,-0.7808125959408736,-1.3775651066751278,8.896669740290905
d:\New folder\project\data\r160\t7.2\t7.2_200.cif,-0.8946609384016309,-1.4283515096076478,9.129899238584628
d:\New folder\project\data\r160\t7.2\t7.2_260.cif,-0.980115852369327,-0.8145201483058175,7.207523888108238
d:\New folder\project\data\r160\t7.2\t7.2_240.cif,-0.9144391944837521,-1.0638094109895047,7.483219164703258
d:\New folder\project\data\r160\t7.2\t7.2_220.cif,-1.065878467123061,-1.4827134617688165,8.339942614674538
d:\New folder\project\data\r160\t7.2\t7.2_280.cif,-1.075096996855277,-0.8308633085298148,7.0981782608942785
d:\New folder\project\data\r160\t7.2\t7.2_340.cif,-1.390753562850934,-0.7543870702225031,7.262592228010077
d:\New folder\project\data\r160\t7.2\t7.2_320.cif,-1.3220456729987249,-0.8261568138985775,6.901835238185699
d:\New folder\project\data\r160\t7.2\t7.2_300.cif,-1.3457518160792161,-0.7435136981908952,6.7893291032106005
d:\New folder\project\data\r160\t8.4\t8.4_0.cif,-0.6385599904948507,-1.336605742483642,8.350281987045161
d:\New folder\project\data\r160\t7.2\t7.2_40.cif,-1.0541843639451987,-1.3383500810121247,8.776433637974094
d:\New folder\project\data\r160\t7.2\t7.2_80.cif,-1.3735055773502438,-1.2912861535573856,7.405717556771452
d:\New folder\project\data\r160\t7.2\t7.2_60.cif,-1.1462958761859532,-1.5184926654648832,7.89295925756658
d:\New folder\project\data\r160\t8.4\t8.4_120.cif,-0.6000092247795386,-1.04345989916669,6.931991429666749
d:\New folder\project\data\r160\t8.4\t8.4_100.cif,-0.7020183799554969,-1.446337367143169,7.086099938465316
d:\New folder\project\data\r160\t8.4\t8.4_140.cif,-0.4553054288103252,-1.3032057496271119,7.200512177380376
d:\New folder\project\data\r160\t8.4\t8.4_180.cif,-0.46835662488184204,-1.4272575425784022,8.709702933265206
d:\New folder\project\data\r160\t8.4\t8.4_160.cif,-0.49890917633012183,-1.1847673279666813,8.119433258077551
d:\New folder\project\data\r160\t8.4\t8.4_200.cif,-0.60107240034134,-1.2547800423277329,9.282659332298595
d:\New folder\project\data\r160\t8.4\t8.4_260.cif,-0.623195881507183,-0.6207639685596529,6.981871741565504
d:\New folder\project\data\r160\t8.4\t8.4_240.cif,-0.534667580173301,-0.8713051843410412,7.709381653426039
d:\New folder\project\data\r160\t8.4\t8.4_20.cif,-0.5853665961017263,-1.318820007472526,8.691059161477183
d:\New folder\project\data\r160\t8.4\t8.4_280.cif,-0.506052423525364,-0.8245615143387621,7.078867578261287
d:\New folder\project\data\r160\t8.4\t8.4_220.cif,-0.5148046777373482,-1.1940960306519022,8.597869874863022
d:\New folder\project\data\r160\t8.4\t8.4_40.cif,-0.6422740568293073,-1.3770276086105253,8.94695275776078
d:\New folder\project\data\r160\t8.4\t8.4_300.cif,-0.8931217281686736,-0.8293328706502983,6.9267442468153115
d:\New folder\project\data\r160\t8.4\t8.4_340.cif,-0.928477026426797,-0.826788815650545,7.69294173119842
d:\New folder\project\data\r160\t8.4\t8.4_320.cif,-1.3526845250083617,-0.5714905031874695,6.964191213450324
d:\New folder\project\data\r160\t9.6\t9.6_100.cif,0.7548258448182709,-1.5835315143073758,7.049450835613444
d:\New folder\project\data\r160\t9.6\t9.6_120.cif,0.632887675955865,-0.9999205217708754,6.893100714570591
d:\New folder\project\data\r160\t8.4\t8.4_60.cif,-0.6060029319789526,-1.5834491182833001,8.15262173758176
d:\New folder\project\data\r160\t8.4\t8.4_80.cif,-0.7346491308270681,-1.311122106067879,7.804446022968839
d:\New folder\project\data\r160\t9.6\t9.6_0.cif,0.6352251279057386,-1.3329273699654045,8.324420640146144
d:\New folder\project\data\r160\t9.6\t9.6_160.cif,0.15172897462162693,-1.30097973552036,7.9312216885219025
d:\New folder\project\data\r160\t9.6\t9.6_140.cif,0.28812695288800105,-1.3149453963359745,7.2232409404663525
d:\New folder\project\data\r160\t9.6\t9.6_20.cif,0.6466202985653011,-1.2318716943624184,8.700418776192892
d:\New folder\project\data\r160\t9.6\t9.6_200.cif,0.47421513697473305,-1.246975143803617,8.707226219560877
d:\New folder\project\data\r160\t9.6\t9.6_220.cif,0.630499230307482,-1.0931903234997407,8.020730661504928
d:\New folder\project\data\r160\t9.6\t9.6_240.cif,0.4557026194018883,-0.6741293964982888,7.404711148803253
d:\New folder\project\data\r160\t9.6\t9.6_180.cif,0.2824398895028226,-1.3970265641670556,8.426124024615065
d:\New folder\project\data\r160\t9.6\t9.6_340.cif,1.0257965184101405,-0.8059098731777095,7.633727454840986
d:\New folder\project\data\r160\t9.6\t9.6_280.cif,0.966203745972857,-0.7492316657555911,6.870503657591499
d:\New folder\project\data\r160\t9.6\t9.6_260.cif,0.7748309821754745,-0.7469916313151737,6.879419903710749
d:\New folder\project\data\r160\t9.6\t9.6_320.cif,1.3985715125883333,-0.32545205209103967,6.436612683744788
d:\New folder\project\data\r160\t9.6\t9.6_40.cif,0.6798927850293672,-1.3214544701029887,8.99114326696207
d:\New folder\project\data\r160\t9.6\t9.6_60.cif,0.6678171768921763,-1.6619432475039466,8.158896319354607
d:\New folder\project\data\r160\t9.6\t9.6_300.cif,1.2235163860643705,-0.6166366341750414,6.325158864873334
d:\New folder\project\data\r160\t9.6\t9.6_80.cif,0.7231291030590181,-1.42529387847825,7.851359961387114
d:\New folder\project\data\r180\t0\t0_120.cif,0.21285832820600298,-0.9679480917104372,6.68667323324002
d:\New folder\project\data\r180\t0\t0_0.cif,0.750662132457272,-1.064878399591903,7.83188948106047
d:\New folder\project\data\r180\t0\t0_100.cif,0.31568550724928335,-1.0854168194203488,6.86038892679794
d:\New folder\project\data\r180\t0\t0_140.cif,0.18213709413674029,-1.1479349686670903,7.238961382553494
d:\New folder\project\data\r180\t0\t0_160.cif,-0.09064959803115524,-1.3186231620958384,7.773278415629981
d:\New folder\project\data\r180\t0\t0_20.cif,0.3765257723209637,-0.8001166964952826,8.321144666359434
d:\New folder\project\data\r180\t0\t0_200.cif,-0.029889967837728793,-1.209802751476773,8.982536785578183
d:\New folder\project\data\r180\t0\t0_180.cif,-0.10288596279661899,-1.258686831641942,8.420245415260583
d:\New folder\project\data\r180\t0\t0_240.cif,0.12027075405948151,-0.6205418123178597,7.211070576026072
d:\New folder\project\data\r180\t0\t0_220.cif,-0.05142078904137193,-0.9697941761366967,8.126450753759114
d:\New folder\project\data\r180\t0\t0_260.cif,0.09732528608879887,-0.48212037745958997,6.7169910859582265
d:\New folder\project\data\r180\t0\t0_300.cif,1.656513337001876,-0.6643621423006061,6.116400547969882
d:\New folder\project\data\r180\t0\t0_320.cif,1.416121565356883,-0.5626758007003564,6.424266206280864
d:\New folder\project\data\r180\t0\t0_280.cif,0.25881874762428947,-0.6010755151598582,6.938144076456186
d:\New folder\project\data\r180\t0\t0_80.cif,0.2575470653169248,-1.1933637316529402,7.342744968838826
d:\New folder\project\data\r180\t0\t0_40.cif,0.21492103161906062,-1.4565388500452778,8.401522704578312
d:\New folder\project\data\r180\t0\t0_340.cif,1.739159737271649,-0.24502210774545286,6.530219345613403
d:\New folder\project\data\r180\t1.2\t1.2_0.cif,0.26419750316780544,-1.090635265203807,7.907126998260007
d:\New folder\project\data\r180\t1.2\t1.2_100.cif,0.7633103021698788,-1.047365913421051,6.822280985211698
d:\New folder\project\data\r180\t1.2\t1.2_160.cif,0.5069795563429406,-1.244927524047512,8.377155242484655
d:\New folder\project\data\r180\t0\t0_60.cif,0.2132297593666551,-1.3176869793189145,7.9217163898106175
d:\New folder\project\data\r180\t1.2\t1.2_20.cif,0.14737674360238678,-1.1811770484579387,8.543671940492716
d:\New folder\project\data\r180\t1.2\t1.2_120.cif,0.45635338315482066,-1.04484164793914,6.720747200146953
d:\New folder\project\data\r180\t1.2\t1.2_140.cif,0.5954661367074132,-1.1607135601435787,7.460071700217881
d:\New folder\project\data\r180\t1.2\t1.2_180.cif,0.3520048687053554,-1.409918395786471,9.051759791920679
d:\New folder\project\data\r180\t1.2\t1.2_240.cif,0.39643441148184866,-0.6314247359764678,7.0946647349027145
d:\New folder\project\data\r180\t1.2\t1.2_220.cif,-0.18113654533684742,-0.8276373013552882,7.861492105830915
d:\New folder\project\data\r180\t1.2\t1.2_200.cif,0.32825443289028344,-1.1798125557053838,9.07525418306687
d:\New folder\project\data\r180\t1.2\t1.2_260.cif,0.586519683112829,-0.5049544718267727,6.291594022453264
d:\New folder\project\data\r180\t1.2\t1.2_280.cif,0.0021469954804815283,-0.7476447884396027,6.029988038151816
d:\New folder\project\data\r180\t1.2\t1.2_300.cif,0.2617181683653639,-0.6559629509100702,6.0286073813597225
d:\New folder\project\data\r180\t1.2\t1.2_340.cif,0.39670507651225584,-0.349871400625597,6.50710938397637
d:\New folder\project\data\r180\t1.2\t1.2_320.cif,0.23691471850402188,-0.5668929804477668,6.459059736641353
d:\New folder\project\data\r180\t1.2\t1.2_60.cif,-0.12457827750827732,-1.2512841592421504,7.828673519128585
d:\New folder\project\data\r180\t1.2\t1.2_40.cif,-0.016742478330305566,-1.3083480884480652,8.590074214003018
d:\New folder\project\data\r180\t2.4\t2.4_100.cif,0.2823828734095003,-1.0795004335303395,6.44583508023368
d:\New folder\project\data\r180\t1.2\t1.2_80.cif,0.5296067917770414,-1.1557714372287367,7.36854516634764
d:\New folder\project\data\r180\t2.4\t2.4_160.cif,0.21767512271922218,-1.1935026961464754,8.396599986122974
d:\New folder\project\data\r180\t2.4\t2.4_200.cif,0.3325915528269163,-1.2552565703768463,9.314473614360246
d:\New folder\project\data\r180\t2.4\t2.4_180.cif,0.2792814901348766,-1.3778598259330286,9.228752876574557
d:\New folder\project\data\r180\t2.4\t2.4_0.cif,-0.18392702404391842,-1.1026625748420276,7.697745551271426
d:\New folder\project\data\r180\t2.4\t2.4_20.cif,0.5443418417416293,-1.1935329175053813,8.268667053356092
d:\New folder\project\data\r180\t2.4\t2.4_120.cif,0.36041667722621223,-0.9190773562386758,6.6940329661362545
d:\New folder\project\data\r180\t2.4\t2.4_140.cif,0.4210157318076512,-1.0961060607555353,7.525227136901917
d:\New folder\project\data\r180\t2.4\t2.4_220.cif,0.4763093162034272,-1.0499308827079967,8.458978441405867
d:\New folder\project\data\r180\t2.4\t2.4_240.cif,0.2883911316745753,-0.9130115045971017,7.076976460354313
d:\New folder\project\data\r180\t2.4\t2.4_280.cif,-0.581637982228616,-0.6847757932431314,6.1591624943365035
d:\New folder\project\data\r180\t2.4\t2.4_260.cif,0.16711010377077706,-0.6786991540762011,6.873817394210183
d:\New folder\project\data\r180\t2.4\t2.4_320.cif,-0.4471483239169342,-0.6423753310183854,6.366262832019467
d:\New folder\project\data\r180\t2.4\t2.4_300.cif,-0.38715572336546594,-0.6111568655785473,6.109606110875961
d:\New folder\project\data\r180\t2.4\t2.4_340.cif,0.2139886554991861,-0.9312004409787624,7.117523507266928
d:\New folder\project\data\r180\t2.4\t2.4_40.cif,0.3918575169606511,-1.2287312175133032,8.568999870170842
d:\New folder\project\data\r180\t2.4\t2.4_80.cif,0.14888605559358514,-1.2624548420437536,7.2141452914678
d:\New folder\project\data\r180\t3.6\t3.6_0.cif,-0.6033195068204037,-1.0828703325659808,7.896511091503274
d:\New folder\project\data\r180\t3.6\t3.6_140.cif,-0.7313999284312556,-1.152606473632828,7.44003322728221
d:\New folder\project\data\r180\t2.4\t2.4_60.cif,0.3577888855631364,-1.1672356962015775,7.773087826539614
d:\New folder\project\data\r180\t3.6\t3.6_160.cif,-0.705775220984475,-1.2402308268457933,8.219125832620175
d:\New folder\project\data\r180\t3.6\t3.6_100.cif,-0.2270399272097401,-1.0111372648676722,6.419557694612792
d:\New folder\project\data\r180\t3.6\t3.6_120.cif,-0.1965089052611615,-0.8951399874715484,6.762655299437234
d:\New folder\project\data\r180\t3.6\t3.6_180.cif,-0.6528421802271783,-1.4361990721737978,9.053258108033729
d:\New folder\project\data\r180\t3.6\t3.6_20.cif,-0.802296365736349,-1.2267663162440532,8.27876209302387
d:\New folder\project\data\r180\t3.6\t3.6_260.cif,-0.9399853701876757,-0.8264802674235563,7.087089735412533
d:\New folder\project\data\r180\t3.6\t3.6_200.cif,-0.7882133460291723,-1.2362434273906031,9.250554342245227
d:\New folder\project\data\r180\t3.6\t3.6_240.cif,-0.8304258406908602,-0.8712218209276152,7.4598391962195185
d:\New folder\project\data\r180\t3.6\t3.6_220.cif,-0.6370948461212513,-1.1250841711570898,8.43745835440255
d:\New folder\project\data\r180\t3.6\t3.6_300.cif,-0.7053633817825509,-0.671170209097518,7.090429717506259
d:\New folder\project\data\r180\t3.6\t3.6_280.cif,-0.9792609027126027,-0.8676930314334784,6.97758771523855
d:\New folder\project\data\r180\t3.6\t3.6_340.cif,-0.8318878268020878,-0.9096764707602729,7.472545336481755
d:\New folder\project\data\r180\t3.6\t3.6_80.cif,-0.8807898071136084,-1.178739069005338,7.256105623094042
d:\New folder\project\data\r180\t4.8\t4.8_0.cif,0.5932523176526301,-1.1940856158826816,7.824719796749474
d:\New folder\project\data\r180\t3.6\t3.6_40.cif,-0.8011298633101733,-1.2355412840096034,8.555922045573144
d:\New folder\project\data\r180\t3.6\t3.6_60.cif,-0.8629356023188917,-1.1826757048564314,7.787943341513111
d:\New folder\project\data\r180\t3.6\t3.6_320.cif,-0.8652113644586927,-0.8821229503655496,7.304560284975147
d:\New folder\project\data\r180\t4.8\t4.8_160.cif,-0.37593031880984473,-1.1384705361976977,7.716123719937026
d:\New folder\project\data\r180\t4.8\t4.8_100.cif,0.5874003908802676,-0.9216779384620333,6.564598344491267
d:\New folder\project\data\r180\t4.8\t4.8_120.cif,0.374592240186298,-0.9698013511055581,6.812168882320527
d:\New folder\project\data\r180\t4.8\t4.8_180.cif,0.37198718560963095,-1.3953556178992759,9.124890998538124
d:\New folder\project\data\r180\t4.8\t4.8_200.cif,0.45336670344431107,-1.2289571036001412,9.262714499455564
d:\New folder\project\data\r180\t4.8\t4.8_20.cif,0.48890427435145467,-1.1898246600517135,8.325419203987389
d:\New folder\project\data\r180\t4.8\t4.8_140.cif,0.24068118018300333,-1.1217845453153454,7.427919987110653
d:\New folder\project\data\r180\t4.8\t4.8_220.cif,0.6630167210683979,-1.101114744790168,8.337305432079676
d:\New folder\project\data\r180\t4.8\t4.8_300.cif,0.41985634773825503,-0.6606023758163073,7.086703465313605
d:\New folder\project\data\r180\t4.8\t4.8_240.cif,0.5001269672404286,-0.8318535756935747,7.489551661537327
d:\New folder\project\data\r180\t4.8\t4.8_260.cif,0.4310255945269124,-0.7347040280262727,7.209257953755034
d:\New folder\project\data\r180\t4.8\t4.8_320.cif,0.4950824900908521,-0.7899028229762588,7.116163999225782
d:\New folder\project\data\r180\t4.8\t4.8_340.cif,0.4940585461087717,-0.8848482908820746,7.472254181595886
d:\New folder\project\data\r180\t4.8\t4.8_280.cif,0.45866452393924034,-0.8816905419046256,6.996224294873104
d:\New folder\project\data\r180\t4.8\t4.8_60.cif,0.6064999892876373,-1.153966657005553,7.59196655978078
d:\New folder\project\data\r180\t4.8\t4.8_80.cif,0.5488839225072042,-1.077231807117321,7.357905839554101
d:\New folder\project\data\r180\t4.8\t4.8_40.cif,0.5108685453905009,-1.213767579068545,8.562376084547969
d:\New folder\project\data\r180\t6.0\t6.0_100.cif,0.2468852360317885,-0.9616168279793409,6.514462805936459
d:\New folder\project\data\r180\t6.0\t6.0_120.cif,0.07467137943795088,-0.8978517107908325,6.564284705682713
d:\New folder\project\data\r180\t6.0\t6.0_140.cif,-1.7397547724149183,-1.002629347005935,7.545351947015853
d:\New folder\project\data\r180\t6.0\t6.0_180.cif,-1.1491430132017055,-1.5806496798351124,9.08532078727792
d:\New folder\project\data\r180\t6.0\t6.0_0.cif,-0.0008982385522012248,-1.159039521254577,7.791302010963575
d:\New folder\project\data\r180\t6.0\t6.0_160.cif,-1.5205050644060059,-1.2485716626782657,8.502448428878614
d:\New folder\project\data\r180\t6.0\t6.0_20.cif,0.0388036703138257,-1.208149979186637,8.280917046806605
d:\New folder\project\data\r180\t6.0\t6.0_240.cif,0.20687568256074534,-0.8912000439239162,7.606849284909325
d:\New folder\project\data\r180\t6.0\t6.0_200.cif,-0.5359539626847885,-1.347414393362831,9.077406176603485
d:\New folder\project\data\r180\t6.0\t6.0_320.cif,0.39095998358654194,-0.9585810890398467,6.986495925697451
d:\New folder\project\data\r180\t6.0\t6.0_300.cif,0.03163517437397956,-0.86394063761755,6.91294745109425
d:\New folder\project\data\r180\t6.0\t6.0_260.cif,0.24366191330746312,-0.7118345285853109,7.063135121384757
d:\New folder\project\data\r180\t6.0\t6.0_220.cif,0.3245253083206085,-1.0591412480037874,8.38628665261633
d:\New folder\project\data\r180\t6.0\t6.0_280.cif,0.09690895971202085,-0.8096533091882859,6.999083948050609
d:\New folder\project\data\r180\t6.0\t6.0_340.cif,0.1319603273110378,-0.9166251783680484,7.261346669598687
d:\New folder\project\data\r180\t6.0\t6.0_60.cif,0.06585472662774339,-1.1365095791813868,7.559504540740881
d:\New folder\project\data\r180\t6.0\t6.0_40.cif,0.09221520815247469,-1.1807880173218939,8.418857831780809
d:\New folder\project\data\r180\t7.2\t7.2_0.cif,-1.283695547860897,-1.2052631355687506,7.787266349323876
d:\New folder\project\data\r180\t7.2\t7.2_100.cif,-0.4550796795613095,-1.0713449258089272,6.646069171279935
d:\New folder\project\data\r180\t6.0\t6.0_80.cif,0.1992416835820569,-1.0356951180930742,7.248246828198667
d:\New folder\project\data\r180\t7.2\t7.2_160.cif,-0.5323590159652651,-1.294421174185446,8.21045919406832
d:\New folder\project\data\r180\t7.2\t7.2_20.cif,-1.0860485993904898,-1.2018948946094712,8.430740662326707
d:\New folder\project\data\r180\t7.2\t7.2_120.cif,-0.3217995663258403,-0.8929183357234701,6.672404013959049
d:\New folder\project\data\r180\t7.2\t7.2_180.cif,-0.9625802877492236,-1.4684807943091152,9.059149848900992
d:\New folder\project\data\r180\t7.2\t7.2_140.cif,-0.614634408777528,-1.1309015240555071,7.4549701866709235
d:\New folder\project\data\r180\t7.2\t7.2_300.cif,-1.1938657646310111,-0.7552297540709825,6.17786629943323
d:\New folder\project\data\r180\t7.2\t7.2_200.cif,-0.8269068002717124,-1.1702633508203208,8.964387475330627
d:\New folder\project\data\r180\t7.2\t7.2_260.cif,-1.0440612075607707,-0.5958704323830043,6.944534105883553
d:\New folder\project\data\r180\t7.2\t7.2_240.cif,-0.9722267655304819,-0.7693892935194155,7.593257521614946
d:\New folder\project\data\r180\t7.2\t7.2_280.cif,-1.0070967263293358,-0.7903700485736869,6.983243012014966
d:\New folder\project\data\r180\t7.2\t7.2_220.cif,-1.1085016362159408,-0.9863217513799136,8.470369854451155
d:\New folder\project\data\r180\t7.2\t7.2_40.cif,-1.0232408605516399,-1.2907698138824095,8.576879114900139
d:\New folder\project\data\r180\t7.2\t7.2_320.cif,-1.2128970229675766,-0.7562890904168835,6.4997698659517225
d:\New folder\project\data\r180\t8.4\t8.4_0.cif,-0.6307083665994657,-1.1942364716229705,8.153874442944835
d:\New folder\project\data\r180\t7.2\t7.2_340.cif,-1.356479821495558,-0.8422830067063019,7.148995585683464
d:\New folder\project\data\r180\t7.2\t7.2_80.cif,-1.064363368319307,-1.125917773553612,7.309177087557579
d:\New folder\project\data\r180\t7.2\t7.2_60.cif,-1.1140257215891818,-1.1837583333035384,7.819164453738832
d:\New folder\project\data\r180\t8.4\t8.4_120.cif,-0.8363954422150788,-1.4398310111352375,6.3796158768140625
d:\New folder\project\data\r180\t8.4\t8.4_100.cif,-0.6980652864207031,-1.1128590054764855,6.822274528473754
d:\New folder\project\data\r180\t8.4\t8.4_160.cif,-0.680410998487797,-1.3396882077524306,8.039344600188594
d:\New folder\project\data\r180\t8.4\t8.4_200.cif,-0.820454770766326,-1.1773431841829602,8.980080150913695
d:\New folder\project\data\r180\t8.4\t8.4_180.cif,-0.8176672951170929,-1.4463526213361781,8.905701521696331
d:\New folder\project\data\r180\t8.4\t8.4_140.cif,-0.371097069513149,-1.1514742014005186,7.171162547462558
d:\New folder\project\data\r180\t8.4\t8.4_20.cif,-0.677848347704959,-1.2557779091715173,8.60906452333663
d:\New folder\project\data\r180\t8.4\t8.4_220.cif,-0.8500891335589964,-0.855953561067049,8.36266352226848
d:\New folder\project\data\r180\t8.4\t8.4_340.cif,-0.9623033537510833,-0.3767322516908131,6.592066368769627
d:\New folder\project\data\r180\t8.4\t8.4_260.cif,-0.7667046669243779,-0.4607064152687136,6.755498380534758
d:\New folder\project\data\r180\t8.4\t8.4_320.cif,-0.9386595294799018,-0.7825645626366224,6.540370786560563
d:\New folder\project\data\r180\t8.4\t8.4_240.cif,-0.6489914154798386,-0.736130895611777,7.431339897950599
d:\New folder\project\data\r180\t8.4\t8.4_280.cif,-0.6664221903664505,-0.4771621615409325,6.808188847012456
d:\New folder\project\data\r180\t8.4\t8.4_300.cif,-1.34652103616513,-0.534513832176982,6.23089663410665
d:\New folder\project\data\r180\t9.6\t9.6_120.cif,0.4846246401731859,-0.998387046267588,6.6590657561134865
d:\New folder\project\data\r180\t8.4\t8.4_60.cif,-0.7398899207474119,-1.278807117458862,7.911297763918376
d:\New folder\project\data\r180\t8.4\t8.4_40.cif,-0.6136271406068549,-1.2768117210601342,8.62843343156722
d:\New folder\project\data\r180\t9.6\t9.6_0.cif,0.5168952120610235,-1.3400634217402343,8.143513364516709
d:\New folder\project\data\r180\t8.4\t8.4_80.cif,-0.7235437117492705,-1.2189562000928647,7.3994488605884206
d:\New folder\project\data\r180\t9.6\t9.6_100.cif,0.5020732111314838,-1.1886802316208986,6.770871857407452
d:\New folder\project\data\r180\t9.6\t9.6_160.cif,0.36259097000533036,-1.3111355600899404,8.172698092399575
d:\New folder\project\data\r180\t9.6\t9.6_220.cif,0.21920024326253962,-0.9974985027929153,8.2078530518094
d:\New folder\project\data\r180\t9.6\t9.6_180.cif,0.1656453094042768,-1.4164299216427658,8.859014863162967
d:\New folder\project\data\r180\t9.6\t9.6_240.cif,0.2739732320668987,-0.6618507985042912,7.272593538682479
d:\New folder\project\data\r180\t9.6\t9.6_200.cif,0.13704167496829534,-1.1723586191610098,8.915712844221023
d:\New folder\project\data\r180\t9.6\t9.6_20.cif,0.6497155311914831,-1.2149324555317096,8.6278442636861
d:\New folder\project\data\r180\t9.6\t9.6_140.cif,0.43949028668539125,-1.1758900670748933,7.328744751238965
d:\New folder\project\data\r180\t9.6\t9.6_260.cif,0.3278518923723055,-0.46790121255357686,6.652950501538208
d:\New folder\project\data\r180\t9.6\t9.6_320.cif,1.5826799124494946,-0.6391350925653467,6.45728508081858
d:\New folder\project\data\r180\t9.6\t9.6_300.cif,1.6484408876268708,-0.745933088767988,6.142980437830958
d:\New folder\project\data\r180\t9.6\t9.6_60.cif,0.5172869671926231,-1.2481205350197337,7.960746501632234
d:\New folder\project\data\r180\t9.6\t9.6_40.cif,0.6173011591876985,-1.2805147606582035,8.630851790560675
d:\New folder\project\data\r180\t9.6\t9.6_280.cif,1.343611743520332,-0.6317834334502788,6.265129427500758
d:\New folder\project\data\r180\t9.6\t9.6_80.cif,0.45835766532456723,-1.2120055238530008,7.468042317370895
d:\New folder\project\data\r180\t9.6\t9.6_340.cif,1.7366994134566782,-0.3251126491770162,6.528647726403705
d:\New folder\project\data\r200\t0\t0_100.cif,0.32808821159596807,-1.2911275613077549,6.4613630223645915
d:\New folder\project\data\r200\t0\t0_160.cif,0.1423715048864882,-1.2513744987021267,7.797517849167349
d:\New folder\project\data\r200\t0\t0_140.cif,0.3687176799853843,-1.128422903098331,7.010631086948891
d:\New folder\project\data\r200\t0\t0_20.cif,0.4045485856239196,-0.9199458988305582,7.850763515506346
d:\New folder\project\data\r200\t0\t0_120.cif,0.3507153325882653,-0.9323053116867165,6.4359174713625285
d:\New folder\project\data\r200\t0\t0_0.cif,1.7415665748229627,-0.4829647206187007,6.702740648832063
d:\New folder\project\data\r200\t0\t0_200.cif,0.005508206431781182,-1.1759101730412378,8.040176262883547
d:\New folder\project\data\r200\t0\t0_180.cif,-0.18068159003181872,-1.4344875452543113,8.086607923451368
d:\New folder\project\data\r200\t0\t0_260.cif,0.2542388345396967,-0.6857977986353067,6.605698416466522
d:\New folder\project\data\r200\t0\t0_240.cif,-0.10600930670069264,-0.7060077804389298,6.793344639439451
d:\New folder\project\data\r200\t0\t0_280.cif,0.373314528188038,-0.6361731047661308,6.553841917606919
d:\New folder\project\data\r200\t0\t0_320.cif,1.7858487906845477,-0.3312852403621628,6.028583224002475
d:\New folder\project\data\r200\t0\t0_300.cif,1.27856722696745,-0.5557044081482541,5.994739024721027
d:\New folder\project\data\r200\t0\t0_40.cif,0.33965419145439385,-1.1519942204817442,8.38756735183246
d:\New folder\project\data\r200\t0\t0_220.cif,0.16694563725591915,-0.9792416802828428,7.367331003723863
d:\New folder\project\data\r200\t0\t0_60.cif,0.2570663734267994,-1.4991961206952116,7.537805861186309
d:\New folder\project\data\r200\t0\t0_80.cif,0.3130022410421087,-1.2824181394943968,7.113316054829433
d:\New folder\project\data\r200\t0\t0_340.cif,1.651526674727842,-0.7327296248390541,6.496542376658793
d:\New folder\project\data\r200\t1.2\t1.2_0.cif,0.45865770075110757,-0.9908554805715266,6.93106178555154
d:\New folder\project\data\r200\t1.2\t1.2_100.cif,0.7848912158454404,-1.003775158515657,6.3604154223913
d:\New folder\project\data\r200\t1.2\t1.2_160.cif,0.664596170044584,-1.2046897892662203,7.820676083767428
d:\New folder\project\data\r200\t1.2\t1.2_140.cif,0.7136591688879856,-1.051935106732153,7.112969827875394
d:\New folder\project\data\r200\t1.2\t1.2_120.cif,0.5781501429808007,-0.8914394914450463,6.409902913827742
d:\New folder\project\data\r200\t1.2\t1.2_20.cif,0.153217632540618,-1.1052038009423584,7.966983036031815
d:\New folder\project\data\r200\t1.2\t1.2_220.cif,-0.08312775753758683,-1.3342486997340308,6.986716727685333
d:\New folder\project\data\r200\t1.2\t1.2_200.cif,-0.08231994634969819,-1.2149178860283167,8.146377622873956
d:\New folder\project\data\r200\t1.2\t1.2_240.cif,-0.21977837438557196,-1.076322501488326,6.61920577638519
d:\New folder\project\data\r200\t1.2\t1.2_260.cif,-0.007449536528442657,-0.82559448773732,6.47843033820804
d:\New folder\project\data\r200\t1.2\t1.2_180.cif,-0.5902216567771248,-1.6274815691713425,8.1529939731638
d:\New folder\project\data\r200\t1.2\t1.2_320.cif,0.47033525122861186,-0.41626863134236003,6.092194145488874
d:\New folder\project\data\r200\t1.2\t1.2_300.cif,0.32883574906246504,-0.7758173097005922,5.985132286305771
d:\New folder\project\data\r200\t1.2\t1.2_280.cif,-0.010967262537586009,-0.9004347575880256,6.024551077853876
d:\New folder\project\data\r200\t1.2\t1.2_60.cif,0.03433193926341027,-1.361959140352094,7.369666241726701
d:\New folder\project\data\r200\t1.2\t1.2_80.cif,0.8790924913416378,-1.2905454968362389,6.6738992051785875
d:\New folder\project\data\r200\t1.2\t1.2_40.cif,0.036691973318219606,-1.2872426879824206,8.213324320748212
d:\New folder\project\data\r200\t1.2\t1.2_340.cif,0.3645094389793047,-0.6875610363321079,6.500580576693322
d:\New folder\project\data\r200\t2.4\t2.4_100.cif,0.37584074136274215,-1.183719881089215,6.089900447735632
d:\New folder\project\data\r200\t2.4\t2.4_0.cif,-0.31361278551259564,-1.072178855169188,7.066985003503058
d:\New folder\project\data\r200\t2.4\t2.4_160.cif,0.4953142648396948,-1.0991674848987163,7.739958314445468
d:\New folder\project\data\r200\t2.4\t2.4_140.cif,0.49592714229596546,-1.0736626579823605,7.070334111790255
d:\New folder\project\data\r200\t2.4\t2.4_120.cif,0.4687373068249433,-0.9528408018770546,6.283273062863108
d:\New folder\project\data\r200\t2.4\t2.4_180.cif,0.4269997116682562,-1.4664060138211374,8.610797541551692
d:\New folder\project\data\r200\t2.4\t2.4_20.cif,0.40754818574482204,-1.1180834476988935,7.832027771121447
d:\New folder\project\data\r200\t2.4\t2.4_200.cif,0.2725930121677287,-1.4985635293416317,8.516647213753247
d:\New folder\project\data\r200\t2.4\t2.4_240.cif,0.5707636324924618,-0.8519539681097821,6.614900634335056
d:\New folder\project\data\r200\t2.4\t2.4_220.cif,0.4630472904531453,-0.887044978221394,7.047284718216213
d:\New folder\project\data\r200\t2.4\t2.4_320.cif,-0.24046675188474592,-0.4830248269036234,6.14180188859147
d:\New folder\project\data\r200\t2.4\t2.4_260.cif,0.24889860627878357,-0.7469073968338111,6.272393417907939
d:\New folder\project\data\r200\t2.4\t2.4_300.cif,-0.15901703156177394,-0.917084633806953,5.981702585874465
d:\New folder\project\data\r200\t2.4\t2.4_280.cif,-0.33882831083316073,-1.021755963921658,6.142917881308253
d:\New folder\project\data\r200\t2.4\t2.4_40.cif,0.49324623107361665,-1.0955930281496828,7.988802024613249
d:\New folder\project\data\r200\t2.4\t2.4_340.cif,-1.0995514011819916,-0.6367030969785883,6.515190634887271
d:\New folder\project\data\r200\t3.6\t3.6_100.cif,-0.8455056886495802,-1.223681406918003,6.118586719143362
d:\New folder\project\data\r200\t2.4\t2.4_80.cif,0.13765006923035683,-1.2527510266904425,6.432946987819375
d:\New folder\project\data\r200\t2.4\t2.4_60.cif,0.36639058122961954,-1.1535336854831304,6.8233357533413175
d:\New folder\project\data\r200\t3.6\t3.6_0.cif,-0.7150285180159623,-1.1531094528635775,7.3896751784550805
d:\New folder\project\data\r200\t3.6\t3.6_120.cif,-0.21241793287064048,-0.93410404553521,6.218833394238545
d:\New folder\project\data\r200\t3.6\t3.6_180.cif,-0.19388689693641897,-1.1702423909183441,7.991505939952643
d:\New folder\project\data\r200\t3.6\t3.6_140.cif,-0.7216417947831224,-0.8802233567967128,6.6740972536945575
d:\New folder\project\data\r200\t3.6\t3.6_160.cif,-0.7016628285373707,-1.0389763251546402,7.254159025193572
d:\New folder\project\data\r200\t3.6\t3.6_200.cif,-1.0556599653822665,-1.1810421441062366,7.738918583809369
d:\New folder\project\data\r200\t3.6\t3.6_20.cif,-0.9138109527172872,-1.2952066096083652,7.879365367738173
d:\New folder\project\data\r200\t3.6\t3.6_240.cif,-1.413047794607666,-0.3311755437409946,6.550992939212835
d:\New folder\project\data\r200\t3.6\t3.6_220.cif,-1.3407904209085393,-0.838247824170229,7.170805591189084
d:\New folder\project\data\r200\t3.6\t3.6_260.cif,-0.8762420982992072,-0.5617021780970748,6.65228924652162
d:\New folder\project\data\r200\t3.6\t3.6_300.cif,-0.7931257007814709,-0.728594962958218,6.350612251587775
d:\New folder\project\data\r200\t3.6\t3.6_280.cif,-0.918564510927937,-0.6604986933715774,6.725852498161813
d:\New folder\project\data\r200\t3.6\t3.6_320.cif,-0.82119992753321,-0.6301197482371061,6.816762484539217
d:\New folder\project\data\r200\t3.6\t3.6_40.cif,-0.781553239611301,-1.2644328952240507,8.177441808372924
d:\New folder\project\data\r200\t4.8\t4.8_100.cif,0.4682113311698557,-0.9110689836483099,6.178626747451237
d:\New folder\project\data\r200\t3.6\t3.6_340.cif,-0.8047469799659526,-0.888370611365253,7.494037181044662
d:\New folder\project\data\r200\t3.6\t3.6_60.cif,-0.8302809924637288,-1.167341865869665,7.500194889034754
d:\New folder\project\data\r200\t3.6\t3.6_80.cif,-1.2134996677593954,-1.6034369821983845,6.151233144737486
d:\New folder\project\data\r200\t4.8\t4.8_0.cif,0.6210497787915144,-1.2019392133279525,7.437812824035695
d:\New folder\project\data\r200\t4.8\t4.8_140.cif,0.34664659305077106,-1.096316938867773,7.004646850731816
d:\New folder\project\data\r200\t4.8\t4.8_120.cif,0.3575172049210902,-0.9178091581385706,6.702791653753127
d:\New folder\project\data\r200\t4.8\t4.8_20.cif,0.615677615239005,-1.3342201026538825,7.953907794510577
d:\New folder\project\data\r200\t4.8\t4.8_200.cif,-0.48515627100537384,-1.0039898367670355,7.8854669600766325
d:\New folder\project\data\r200\t4.8\t4.8_160.cif,0.1464230996488095,-1.1108400731751111,7.373199498210144
d:\New folder\project\data\r200\t4.8\t4.8_260.cif,0.4549353773874557,-0.6822099937919642,6.7297030561464775
d:\New folder\project\data\r200\t4.8\t4.8_240.cif,-0.5358741249582549,-0.18497993500734178,6.608055863645014
d:\New folder\project\data\r200\t4.8\t4.8_220.cif,-0.5056835428578513,-0.6671913822906588,7.225458232012616
d:\New folder\project\data\r200\t4.8\t4.8_180.cif,-0.01723265219698178,-1.142452212951655,7.977180646291874
d:\New folder\project\data\r200\t4.8\t4.8_280.cif,0.5232772547376605,-0.7226698007142298,6.725641286506281
d:\New folder\project\data\r200\t4.8\t4.8_300.cif,0.44301654964533715,-0.7696297504514618,6.632886985401835
d:\New folder\project\data\r200\t4.8\t4.8_320.cif,0.5898959177696999,-0.6217827088448797,6.857995233047382
d:\New folder\project\data\r200\t4.8\t4.8_340.cif,0.470816990477481,-0.9662150277829931,7.42465814666487
d:\New folder\project\data\r200\t6.0\t6.0_0.cif,0.20728051909818535,-1.1632351486544514,7.42394193777146
d:\New folder\project\data\r200\t4.8\t4.8_80.cif,0.6253290701705692,-1.27633233701511,6.397863285367407
d:\New folder\project\data\r200\t4.8\t4.8_40.cif,0.5206374214807921,-1.2799361111411829,8.187761384371992
d:\New folder\project\data\r200\t6.0\t6.0_120.cif,0.10162599876203665,-1.0212942852923867,6.334709029398627
d:\New folder\project\data\r200\t4.8\t4.8_60.cif,1.271563628124891,-1.1291899733498016,7.155083919063339
d:\New folder\project\data\r200\t6.0\t6.0_20.cif,0.10464700697804247,-1.2659178778141102,8.088360070972627
d:\New folder\project\data\r200\t6.0\t6.0_100.cif,0.16744598025716873,-0.7632610903258377,5.938665919756168
d:\New folder\project\data\r200\t6.0\t6.0_200.cif,-0.6451495589007629,-1.251986785415239,8.852509689837659
d:\New folder\project\data\r200\t6.0\t6.0_140.cif,-1.6015767592995906,-1.0256489064852636,6.9802757384134475
d:\New folder\project\data\r200\t6.0\t6.0_160.cif,-1.6697170726861386,-1.1641515072225834,7.956458043886632
d:\New folder\project\data\r200\t6.0\t6.0_220.cif,0.2171097887252899,-1.2508891970789688,7.641292200145157
d:\New folder\project\data\r200\t6.0\t6.0_180.cif,-1.3890047808055157,-1.344767822697746,8.489853500043946
d:\New folder\project\data\r200\t6.0\t6.0_240.cif,0.2487919373326415,-0.8859629473539262,7.0041745685348085
d:\New folder\project\data\r200\t6.0\t6.0_280.cif,0.3727070578518895,-0.6478083591457038,6.539922874786879
d:\New folder\project\data\r200\t6.0\t6.0_260.cif,0.3265223782108461,-0.6395542951164357,6.993471199802306
d:\New folder\project\data\r200\t6.0\t6.0_320.cif,0.32384006705928403,-0.8444595919652429,6.8985203458880004
d:\New folder\project\data\r200\t6.0\t6.0_40.cif,0.07919914787205945,-1.2375646584863957,8.124741159337251
d:\New folder\project\data\r200\t6.0\t6.0_300.cif,1.027377703612471,-0.6791445229495978,6.103264195761247
d:\New folder\project\data\r200\t6.0\t6.0_340.cif,0.18477794285683236,-0.8641332508687907,7.325962540252936
d:\New folder\project\data\r200\t6.0\t6.0_80.cif,0.0858311073598878,-1.0004655964141687,6.316485008335311
d:\New folder\project\data\r200\t7.2\t7.2_0.cif,-1.23350893954023,-1.1250365911976767,7.299121001489076
d:\New folder\project\data\r200\t7.2\t7.2_100.cif,-1.0244241519609278,-0.9757437036953228,6.2378674966310035
d:\New folder\project\data\r200\t7.2\t7.2_120.cif,-1.0320819816726938,-0.8694473785611093,6.391488575206137
d:\New folder\project\data\r200\t7.2\t7.2_140.cif,-0.9691167665872942,-1.0878149947256122,7.119062468888808
d:\New folder\project\data\r200\t6.0\t6.0_60.cif,0.1744406131048531,-1.0814166826298286,7.000406463186233
d:\New folder\project\data\r200\t7.2\t7.2_160.cif,-0.9260611335255384,-1.2750717741663686,7.930891893929358
d:\New folder\project\data\r200\t7.2\t7.2_200.cif,-0.6646646416565511,-1.2670693625651068,8.35944888722056
d:\New folder\project\data\r200\t7.2\t7.2_180.cif,-0.4625801396929697,-1.4806335523887961,8.200324052718434
d:\New folder\project\data\r200\t7.2\t7.2_220.cif,-0.8830815720056482,-1.200201447781036,7.650870814039891
d:\New folder\project\data\r200\t7.2\t7.2_20.cif,-1.100542763962539,-1.1794425096210501,7.941150653843642
d:\New folder\project\data\r200\t7.2\t7.2_260.cif,-0.7598665422736789,-0.5375339228929921,6.465415485425129
d:\New folder\project\data\r200\t7.2\t7.2_240.cif,-0.7542418617324257,-0.7484347148830908,6.980389905375963
d:\New folder\project\data\r200\t7.2\t7.2_280.cif,-0.6746745496453572,-0.8051688114470374,6.191781937825653
d:\New folder\project\data\r200\t7.2\t7.2_300.cif,-0.9790454832132196,-0.7200692395072212,6.06457021319956
d:\New folder\project\data\r200\t7.2\t7.2_60.cif,-1.220046976977347,-1.2068054720158847,7.211412323174818
d:\New folder\project\data\r200\t7.2\t7.2_40.cif,-1.193237020404923,-1.2614523108346627,8.124303577430364
d:\New folder\project\data\r200\t7.2\t7.2_340.cif,-1.0666809933311867,-0.6823111916072342,6.4528528048348885
d:\New folder\project\data\r200\t7.2\t7.2_320.cif,-1.18105326895164,-0.5627648153717366,6.148746099247728
d:\New folder\project\data\r200\t7.2\t7.2_80.cif,-1.132602945858462,-1.0872138192653378,6.825741264616377
d:\New folder\project\data\r200\t8.4\t8.4_0.cif,-0.9624441853649374,-1.2724099133321474,7.705697080181387
d:\New folder\project\data\r200\t8.4\t8.4_100.cif,-0.6739777849066784,-1.2214775246551008,6.430433291153352
d:\New folder\project\data\r200\t8.4\t8.4_120.cif,-0.4261014722220756,-0.8413790892450592,6.428197076810037
d:\New folder\project\data\r200\t8.4\t8.4_20.cif,-0.6321693589695401,-1.0095903173878404,7.8051433680821525
d:\New folder\project\data\r200\t8.4\t8.4_200.cif,-0.4742735666924565,-1.1469850845320904,8.178543031541315
d:\New folder\project\data\r200\t8.4\t8.4_140.cif,-0.7644820677648917,-1.4349961527000834,6.726328029259798
d:\New folder\project\data\r200\t8.4\t8.4_220.cif,-0.5233250280460919,-1.1201347250943752,7.535390308878144
d:\New folder\project\data\r200\t8.4\t8.4_180.cif,-0.5611550497275779,-1.4970070754437779,8.078104882354394
d:\New folder\project\data\r200\t8.4\t8.4_240.cif,-0.6344744276701388,-0.6346445423574771,6.867890532395722
d:\New folder\project\data\r200\t8.4\t8.4_160.cif,-0.5441766188292159,-1.3911158415702662,7.370459566422607
d:\New folder\project\data\r200\t8.4\t8.4_300.cif,-1.0861081822662084,-0.6358140401637015,6.03989343510258
d:\New folder\project\data\r200\t8.4\t8.4_280.cif,-0.7631724514615958,-0.5319887948565755,6.507203590377735
d:\New folder\project\data\r200\t8.4\t8.4_260.cif,-0.7448398374730805,-0.5302114694976603,6.569748020984662
d:\New folder\project\data\r200\t8.4\t8.4_320.cif,-1.6046045703862628,-0.2973064859249152,5.96658529672258
d:\New folder\project\data\r200\t8.4\t8.4_340.cif,-0.922798475886072,-0.6813242996950306,6.508321555007427
d:\New folder\project\data\r200\t8.4\t8.4_60.cif,-0.7163086814726094,-1.4880965624311053,7.459899512668212
d:\New folder\project\data\r200\t8.4\t8.4_40.cif,-0.6513962277799289,-1.2902622354063167,8.316143643393389
d:\New folder\project\data\r200\t8.4\t8.4_80.cif,-0.7438747973447632,-1.291324129668355,7.098748308667602
d:\New folder\project\data\r200\t9.6\t9.6_160.cif,0.5248108604151462,-1.2671254150402311,7.8497306901832395
d:\New folder\project\data\r200\t9.6\t9.6_0.cif,1.8949003334633796,-0.9918311086085847,6.892684502579066
d:\New folder\project\data\r200\t9.6\t9.6_100.cif,0.5080697171177551,-1.3341664706613434,6.412505508140325
d:\New folder\project\data\r200\t9.6\t9.6_120.cif,0.480666210373879,-0.9485634268569499,6.355408280864021
d:\New folder\project\data\r200\t9.6\t9.6_140.cif,0.5861780006579264,-1.0034298283487908,6.796350126000289
d:\New folder\project\data\r200\t9.6\t9.6_180.cif,-0.1588575145034482,-1.4911041390717377,8.065338313845649
d:\New folder\project\data\r200\t9.6\t9.6_20.cif,0.8070318727650343,-0.9275751847064067,7.744707810239654
d:\New folder\project\data\r200\t9.6\t9.6_220.cif,0.12408594426589481,-0.9790175429983697,7.338696259140186
d:\New folder\project\data\r200\t9.6\t9.6_240.cif,0.057710544971439126,-0.6878637805843882,6.841507752559225
d:\New folder\project\data\r200\t9.6\t9.6_320.cif,1.9307003091755013,-0.5780353736605315,6.206136601162075
d:\New folder\project\data\r200\t9.6\t9.6_200.cif,0.007269748049559044,-1.1056517955063905,8.059295234117286
d:\New folder\project\data\r200\t9.6\t9.6_260.cif,0.5907398370865118,-0.7064042950465733,6.660402932010137
d:\New folder\project\data\r200\t9.6\t9.6_40.cif,0.6281391318372813,-1.2682765088989632,8.366455118561689
d:\New folder\project\data\r200\t9.6\t9.6_280.cif,0.7572540762199123,-0.8771459004034149,6.523029317259349
d:\New folder\project\data\r200\t9.6\t9.6_300.cif,1.3244494531836328,-0.7103016078473164,5.884408972055947
d:\New folder\project\data\r200\t9.6\t9.6_80.cif,0.8539328651732553,-1.5952210397586661,6.865179524816073
d:\New folder\project\data\r200\t9.6\t9.6_340.cif,1.734524590556531,-0.6819053237881845,6.547463997935511
d:\New folder\project\data\r200\t9.6\t9.6_60.cif,0.6227588234609992,-1.5031832990193899,7.515914584015078
d:\New folder\project\data\r220\t0\t0_120.cif,0.3827721275592531,-0.6227356967008473,5.800311536761104
d:\New folder\project\data\r220\t0\t0_0.cif,0.6444509175190121,-0.9124003718085281,7.460451641008437
d:\New folder\project\data\r220\t0\t0_140.cif,0.5563420424181388,-1.0576516376082377,6.6567843798018815
d:\New folder\project\data\r220\t0\t0_160.cif,0.39464119101222506,-1.159494249594634,7.473517364898149
d:\New folder\project\data\r220\t0\t0_100.cif,0.44002393099328996,-1.1650124986767647,5.855666552440982
d:\New folder\project\data\r220\t0\t0_20.cif,0.44769687633328015,-0.9369791082886509,7.333391295568156
d:\New folder\project\data\r220\t0\t0_200.cif,-0.2821192446812941,-1.1832228076810485,7.865614456744703
d:\New folder\project\data\r220\t0\t0_180.cif,-0.11171001627550758,-1.258740317574309,7.847120059297257
d:\New folder\project\data\r220\t0\t0_240.cif,-0.2607130099290993,-0.840661282933444,6.529865451971559
d:\New folder\project\data\r220\t0\t0_220.cif,-0.09254694440536293,-0.9919663683718287,7.348690157621286
d:\New folder\project\data\r220\t0\t0_260.cif,-0.13566259157959715,-0.3812818625229119,6.23059969302168
d:\New folder\project\data\r220\t0\t0_300.cif,0.7968619995782008,-0.5494558052898638,6.015911092232447
d:\New folder\project\data\r220\t0\t0_280.cif,0.4030306960182664,-0.5505426765886692,6.248054592461219
d:\New folder\project\data\r220\t0\t0_320.cif,1.2901766544649527,-0.6634856958031294,5.912685956157195
d:\New folder\project\data\r220\t1.2\t1.2_0.cif,0.460289339499133,-0.9767256021647219,6.729194231698653
d:\New folder\project\data\r220\t0\t0_60.cif,0.435749903856925,-1.0964990204085165,7.250814737044517
d:\New folder\project\data\r220\t0\t0_80.cif,0.46740165522589117,-1.1907172230260439,6.772929481058863
d:\New folder\project\data\r220\t0\t0_40.cif,0.4657106925124856,-1.028374128874102,7.809140688080649
d:\New folder\project\data\r220\t0\t0_340.cif,1.3484096344979573,-0.40624938953369305,6.137570248390705
d:\New folder\project\data\r220\t1.2\t1.2_100.cif,0.7880480790539626,-1.1090176568643777,5.91130662854846
d:\New folder\project\data\r220\t1.2\t1.2_20.cif,0.2295764513031234,-1.1471010577121936,7.4345673215267745
d:\New folder\project\data\r220\t1.2\t1.2_120.cif,0.18667070862873136,-0.6389755223874927,5.6966213463353546
d:\New folder\project\data\r220\t1.2\t1.2_200.cif,0.0674810475044394,-1.1401181923901205,8.332204067963719
d:\New folder\project\data\r220\t1.2\t1.2_160.cif,0.6846277926183884,-1.1153779651349764,7.577384320448738
d:\New folder\project\data\r220\t1.2\t1.2_140.cif,0.7800947550930802,-1.0681357380937349,6.66307533495262
d:\New folder\project\data\r220\t1.2\t1.2_180.cif,-0.12956953563908935,-1.1607273183512825,8.050187525304686
d:\New folder\project\data\r220\t1.2\t1.2_240.cif,0.034047631233544595,-0.8676780620480463,6.671067192585364
d:\New folder\project\data\r220\t1.2\t1.2_220.cif,-0.1268431448396672,-1.0465719008756447,7.337036978720089
d:\New folder\project\data\r220\t1.2\t1.2_280.cif,0.10595345640902493,-0.5781673332788808,6.300964483105073
d:\New folder\project\data\r220\t1.2\t1.2_300.cif,0.2411257750630514,-1.0669656136168086,5.75941459346478
d:\New folder\project\data\r220\t1.2\t1.2_60.cif,0.7334213147861627,-0.9608768766828387,6.86412416331019
d:\New folder\project\data\r220\t1.2\t1.2_260.cif,-0.08828841738282606,-0.7753581841830014,6.284329845339708
d:\New folder\project\data\r220\t1.2\t1.2_340.cif,0.42663867564865027,-0.8185690172294947,6.331088210560308
d:\New folder\project\data\r220\t1.2\t1.2_40.cif,0.2183299216470885,-1.0896052359891657,7.610668421238711
d:\New folder\project\data\r220\t1.2\t1.2_320.cif,0.2020408939100078,-0.6697942568774639,5.93316767954055
d:\New folder\project\data\r220\t1.2\t1.2_80.cif,0.8469379925522923,-1.1446347556319314,6.566869249477805
d:\New folder\project\data\r220\t2.4\t2.4_0.cif,-0.256640284561253,-1.073194086335534,7.150373390085232
d:\New folder\project\data\r220\t2.4\t2.4_120.cif,0.5871960715553015,-1.020709861171132,5.76395843290285
d:\New folder\project\data\r220\t2.4\t2.4_100.cif,0.285094736999857,-1.0819736056060594,6.154983359528678
d:\New folder\project\data\r220\t2.4\t2.4_140.cif,0.6003582334627237,-1.0386841489008374,6.585791123935659
d:\New folder\project\data\r220\t2.4\t2.4_160.cif,0.5244011759054661,-1.0723288576772283,7.51691609146651
d:\New folder\project\data\r220\t2.4\t2.4_180.cif,0.35158656611884087,-1.2101225371936541,8.343419448299048
d:\New folder\project\data\r220\t2.4\t2.4_20.cif,0.5391984117194535,-1.153082029957157,7.54950483524321
d:\New folder\project\data\r220\t2.4\t2.4_240.cif,0.5853379980185405,-0.9572209953005286,6.464127498693454
d:\New folder\project\data\r220\t2.4\t2.4_220.cif,0.46595325059613096,-1.254426347296814,7.669235960068931
d:\New folder\project\data\r220\t2.4\t2.4_260.cif,0.5384420960653774,-0.8387616559329303,6.169506706153422
d:\New folder\project\data\r220\t2.4\t2.4_200.cif,0.21219400194600224,-1.259393814764149,8.518382650716244
d:\New folder\project\data\r220\t2.4\t2.4_300.cif,-0.25492386562858843,-1.1785112303865102,5.7845689061062595
d:\New folder\project\data\r220\t2.4\t2.4_320.cif,-0.23768175765653154,-0.731930439701268,5.914200420553638
d:\New folder\project\data\r220\t2.4\t2.4_280.cif,0.4202246333037759,-0.5921879142456618,6.155980616524691
d:\New folder\project\data\r220\t3.6\t3.6_0.cif,-0.642649084702377,-1.1843971121752672,7.31619494388701
d:\New folder\project\data\r220\t2.4\t2.4_340.cif,-1.0145755355125412,-0.7707050632896477,6.384924105766964
d:\New folder\project\data\r220\t3.6\t3.6_100.cif,-0.38190554201228544,-1.6183922206432149,5.925175619143814
d:\New folder\project\data\r220\t2.4\t2.4_40.cif,0.42396577159188464,-1.2665694623855455,7.675317771127424
d:\New folder\project\data\r220\t3.6\t3.6_120.cif,-0.7038710108317945,-1.114660142222721,6.09591904373991
d:\New folder\project\data\r220\t2.4\t2.4_60.cif,0.4185356406387915,-1.0186391201391232,6.864774214162394
d:\New folder\project\data\r220\t2.4\t2.4_80.cif,-0.0007360790850718946,-1.0550801972765127,6.377004830952332
d:\New folder\project\data\r220\t3.6\t3.6_140.cif,-0.6875950230216636,-0.8857888494690869,6.445647762977885
d:\New folder\project\data\r220\t3.6\t3.6_20.cif,-0.738423427630575,-1.1605258831868357,7.725036651001401
d:\New folder\project\data\r220\t3.6\t3.6_180.cif,-0.7248498313783166,-0.9059066523942354,7.608821678915648
d:\New folder\project\data\r220\t3.6\t3.6_220.cif,-0.5452809058939758,-0.9506899332118889,7.06308132799862
d:\New folder\project\data\r220\t3.6\t3.6_200.cif,-0.05153748233892042,-0.9796610562310595,7.90492610301775
d:\New folder\project\data\r220\t3.6\t3.6_160.cif,-0.629081419235636,-0.9088930208579522,7.165567286451124
d:\New folder\project\data\r220\t3.6\t3.6_300.cif,-0.6415716955372092,-0.5457994801216856,6.136355766823781
d:\New folder\project\data\r220\t3.6\t3.6_240.cif,-0.8622162479787252,-0.6330574751907677,6.31160128399088
d:\New folder\project\data\r220\t3.6\t3.6_260.cif,-1.2480009964493322,-0.3542504506735267,5.71571562647769
d:\New folder\project\data\r220\t3.6\t3.6_320.cif,-0.530466239163393,-0.7245843249812706,6.297822057088296
d:\New folder\project\data\r220\t3.6\t3.6_280.cif,-0.666434055763781,-0.2417108282225382,5.8406012623873504
d:\New folder\project\data\r220\t3.6\t3.6_40.cif,-0.8443224076308605,-1.2717167815918204,7.879693461271322
d:\New folder\project\data\r220\t3.6\t3.6_80.cif,-1.5598147350985947,-1.1533101471760023,6.53044821118222
d:\New folder\project\data\r220\t4.8\t4.8_100.cif,0.541262073308939,-1.3323936834235324,6.081983551966689
d:\New folder\project\data\r220\t3.6\t3.6_340.cif,-0.8471561610889651,-0.746399289331646,6.8032499647505045
d:\New folder\project\data\r220\t3.6\t3.6_60.cif,-0.815488542866012,-1.0786762911410128,7.505967613978311
d:\New folder\project\data\r220\t4.8\t4.8_120.cif,0.48700535955164914,-0.9434254653904307,6.308116465146297
d:\New folder\project\data\r220\t4.8\t4.8_0.cif,0.6343475515514159,-1.196367419027006,7.324361233434313
d:\New folder\project\data\r220\t4.8\t4.8_180.cif,0.03143226028605273,-1.2319674530289573,7.723016840365658
d:\New folder\project\data\r220\t4.8\t4.8_160.cif,-0.18287287782781836,-1.2117869546678746,7.0969852397771565
d:\New folder\project\data\r220\t4.8\t4.8_20.cif,0.6776047736067126,-1.0762831335998067,7.7321351166737236
d:\New folder\project\data\r220\t4.8\t4.8_200.cif,0.12188269562709342,-1.084313402986156,7.853679642400336
d:\New folder\project\data\r220\t4.8\t4.8_240.cif,-0.26517446254647037,-0.44228533219839566,6.298934374681778
d:\New folder\project\data\r220\t4.8\t4.8_140.cif,0.3068117359709335,-0.8455672736252396,6.260819538657244
d:\New folder\project\data\r220\t4.8\t4.8_220.cif,-0.28804116667934043,-0.9373611192504472,7.070801717107965
d:\New folder\project\data\r220\t4.8\t4.8_280.cif,0.5743191412331169,-0.500573017870342,6.02804329367888
d:\New folder\project\data\r220\t4.8\t4.8_260.cif,-0.23770426556008817,-0.10079944965845877,5.70205735858264
d:\New folder\project\data\r220\t4.8\t4.8_40.cif,0.5843860766717002,-1.4038561764981146,7.964851350218489
d:\New folder\project\data\r220\t4.8\t4.8_320.cif,0.5238652310062661,-0.8056534998926762,6.54139886866921
d:\New folder\project\data\r220\t4.8\t4.8_300.cif,0.6300504622633784,-0.3533998238689386,5.921548403234011
d:\New folder\project\data\r220\t4.8\t4.8_60.cif,0.6009314041502523,-1.2189078504571007,7.5119991711669325
d:\New folder\project\data\r220\t4.8\t4.8_340.cif,0.5699531619659732,-0.5629128182113003,6.721521040997153
d:\New folder\project\data\r220\t4.8\t4.8_80.cif,1.4677476002029812,-1.2368970725679092,6.479099875291541
d:\New folder\project\data\r220\t6.0\t6.0_0.cif,0.5258047260585247,-1.1812022399706639,6.981506405603102
d:\New folder\project\data\r220\t6.0\t6.0_120.cif,0.38013172874305273,-0.54027780822491,5.7243500689069675
d:\New folder\project\data\r220\t6.0\t6.0_100.cif,0.37664153398775196,-0.9297937815484185,5.837328998345745
d:\New folder\project\data\r220\t6.0\t6.0_140.cif,-1.0346264264310645,-0.942004629092564,6.33781371717874
d:\New folder\project\data\r220\t6.0\t6.0_180.cif,-1.454509815759002,-1.390561201428706,8.302390381700532
d:\New folder\project\data\r220\t6.0\t6.0_160.cif,-1.6127535137312266,-1.2039104726703158,7.412683072472203
d:\New folder\project\data\r220\t6.0\t6.0_200.cif,-0.6743013566754389,-1.2015105377736006,8.410266393264864
d:\New folder\project\data\r220\t6.0\t6.0_20.cif,0.4583152951503806,-0.9766710304397708,7.196552327962694
d:\New folder\project\data\r220\t6.0\t6.0_220.cif,0.6214202234430916,-1.250746394708859,7.451631166208867
d:\New folder\project\data\r220\t6.0\t6.0_240.cif,0.37289726321584454,-0.7787642194280968,6.731616033010704
d:\New folder\project\data\r220\t6.0\t6.0_340.cif,1.0249045803812777,-0.522897782264679,6.06753828836534
d:\New folder\project\data\r220\t6.0\t6.0_320.cif,0.9602882627723311,-0.8308019495630743,5.907996937861403
d:\New folder\project\data\r220\t6.0\t6.0_300.cif,0.6005294348753789,-0.6567873007205347,6.014795027023827
d:\New folder\project\data\r220\t6.0\t6.0_280.cif,0.4202104691693014,-0.6105564314293122,6.098865425465983
d:\New folder\project\data\r220\t6.0\t6.0_60.cif,0.40273410938954585,-1.443160799902565,6.6547740630922
d:\New folder\project\data\r220\t6.0\t6.0_260.cif,0.44033965023073296,-0.4417900577097274,6.23422421453503
d:\New folder\project\data\r220\t6.0\t6.0_40.cif,0.25305890858233887,-1.3200795254299091,7.795779595032583
d:\New folder\project\data\r220\t6.0\t6.0_80.cif,0.32242471227173003,-1.0721967233014391,6.346599121672222
d:\New folder\project\data\r220\t7.2\t7.2_100.cif,-1.150728934042022,-1.0119014646075686,5.848684786108881
d:\New folder\project\data\r220\t7.2\t7.2_0.cif,-0.8792876669364765,-0.7797455559356266,6.340895265066474
d:\New folder\project\data\r220\t7.2\t7.2_120.cif,-0.6285593292670268,-0.5953936164891087,5.544898223751273
d:\New folder\project\data\r220\t7.2\t7.2_140.cif,-1.2430406697657344,-0.6889076592000121,6.452934088686034
d:\New folder\project\data\r220\t7.2\t7.2_160.cif,-0.9619204258047727,-1.2554735094149772,7.512044834605937
d:\New folder\project\data\r220\t7.2\t7.2_20.cif,-0.9576680377615574,-1.051692276277326,7.389242412764621
d:\New folder\project\data\r220\t7.2\t7.2_180.cif,-0.607483625218685,-1.5114644223982392,7.708378628739307
d:\New folder\project\data\r220\t7.2\t7.2_220.cif,-0.7294039719997142,-1.023812308375615,7.551696615817306
d:\New folder\project\data\r220\t7.2\t7.2_200.cif,-0.3876701496713542,-1.1289184238174352,8.034652812978033
d:\New folder\project\data\r220\t7.2\t7.2_240.cif,-0.8279621211831893,-0.7750321821222652,6.68456743539097
d:\New folder\project\data\r220\t7.2\t7.2_260.cif,-0.7466460572632193,-0.5790995305583165,6.162046034565189
d:\New folder\project\data\r220\t7.2\t7.2_280.cif,-0.8309513100358888,-0.6110323751407853,6.134222040368706
d:\New folder\project\data\r220\t7.2\t7.2_320.cif,-1.066623223115353,-0.8431982896588291,5.876193403425602
d:\New folder\project\data\r220\t7.2\t7.2_300.cif,-1.0517096476734,-1.2592985330017488,5.715160876580128
d:\New folder\project\data\r220\t7.2\t7.2_40.cif,-0.9934939358694794,-1.1995983481170427,7.722135947845633
d:\New folder\project\data\r220\t7.2\t7.2_340.cif,-1.1990952028292012,-0.7177224508749815,6.176534450060248
d:\New folder\project\data\r220\t7.2\t7.2_60.cif,-1.0443227553661112,-1.2184890952533605,7.344421355154969
d:\New folder\project\data\r220\t7.2\t7.2_80.cif,-0.7728605419284215,-1.0646156785379621,6.417485950022414
d:\New folder\project\data\r220\t8.4\t8.4_140.cif,-0.18026059450521842,-0.9940665511806751,6.973299718088716
d:\New folder\project\data\r220\t8.4\t8.4_0.cif,-1.508133971133398,-0.7658830496366476,6.3554826154451325
d:\New folder\project\data\r220\t8.4\t8.4_100.cif,-0.625640158708846,-1.1767715681417008,5.9193626107115485
d:\New folder\project\data\r220\t8.4\t8.4_120.cif,-0.33333975879840005,-0.6696719607329024,5.912801218057583
d:\New folder\project\data\r220\t8.4\t8.4_20.cif,-0.5573020828111275,-1.0726539843338885,7.411134032854753
d:\New folder\project\data\r220\t8.4\t8.4_220.cif,-0.5078841259056979,-0.9359022923407094,7.413956071548986
d:\New folder\project\data\r220\t8.4\t8.4_160.cif,-0.3394859414488428,-1.3543344898772842,7.390150828339176
d:\New folder\project\data\r220\t8.4\t8.4_180.cif,-0.5351289879390397,-1.443036920040956,7.716209596096672
d:\New folder\project\data\r220\t8.4\t8.4_240.cif,-0.5922077939127157,-0.7764139924947755,6.678392793405719
d:\New folder\project\data\r220\t8.4\t8.4_260.cif,-0.7650548573081697,-0.31109448568763143,6.164656304807564
d:\New folder\project\data\r220\t8.4\t8.4_200.cif,-0.4745531713959591,-1.1345507513511062,7.962491349558295
d:\New folder\project\data\r220\t8.4\t8.4_300.cif,-1.2732574192619877,-0.9327243888603557,5.901547971880648
d:\New folder\project\data\r220\t8.4\t8.4_40.cif,-0.5369761242503542,-1.1492641979976261,7.756874978468252
d:\New folder\project\data\r220\t8.4\t8.4_280.cif,-0.6918193765700323,-0.6875978315099216,6.25527164162931
d:\New folder\project\data\r220\t8.4\t8.4_340.cif,-1.0119854202839365,-0.7733706516125325,6.220301194170468
d:\New folder\project\data\r220\t8.4\t8.4_320.cif,-1.6360836861920858,-0.6768467212136384,5.91365857149498
d:\New folder\project\data\r220\t8.4\t8.4_60.cif,-0.5781712365184821,-1.1994953708844722,7.475637327034928
d:\New folder\project\data\r220\t9.6\t9.6_0.cif,1.6301501534666465,-1.078859147419003,6.704222331566291
d:\New folder\project\data\r220\t8.4\t8.4_80.cif,-0.8124818378758559,-1.2768934565193366,6.6300761931388585
d:\New folder\project\data\r220\t9.6\t9.6_100.cif,0.6108391970110634,-1.1448498796597584,5.834391927697202
d:\New folder\project\data\r220\t9.6\t9.6_120.cif,0.5245737062374343,-0.7037565141228291,5.797688796133678
d:\New folder\project\data\r220\t9.6\t9.6_160.cif,0.6595575900770352,-1.1667135474819592,7.442946488119243
d:\New folder\project\data\r220\t9.6\t9.6_180.cif,0.19224319156297454,-1.4090075733976648,8.188896200158174
d:\New folder\project\data\r220\t9.6\t9.6_220.cif,0.019037753540616653,-1.0817292525290745,7.31512326398551
d:\New folder\project\data\r220\t9.6\t9.6_240.cif,-0.03148881430276462,-0.7664575509781649,6.598705556749156
d:\New folder\project\data\r220\t9.6\t9.6_140.cif,0.7270291142960312,-1.0407397390841195,6.660996590889144
d:\New folder\project\data\r220\t9.6\t9.6_200.cif,-0.06986051329319254,-1.1795661374556314,8.029157736239222
d:\New folder\project\data\r220\t9.6\t9.6_20.cif,0.7658380324490022,-1.0404637773324044,7.474368124698212
d:\New folder\project\data\r220\t9.6\t9.6_280.cif,0.7858852733316367,-0.6605122869173851,6.247809497231393
d:\New folder\project\data\r220\t9.6\t9.6_260.cif,0.520307555077333,-0.5868237435755392,6.314841843798997
d:\New folder\project\data\r220\t9.6\t9.6_320.cif,1.6024382058419158,-0.674918502890144,5.93553403666346
d:\New folder\project\data\r220\t9.6\t9.6_300.cif,1.178517434595361,-0.844167613143352,5.9052836237875
d:\New folder\project\data\r220\t9.6\t9.6_40.cif,0.7927880127078,-0.9936549307598364,7.703913476331378
d:\New folder\project\data\r220\t9.6\t9.6_340.cif,1.5816732570088634,-0.5861184344202564,6.197574704513346
d:\New folder\project\data\r220\t9.6\t9.6_60.cif,0.6932346820719384,-1.1006436296058582,7.473426860093582
d:\New folder\project\data\r240\t0\t0_100.cif,0.3460744160426429,-1.0147633410711072,6.792658439764482
d:\New folder\project\data\r220\t9.6\t9.6_80.cif,0.6558518603341947,-1.299816220264492,6.64236299424258
d:\New folder\project\data\r240\t0\t0_0.cif,0.5426708014653612,-0.8932527341756256,7.354753919041701
d:\New folder\project\data\r240\t0\t0_140.cif,0.4005175512515424,-1.128834496898069,7.651844955938305
d:\New folder\project\data\r240\t0\t0_120.cif,0.20052443194385194,-0.9027119778553709,5.594034561284845
d:\New folder\project\data\r240\t0\t0_200.cif,0.41912673101352094,-1.1320228956568954,9.282293348308041
d:\New folder\project\data\r240\t0\t0_20.cif,0.41385729474633276,-0.9512624421691638,7.856643724917411
d:\New folder\project\data\r240\t0\t0_160.cif,0.4103767894084823,-1.1197211517778811,8.467667064711922
d:\New folder\project\data\r240\t0\t0_180.cif,0.3831375662648239,-1.2084220936540968,8.912385742984407
d:\New folder\project\data\r240\t0\t0_240.cif,0.1608125056178863,-0.719130362754878,7.571208200848646
d:\New folder\project\data\r240\t0\t0_220.cif,0.33887752271625843,-0.9211781022799533,8.444227605940451
d:\New folder\project\data\r240\t0\t0_260.cif,0.36379654096275577,-0.6391132858243319,7.127855075102248
d:\New folder\project\data\r240\t0\t0_280.cif,0.352527809055356,-0.6203186313502401,7.243906761798986
d:\New folder\project\data\r240\t0\t0_300.cif,0.4091329324445823,-0.5625738325212468,7.13166196394591
d:\New folder\project\data\r240\t0\t0_340.cif,0.6364075233066568,-0.17608159927434502,6.512033839171754
d:\New folder\project\data\r240\t0\t0_320.cif,0.6446708601638069,-0.42092563327725707,6.572543910477257
d:\New folder\project\data\r240\t0\t0_40.cif,0.3762732945677735,-1.0366260359721018,8.18132299145878
d:\New folder\project\data\r240\t1.2\t1.2_100.cif,0.7629080965753885,-0.9619729322156383,6.868049762143933
d:\New folder\project\data\r240\t1.2\t1.2_0.cif,0.09287492267525371,-1.0297355143792808,8.236539455397452
d:\New folder\project\data\r240\t0\t0_80.cif,0.4659318821976859,-0.9485297326225869,7.139054979652724
d:\New folder\project\data\r240\t1.2\t1.2_140.cif,0.8140819910733389,-1.1012653006142619,7.628817437834208
d:\New folder\project\data\r240\t0\t0_60.cif,0.3840204565438299,-1.1202928902681153,7.843713316759161
d:\New folder\project\data\r240\t1.2\t1.2_120.cif,0.7040597547055483,-0.8903583890551742,6.771818062397382
d:\New folder\project\data\r240\t1.2\t1.2_220.cif,-0.0882343687889689,-0.9425444642763399,8.565180538088761
d:\New folder\project\data\r240\t1.2\t1.2_180.cif,-0.01867409317923263,-1.355307547475754,9.29248347110175
d:\New folder\project\data\r240\t1.2\t1.2_160.cif,0.7113716965856511,-1.1781631502583119,8.470685167221964
d:\New folder\project\data\r240\t1.2\t1.2_260.cif,0.005321220720675923,-0.6655241997241013,7.171222191510856
d:\New folder\project\data\r240\t1.2\t1.2_200.cif,-0.05580850798175513,-1.1136837064632639,9.277366145232728
d:\New folder\project\data\r240\t1.2\t1.2_280.cif,0.002020245421142708,-0.6279206845464089,7.2464254795487255
d:\New folder\project\data\r240\t1.2\t1.2_20.cif,0.12856589302911225,-1.1371409930519958,8.605676713119404
d:\New folder\project\data\r240\t1.2\t1.2_240.cif,-0.19592596096072107,-0.8110467330813791,7.6620020408984875
d:\New folder\project\data\r240\t1.2\t1.2_320.cif,0.03518981072639632,-0.6718855873144776,6.920560171216156
d:\New folder\project\data\r240\t1.2\t1.2_300.cif,-0.030404958617646416,-0.5313788809908561,7.161574424041846
d:\New folder\project\data\r240\t1.2\t1.2_340.cif,0.0808733812722226,-0.862179841625592,7.34226935782359
d:\New folder\project\data\r240\t1.2\t1.2_40.cif,0.03308802178029263,-1.248216586779594,8.665677698971562
d:\New folder\project\data\r240\t1.2\t1.2_60.cif,0.09451267424949356,-1.0674121075357006,7.759761603684327
d:\New folder\project\data\r240\t1.2\t1.2_80.cif,0.7795501079410418,-0.9524839526877729,7.554441513222783
d:\New folder\project\data\r240\t2.4\t2.4_0.cif,0.5118292812232905,-1.0190263932520955,8.115648225650933
d:\New folder\project\data\r240\t2.4\t2.4_100.cif,0.4106852683954267,-0.9024916483870736,6.880650902778744
d:\New folder\project\data\r240\t2.4\t2.4_120.cif,0.43264282763798695,-0.8839451677613729,6.824209537834501
d:\New folder\project\data\r240\t2.4\t2.4_20.cif,0.570248119482232,-1.1095111171884158,8.54214310561273
d:\New folder\project\data\r240\t2.4\t2.4_160.cif,0.35565628262303317,-1.1608200577710148,8.433372246512821
d:\New folder\project\data\r240\t2.4\t2.4_200.cif,0.3606773670011648,-1.1430943361522006,9.379786299953366
d:\New folder\project\data\r240\t2.4\t2.4_140.cif,0.5364697242826538,-1.127604889813888,7.61901055593379
d:\New folder\project\data\r240\t2.4\t2.4_180.cif,0.3883457204765993,-1.3308973081249698,9.31183050737753
d:\New folder\project\data\r240\t2.4\t2.4_220.cif,0.44328676005305157,-1.015286746698073,8.651069247495366
d:\New folder\project\data\r240\t2.4\t2.4_240.cif,0.7894844444171621,-1.1903520105818972,6.479699110674143
d:\New folder\project\data\r240\t2.4\t2.4_280.cif,0.4431843312408418,-0.6200186309335116,7.269251015560557
d:\New folder\project\data\r240\t2.4\t2.4_260.cif,0.4331457478403033,-0.7222778888934136,7.24430345219776
d:\New folder\project\data\r240\t2.4\t2.4_40.cif,0.5022792093673509,-1.2227875119836,8.690907940705346
d:\New folder\project\data\r240\t2.4\t2.4_300.cif,0.4011403167736191,-0.5793810849799963,7.185838162689089
d:\New folder\project\data\r240\t2.4\t2.4_340.cif,0.4026998689431619,-0.8271736272240707,7.398981766146765
d:\New folder\project\data\r240\t2.4\t2.4_320.cif,0.3188152688641971,-0.6057785977691869,6.953505725635198
d:\New folder\project\data\r240\t2.4\t2.4_60.cif,0.48524765802966197,-1.0368207639041942,7.80627631662162
d:\New folder\project\data\r240\t3.6\t3.6_120.cif,0.082828887244218,-0.9468345502621952,6.861559152576338
d:\New folder\project\data\r240\t3.6\t3.6_140.cif,-0.6012300958301584,-1.1076065344368402,7.612851445014224
d:\New folder\project\data\r240\t3.6\t3.6_100.cif,-0.6596517034447725,-0.9470194568497621,6.91295009737016
d:\New folder\project\data\r240\t3.6\t3.6_0.cif,-0.5945106869418191,-1.0503862614773642,8.07547295482603
d:\New folder\project\data\r240\t2.4\t2.4_80.cif,0.4853358794093858,-0.8953563155901768,7.537193024738877
d:\New folder\project\data\r240\t3.6\t3.6_160.cif,-0.9166694888814173,-0.9796568070683055,8.11795133723629
d:\New folder\project\data\r240\t3.6\t3.6_180.cif,-0.7281537564377529,-1.276924633358008,9.289711189937938
d:\New folder\project\data\r240\t3.6\t3.6_20.cif,-0.6202863692412113,-1.145914986323151,8.457349587973212
d:\New folder\project\data\r240\t3.6\t3.6_240.cif,-0.7077540373496725,-0.7952163563814348,7.661544717198798
d:\New folder\project\data\r240\t3.6\t3.6_300.cif,-0.6483933179022348,-0.5561007986519901,7.187514128184112
d:\New folder\project\data\r240\t3.6\t3.6_260.cif,-0.6684704308665121,-0.6704618102067611,7.232356542713276
d:\New folder\project\data\r240\t3.6\t3.6_200.cif,-0.734194211404386,-1.1812585397266622,9.42095332687898
d:\New folder\project\data\r240\t3.6\t3.6_280.cif,-0.6595639756195227,-0.6597445874519763,7.266984689160227
d:\New folder\project\data\r240\t3.6\t3.6_220.cif,-0.6350109328653859,-1.0410394534858638,8.625056363129763
d:\New folder\project\data\r240\t3.6\t3.6_340.cif,-0.7282257592192043,-0.8879397959998863,7.385297810312396
d:\New folder\project\data\r240\t4.8\t4.8_0.cif,0.6184167308231294,-1.0652974613525064,8.077611454853088
d:\New folder\project\data\r240\t3.6\t3.6_320.cif,-0.6910425285639668,-0.7688240815285261,7.02770527727522
d:\New folder\project\data\r240\t3.6\t3.6_40.cif,-0.6783063777422365,-1.2067291025486397,8.685433953131547
d:\New folder\project\data\r240\t3.6\t3.6_60.cif,-0.7369494835099373,-1.0281415000753484,7.823051200467255
d:\New folder\project\data\r240\t3.6\t3.6_80.cif,-0.5627323034949451,-0.7063497955385849,7.475361340274381
d:\New folder\project\data\r240\t4.8\t4.8_120.cif,0.5878944945864166,-0.9482785343296743,6.737382288117537
d:\New folder\project\data\r240\t4.8\t4.8_100.cif,0.7452278194748984,-0.9078259932956428,6.767594787709838
d:\New folder\project\data\r240\t4.8\t4.8_20.cif,0.46450679428418196,-1.0800012241463555,8.516176602510729
d:\New folder\project\data\r240\t4.8\t4.8_220.cif,0.538283157070859,-1.0534784107612982,8.587894017099005
d:\New folder\project\data\r240\t4.8\t4.8_180.cif,0.4499365284115807,-1.3168320491335443,9.342083703761423
d:\New folder\project\data\r240\t4.8\t4.8_140.cif,0.5627924257726005,-1.10633517734947,7.590936445347281
d:\New folder\project\data\r240\t4.8\t4.8_240.cif,0.5308874067629367,-0.7653597518850238,7.695709798733774
d:\New folder\project\data\r240\t4.8\t4.8_160.cif,0.3884133632704835,-1.227318963368283,8.494030692224332
d:\New folder\project\data\r240\t4.8\t4.8_260.cif,0.5006597427348723,-0.6748813600336516,7.25686372025182
d:\New folder\project\data\r240\t4.8\t4.8_320.cif,0.634533998352672,-0.7487742224874612,7.024130037273449
d:\New folder\project\data\r240\t4.8\t4.8_200.cif,0.4718884652423636,-1.2116111167915546,9.387851209104825
d:\New folder\project\data\r240\t4.8\t4.8_300.cif,0.5845478430462119,-0.6318149596188057,7.193251729947142
d:\New folder\project\data\r240\t4.8\t4.8_340.cif,0.5394315988064801,-0.9060008120279288,7.370424844087881
d:\New folder\project\data\r240\t4.8\t4.8_280.cif,0.5417588554913599,-0.7149495164180912,7.25148666673879
d:\New folder\project\data\r240\t4.8\t4.8_60.cif,0.4611012385116546,-0.9951768653525324,7.835056957200318
d:\New folder\project\data\r240\t4.8\t4.8_40.cif,0.4734516769856855,-1.1880632077210418,8.6824578140007
d:\New folder\project\data\r240\t6.0\t6.0_0.cif,0.28942587414765825,-0.9956311225975829,8.132935605262505
d:\New folder\project\data\r240\t4.8\t4.8_80.cif,0.6415506682360184,-0.8904843711673103,7.479998228640203
d:\New folder\project\data\r240\t6.0\t6.0_120.cif,-0.6093667793188462,-0.8584533647974699,6.788086046197327
d:\New folder\project\data\r240\t6.0\t6.0_100.cif,0.41792040731985125,-0.8242017114874907,5.91033189135566
d:\New folder\project\data\r240\t6.0\t6.0_140.cif,-1.404462881568677,-1.126842597532381,7.603026457133539
d:\New folder\project\data\r240\t6.0\t6.0_200.cif,-0.6878420206097524,-1.1894177554137473,9.41646686141397
d:\New folder\project\data\r240\t6.0\t6.0_180.cif,-1.4502495145648853,-1.3735946368149585,9.351580176303615
d:\New folder\project\data\r240\t6.0\t6.0_160.cif,-1.484259440621151,-1.188117361088683,8.527096218278375
d:\New folder\project\data\r240\t6.0\t6.0_20.cif,0.10632103099400897,-1.0599713132481883,8.537153157665342
d:\New folder\project\data\r240\t6.0\t6.0_240.cif,0.20413785065749307,-0.8107769529958889,7.732609221766847
d:\New folder\project\data\r240\t6.0\t6.0_260.cif,0.16221085361848853,-0.6551983059164981,7.214973164805162
d:\New folder\project\data\r240\t6.0\t6.0_220.cif,0.2093095590642684,-1.0501712983799751,8.62128672904786
d:\New folder\project\data\r240\t6.0\t6.0_340.cif,0.3372207741379384,-0.8560578424310076,7.296513674160602
d:\New folder\project\data\r240\t6.0\t6.0_320.cif,0.39055571430071867,-0.7914115951158192,6.931830540932179
d:\New folder\project\data\r240\t6.0\t6.0_300.cif,0.32342810360721536,-0.5757755650001048,7.039640091177575
d:\New folder\project\data\r240\t6.0\t6.0_280.cif,0.23601716420911872,-0.7306549876760464,7.222595579766939
d:\New folder\project\data\r240\t6.0\t6.0_80.cif,0.10465252323885554,-1.0527323398469763,7.451898773509082
d:\New folder\project\data\r240\t6.0\t6.0_40.cif,0.12268763164422547,-1.2005291175747823,8.719024475070567
d:\New folder\project\data\r240\t7.2\t7.2_0.cif,-0.9013757743832777,-1.1073009056756102,8.165733587217524
d:\New folder\project\data\r240\t6.0\t6.0_60.cif,0.09610550770112297,-1.0456978228415241,7.776784542460776
d:\New folder\project\data\r240\t7.2\t7.2_100.cif,-1.017366177651197,-1.0487699116093996,6.572140368524918
d:\New folder\project\data\r240\t7.2\t7.2_120.cif,-0.969036131329122,-0.9052467688498097,6.7826397466677415
d:\New folder\project\data\r240\t7.2\t7.2_20.cif,-1.0113379024257203,-1.079945339282295,8.558805330228399
d:\New folder\project\data\r240\t7.2\t7.2_140.cif,-0.9219358803697086,-1.0405269301259168,7.621060131522074
d:\New folder\project\data\r240\t7.2\t7.2_160.cif,-1.0110488872562786,-1.2156863619245806,8.513339576093891
d:\New folder\project\data\r240\t7.2\t7.2_200.cif,-0.9569166176402941,-1.201036906391408,9.369458932754178
d:\New folder\project\data\r240\t7.2\t7.2_180.cif,-0.9837769565317522,-1.3777848341461587,9.33333001844092
d:\New folder\project\data\r240\t7.2\t7.2_220.cif,-0.8768051511107364,-1.0697246390050732,8.574650588333284
d:\New folder\project\data\r240\t7.2\t7.2_280.cif,-0.8697464192256834,-0.7010244183567602,7.251471837177857
d:\New folder\project\data\r240\t7.2\t7.2_300.cif,-0.7023310297013071,-0.5890379358261418,6.319429449535129
d:\New folder\project\data\r240\t7.2\t7.2_320.cif,-1.0572677444823493,-1.1165448863288105,5.838324398340106
d:\New folder\project\data\r240\t7.2\t7.2_260.cif,-0.9641303702265036,-0.6780653828676404,7.183867693155246
d:\New folder\project\data\r240\t7.2\t7.2_240.cif,-0.899888239331312,-0.785017202850234,7.701216171233147
d:\New folder\project\data\r240\t7.2\t7.2_340.cif,-1.0289588876732088,-0.7917650502772126,6.074102519718012
d:\New folder\project\data\r240\t7.2\t7.2_40.cif,-0.9761032737575495,-1.1670941938783954,8.72008365506179
d:\New folder\project\data\r240\t8.4\t8.4_100.cif,-0.5645611052766503,-1.015267564864961,6.649603159502119
d:\New folder\project\data\r240\t7.2\t7.2_80.cif,-1.0675141562431065,-1.0592240222552114,7.447647527200309
d:\New folder\project\data\r240\t8.4\t8.4_0.cif,-0.47637971225870096,-1.154840301602062,8.205558787812663
d:\New folder\project\data\r240\t8.4\t8.4_120.cif,-0.4008236067850409,-0.8456654181376796,5.550076386873473
d:\New folder\project\data\r240\t7.2\t7.2_60.cif,-1.0440312955987552,-1.064605462206869,7.865320158737631
d:\New folder\project\data\r240\t8.4\t8.4_140.cif,-0.4867764645426097,-1.0505618881568017,7.593680361455401
d:\New folder\project\data\r240\t8.4\t8.4_160.cif,0.39927094120254125,-1.2129052852780093,8.49775638483199
d:\New folder\project\data\r240\t8.4\t8.4_20.cif,-0.5849627108526673,-1.0737141382597324,8.568486993233453
d:\New folder\project\data\r240\t8.4\t8.4_180.cif,-0.4919267840920035,-1.3955619549432396,9.367308652108955
d:\New folder\project\data\r240\t8.4\t8.4_240.cif,-0.5569145084802662,-0.7954069368991223,7.692387654077369
d:\New folder\project\data\r240\t8.4\t8.4_260.cif,-0.6097193127904266,-0.6672127876893608,7.145370307237617
d:\New folder\project\data\r240\t8.4\t8.4_200.cif,-0.484051449352765,-1.1675623134080697,9.335594583011611
d:\New folder\project\data\r240\t8.4\t8.4_280.cif,-0.49363099577276537,-0.7023205757069136,7.214950210107083
d:\New folder\project\data\r240\t8.4\t8.4_220.cif,-0.5134693288832219,-1.0061593883752393,8.605956258609266
d:\New folder\project\data\r240\t8.4\t8.4_300.cif,-0.4075404082186864,-0.596435131382961,6.957373472177368
d:\New folder\project\data\r240\t8.4\t8.4_320.cif,-0.46836661547236197,-0.7394810166575385,7.074966280819433
d:\New folder\project\data\r240\t8.4\t8.4_340.cif,-0.6822209506909042,-0.7848485049876256,7.405358968032013
d:\New folder\project\data\r240\t8.4\t8.4_80.cif,-0.6192329384234196,-1.070222103621879,7.433427096683365
d:\New folder\project\data\r240\t8.4\t8.4_60.cif,-0.5368506566697557,-1.0870770914170749,7.8843806321261525
d:\New folder\project\data\r240\t9.6\t9.6_0.cif,0.6285655165309335,-1.1551833037230135,8.269327457953503
d:\New folder\project\data\r240\t8.4\t8.4_40.cif,-0.47457210712723596,-1.171647065553043,8.701319692035716
d:\New folder\project\data\r240\t9.6\t9.6_100.cif,0.5581664583467727,-1.1121123080154112,6.595683780932745
d:\New folder\project\data\r240\t9.6\t9.6_120.cif,0.6429261091996414,-0.9481530678651846,6.750124294462923
d:\New folder\project\data\r240\t9.6\t9.6_140.cif,0.6895363398088012,-1.0764281101120474,7.591488057855614
d:\New folder\project\data\r240\t9.6\t9.6_160.cif,0.7056922593417029,-1.208572100071271,8.380468017211424
d:\New folder\project\data\r240\t9.6\t9.6_20.cif,0.6781186880158425,-1.1193296592858974,8.580876735500553
d:\New folder\project\data\r240\t9.6\t9.6_260.cif,0.5847747629279239,-0.6820851880230234,7.186096460342722
d:\New folder\project\data\r240\t9.6\t9.6_180.cif,0.7104326481629424,-1.4292892607725907,9.218571194752665
d:\New folder\project\data\r240\t9.6\t9.6_200.cif,0.6067568961598233,-1.182549325559692,9.325094288386031
d:\New folder\project\data\r240\t9.6\t9.6_220.cif,0.408259076687728,-0.8988636816982789,8.574016625748017
d:\New folder\project\data\r240\t9.6\t9.6_280.cif,0.5596569961586642,-0.6477364674986117,7.1721936516484615
d:\New folder\project\data\r240\t9.6\t9.6_240.cif,0.47535627831290106,-0.6133110154027508,7.494815167157951
d:\New folder\project\data\r240\t9.6\t9.6_320.cif,0.8503144324612302,-0.6175088575034037,6.860428551013109
d:\New folder\project\data\r240\t9.6\t9.6_300.cif,0.8078777957255661,-0.607510856174543,6.8318899414900995
d:\New folder\project\data\r240\t9.6\t9.6_80.cif,0.6089701570117023,-1.0926451867921043,7.39773945371621
d:\New folder\project\data\r240\t9.6\t9.6_40.cif,0.7565876023224698,-1.2081774811169483,8.702777634535781
d:\New folder\project\data\r240\t9.6\t9.6_60.cif,0.7041902025027782,-1.0101500711417846,7.829016942276731
d:\New folder\project\data\r240\t9.6\t9.6_340.cif,0.8141583240111009,-0.823985117628151,7.438419840083037
d:\New folder\project\data\r260\t0\t0_100.cif,0.31482455840918255,-0.8333184253252695,5.86459018407802
d:\New folder\project\data\r260\t0\t0_0.cif,0.657712921204732,-0.449530412703,6.478973217037188
d:\New folder\project\data\r260\t0\t0_120.cif,0.2217628894527232,-0.9485610344820461,6.024380194084511
d:\New folder\project\data\r260\t0\t0_20.cif,0.4026550630817914,-0.8746997260614437,7.361369622141478
d:\New folder\project\data\r260\t0\t0_180.cif,0.38311187865427127,-1.2117244003511616,7.608858850166462
d:\New folder\project\data\r260\t0\t0_140.cif,0.33958006877495917,-1.0780376033416144,6.807329327509041
d:\New folder\project\data\r260\t0\t0_160.cif,0.3843197959851595,-1.2066984727476064,7.231462940432925
d:\New folder\project\data\r260\t0\t0_200.cif,0.43587410916915537,-1.218734593717349,7.336201368360272
d:\New folder\project\data\r260\t0\t0_280.cif,0.5057771431562985,-0.6892986634487248,5.6951891732560345
d:\New folder\project\data\r260\t0\t0_240.cif,0.2855512502594174,-0.6314802025825339,6.200347537928882
d:\New folder\project\data\r260\t0\t0_220.cif,0.29759911239981607,-0.9311012438604934,6.6105665644346345
d:\New folder\project\data\r260\t0\t0_300.cif,0.5189533591420016,-0.5561779755604027,5.818864934486541
d:\New folder\project\data\r260\t0\t0_320.cif,0.6521741820555822,-0.36828729886217826,6.343679086763996
d:\New folder\project\data\r260\t0\t0_260.cif,0.35518940517323977,-0.8013579479720893,5.8344767452998445
d:\New folder\project\data\r260\t0\t0_340.cif,0.5254085834171812,-0.35208366832172844,6.602056074432979
d:\New folder\project\data\r260\t0\t0_40.cif,0.32040715591291097,-1.0950638112871394,6.752227507102002
d:\New folder\project\data\r260\t0\t0_60.cif,0.4754101981356565,-1.0518358440093774,6.3142989057051535
d:\New folder\project\data\r260\t1.2\t1.2_0.cif,0.08185114157866685,-0.8425071968078718,7.171353565038266
d:\New folder\project\data\r260\t0\t0_80.cif,0.6711336066608099,-0.6057375939411755,5.864831071115071
d:\New folder\project\data\r260\t1.2\t1.2_120.cif,0.7327494334640823,-0.8785152610721498,6.433179260171007
d:\New folder\project\data\r260\t1.2\t1.2_160.cif,0.7409691125540634,-1.1550033886044098,7.648789840048292
d:\New folder\project\data\r260\t1.2\t1.2_100.cif,0.8137591100716828,-0.6387074369485215,5.7615705773637
d:\New folder\project\data\r260\t1.2\t1.2_180.cif,0.026161380210637464,-1.3537405559420268,7.894551151863579
d:\New folder\project\data\r260\t1.2\t1.2_140.cif,0.7747318272856444,-1.07195806703188,6.805456768662905
d:\New folder\project\data\r260\t1.2\t1.2_220.cif,-0.10342111772587542,-0.7024770820691877,7.065118789186957
d:\New folder\project\data\r260\t1.2\t1.2_20.cif,0.1089414230803144,-1.1080284619991145,7.703815211445632
d:\New folder\project\data\r260\t1.2\t1.2_200.cif,-0.006613551150853547,-1.0266625806170764,7.782287578852696
d:\New folder\project\data\r260\t1.2\t1.2_280.cif,-0.13156193331741814,-0.6494973164791098,5.688474520549471
d:\New folder\project\data\r260\t1.2\t1.2_260.cif,-0.07063884239496082,-0.649243591644453,6.176637339207406
d:\New folder\project\data\r260\t1.2\t1.2_240.cif,-0.2283276166974848,-0.6826836740931275,6.237268077371057
d:\New folder\project\data\r260\t1.2\t1.2_300.cif,-0.08898823891423668,-0.521898307846514,6.131725765071771
d:\New folder\project\data\r260\t1.2\t1.2_340.cif,-0.10125319006208244,-0.4572567050729973,6.356873428652593
d:\New folder\project\data\r260\t1.2\t1.2_40.cif,0.037492507555691335,-1.2481236597463647,7.217284313434476
d:\New folder\project\data\r260\t1.2\t1.2_320.cif,-0.035137644485311814,-0.4476604245233763,6.512091656310415
d:\New folder\project\data\r260\t2.4\t2.4_100.cif,0.24430393933890499,-0.6948477679095894,5.665091474978507
d:\New folder\project\data\r260\t1.2\t1.2_60.cif,0.14016181607249903,-1.0357206976485676,6.353327714303144
d:\New folder\project\data\r260\t2.4\t2.4_120.cif,0.3810979712072476,-0.8788304350474625,6.942198823996045
d:\New folder\project\data\r260\t2.4\t2.4_0.cif,0.5129503861727726,-0.9516791785266953,7.184204424806476
d:\New folder\project\data\r260\t1.2\t1.2_80.cif,0.7984096082235907,-0.8080097774159638,5.847990947175411
d:\New folder\project\data\r260\t2.4\t2.4_140.cif,0.6492275583940954,-1.0174514886179447,6.7434708932111205
d:\New folder\project\data\r260\t2.4\t2.4_240.cif,1.1374355370640612,-1.0706955875729585,6.365274834078982
d:\New folder\project\data\r260\t2.4\t2.4_180.cif,0.5005577049748329,-1.2367598293378816,7.831080214673365
d:\New folder\project\data\r260\t2.4\t2.4_160.cif,0.5388993717254223,-1.1057252593950384,7.532355974569217
d:\New folder\project\data\r260\t2.4\t2.4_200.cif,0.35370203772363945,-0.7905025536197163,7.780558687373511
d:\New folder\project\data\r260\t2.4\t2.4_220.cif,0.39979558788555475,-0.5843094065605068,6.860999298700885
d:\New folder\project\data\r260\t2.4\t2.4_20.cif,0.46369843032206,-1.1265807512444042,7.252891649396636
d:\New folder\project\data\r260\t2.4\t2.4_320.cif,-0.11467031154429064,-0.4681104192063747,6.475149349645695
d:\New folder\project\data\r260\t2.4\t2.4_260.cif,0.2675082633366361,-0.7807993575840237,5.719304499734137
d:\New folder\project\data\r260\t2.4\t2.4_300.cif,0.36937524284832807,-0.5108721338895132,6.170716792927186
d:\New folder\project\data\r260\t2.4\t2.4_280.cif,0.41012667817935716,-0.6564523025622482,5.6279376309811315
d:\New folder\project\data\r260\t2.4\t2.4_340.cif,0.326204371612115,-0.6820278565555749,7.017823803285872
d:\New folder\project\data\r260\t2.4\t2.4_60.cif,0.44029817324564197,-1.0539448090277062,6.421124067494817
d:\New folder\project\data\r260\t2.4\t2.4_40.cif,0.5132002538364542,-1.2786039052176297,7.243613006337585
d:\New folder\project\data\r260\t3.6\t3.6_0.cif,-0.655349433082976,-1.115641381709954,6.924428959174572
d:\New folder\project\data\r260\t3.6\t3.6_120.cif,-0.6124495558304212,-1.120357233372222,5.942796811216611
d:\New folder\project\data\r260\t2.4\t2.4_80.cif,0.33355054136307055,-0.8794509141155844,6.074828619536316
d:\New folder\project\data\r260\t3.6\t3.6_100.cif,-0.07534341537167144,-0.8343217609739236,5.9673523094035446
d:\New folder\project\data\r260\t3.6\t3.6_140.cif,-0.6421990240436013,-1.0930032923847222,6.701001287758469
d:\New folder\project\data\r260\t3.6\t3.6_180.cif,-0.8680583666525266,-1.0620434172996862,8.233079420300598
d:\New folder\project\data\r260\t3.6\t3.6_160.cif,-0.8213440424060597,-1.0201631231316828,7.3620109357298364
d:\New folder\project\data\r260\t3.6\t3.6_20.cif,-0.7052852465250292,-1.167141392270035,7.715618670753439
d:\New folder\project\data\r260\t3.6\t3.6_200.cif,-0.8079907506282801,-0.7580947577650909,7.7740767764455185
d:\New folder\project\data\r260\t3.6\t3.6_240.cif,-0.7999182912373466,-0.39902976241674315,5.8231664230697
d:\New folder\project\data\r260\t3.6\t3.6_220.cif,-0.8584816305785106,-0.7527316542983226,6.929426813717954
d:\New folder\project\data\r260\t3.6\t3.6_260.cif,-0.6044071271076268,-0.6372062271088657,5.894220435035542
d:\New folder\project\data\r260\t3.6\t3.6_280.cif,-0.5167180909095554,-0.4945468173547569,5.141228907954086
d:\New folder\project\data\r260\t3.6\t3.6_300.cif,-0.4472621961046666,-0.29708855328565037,5.517880753296752
d:\New folder\project\data\r260\t3.6\t3.6_80.cif,-0.8169111904645868,-0.7143547506341424,6.145934411311497
d:\New folder\project\data\r260\t3.6\t3.6_60.cif,-0.8100845117295776,-0.9498134385138215,6.891547258127047
d:\New folder\project\data\r260\t3.6\t3.6_320.cif,-0.7212454049546175,-0.6820227143394527,7.18530329923316
d:\New folder\project\data\r260\t3.6\t3.6_40.cif,-0.740514742732971,-1.2152802722789957,7.299753835153458
d:\New folder\project\data\r260\t4.8\t4.8_0.cif,0.7642551745484667,-1.0898831068145962,6.839675684820617
d:\New folder\project\data\r260\t3.6\t3.6_340.cif,-0.7915108780413318,-0.78360622579669,7.099109275106551
d:\New folder\project\data\r260\t4.8\t4.8_100.cif,0.6868111349060051,-0.9269101567266672,5.62284757837686
d:\New folder\project\data\r260\t4.8\t4.8_140.cif,0.8235356508086539,-0.8371722896425018,5.909069304719447
d:\New folder\project\data\r260\t4.8\t4.8_120.cif,0.6804697601312272,-1.1633578103387177,5.5467222683247295
d:\New folder\project\data\r260\t4.8\t4.8_160.cif,0.2689601229441403,-0.8713800061529855,7.145494718516086
d:\New folder\project\data\r260\t4.8\t4.8_200.cif,-0.09033207210070382,-0.9636769457142675,7.637984963179089
d:\New folder\project\data\r260\t4.8\t4.8_20.cif,0.504113432299995,-1.2048443097725139,7.705627625221282
d:\New folder\project\data\r260\t4.8\t4.8_180.cif,0.08740025975916199,-1.116235007450239,7.613796400517944
d:\New folder\project\data\r260\t4.8\t4.8_220.cif,-0.13211928375930349,-0.6614124191104327,6.633298704218913
d:\New folder\project\data\r260\t4.8\t4.8_240.cif,0.29118166249182403,-0.7071192905628305,5.794649395721458
d:\New folder\project\data\r260\t4.8\t4.8_280.cif,0.36021212694063687,-0.5199148376761852,5.154188282679276
d:\New folder\project\data\r260\t4.8\t4.8_260.cif,0.2925190706944326,-0.31846181283770797,5.183751212391367
d:\New folder\project\data\r260\t4.8\t4.8_320.cif,0.6683716965243384,-0.44313802223536447,6.5424655920341515
d:\New folder\project\data\r260\t4.8\t4.8_60.cif,0.4502676980533438,-1.0076335653157427,6.948533290960658
d:\New folder\project\data\r260\t4.8\t4.8_300.cif,0.5630053169403386,-0.04360499443691834,5.267185231518124
d:\New folder\project\data\r260\t4.8\t4.8_80.cif,0.4122018893931029,-0.8371691009973578,6.193341250765496
d:\New folder\project\data\r260\t4.8\t4.8_40.cif,0.4814166717864288,-1.186737218601585,7.764208630024584
d:\New folder\project\data\r260\t4.8\t4.8_340.cif,0.5109265658859006,-0.7305816623890147,7.118781666123156
d:\New folder\project\data\r260\t6.0\t6.0_100.cif,0.26607596025838964,-1.0462138412057718,5.599430567961712
d:\New folder\project\data\r260\t6.0\t6.0_0.cif,0.7752765022017473,-1.0939197912467051,6.8198173390761
d:\New folder\project\data\r260\t6.0\t6.0_120.cif,0.07233574626782602,-1.0870116185519128,5.64687446563081
d:\New folder\project\data\r260\t6.0\t6.0_140.cif,-0.7050035116134857,-0.889145290707868,6.793107492840163
d:\New folder\project\data\r260\t6.0\t6.0_160.cif,-1.398506354223612,-0.6165220666188596,6.326415128696948
d:\New folder\project\data\r260\t6.0\t6.0_180.cif,-1.5421212140902865,-1.1599639827164823,7.850229990510814
d:\New folder\project\data\r260\t6.0\t6.0_20.cif,0.17206760454653008,-1.266740827803995,7.3245933741004965
d:\New folder\project\data\r260\t6.0\t6.0_200.cif,-0.689042546817151,-1.1885411705758755,7.957206469372534
d:\New folder\project\data\r260\t6.0\t6.0_220.cif,0.1384032345303921,-0.9991838828134686,6.71810211221034
d:\New folder\project\data\r260\t6.0\t6.0_240.cif,-0.4402812988214233,-0.7837667981254501,5.519485643732251
d:\New folder\project\data\r260\t6.0\t6.0_320.cif,0.36546598482331444,-0.7206081423695487,6.536855367237422
d:\New folder\project\data\r260\t6.0\t6.0_300.cif,0.147698635906427,-0.71034129370627,6.026517112856632
d:\New folder\project\data\r260\t6.0\t6.0_260.cif,0.15274070055097871,-0.6958617346386866,6.14327129948241
d:\New folder\project\data\r260\t6.0\t6.0_280.cif,0.12420556325927873,-0.7931474619338743,5.523958147831748
d:\New folder\project\data\r260\t6.0\t6.0_60.cif,-0.00636488255212786,-0.9515027293760454,6.90228756126029
d:\New folder\project\data\r260\t6.0\t6.0_340.cif,0.44616419465282975,-0.8746685873482809,6.792163774184922
d:\New folder\project\data\r260\t7.2\t7.2_0.cif,-1.0980898626179374,-0.9654972251724203,6.740654785153892
d:\New folder\project\data\r260\t6.0\t6.0_40.cif,0.17892101176115233,-1.2244340406250158,7.268755729435556
d:\New folder\project\data\r260\t6.0\t6.0_80.cif,-0.021634444235355543,-0.7654154215230113,6.464683561454909
d:\New folder\project\data\r260\t7.2\t7.2_160.cif,-1.6322636996274007,-0.7787378253683255,6.421946007318254
d:\New folder\project\data\r260\t7.2\t7.2_120.cif,-0.9695039657305239,-0.7906940949888603,6.243487554941476
d:\New folder\project\data\r260\t7.2\t7.2_100.cif,-0.9404867458552612,-1.0334648068825294,5.593673005419785
d:\New folder\project\data\r260\t7.2\t7.2_140.cif,-0.6687688341622018,-0.814181383343483,6.075902543509971
d:\New folder\project\data\r260\t7.2\t7.2_180.cif,-1.0461468688744762,-1.3002522433105335,7.862506443696868
d:\New folder\project\data\r260\t7.2\t7.2_240.cif,-0.8001919305727118,-0.7154520962275108,6.248261717291007
d:\New folder\project\data\r260\t7.2\t7.2_200.cif,-0.8273132314269789,-1.2091616750294234,7.893043628598548
d:\New folder\project\data\r260\t7.2\t7.2_20.cif,-1.0263909790825168,-1.0675131753263785,7.603069825595653
d:\New folder\project\data\r260\t7.2\t7.2_280.cif,-0.79728151769031,-0.7908515988427917,5.6841189653028055
d:\New folder\project\data\r260\t7.2\t7.2_260.cif,-0.8056145022412987,-0.7576271629587307,5.7121972741946685
d:\New folder\project\data\r260\t7.2\t7.2_220.cif,-0.4446024832649965,-1.1086508942617135,6.5476987592640565
d:\New folder\project\data\r260\t7.2\t7.2_320.cif,-0.9387492316687176,-0.7303394312725671,6.5051499775074095
d:\New folder\project\data\r260\t7.2\t7.2_40.cif,-1.0424457712715172,-1.1415979255080322,7.75563678614075
d:\New folder\project\data\r260\t7.2\t7.2_340.cif,-0.8632191750830674,-0.8007368746878446,6.491645706470614
d:\New folder\project\data\r260\t8.4\t8.4_0.cif,-1.035094507803124,-0.7624569201658715,6.198656457416358
d:\New folder\project\data\r260\t7.2\t7.2_300.cif,-0.9436417771639868,-0.6949109081459696,6.107993436522523
d:\New folder\project\data\r260\t7.2\t7.2_60.cif,-1.242836334004497,-0.9413024788074169,6.819348087533345
d:\New folder\project\data\r260\t7.2\t7.2_80.cif,-1.1377477140624692,-1.002000877614347,6.501392985644624
d:\New folder\project\data\r260\t8.4\t8.4_100.cif,-0.6881563009778638,-0.9721753317798839,5.7280556875982045
d:\New folder\project\data\r260\t8.4\t8.4_140.cif,-0.7704167858962648,-0.9902177496324739,6.746110202490027
d:\New folder\project\data\r260\t8.4\t8.4_160.cif,-0.5800541923813294,-1.172697829973951,7.587862384775844
d:\New folder\project\data\r260\t8.4\t8.4_200.cif,-0.3438556787877752,-1.2825937576068027,7.300424061701
d:\New folder\project\data\r260\t8.4\t8.4_180.cif,-0.5208334847617047,-1.3358840611352703,7.886370389470847
d:\New folder\project\data\r260\t8.4\t8.4_20.cif,-0.5591812356350447,-1.0626279224106288,7.6149045273762415
d:\New folder\project\data\r260\t8.4\t8.4_120.cif,-0.9062205752558816,-0.9547715354009384,5.89908431358137
d:\New folder\project\data\r260\t8.4\t8.4_220.cif,-0.47988771871662167,-1.0745889545256242,6.492409635194054
d:\New folder\project\data\r260\t8.4\t8.4_240.cif,-0.6165395919559529,-0.7690489045258652,6.170220831102869
d:\New folder\project\data\r260\t8.4\t8.4_280.cif,-0.45090620710582674,-0.7562594798605696,5.709705080950423
d:\New folder\project\data\r260\t8.4\t8.4_300.cif,-0.5407652758648085,-0.577936000370966,6.180461384549547
d:\New folder\project\data\r260\t8.4\t8.4_260.cif,-0.6038409255129868,-0.7529148875501905,6.180621737001545
d:\New folder\project\data\r260\t8.4\t8.4_320.cif,-0.5990009881189995,-0.7330087542410423,6.336399416248887
d:\New folder\project\data\r260\t8.4\t8.4_340.cif,-0.6077269599081789,-0.718614571420958,6.53863767878548
d:\New folder\project\data\r260\t8.4\t8.4_40.cif,-0.512226018948493,-1.1341289359118785,7.2140124553331235
d:\New folder\project\data\r260\t8.4\t8.4_80.cif,-0.277375768111486,-0.775817220252137,5.742689962276999
d:\New folder\project\data\r260\t8.4\t8.4_60.cif,-0.5150438692385311,-0.9935730121123633,6.382471625609295
d:\New folder\project\data\r260\t9.6\t9.6_120.cif,0.5708681363299254,-0.9084077967871709,6.059094527339498
d:\New folder\project\data\r260\t9.6\t9.6_140.cif,0.5018778988773953,-1.1252355593237524,7.222905471988885
d:\New folder\project\data\r260\t9.6\t9.6_100.cif,0.5346277578124967,-0.8053286973003364,5.7650520570354615
d:\New folder\project\data\r260\t9.6\t9.6_160.cif,0.7073926704445808,-1.2705046531337907,7.554217138693203
d:\New folder\project\data\r260\t9.6\t9.6_0.cif,0.5873294551165333,-0.6458328510582361,6.430437999304189
d:\New folder\project\data\r260\t9.6\t9.6_200.cif,0.7674623566042307,-1.1312386343934202,7.78193347695584
d:\New folder\project\data\r260\t9.6\t9.6_240.cif,0.6121137541061056,-0.7479169412122235,6.296044893595631
d:\New folder\project\data\r260\t9.6\t9.6_20.cif,0.6499151670612064,-1.0921640189584834,7.09907984477771
d:\New folder\project\data\r260\t9.6\t9.6_180.cif,0.8467974347446602,-1.407540120211731,7.778953180597237
d:\New folder\project\data\r260\t9.6\t9.6_260.cif,0.7936033171720297,-0.9263415500613165,5.743361510909801
d:\New folder\project\data\r260\t9.6\t9.6_220.cif,0.32770410852686305,-0.9869617947142371,6.629937451138977
d:\New folder\project\data\r260\t9.6\t9.6_280.cif,0.5398058870447533,-0.7552021438501733,5.929036109108811
d:\New folder\project\data\r260\t9.6\t9.6_340.cif,0.9369853143006441,-0.4723921366309928,6.618794868995016
d:\New folder\project\data\r260\t9.6\t9.6_300.cif,0.6219201564628853,-0.5502578716314588,6.1262862319415845
d:\New folder\project\data\r260\t9.6\t9.6_320.cif,0.9781223673570628,-0.6903725498326667,6.5112321401445055
d:\New folder\project\data\r260\t9.6\t9.6_80.cif,0.6915421412008815,-0.7813204584040268,5.809226399695933
d:\New folder\project\data\r260\t9.6\t9.6_60.cif,0.7859914809545784,-1.0342853118480233,6.296203677893258
d:\New folder\project\data\r260\t9.6\t9.6_40.cif,0.7258345480874596,-1.2331701412944625,7.209014010146764
d:\New folder\project\data\r280\t0\t0_100.cif,0.49050580576247393,-0.44697945513509496,5.45601852380385
d:\New folder\project\data\r280\t0\t0_120.cif,0.31106392181684517,-0.7959288957897465,6.541193166486758
d:\New folder\project\data\r280\t0\t0_160.cif,0.40264702349331016,-1.3850388973797234,7.769197350807308
d:\New folder\project\data\r280\t0\t0_20.cif,0.42494152101928656,-0.9092475354832057,7.411492116211975
d:\New folder\project\data\r280\t0\t0_0.cif,0.5458059628511953,-0.7019926007965369,6.683233478397999
d:\New folder\project\data\r280\t0\t0_180.cif,0.5961838823028894,-1.3112450420000348,8.071468167937043
d:\New folder\project\data\r280\t0\t0_140.cif,0.36090513324185913,-1.0858406464080204,7.380658324843008
d:\New folder\project\data\r280\t0\t0_240.cif,0.38418664127637053,-0.6040536142015924,6.189142957167548
d:\New folder\project\data\r280\t0\t0_220.cif,0.41550958436724,-0.9736029565327673,6.590018129663831
d:\New folder\project\data\r280\t0\t0_200.cif,0.5986076054683888,-1.2474669198885302,7.305047825846142
d:\New folder\project\data\r280\t0\t0_320.cif,0.5345355946214494,-0.5239851150318064,6.422031856809325
d:\New folder\project\data\r280\t0\t0_260.cif,0.4831890845041083,-0.5963065977223404,5.9792284624815375
d:\New folder\project\data\r280\t0\t0_300.cif,0.5216836737509444,-0.5960061606910241,6.2231382564167665
d:\New folder\project\data\r280\t0\t0_280.cif,0.6374182455889335,-0.7711417179666576,5.830718752346676
d:\New folder\project\data\r280\t1.2\t1.2_0.cif,0.06943396032883403,-0.8860382493320693,7.33602718034811
d:\New folder\project\data\r280\t0\t0_40.cif,0.25514035893791587,-1.055263574456185,6.672123201893804
d:\New folder\project\data\r280\t0\t0_340.cif,0.4779920457351026,-0.4895967892923966,6.677155237127666
d:\New folder\project\data\r280\t1.2\t1.2_140.cif,0.9450667572903233,-1.0974856015829169,7.273951878118155
d:\New folder\project\data\r280\t0\t0_60.cif,0.5211027956205432,-1.0229974851673789,6.144445583543752
d:\New folder\project\data\r280\t1.2\t1.2_120.cif,0.7732466126810658,-0.8612715682987871,6.970776939623035
d:\New folder\project\data\r280\t0\t0_80.cif,0.2144043390633859,-0.552714282272042,5.32011305187967
d:\New folder\project\data\r280\t1.2\t1.2_160.cif,0.2726852261957647,-1.1940079137569168,7.730463967613444
d:\New folder\project\data\r280\t1.2\t1.2_100.cif,0.8784925544439337,-0.7171570682566111,6.239993369299518
d:\New folder\project\data\r280\t1.2\t1.2_180.cif,0.24390002882066553,-1.2965174080074464,8.010494917270448
d:\New folder\project\data\r280\t1.2\t1.2_20.cif,0.10916119432546595,-1.0865708795343012,7.707683821316715
d:\New folder\project\data\r280\t1.2\t1.2_220.cif,-0.001903151107367107,-0.9305774759110068,6.737510559001426
d:\New folder\project\data\r280\t1.2\t1.2_200.cif,0.0617476976331906,-1.2747111260729007,7.442888275267003
d:\New folder\project\data\r280\t1.2\t1.2_240.cif,-0.20378960310271593,-0.6772195903938407,6.321895288990661
d:\New folder\project\data\r280\t1.2\t1.2_260.cif,0.053467351566828636,-0.7089618465196128,5.785346480924639
d:\New folder\project\data\r280\t1.2\t1.2_300.cif,-0.1126243468062646,-0.5509008191280595,6.194668548441906
d:\New folder\project\data\r280\t1.2\t1.2_340.cif,-0.3176887139895286,-0.5857084714796352,6.692899562759695
d:\New folder\project\data\r280\t1.2\t1.2_280.cif,-0.05169932282136003,-0.683824588224902,5.6834260977869455
d:\New folder\project\data\r280\t1.2\t1.2_40.cif,0.04283264282360005,-1.2512906609062386,7.286029934114291
d:\New folder\project\data\r280\t2.4\t2.4_0.cif,0.581301791779822,-0.9063434720634667,7.401244795000366
d:\New folder\project\data\r280\t1.2\t1.2_320.cif,-0.19967155195783304,-0.4324422455754221,6.575111090876026
d:\New folder\project\data\r280\t1.2\t1.2_60.cif,0.1675779361115802,-1.088352235476466,6.388132190500662
d:\New folder\project\data\r280\t1.2\t1.2_80.cif,0.8324376751106584,-0.7766914474324003,5.806892518439099
d:\New folder\project\data\r280\t2.4\t2.4_100.cif,0.25457021031860044,-0.6565589248682411,5.631130544484698
d:\New folder\project\data\r280\t2.4\t2.4_120.cif,0.431425960540208,-0.8894302102720024,6.973930018930178
d:\New folder\project\data\r280\t2.4\t2.4_160.cif,0.5702813908491342,-1.1840604803646266,7.581553362485864
d:\New folder\project\data\r280\t2.4\t2.4_220.cif,0.48800184294883553,-0.8121952020190149,6.775861679458474
d:\New folder\project\data\r280\t2.4\t2.4_140.cif,0.6102539704904416,-1.0465918823737015,7.142516691045324
d:\New folder\project\data\r280\t2.4\t2.4_180.cif,0.6458805519864494,-1.2679230738541298,7.877637509566593
d:\New folder\project\data\r280\t2.4\t2.4_20.cif,0.4749012156387243,-1.1970996341929345,7.804734759724519
d:\New folder\project\data\r280\t2.4\t2.4_240.cif,0.5582281761291837,-1.0438870852366666,6.6848694129445585
d:\New folder\project\data\r280\t2.4\t2.4_260.cif,0.38284945817988053,-0.6650797342387187,6.1600884297856515
d:\New folder\project\data\r280\t2.4\t2.4_200.cif,0.6013503682163701,-1.0485288415948146,7.565461891756799
d:\New folder\project\data\r280\t2.4\t2.4_320.cif,-0.44059757034238,-0.4271490252148906,6.551147030633501
d:\New folder\project\data\r280\t2.4\t2.4_280.cif,0.7365346378010513,-0.5600616321051206,5.708466096651782
d:\New folder\project\data\r280\t2.4\t2.4_300.cif,0.44509505342795475,-0.42888563461506846,6.089819460309536
d:\New folder\project\data\r280\t2.4\t2.4_340.cif,0.2829278912478284,-0.8271309778395585,7.100056408486371
d:\New folder\project\data\r280\t2.4\t2.4_60.cif,0.5924901059510026,-1.1689017360089464,6.465315712529847
d:\New folder\project\data\r280\t2.4\t2.4_40.cif,0.4877108106574265,-1.2607680421772336,7.320453526414522
d:\New folder\project\data\r280\t2.4\t2.4_80.cif,0.4967972134221048,-0.8474752570926065,6.112855645464475
d:\New folder\project\data\r280\t3.6\t3.6_0.cif,-0.637507934155288,-0.9733230200300799,7.436057362616285
d:\New folder\project\data\r280\t3.6\t3.6_100.cif,-0.8691661758671307,-0.7133009854222381,5.9123755942697365
d:\New folder\project\data\r280\t3.6\t3.6_120.cif,-0.6491800261235197,-1.0214113130776934,5.939952455907699
d:\New folder\project\data\r280\t3.6\t3.6_140.cif,-0.45876346117100386,-1.0404351096274111,6.651877484864765
d:\New folder\project\data\r280\t3.6\t3.6_200.cif,-0.8020116715166042,-1.0551429585458716,7.525844157974774
d:\New folder\project\data\r280\t3.6\t3.6_160.cif,-0.7090724671516028,-1.1058155709570072,7.359031987797575
d:\New folder\project\data\r280\t3.6\t3.6_20.cif,-0.7439076721394644,-1.2764813832138204,7.519558909473985
d:\New folder\project\data\r280\t3.6\t3.6_180.cif,-0.7813562707694708,-1.2643737825131438,7.843689872119966
d:\New folder\project\data\r280\t3.6\t3.6_220.cif,-0.649311998483705,-0.6849769452226224,7.1572230062512086
d:\New folder\project\data\r280\t3.6\t3.6_280.cif,-0.3249823885727003,-0.4777987852570946,5.417796665716371
d:\New folder\project\data\r280\t3.6\t3.6_260.cif,-0.6700796763875538,-0.6713471472398328,6.219223073406471
d:\New folder\project\data\r280\t3.6\t3.6_320.cif,-0.4818018312907886,-0.30617545298723015,6.538924736491922
d:\New folder\project\data\r280\t3.6\t3.6_240.cif,-0.451320205691752,-0.7172842524351521,5.443644052399475
d:\New folder\project\data\r280\t3.6\t3.6_300.cif,-0.18070945610642997,-0.3673891601755457,5.880673702183475
d:\New folder\project\data\r280\t3.6\t3.6_340.cif,-0.7515033958556625,-0.814674347978662,7.145270013521112
d:\New folder\project\data\r280\t3.6\t3.6_60.cif,-0.748671630486845,-1.194336064959584,6.550412008442098
d:\New folder\project\data\r280\t4.8\t4.8_0.cif,0.5900528870818418,-1.024911013939308,7.3724810516456
d:\New folder\project\data\r280\t3.6\t3.6_40.cif,-0.7101674098093372,-1.275959431523645,7.368572589727237
d:\New folder\project\data\r280\t3.6\t3.6_80.cif,-0.8046287369845639,-0.8611327029701543,6.153852163025317
d:\New folder\project\data\r280\t4.8\t4.8_100.cif,0.5725823487968846,-0.8486144121083335,5.990552973824856
d:\New folder\project\data\r280\t4.8\t4.8_120.cif,0.5299264506378649,-1.1900685615104158,5.908319906138795
d:\New folder\project\data\r280\t4.8\t4.8_140.cif,0.5993412023554547,-1.0581271306142426,6.30608082750206
d:\New folder\project\data\r280\t4.8\t4.8_180.cif,0.22846729845631342,-1.1351516475193781,7.79696763695256
d:\New folder\project\data\r280\t4.8\t4.8_160.cif,0.40742763890964223,-0.8911663214876897,7.171731631938093
d:\New folder\project\data\r280\t4.8\t4.8_20.cif,0.6107500003576017,-1.1613310614302523,7.495140446711162
d:\New folder\project\data\r280\t4.8\t4.8_220.cif,0.06712775665348569,-0.6639428248798336,7.065599060016613
d:\New folder\project\data\r280\t4.8\t4.8_240.cif,0.012407118902572178,-0.5707766310052742,5.43966060415555
d:\New folder\project\data\r280\t4.8\t4.8_280.cif,0.010475438205875376,-0.519862430454219,5.391285535697546
d:\New folder\project\data\r280\t4.8\t4.8_260.cif,0.5761309850251349,-0.420815015696119,5.11169176161127
d:\New folder\project\data\r280\t4.8\t4.8_200.cif,-0.044804216337925196,-0.8603445041112872,7.7640830977143445
d:\New folder\project\data\r280\t4.8\t4.8_60.cif,0.36495473385495897,-1.2548473251586305,6.630412568056794
d:\New folder\project\data\r280\t4.8\t4.8_320.cif,0.9671403331547125,-0.2143370903349257,6.191205015259887
d:\New folder\project\data\r280\t4.8\t4.8_300.cif,0.7641851134060111,-0.554496970555566,5.852877344171767
d:\New folder\project\data\r280\t4.8\t4.8_80.cif,0.4011637432910744,-0.8363740661517477,6.586814860450832
d:\New folder\project\data\r280\t4.8\t4.8_40.cif,0.5256529682957308,-1.2883020724392729,7.388635479962674
d:\New folder\project\data\r280\t6.0\t6.0_0.cif,0.23432724838261748,-0.9934353195574734,7.240491237775671
d:\New folder\project\data\r280\t6.0\t6.0_140.cif,-0.6482499847289342,-0.9499880185166762,7.021063880265683
d:\New folder\project\data\r280\t4.8\t4.8_340.cif,0.49916304146609075,-0.7391915291972505,7.149482179931895
d:\New folder\project\data\r280\t6.0\t6.0_120.cif,0.27195074491760557,-0.8480958380968158,6.822394959681473
d:\New folder\project\data\r280\t6.0\t6.0_100.cif,-0.08877438742787408,-0.5897545102078161,5.750464317110325
d:\New folder\project\data\r280\t6.0\t6.0_160.cif,-1.5217749296895176,-0.9539952318012646,7.099001975650222
d:\New folder\project\data\r280\t6.0\t6.0_180.cif,-1.5693514623203213,-0.7141250570230018,7.228201064088443
d:\New folder\project\data\r280\t6.0\t6.0_20.cif,0.17375077667610928,-1.1071735632835233,7.669014873252942
d:\New folder\project\data\r280\t6.0\t6.0_260.cif,0.048695633661293425,-0.7081731340209023,5.748273336581148
d:\New folder\project\data\r280\t6.0\t6.0_200.cif,-1.5455470603113475,-0.9547910633093705,7.93656491596733
d:\New folder\project\data\r280\t6.0\t6.0_240.cif,0.0766577176045693,-0.5834146635484817,6.250618331832771
d:\New folder\project\data\r280\t6.0\t6.0_220.cif,0.3982296459080486,-0.6090852453568597,6.580731501406597
d:\New folder\project\data\r280\t6.0\t6.0_280.cif,-0.06618958360777055,-0.9751971436190139,5.56616503411657
d:\New folder\project\data\r280\t6.0\t6.0_60.cif,0.11182118049390949,-1.1139495280650167,6.547966421363668
d:\New folder\project\data\r280\t6.0\t6.0_340.cif,0.3328778247539189,-0.8402287299638377,6.821166119921163
d:\New folder\project\data\r280\t6.0\t6.0_300.cif,0.1348751667836119,-0.7942758732819828,6.760416919554824
d:\New folder\project\data\r280\t6.0\t6.0_320.cif,0.11776852962826051,-0.8221269230103905,6.726585393091043
d:\New folder\project\data\r280\t6.0\t6.0_40.cif,0.17725452099907485,-1.251158425790617,7.3813111239388025
d:\New folder\project\data\r280\t6.0\t6.0_80.cif,0.029729646497031914,-0.940499860177949,6.128108661745355
d:\New folder\project\data\r280\t7.2\t7.2_140.cif,-1.0190848939957353,-1.1663221272292366,6.2565534660702875
d:\New folder\project\data\r280\t7.2\t7.2_0.cif,-0.9935192112804019,-0.9119962041774627,6.864886630925824
d:\New folder\project\data\r280\t7.2\t7.2_20.cif,-0.9875625482429309,-1.111482820589976,7.62187485483888
d:\New folder\project\data\r280\t7.2\t7.2_180.cif,-1.7490282242088098,-0.7770684168305146,7.244561867435863
d:\New folder\project\data\r280\t7.2\t7.2_100.cif,-1.0046953596465795,-0.9059278207497631,5.8993735510847936
d:\New folder\project\data\r280\t7.2\t7.2_120.cif,-1.0291510930239762,-0.8806988881411432,6.4960907222535855
d:\New folder\project\data\r280\t7.2\t7.2_160.cif,-1.825580120801717,-0.9605119891707219,6.94399712708709
d:\New folder\project\data\r280\t7.2\t7.2_200.cif,-1.089379553755267,-0.9113959800735629,7.353976893853476
d:\New folder\project\data\r280\t7.2\t7.2_320.cif,-0.7337406653175541,-0.8308620564692333,6.679154602826853
d:\New folder\project\data\r280\t7.2\t7.2_240.cif,-0.8033768003323032,-0.7303613808981955,6.2621496397203265
d:\New folder\project\data\r280\t7.2\t7.2_280.cif,-0.8814227346412613,-0.7466192043771879,6.336304170491935
d:\New folder\project\data\r280\t7.2\t7.2_260.cif,-0.9751482924303192,-0.718429011370987,6.288110310506569
d:\New folder\project\data\r280\t7.2\t7.2_220.cif,-0.7417667463839611,-0.7777840212706701,7.06990784615803
d:\New folder\project\data\r280\t7.2\t7.2_300.cif,-0.8309744956194293,-0.7880405323771068,6.354602410316122
d:\New folder\project\data\r280\t7.2\t7.2_40.cif,-0.9639432971555939,-1.1844288898471445,7.301843551217322
d:\New folder\project\data\r280\t7.2\t7.2_340.cif,-0.8802235595895915,-0.8981170269789758,6.465684631519578
d:\New folder\project\data\r280\t8.4\t8.4_0.cif,-0.512042361323117,-0.7887475161018573,6.81402407883533
d:\New folder\project\data\r280\t7.2\t7.2_60.cif,-0.9429795312587084,-0.8207623026056776,6.323838254062294
d:\New folder\project\data\r280\t8.4\t8.4_100.cif,-0.5115764675310172,-0.9089833019902012,5.828350825608634
d:\New folder\project\data\r280\t8.4\t8.4_140.cif,-0.8384784768934557,-1.082617276193426,7.242527629385926
d:\New folder\project\data\r280\t8.4\t8.4_120.cif,-0.708833689393297,-0.8631759540206105,6.496122139740966
d:\New folder\project\data\r280\t7.2\t7.2_80.cif,-1.2508265208441294,-0.8230049774119398,5.9826186625455335
d:\New folder\project\data\r280\t8.4\t8.4_160.cif,-1.2362358322382403,-1.2876185145409966,7.563167257711751
d:\New folder\project\data\r280\t8.4\t8.4_180.cif,-0.572797708607508,-1.4434385234477307,7.931174810595335
d:\New folder\project\data\r280\t8.4\t8.4_20.cif,-0.5566735038148691,-1.0578968315263169,7.628720036319068
d:\New folder\project\data\r280\t8.4\t8.4_220.cif,-0.38584729397195205,-1.01714359132799,6.566102633826697
d:\New folder\project\data\r280\t8.4\t8.4_200.cif,-0.3712761868499414,-1.1426359130478871,7.399479265171001
d:\New folder\project\data\r280\t8.4\t8.4_260.cif,-0.618213099912866,-0.662321835400434,5.986798921941409
d:\New folder\project\data\r280\t8.4\t8.4_320.cif,-0.14240576061754903,-0.6510784918015585,6.6488411586165626
d:\New folder\project\data\r280\t8.4\t8.4_340.cif,-0.2172282573879913,-0.5503465837092155,6.729799760978982
d:\New folder\project\data\r280\t8.4\t8.4_240.cif,-0.5315588885475776,-0.702075242867403,6.3079501566293095
d:\New folder\project\data\r280\t8.4\t8.4_280.cif,-0.4603031080814109,-0.7247715289096459,6.291641012776974
d:\New folder\project\data\r280\t8.4\t8.4_300.cif,-0.059581694321872256,-0.6124895149263619,6.210552944693297
d:\New folder\project\data\r280\t8.4\t8.4_40.cif,-0.5181113399511554,-1.2062762785403318,7.266507732763814
d:\New folder\project\data\r280\t8.4\t8.4_60.cif,-0.5058516263335183,-0.8154112992114282,5.7734492177636625
d:\New folder\project\data\r280\t8.4\t8.4_80.cif,-0.2408356094754861,-0.527400923761661,5.3645569511902265
d:\New folder\project\data\r280\t9.6\t9.6_0.cif,0.5769518201596463,-0.8035027956039,6.862224866267139
d:\New folder\project\data\r280\t9.6\t9.6_140.cif,0.5749115340069957,-1.0660989259942502,7.40598934634091
d:\New folder\project\data\r280\t9.6\t9.6_120.cif,0.5984647221102581,-0.8611391766898566,6.998025949046244
d:\New folder\project\data\r280\t9.6\t9.6_100.cif,0.6074328157740438,-0.6593788317237237,5.983842562887434
d:\New folder\project\data\r280\t9.6\t9.6_160.cif,0.915080116264596,-1.368587171691549,7.7423986558627895
d:\New folder\project\data\r280\t9.6\t9.6_180.cif,0.8199221136212462,-1.4185136513174086,7.967459014363611
d:\New folder\project\data\r280\t9.6\t9.6_220.cif,0.8710663151514036,-0.8643554293216638,6.921799010324076
d:\New folder\project\data\r280\t9.6\t9.6_20.cif,0.7085935481999506,-1.0892972050824876,7.659128498855852
d:\New folder\project\data\r280\t9.6\t9.6_200.cif,0.8463030611201086,-1.15959023473189,7.839490008651202
d:\New folder\project\data\r280\t9.6\t9.6_280.cif,0.8683956776403194,-0.8858577071813298,5.7243685573129115
d:\New folder\project\data\r280\t9.6\t9.6_240.cif,0.6427517914030658,-0.6775978465284895,6.778812865479559
d:\New folder\project\data\r280\t9.6\t9.6_260.cif,0.6837539076815589,-0.6490775684339699,6.305911331078567
d:\New folder\project\data\r280\t9.6\t9.6_60.cif,0.747750685634442,-1.0780098620812877,6.930303159936998
d:\New folder\project\data\r280\t9.6\t9.6_40.cif,0.7415493172792433,-1.21807181032358,7.301803148122021
d:\New folder\project\data\r280\t9.6\t9.6_300.cif,0.732479135543616,-0.44523107226961456,6.3119429891775125
d:\New folder\project\data\r280\t9.6\t9.6_320.cif,0.9700660515571343,-0.6189093953464773,6.547634385843848
d:\New folder\project\data\r280\t9.6\t9.6_340.cif,0.9750382293732556,-0.4374503944611688,7.010178175612041
d:\New folder\project\data\r300\t0\t0_0.cif,0.12097692012932804,-0.9337317767910998,7.635627730880803
d:\New folder\project\data\r280\t9.6\t9.6_80.cif,0.6826848215344182,-1.0292316241759303,6.46222374106585
d:\New folder\project\data\r300\t0\t0_100.cif,0.3609808195026961,-0.9087166308869883,6.981838136966762
d:\New folder\project\data\r300\t0\t0_160.cif,0.29406932147116555,-1.288004483292198,8.817933448939943
d:\New folder\project\data\r300\t0\t0_20.cif,0.36864192028541515,-0.9767975507296809,8.018943647666598
d:\New folder\project\data\r300\t0\t0_140.cif,0.3501673992240529,-1.016353527082014,7.93373684664982
d:\New folder\project\data\r300\t0\t0_120.cif,0.32042719180313284,-0.843082316579882,7.113965156747118
d:\New folder\project\data\r300\t0\t0_180.cif,0.3897407977725194,-1.2750228990828893,9.189898797839025
d:\New folder\project\data\r300\t0\t0_200.cif,0.3999874806217344,-1.1927573817080748,9.580760289149554
d:\New folder\project\data\r300\t0\t0_280.cif,0.3826067847836451,-0.6209854541915851,6.796660966995475
d:\New folder\project\data\r300\t0\t0_240.cif,0.3450760829543522,-0.7081379983676162,7.900733578586185
d:\New folder\project\data\r300\t0\t0_220.cif,0.3934032155376988,-1.0059966812962768,8.769581519270053
d:\New folder\project\data\r300\t0\t0_300.cif,0.5053693360088415,-0.6100764144219629,6.985603012660051
d:\New folder\project\data\r300\t0\t0_260.cif,0.043571435535112,-0.3308383600147088,6.699637150319945
d:\New folder\project\data\r300\t0\t0_320.cif,0.3354388426044068,-0.6376913069865391,6.964657829423907
d:\New folder\project\data\r300\t1.2\t1.2_0.cif,0.09047501135593994,-1.0144620372624709,8.356561827381762
d:\New folder\project\data\r300\t0\t0_60.cif,0.3330808662203427,-1.1739175199048637,8.007283642318685
d:\New folder\project\data\r300\t0\t0_340.cif,0.2963629613361008,-0.6627573987886278,6.947369165200356
d:\New folder\project\data\r300\t0\t0_40.cif,0.4264133924199362,-1.110538677072544,8.4927613614831
d:\New folder\project\data\r300\t0\t0_80.cif,0.4029752555179417,-0.9844083013757832,7.285676179958947
d:\New folder\project\data\r300\t1.2\t1.2_120.cif,0.8838397665618798,-0.8584978332929816,7.027901565378407
d:\New folder\project\data\r300\t1.2\t1.2_180.cif,0.06847427327406769,-1.3756765795540356,9.467678622887055
d:\New folder\project\data\r300\t1.2\t1.2_160.cif,0.8945712545532665,-1.1396797472618156,8.744011091064333
d:\New folder\project\data\r300\t1.2\t1.2_140.cif,0.9005317668326092,-1.069421208943482,7.857541581692489
d:\New folder\project\data\r300\t1.2\t1.2_100.cif,0.8037302335476924,-0.8865244377214078,7.048743335731127
d:\New folder\project\data\r300\t1.2\t1.2_200.cif,0.07836212461732678,-1.152263853213697,9.54208913692321
d:\New folder\project\data\r300\t1.2\t1.2_240.cif,0.011740883124545631,-0.7061849678929903,7.959298213942094
d:\New folder\project\data\r300\t1.2\t1.2_20.cif,0.11067715285431984,-1.1427525046446,8.864513951797226
d:\New folder\project\data\r300\t1.2\t1.2_280.cif,-0.3488555016251221,-0.6606829950645219,6.902050298559575
d:\New folder\project\data\r300\t1.2\t1.2_220.cif,0.11012906575865822,-1.0000202300946752,8.783282068305878
d:\New folder\project\data\r300\t1.2\t1.2_260.cif,-0.04500123526504257,-0.689140878517536,7.452886872142924
d:\New folder\project\data\r300\t1.2\t1.2_80.cif,0.8338601336047946,-1.056202539744459,7.667611019250333
d:\New folder\project\data\r300\t1.2\t1.2_60.cif,0.10397956366634659,-1.1369942680401894,8.007888316725548
d:\New folder\project\data\r300\t1.2\t1.2_320.cif,-0.30066061162287605,-0.6221108931072028,7.180693904844801
d:\New folder\project\data\r300\t1.2\t1.2_300.cif,-0.24350993710273067,-0.5459786209916446,7.0317547626721115
d:\New folder\project\data\r300\t1.2\t1.2_340.cif,-0.09765110756122786,-0.7416378462191551,7.639146777343402
d:\New folder\project\data\r300\t1.2\t1.2_40.cif,0.07092541006072706,-1.2242046007710794,8.907415906756269
d:\New folder\project\data\r300\t2.4\t2.4_120.cif,0.41025847103939383,-0.826625923515186,6.957752291000744
d:\New folder\project\data\r300\t2.4\t2.4_160.cif,0.47736100836801804,-1.24004094780173,8.585959197322872
d:\New folder\project\data\r300\t2.4\t2.4_100.cif,0.43404394504617144,-0.4144019342751991,6.437638521779187
d:\New folder\project\data\r300\t2.4\t2.4_140.cif,0.49022329336712944,-1.0673068965111607,7.778681359619219
d:\New folder\project\data\r300\t2.4\t2.4_180.cif,0.4671240204091022,-1.302359165212068,9.383059614992279
d:\New folder\project\data\r300\t2.4\t2.4_0.cif,0.4912452553574717,-0.9758024121322929,8.301965011190646
d:\New folder\project\data\r300\t2.4\t2.4_20.cif,0.4810055463418407,-1.1212282636140385,8.808105090772052
d:\New folder\project\data\r300\t2.4\t2.4_200.cif,0.4422793049200761,-1.1266189334816574,9.511949829454782
d:\New folder\project\data\r300\t2.4\t2.4_220.cif,0.5009143219840031,-1.0066598297648035,8.797650884014523
d:\New folder\project\data\r300\t2.4\t2.4_240.cif,1.6471660016667644,-1.2106569408715742,6.584988211328602
d:\New folder\project\data\r300\t2.4\t2.4_260.cif,0.4273807400457823,-0.6770680169873416,7.506358696905488
d:\New folder\project\data\r300\t2.4\t2.4_300.cif,0.25593377173335974,-0.5890197461091917,7.126130843465583
d:\New folder\project\data\r300\t2.4\t2.4_280.cif,0.44925309551057835,-0.7296874101884856,7.3496282510729785
d:\New folder\project\data\r300\t2.4\t2.4_40.cif,0.46381144207718616,-1.2373977893651098,8.905333755280559
d:\New folder\project\data\r300\t2.4\t2.4_320.cif,0.1226218305657204,-0.6517907785936333,7.27263148767423
d:\New folder\project\data\r300\t2.4\t2.4_340.cif,0.29073351371951106,-0.8306561347065204,7.689716926409958
d:\New folder\project\data\r300\t2.4\t2.4_60.cif,0.7916978149034902,-1.071797308001521,7.822053882239967
d:\New folder\project\data\r300\t3.6\t3.6_120.cif,-0.3068943119477583,-0.99145817500825,6.457096275015218
d:\New folder\project\data\r300\t3.6\t3.6_0.cif,-0.7599147695298323,-1.013175795476886,8.267735469337548
d:\New folder\project\data\r300\t2.4\t2.4_80.cif,0.5330021441849488,-0.9835761155060849,7.65390342663296
d:\New folder\project\data\r300\t3.6\t3.6_160.cif,-0.754884565288584,-1.050382557968689,8.195188770361504
d:\New folder\project\data\r300\t3.6\t3.6_100.cif,-0.7642566182705806,-0.5500815923738915,6.710202288500897
d:\New folder\project\data\r300\t3.6\t3.6_140.cif,-0.6625555600875095,-1.145809909875349,7.585408788486789
d:\New folder\project\data\r300\t3.6\t3.6_20.cif,-0.76151112122626,-1.0952781891333974,8.681617565843245
d:\New folder\project\data\r300\t3.6\t3.6_180.cif,-0.7160830867135584,-1.3072754109751894,9.38793830305378
d:\New folder\project\data\r300\t3.6\t3.6_220.cif,-0.6533310637295779,-1.0143963454407263,8.810303113534173
d:\New folder\project\data\r300\t3.6\t3.6_200.cif,-0.75354351921457,-1.1355059470824211,9.546073362911592
d:\New folder\project\data\r300\t3.6\t3.6_260.cif,-0.6631022684126688,-0.6776697064772623,7.4719915490170425
d:\New folder\project\data\r300\t3.6\t3.6_280.cif,-0.2850389333870527,-0.597518765104694,6.667573344006949
d:\New folder\project\data\r300\t3.6\t3.6_40.cif,-0.7013964540908355,-1.2061712451793412,8.889391696030671
d:\New folder\project\data\r300\t3.6\t3.6_300.cif,0.14507158342171217,-0.5830164885982575,6.481740943038772
d:\New folder\project\data\r300\t3.6\t3.6_240.cif,-0.6922951103956532,-0.7132022610573016,7.990257185609149
d:\New folder\project\data\r300\t3.6\t3.6_320.cif,0.32792706438201197,-0.39826574527377234,6.832502996322122
d:\New folder\project\data\r300\t3.6\t3.6_60.cif,-0.6609428630755693,-1.100159822672204,8.017534963007655
d:\New folder\project\data\r300\t3.6\t3.6_340.cif,-0.7558559273182615,-0.7750744197861356,7.657130081476391
d:\New folder\project\data\r300\t4.8\t4.8_0.cif,0.5170209964827139,-1.0001248640269202,8.360185093875044
d:\New folder\project\data\r300\t3.6\t3.6_80.cif,-0.5465077230204872,-0.7495248387353217,7.373484133277794
d:\New folder\project\data\r300\t4.8\t4.8_100.cif,1.3452490417680312,-0.48636395619342515,6.355894454325781
d:\New folder\project\data\r300\t4.8\t4.8_140.cif,0.5064788149372628,-1.1078134257712702,7.06715688240575
d:\New folder\project\data\r300\t4.8\t4.8_120.cif,0.5598563327565028,-1.013842373812677,7.10310772217138
d:\New folder\project\data\r300\t4.8\t4.8_180.cif,0.4490920433083705,-1.3453083337477165,9.434366079163746
d:\New folder\project\data\r300\t4.8\t4.8_160.cif,0.4004508956400622,-0.9853817917995501,8.21323366042319
d:\New folder\project\data\r300\t4.8\t4.8_220.cif,0.5353807290918103,-1.0130537170395215,8.843501955189092
d:\New folder\project\data\r300\t4.8\t4.8_20.cif,0.45010401951567375,-1.1438583950334864,8.701907725443153
d:\New folder\project\data\r300\t4.8\t4.8_340.cif,0.2671919598851673,-0.7332868510450831,7.598250830705043
d:\New folder\project\data\r300\t4.8\t4.8_240.cif,0.5648839905991794,-0.7272869418423109,7.921994486368958
d:\New folder\project\data\r300\t4.8\t4.8_200.cif,0.42399050361378743,-1.137282960630539,9.56837320208266
d:\New folder\project\data\r300\t4.8\t4.8_260.cif,0.4898673803998461,-0.5702819665614413,7.434815612505641
d:\New folder\project\data\r300\t4.8\t4.8_300.cif,0.29039173141510577,-0.7136135775764609,6.450676048714533
d:\New folder\project\data\r300\t4.8\t4.8_280.cif,0.6649333122242127,-0.25686982583737483,6.734086296803607
d:\New folder\project\data\r300\t4.8\t4.8_320.cif,0.8513474197496633,-0.5517198041830856,6.860143663143825
d:\New folder\project\data\r300\t6.0\t6.0_100.cif,0.08439028735339293,-0.7909371846132305,6.337502978813243
d:\New folder\project\data\r300\t4.8\t4.8_40.cif,0.48174745236288463,-1.2362858084630166,8.891511167794121
d:\New folder\project\data\r300\t6.0\t6.0_0.cif,0.18621642691270252,-1.0535046217874118,8.425714832687412
d:\New folder\project\data\r300\t4.8\t4.8_80.cif,0.4761573410788678,-0.7386180406010954,7.366634299651294
d:\New folder\project\data\r300\t4.8\t4.8_60.cif,0.4560230661793827,-0.9536346624231776,7.699844399244449
d:\New folder\project\data\r300\t6.0\t6.0_160.cif,-1.9052064209711135,-0.9843808138710641,7.773548751205751
d:\New folder\project\data\r300\t6.0\t6.0_120.cif,-0.5031763351281663,-0.7322421805479423,6.630777767224512
d:\New folder\project\data\r300\t6.0\t6.0_140.cif,-0.6142899912811396,-1.131731908248753,7.771166128465661
d:\New folder\project\data\r300\t6.0\t6.0_220.cif,0.11879156205090918,-1.0011043582113022,8.838995539146067
d:\New folder\project\data\r300\t6.0\t6.0_20.cif,0.10634361158600403,-1.1341384935279137,8.714978003183377
d:\New folder\project\data\r300\t6.0\t6.0_200.cif,-0.7063960222362655,-1.1786080366607368,9.558733675797619
d:\New folder\project\data\r300\t6.0\t6.0_180.cif,-1.4699876485827614,-1.3477586099125116,9.445520873313352
d:\New folder\project\data\r300\t6.0\t6.0_240.cif,0.09343577730145058,-0.6907691422251024,7.914257745172467
d:\New folder\project\data\r300\t6.0\t6.0_320.cif,0.10706465880009575,-0.716830127095356,6.721481678438644
d:\New folder\project\data\r300\t6.0\t6.0_260.cif,0.1097796443172292,-0.6044983350226804,7.478181401044522
d:\New folder\project\data\r300\t6.0\t6.0_300.cif,0.12535059645230123,-0.8268812820070529,7.4363563225769855
d:\New folder\project\data\r300\t6.0\t6.0_280.cif,0.22368324211540874,-0.6335888091474067,7.509344041014101
d:\New folder\project\data\r300\t6.0\t6.0_40.cif,0.11687593792606071,-1.2313866293002893,8.907367646052366
d:\New folder\project\data\r300\t7.2\t7.2_0.cif,-0.8658423893585294,-1.0857799985143481,8.34702369890337
d:\New folder\project\data\r300\t6.0\t6.0_340.cif,0.12098663640812318,-0.9002919995635916,7.55259854895375
d:\New folder\project\data\r300\t6.0\t6.0_60.cif,0.0332329098321964,-1.117163460831603,7.968243333909354
d:\New folder\project\data\r300\t6.0\t6.0_80.cif,0.25283446780445307,-0.45686019293759883,6.392069363556754
d:\New folder\project\data\r300\t7.2\t7.2_140.cif,-1.1073083203488892,-1.0685635006386764,7.9810816753818
d:\New folder\project\data\r300\t7.2\t7.2_100.cif,-0.8468611277045752,-0.5857017709471966,6.390116922927973
d:\New folder\project\data\r300\t7.2\t7.2_120.cif,-0.33702620752869067,-0.7420395009444016,7.121553170582866
d:\New folder\project\data\r300\t7.2\t7.2_200.cif,-1.0882646735491983,-1.2353274328979476,9.533476142871628
d:\New folder\project\data\r300\t7.2\t7.2_180.cif,-1.1219841233991383,-1.3650713815970374,9.461957830439905
d:\New folder\project\data\r300\t7.2\t7.2_160.cif,-1.5098513928535575,-1.278489728867002,8.451636248756772
d:\New folder\project\data\r300\t7.2\t7.2_20.cif,-0.9459915700103247,-1.1715386953817954,8.77494674767988
d:\New folder\project\data\r300\t7.2\t7.2_220.cif,-1.0455644706752656,-1.0271174268135406,8.857886311894104
d:\New folder\project\data\r300\t7.2\t7.2_260.cif,-1.0030822101742043,-0.6184478830669063,7.443423037719546
d:\New folder\project\data\r300\t7.2\t7.2_240.cif,-0.9829619674378577,-0.7605394898310915,7.931521621164127
d:\New folder\project\data\r300\t7.2\t7.2_280.cif,-0.7863770579821542,-0.5963156538165312,7.4497021251154605
d:\New folder\project\data\r300\t7.2\t7.2_320.cif,-0.4937643426619871,-0.8414023336132194,7.237834036385402
d:\New folder\project\data\r300\t7.2\t7.2_300.cif,-0.39605648967964213,-0.6478096838296599,7.228816423109172
d:\New folder\project\data\r300\t7.2\t7.2_40.cif,-0.9875243534824383,-1.22097962174986,8.91952014371092
d:\New folder\project\data\r300\t7.2\t7.2_340.cif,0.2295703132460819,-0.6900963369115914,7.017239070092289
d:\New folder\project\data\r300\t7.2\t7.2_80.cif,-1.2015232580745967,-1.0276143227889187,7.553316498622497
d:\New folder\project\data\r300\t8.4\t8.4_0.cif,-0.42170173675954503,-1.0395165053357625,8.17002350255101
d:\New folder\project\data\r300\t8.4\t8.4_140.cif,-0.7106319284903606,-1.0172770858729867,8.031362243171582
d:\New folder\project\data\r300\t8.4\t8.4_100.cif,-0.8927470232569732,-0.6795993019785842,6.6131858258343925
d:\New folder\project\data\r300\t7.2\t7.2_60.cif,-1.0728362905551574,-1.1262029509131164,8.013832148826976
d:\New folder\project\data\r300\t8.4\t8.4_220.cif,-0.6181635894339879,-1.0593520906204006,8.83000260184929
d:\New folder\project\data\r300\t8.4\t8.4_120.cif,-0.6210615519080831,-0.8668257550172425,7.167306494231307
d:\New folder\project\data\r300\t8.4\t8.4_180.cif,-0.5823445599315217,-1.4645618587263882,9.55824985683847
d:\New folder\project\data\r300\t8.4\t8.4_20.cif,-0.49406511151841465,-1.131586111340903,8.742265383456063
d:\New folder\project\data\r300\t8.4\t8.4_260.cif,-0.6027696896601189,-0.6396495170619562,7.389275161655147
d:\New folder\project\data\r300\t8.4\t8.4_160.cif,-1.2484558366906677,-1.2357571250568267,8.655957390118198
d:\New folder\project\data\r300\t8.4\t8.4_240.cif,-0.5735172893304257,-0.8552358468074408,7.957140261973771
d:\New folder\project\data\r300\t8.4\t8.4_200.cif,-0.6602765245667553,-1.3197875077725094,9.53289091361832
d:\New folder\project\data\r300\t8.4\t8.4_280.cif,-0.14963598577058118,-0.5048633507509374,6.919223139620153
d:\New folder\project\data\r300\t8.4\t8.4_320.cif,-0.012335752757039978,-0.6563037228675476,7.081557843538954
d:\New folder\project\data\r300\t8.4\t8.4_340.cif,-0.08899695854584862,-0.6172487299242426,7.232345102506536
d:\New folder\project\data\r300\t8.4\t8.4_40.cif,-0.5316123246494033,-1.2326683155637894,8.938556229810683
d:\New folder\project\data\r300\t8.4\t8.4_300.cif,0.09295598790902801,-0.5728877257200481,7.022908334843181
d:\New folder\project\data\r300\t8.4\t8.4_80.cif,-0.644319214442314,-1.0818195948263702,7.629758273182295
d:\New folder\project\data\r300\t9.6\t9.6_0.cif,0.61311958923343,-1.0575869892701455,8.28291786632341
d:\New folder\project\data\r300\t8.4\t8.4_60.cif,-0.5903527443110743,-1.1579516215855938,8.054648574898454
d:\New folder\project\data\r300\t9.6\t9.6_140.cif,0.6435075731156052,-1.0229254585557161,7.995154365379333
d:\New folder\project\data\r300\t9.6\t9.6_120.cif,0.65374033257593,-0.8835433761725744,7.110330372417216
d:\New folder\project\data\r300\t9.6\t9.6_20.cif,0.6787569604058373,-1.0584812907002292,8.723776683223916
d:\New folder\project\data\r300\t9.6\t9.6_100.cif,0.40196678190919666,-0.6928395638817322,6.6111295636728
d:\New folder\project\data\r300\t9.6\t9.6_160.cif,0.6435075731156052,-1.0229254585557161,7.995154365379333
d:\New folder\project\data\r300\t9.6\t9.6_220.cif,0.6826142750925943,-1.0115502666393574,8.836884447672567
d:\New folder\project\data\r300\t9.6\t9.6_180.cif,0.7143270033992133,-1.523783464616691,9.572516694071552
d:\New folder\project\data\r300\t9.6\t9.6_200.cif,0.644136641117431,-1.259990685965676,9.573195411473169
d:\New folder\project\data\r300\t9.6\t9.6_300.cif,0.6799758343671483,-0.6425588833079221,7.022808900180589
d:\New folder\project\data\r300\t9.6\t9.6_240.cif,0.61546012064699,-0.8158150967496052,7.927742449228855
d:\New folder\project\data\r300\t9.6\t9.6_260.cif,0.5742358605930579,-0.6460054016584331,7.319073592869881
d:\New folder\project\data\r300\t9.6\t9.6_280.cif,0.5914889258432867,-0.7216062329496941,7.334516618416012
d:\New folder\project\data\r300\t9.6\t9.6_340.cif,0.7787351744845447,-0.7352763998898947,7.489482929068204
d:\New folder\project\data\r300\t9.6\t9.6_320.cif,0.7014827262389657,-0.789353465354496,7.199117326611218
d:\New folder\project\data\r300\t9.6\t9.6_40.cif,0.6856622538883081,-1.2323768001191016,8.925650846581222
d:\New folder\project\data\r300\t9.6\t9.6_80.cif,0.6030147293693278,-1.1004113331016512,7.614021929125763
d:\New folder\project\data\r300\t9.6\t9.6_60.cif,0.630234667054129,-1.1772756137373526,8.03340462074534
d:\New folder\project\data\r320\t0\t0_0.cif,0.23670050588171232,-0.6557217691792221,8.262541637750383
d:\New folder\project\data\r320\t0\t0_100.cif,0.30931421967429806,-0.9335081860145864,7.018369152493206
d:\New folder\project\data\r320\t0\t0_20.cif,0.09128901619750074,-1.3906842054110653,8.302782047771334
d:\New folder\project\data\r320\t0\t0_120.cif,0.23993030336138144,-0.7271808369525639,7.612292317799085
d:\New folder\project\data\r320\t0\t0_160.cif,0.8493302819797377,-1.2877565561164892,9.1885605217696
d:\New folder\project\data\r320\t0\t0_180.cif,1.6432561875371063,-1.7248442432920477,8.567112076260056
d:\New folder\project\data\r320\t0\t0_200.cif,0.9191898967017353,-1.4190379181503812,7.909284461756354
d:\New folder\project\data\r320\t0\t0_140.cif,0.25578049301545236,-1.0258274578019368,8.385743717168781
d:\New folder\project\data\r320\t0\t0_280.cif,0.38561981506558934,-0.7985569656729914,6.834229505462547
d:\New folder\project\data\r320\t0\t0_220.cif,0.6292902227637382,-1.1842149556330863,7.116479717854565
d:\New folder\project\data\r320\t0\t0_260.cif,0.16588812498150668,-0.8585550644975785,6.780728945885391
d:\New folder\project\data\r320\t0\t0_240.cif,0.4382019044703532,-0.9324474145906123,6.9560321085394525
d:\New folder\project\data\r320\t0\t0_320.cif,0.36361804198753106,-0.6474973284045873,7.762128616594156
d:\New folder\project\data\r320\t0\t0_340.cif,0.259994643465795,-0.8217382506887043,7.848677290083524
d:\New folder\project\data\r320\t0\t0_300.cif,0.4567976242781126,-0.7152960361773177,7.289615442968132
d:\New folder\project\data\r320\t0\t0_40.cif,-0.16588108880898522,-1.3065490692573474,7.56831939085024
d:\New folder\project\data\r320\t0\t0_60.cif,-0.5427993720920358,-1.3288853781980148,6.181105757830281
d:\New folder\project\data\r320\t0\t0_80.cif,-0.0880310402330583,-1.273187758164881,6.175614115300288
d:\New folder\project\data\r320\t1.2\t1.2_120.cif,0.8301093440983258,-0.7557208464082541,7.581510228956396
d:\New folder\project\data\r320\t1.2\t1.2_140.cif,0.630003301621795,-1.098521469457349,8.002157845346995
d:\New folder\project\data\r320\t1.2\t1.2_100.cif,0.8017736283508592,-0.9991026050421987,7.0623104136763954
d:\New folder\project\data\r320\t1.2\t1.2_160.cif,0.5617680367008854,-1.2605083079383774,8.833341911157207
d:\New folder\project\data\r320\t1.2\t1.2_20.cif,0.27574946089605257,-1.9340692149802527,8.153732742857306
d:\New folder\project\data\r320\t1.2\t1.2_0.cif,0.03453533482562571,-1.083809345664576,8.590733581374327
d:\New folder\project\data\r320\t1.2\t1.2_220.cif,1.0992253404811532,-0.857937211055007,6.95932867831365
d:\New folder\project\data\r320\t1.2\t1.2_240.cif,0.5905779990064869,-0.4755160421766968,6.646261410525855
d:\New folder\project\data\r320\t1.2\t1.2_180.cif,1.002671753234112,-1.7161257284687501,8.43667862601249
d:\New folder\project\data\r320\t1.2\t1.2_200.cif,1.2813654845933113,-1.1432080646740013,7.780439976314251
d:\New folder\project\data\r320\t1.2\t1.2_260.cif,0.03551182676694098,-0.9572364351653244,6.438529015204666
d:\New folder\project\data\r320\t1.2\t1.2_280.cif,-0.3828189627676635,-0.9803794024152364,6.659411924454833
d:\New folder\project\data\r320\t1.2\t1.2_40.cif,0.32853976670653506,-1.6164520741523614,7.957825658512696
d:\New folder\project\data\r320\t1.2\t1.2_300.cif,-0.310668012382878,-0.6948331051164744,7.272562914408039
d:\New folder\project\data\r320\t1.2\t1.2_340.cif,-0.21400899696268982,-1.1738843261026481,7.994715329515719
d:\New folder\project\data\r320\t1.2\t1.2_320.cif,-0.22966570292336258,-0.7107366109717556,7.961803387097814
d:\New folder\project\data\r320\t1.2\t1.2_60.cif,0.355218758108351,-1.6333636891287775,6.8111998087653385
d:\New folder\project\data\r320\t2.4\t2.4_0.cif,0.4439730200157111,-1.3000581207930328,8.713905804044552
d:\New folder\project\data\r320\t2.4\t2.4_140.cif,0.48187997022414863,-1.1104760199547803,7.863186239191131
d:\New folder\project\data\r320\t1.2\t1.2_80.cif,0.9029828796765953,-1.3664154094840504,6.61059083814071
d:\New folder\project\data\r320\t2.4\t2.4_100.cif,0.4704031161890198,-0.9757050043777025,7.07376427689502
d:\New folder\project\data\r320\t2.4\t2.4_160.cif,0.3584954282059126,-1.2073058189013606,9.178431823837517
d:\New folder\project\data\r320\t2.4\t2.4_120.cif,0.3643750898770034,-0.8545188170518343,7.380143728615131
d:\New folder\project\data\r320\t2.4\t2.4_20.cif,0.6336839125696473,-1.5850114278049323,8.538486119622146
d:\New folder\project\data\r320\t2.4\t2.4_180.cif,1.1889912940984884,-1.4158863806138542,8.343622195479833
d:\New folder\project\data\r320\t2.4\t2.4_240.cif,0.45467290123743315,-1.2343421507276628,7.768431707753131
d:\New folder\project\data\r320\t2.4\t2.4_200.cif,1.1095512604074866,-1.0263674242933103,7.701955861784393
d:\New folder\project\data\r320\t2.4\t2.4_280.cif,0.45128621567713495,-0.7494401958118444,6.959591015466457
d:\New folder\project\data\r320\t2.4\t2.4_220.cif,0.8573420817321122,-0.7450269376138225,7.021711962492736
d:\New folder\project\data\r320\t2.4\t2.4_260.cif,0.2523671390548771,-0.6975424905446561,6.648939186324772
d:\New folder\project\data\r320\t2.4\t2.4_320.cif,-0.25058568871014686,-1.0111521284473628,7.908180510646958
d:\New folder\project\data\r320\t2.4\t2.4_300.cif,-0.47512999926085386,-0.7011807938424477,7.319911727373044
d:\New folder\project\data\r320\t2.4\t2.4_40.cif,0.700820025147153,-1.5249146284006188,8.152310868478715
d:\New folder\project\data\r320\t2.4\t2.4_340.cif,0.2585234941304005,-1.2287126308020064,8.017914187721585
d:\New folder\project\data\r320\t2.4\t2.4_80.cif,0.609966426740611,-1.4355122745369902,6.771493942284961
d:\New folder\project\data\r320\t3.6\t3.6_120.cif,-0.1467173531673685,-0.9471637669648572,7.558036171095649
d:\New folder\project\data\r320\t3.6\t3.6_100.cif,-0.8269410930187449,-0.7769666533414983,7.03468314109362
d:\New folder\project\data\r320\t2.4\t2.4_60.cif,1.286867004552889,-1.504528526658263,7.12943783524828
d:\New folder\project\data\r320\t3.6\t3.6_160.cif,-0.6831167648291889,-1.22538421160559,8.274514768226856
d:\New folder\project\data\r320\t3.6\t3.6_140.cif,-0.6687457347260937,-1.3364602204611005,7.474309716364051
d:\New folder\project\data\r320\t3.6\t3.6_180.cif,-0.5457569600122354,-1.292828620375483,8.265342106400524
d:\New folder\project\data\r320\t3.6\t3.6_0.cif,-0.6652242166820701,-1.1610427416140645,8.552794086326182
d:\New folder\project\data\r320\t3.6\t3.6_20.cif,-0.7427838939358656,-1.557539471797985,8.424922635940824
d:\New folder\project\data\r320\t3.6\t3.6_240.cif,-0.5984264710811407,-0.3540863912468679,7.0653623974957185
d:\New folder\project\data\r320\t3.6\t3.6_260.cif,-0.34716661106136854,-0.6693875673773844,6.933472524110935
d:\New folder\project\data\r320\t3.6\t3.6_280.cif,-0.19388119452427194,-0.7366496611359289,6.883864305529718
d:\New folder\project\data\r320\t3.6\t3.6_220.cif,-0.5553892049578075,-0.754642927806104,7.104125554158309
d:\New folder\project\data\r320\t3.6\t3.6_200.cif,-0.5116047595611459,-1.0476612280976738,7.700723947468032
d:\New folder\project\data\r320\t3.6\t3.6_300.cif,-0.3932882869737526,-0.5433379340048278,7.388458718151781
d:\New folder\project\data\r320\t3.6\t3.6_320.cif,0.152875953078108,-0.5258759229421581,7.7504750849986985
d:\New folder\project\data\r320\t3.6\t3.6_40.cif,-0.5717969929960487,-1.3793126661600474,7.997497809969144
d:\New folder\project\data\r320\t3.6\t3.6_60.cif,-0.24730864860682356,-1.3674412274472951,7.097905658391285
d:\New folder\project\data\r320\t3.6\t3.6_80.cif,-0.5581242628562981,-1.1939705983146929,6.8283621841935425
d:\New folder\project\data\r320\t4.8\t4.8_100.cif,1.127269579814505,-0.547907099440186,6.739327530303359
d:\New folder\project\data\r320\t3.6\t3.6_340.cif,0.6644002766179525,-0.7195804768950416,7.432358620331706
d:\New folder\project\data\r320\t4.8\t4.8_0.cif,0.606546586095428,-1.0273523292251874,8.449563187555334
d:\New folder\project\data\r320\t4.8\t4.8_200.cif,0.3921814573962855,-1.1754528938061368,7.427185559586762
d:\New folder\project\data\r320\t4.8\t4.8_120.cif,0.6384458784886303,-1.420936490580566,7.141432709592463
d:\New folder\project\data\r320\t4.8\t4.8_180.cif,0.42331890709861464,-1.2702419299195211,8.042071847008769
d:\New folder\project\data\r320\t4.8\t4.8_160.cif,0.2131090510190209,-1.3052035629405478,7.870939890838761
d:\New folder\project\data\r320\t4.8\t4.8_140.cif,0.3125327623625902,-1.628112936702986,7.297645019332544
d:\New folder\project\data\r320\t4.8\t4.8_240.cif,0.4665426114073629,-0.8120680300425329,7.094740468738236
d:\New folder\project\data\r320\t4.8\t4.8_220.cif,0.6205079384843448,-0.8197314678789585,7.1447730655531645
d:\New folder\project\data\r320\t4.8\t4.8_20.cif,0.5451519802836429,-1.5025234934146212,8.308576305515885
d:\New folder\project\data\r320\t4.8\t4.8_320.cif,0.7439206837255011,-0.9287746492167347,7.443306421518766
d:\New folder\project\data\r320\t4.8\t4.8_280.cif,0.5776439977378509,-0.66166441601843,6.945159733195252
d:\New folder\project\data\r320\t4.8\t4.8_260.cif,0.5661298540730759,-1.1181733380917105,6.3443256438180695
d:\New folder\project\data\r320\t4.8\t4.8_340.cif,1.251384879147742,-0.7489751697241563,7.49207508000247
d:\New folder\project\data\r320\t4.8\t4.8_40.cif,0.6840007846227782,-1.5023562946710614,7.389212314946208
d:\New folder\project\data\r320\t4.8\t4.8_300.cif,0.6871333360116079,-0.2345405371062807,7.28364933234366
d:\New folder\project\data\r320\t4.8\t4.8_80.cif,1.1385846343900168,-0.8852348814761049,6.30414121325414
d:\New folder\project\data\r320\t6.0\t6.0_0.cif,0.14356634365991777,-1.1055279149993829,8.343617834339483
d:\New folder\project\data\r320\t6.0\t6.0_100.cif,0.13717478425348384,-0.8406682032302067,6.899167989557831
d:\New folder\project\data\r320\t6.0\t6.0_180.cif,-2.046411798869096,-1.274364010497072,7.921170735790521
d:\New folder\project\data\r320\t6.0\t6.0_160.cif,-2.2607336661354145,-1.3202485613607335,8.289959973413023
d:\New folder\project\data\r320\t6.0\t6.0_140.cif,-1.3349996195918867,-1.1438295488578747,8.405250875500563
d:\New folder\project\data\r320\t4.8\t4.8_60.cif,1.425488318458971,-0.9883573899101322,6.26354002702205
d:\New folder\project\data\r320\t6.0\t6.0_120.cif,-0.4407185944169697,-1.2828741965772392,7.269825294324337
d:\New folder\project\data\r320\t6.0\t6.0_260.cif,0.13496440952057848,-0.722117357458308,7.138688433252761
d:\New folder\project\data\r320\t6.0\t6.0_200.cif,-1.139223670171289,-1.117044836100654,7.56635397508878
d:\New folder\project\data\r320\t6.0\t6.0_240.cif,0.12445355085090914,-0.8845923361410316,7.118101205083598
d:\New folder\project\data\r320\t6.0\t6.0_20.cif,0.2373349947783837,-1.3850471472681956,7.9544493423343
d:\New folder\project\data\r320\t6.0\t6.0_220.cif,-0.2913667634224227,-0.8054958663634331,7.156561284517484
d:\New folder\project\data\r320\t6.0\t6.0_280.cif,0.1988442465827009,-0.22293653191438012,7.4916795909218274
d:\New folder\project\data\r320\t6.0\t6.0_340.cif,0.21587466855969867,-0.8619288696285975,7.290343438503587
d:\New folder\project\data\r320\t6.0\t6.0_320.cif,0.22529144222964248,-1.0933260152499473,8.090251708841423
d:\New folder\project\data\r320\t6.0\t6.0_300.cif,0.5379934534400272,-0.3813992866387238,7.7768935490479985
d:\New folder\project\data\r320\t6.0\t6.0_60.cif,-0.49800657553376293,-0.7243995658797502,6.113708882809096
d:\New folder\project\data\r320\t6.0\t6.0_80.cif,0.1962164741611137,-0.9109919970039597,6.415768233934526
d:\New folder\project\data\r320\t6.0\t6.0_40.cif,-0.040501114784038394,-1.3957994043834285,7.147774539611898
d:\New folder\project\data\r320\t7.2\t7.2_0.cif,-0.21515350409877404,-1.0027223669610268,7.9955048149120165
d:\New folder\project\data\r320\t7.2\t7.2_140.cif,-1.018587501073776,-0.9768358707975457,8.511584072232857
d:\New folder\project\data\r320\t7.2\t7.2_100.cif,-0.6562306607093132,-0.9603475219381408,6.6050886094573995
d:\New folder\project\data\r320\t7.2\t7.2_120.cif,-0.7028986829318525,-0.7413545468933854,7.261890287208366
d:\New folder\project\data\r320\t7.2\t7.2_160.cif,-1.206005009802106,-1.4581885542227133,9.076701733448106
d:\New folder\project\data\r320\t7.2\t7.2_180.cif,-2.3632238703275323,-1.2648597092259866,7.72881347465694
d:\New folder\project\data\r320\t7.2\t7.2_20.cif,-0.8341036692889898,-1.2460628898435824,7.807031470583568
d:\New folder\project\data\r320\t7.2\t7.2_240.cif,-1.0276434183571443,-1.0192119982517356,7.051238911863951
d:\New folder\project\data\r320\t7.2\t7.2_220.cif,-1.4790717713314916,-1.128844968102956,7.1450263933766935
d:\New folder\project\data\r320\t7.2\t7.2_300.cif,-0.018099309245992456,-0.5040314795560215,7.526642583713749
d:\New folder\project\data\r320\t7.2\t7.2_260.cif,-1.0122898108156992,-0.7551586250147745,7.0806010656172385
d:\New folder\project\data\r320\t7.2\t7.2_200.cif,-2.284097422535397,-1.0230285556846297,7.413002402265102
d:\New folder\project\data\r320\t7.2\t7.2_280.cif,-0.8250881876369751,-0.6438845113646955,7.203109200496466
d:\New folder\project\data\r320\t7.2\t7.2_340.cif,-0.15641100828749238,-1.0423574846413959,7.461398901150848
d:\New folder\project\data\r320\t7.2\t7.2_60.cif,-0.4219057210063135,-0.7240599840400238,6.107880459488914
d:\New folder\project\data\r320\t7.2\t7.2_320.cif,0.3874811975980378,-0.9042756857465809,7.604549139172558
d:\New folder\project\data\r320\t8.4\t8.4_0.cif,-0.2800220354655471,-1.0774768270636548,8.305389470207443
d:\New folder\project\data\r320\t7.2\t7.2_40.cif,-1.0026973728713744,-0.9742575263438608,6.0486381060686565
d:\New folder\project\data\r320\t8.4\t8.4_120.cif,-0.769672984782293,-0.8717245634179714,7.603902753326477
d:\New folder\project\data\r320\t8.4\t8.4_100.cif,-0.6511275937552412,-1.0512699219683062,6.862922278197417
d:\New folder\project\data\r320\t7.2\t7.2_80.cif,-0.7138240624885447,-0.7850961044784541,6.235306039196714
d:\New folder\project\data\r320\t8.4\t8.4_20.cif,-0.5652102550347688,-1.146021689068067,8.307263584393429
d:\New folder\project\data\r320\t8.4\t8.4_160.cif,-0.7624110498450177,-1.3885449122436928,9.189150998455162
d:\New folder\project\data\r320\t8.4\t8.4_200.cif,-2.028680994794379,-1.2651135834734435,7.574586608378815
d:\New folder\project\data\r320\t8.4\t8.4_140.cif,-0.8276052401389142,-0.9107487189784153,8.51182503911852
d:\New folder\project\data\r320\t8.4\t8.4_180.cif,-1.8255937717990884,-1.508038053392036,8.506634315175958
d:\New folder\project\data\r320\t8.4\t8.4_220.cif,-0.9185467825409912,-1.1782931313876996,7.197901639172929
d:\New folder\project\data\r320\t8.4\t8.4_240.cif,-0.6204991002801958,-1.070954364471993,6.973286218889035
d:\New folder\project\data\r320\t8.4\t8.4_260.cif,-0.5115374532034783,-0.9991798676841916,6.681338359000566
d:\New folder\project\data\r320\t8.4\t8.4_60.cif,-1.5892369486325089,-0.7054686182305485,6.06639861093112
d:\New folder\project\data\r320\t8.4\t8.4_320.cif,-0.0860404203295641,-0.8325612145753026,7.7305072048491486
d:\New folder\project\data\r320\t8.4\t8.4_40.cif,-0.5776156867812529,-1.2712550411412507,7.91588566294123
d:\New folder\project\data\r320\t8.4\t8.4_280.cif,-0.4221949512407057,-0.7507974314592043,7.0625958498600925
d:\New folder\project\data\r320\t8.4\t8.4_300.cif,-0.009482097915292087,-0.7372319826911786,7.256893243549453
d:\New folder\project\data\r320\t8.4\t8.4_340.cif,-0.32222958280441083,-0.8636204272948104,7.65411799342492
d:\New folder\project\data\r320\t9.6\t9.6_120.cif,0.5345079992492128,-0.7100116377529497,7.684481539089646
d:\New folder\project\data\r320\t9.6\t9.6_140.cif,0.5574785164535743,-1.042676067360248,8.613037558888262
d:\New folder\project\data\r320\t8.4\t8.4_80.cif,-1.8501726949307307,-0.711185538284054,6.011646507135426
d:\New folder\project\data\r320\t9.6\t9.6_0.cif,0.559844012770458,-0.9629186696781173,8.513613211396445
d:\New folder\project\data\r320\t9.6\t9.6_100.cif,0.5520433490414998,-0.9967485616790147,6.916764861967063
d:\New folder\project\data\r320\t9.6\t9.6_160.cif,1.2700265295677824,-1.4054168314498,9.05381289702948
d:\New folder\project\data\r320\t9.6\t9.6_200.cif,1.2620852940448095,-1.4240316007489242,7.944213854087306
d:\New folder\project\data\r320\t9.6\t9.6_240.cif,0.6926491599831142,-0.9038318992297052,7.017727520796472
d:\New folder\project\data\r320\t9.6\t9.6_20.cif,0.2720444822407897,-1.5696565775608746,8.137204292158247
d:\New folder\project\data\r320\t9.6\t9.6_180.cif,1.6926753574422644,-1.7112525317940923,8.472174217867686
d:\New folder\project\data\r320\t9.6\t9.6_220.cif,1.0215525597470152,-1.10442416296639,7.180987986719318
d:\New folder\project\data\r320\t9.6\t9.6_260.cif,0.507753120926095,-0.9301554599296488,6.808305151116615
d:\New folder\project\data\r320\t9.6\t9.6_280.cif,0.7068458301920555,-1.0801733235411102,6.543533854411007
d:\New folder\project\data\r320\t9.6\t9.6_320.cif,0.5653854708694999,-0.8213155337483107,7.824822979447399
d:\New folder\project\data\r320\t9.6\t9.6_40.cif,0.5282452842498777,-1.3724759228393175,8.199963528311928
d:\New folder\project\data\r320\t9.6\t9.6_300.cif,0.6032968966486991,-0.7705659820841038,7.2627114919803395
d:\New folder\project\data\r320\t9.6\t9.6_60.cif,-0.36545150467638887,-1.2766900790661193,6.347600958854243
d:\New folder\project\data\r340\t0\t0_0.cif,0.12961968674072155,-0.9592116131840237,8.280847086396859
d:\New folder\project\data\r320\t9.6\t9.6_80.cif,0.3794697081700966,-1.2836986025829948,6.52255022684237
d:\New folder\project\data\r320\t9.6\t9.6_340.cif,0.5050613857239934,-1.0130290304671987,7.910682954384432
d:\New folder\project\data\r340\t0\t0_180.cif,1.2352702835099532,-1.5093429951606843,9.77869411476384
d:\New folder\project\data\r340\t0\t0_140.cif,0.3308220201551348,-0.9370876988357283,8.191700535778486
d:\New folder\project\data\r340\t0\t0_100.cif,0.15074941514704604,-1.2554125707445398,7.215526867283256
d:\New folder\project\data\r340\t0\t0_160.cif,0.3792133004997104,-1.2238392192971435,9.358364984915465
d:\New folder\project\data\r340\t0\t0_120.cif,0.4261520059697821,-1.0190701479906825,7.627105975786051
d:\New folder\project\data\r340\t0\t0_20.cif,0.3592302331603127,-1.1705652440153567,9.124561719346811
d:\New folder\project\data\r340\t0\t0_200.cif,0.9081939967765715,-1.736611958250893,9.440958188450084
d:\New folder\project\data\r340\t0\t0_220.cif,0.8582789208933967,-1.4535523182604952,8.273202008813225
d:\New folder\project\data\r340\t0\t0_280.cif,0.13742803679744708,-1.0362873464605957,7.444277533337773
d:\New folder\project\data\r340\t0\t0_340.cif,0.30257365464220615,-0.8428823290480936,8.069274797531834
d:\New folder\project\data\r340\t0\t0_240.cif,0.5390047344920199,-1.0846000367486233,7.86664868438859
d:\New folder\project\data\r340\t0\t0_300.cif,0.5108527007856087,-1.0914117777326093,7.386275214260006
d:\New folder\project\data\r340\t0\t0_260.cif,0.14174450960317064,-1.0582859135553193,7.5054662630410585
d:\New folder\project\data\r340\t0\t0_320.cif,0.45606028952109895,-0.8326604742953061,7.773811112827131
d:\New folder\project\data\r340\t0\t0_40.cif,0.16127226525121063,-1.4295342908678097,8.808037355152138
d:\New folder\project\data\r340\t0\t0_60.cif,0.07517486703532794,-1.227050533454059,8.398291611542879
d:\New folder\project\data\r340\t1.2\t1.2_0.cif,-0.06903581771617878,-1.2916550088194088,8.635619693914043
d:\New folder\project\data\r340\t1.2\t1.2_100.cif,0.7947848801038675,-1.5116805654594019,7.262692887337571
d:\New folder\project\data\r340\t0\t0_80.cif,-0.2624715795951974,-1.4826369636826073,7.246679203810583
d:\New folder\project\data\r340\t1.2\t1.2_120.cif,0.7615336448148935,-1.1478152974753169,7.280065799201673
d:\New folder\project\data\r340\t1.2\t1.2_220.cif,1.2987843355146151,-0.9994707348755247,7.554206611164059
d:\New folder\project\data\r340\t1.2\t1.2_140.cif,1.064883757391287,-0.8627252000747933,7.817121864167356
d:\New folder\project\data\r340\t1.2\t1.2_180.cif,0.5920486988382885,-1.6051073950515509,9.654506209833091
d:\New folder\project\data\r340\t1.2\t1.2_200.cif,1.2849226027579914,-1.328498289486841,8.007881290401915
d:\New folder\project\data\r340\t1.2\t1.2_240.cif,0.8191516700032969,-0.6476616253780989,7.094812298607419
d:\New folder\project\data\r340\t1.2\t1.2_280.cif,0.07723312688867301,-0.7740954237609097,7.511145288903043
d:\New folder\project\data\r340\t1.2\t1.2_260.cif,0.6229033046987323,-0.21756592726187401,7.041928884741315
d:\New folder\project\data\r340\t1.2\t1.2_160.cif,1.080249314056231,-1.1729569824476103,9.067973014256161
d:\New folder\project\data\r340\t1.2\t1.2_20.cif,-0.12249416934171986,-1.4613421594956064,9.281462794471249
d:\New folder\project\data\r340\t1.2\t1.2_300.cif,-0.38844649137466913,-1.085694930460594,7.354187402563368
d:\New folder\project\data\r340\t1.2\t1.2_340.cif,-0.572154162274485,-0.9528828576510946,8.353874187974908
d:\New folder\project\data\r340\t1.2\t1.2_320.cif,-0.5619543261078825,-0.7524820318422742,7.796270316877282
d:\New folder\project\data\r340\t2.4\t2.4_120.cif,0.37558935335200516,-1.2608447178558357,7.3294426395712176
d:\New folder\project\data\r340\t1.2\t1.2_40.cif,0.10953012210715835,-1.518302419454165,9.110981091571187
d:\New folder\project\data\r340\t1.2\t1.2_80.cif,1.1349168587818947,-1.876188603131242,7.246441829349833
d:\New folder\project\data\r340\t2.4\t2.4_140.cif,0.41343897183184836,-1.0857124474980469,7.7744824109458
d:\New folder\project\data\r340\t1.2\t1.2_60.cif,0.8265107194918683,-1.4599163778180293,8.207633097840754
d:\New folder\project\data\r340\t2.4\t2.4_0.cif,0.12386750348310194,-1.2246942300927897,8.861255418326817
d:\New folder\project\data\r340\t2.4\t2.4_160.cif,0.46969223567361346,-1.2997347571094497,8.821855978455668
d:\New folder\project\data\r340\t2.4\t2.4_200.cif,0.47940287322732766,-1.3998065289533757,7.953248193445417
d:\New folder\project\data\r340\t2.4\t2.4_100.cif,0.6306697551320255,-1.328599421375968,7.369162850863
d:\New folder\project\data\r340\t2.4\t2.4_180.cif,0.6867478510014635,-1.662095922499075,9.388070462013482
d:\New folder\project\data\r340\t2.4\t2.4_20.cif,0.45224050304368124,-1.5181835317498908,9.403457847671962
d:\New folder\project\data\r340\t2.4\t2.4_220.cif,0.9830439139676957,-0.8484022080448748,7.559714153583584
d:\New folder\project\data\r340\t2.4\t2.4_260.cif,0.31583535725285783,-0.13114413457987645,7.038877276665493
d:\New folder\project\data\r340\t2.4\t2.4_320.cif,0.3982896963178487,-0.652302064685554,8.105565002054913
d:\New folder\project\data\r340\t2.4\t2.4_240.cif,0.3336849382209832,-1.2001801296002679,8.122171459218483
d:\New folder\project\data\r340\t2.4\t2.4_280.cif,0.5813787415330287,-0.7152838709248284,7.52801987355427
d:\New folder\project\data\r340\t2.4\t2.4_340.cif,-0.1938878809397081,-1.1931198698816161,8.671151886115384
d:\New folder\project\data\r340\t2.4\t2.4_300.cif,0.5377919643323615,-0.771793056564196,7.5278156764068616
d:\New folder\project\data\r340\t2.4\t2.4_60.cif,0.9034947698527916,-1.6922077019820179,8.196231245031067
d:\New folder\project\data\r340\t3.6\t3.6_100.cif,-0.5459921554475823,-1.0168758276000016,7.365174269230967
d:\New folder\project\data\r340\t2.4\t2.4_40.cif,0.7830147162026748,-1.6629313478551744,8.62646679811932
d:\New folder\project\data\r340\t3.6\t3.6_120.cif,-0.2774936370575664,-1.1429927713367556,7.374849559141878
d:\New folder\project\data\r340\t3.6\t3.6_0.cif,-0.4823517651834587,-1.2238335898726744,8.747016290736005
d:\New folder\project\data\r340\t2.4\t2.4_80.cif,1.1021200970256055,-1.5612710842973407,7.3582550876752135
d:\New folder\project\data\r340\t3.6\t3.6_20.cif,-0.6764149176965788,-1.5661756529928668,9.346677115995483
d:\New folder\project\data\r340\t3.6\t3.6_140.cif,-0.6962128178594393,-1.3096932409168884,8.384675621140563
d:\New folder\project\data\r340\t3.6\t3.6_160.cif,-0.7288065904385708,-1.4843754136740144,8.296515829095533
d:\New folder\project\data\r340\t3.6\t3.6_180.cif,-0.7536515164026916,-1.3980860016103764,9.063856507807817
d:\New folder\project\data\r340\t3.6\t3.6_240.cif,-0.8376785302303931,-0.523000929736225,7.263427491610846
d:\New folder\project\data\r340\t3.6\t3.6_200.cif,-0.518337546655963,-1.1846388746154088,8.22112947556819
d:\New folder\project\data\r340\t3.6\t3.6_220.cif,-0.6869383779210689,-0.9219240378768125,7.580495032558866
d:\New folder\project\data\r340\t3.6\t3.6_280.cif,-0.4533819716413223,-0.7402485141394671,7.450297814294329
d:\New folder\project\data\r340\t3.6\t3.6_260.cif,-0.40537680972357776,-0.5194926795900627,7.422132957112722
d:\New folder\project\data\r340\t3.6\t3.6_300.cif,-0.2710480452559403,-0.7354759114260813,7.405290961716931
d:\New folder\project\data\r340\t3.6\t3.6_40.cif,-0.6905630535507857,-1.5649812400920242,8.447366061212838
d:\New folder\project\data\r340\t3.6\t3.6_60.cif,-0.2783546645897115,-1.4252665719460318,8.094881183006903
d:\New folder\project\data\r340\t3.6\t3.6_320.cif,-0.288176036584664,-0.5665641330509732,7.821874675703607
d:\New folder\project\data\r340\t3.6\t3.6_80.cif,0.35462450725687455,-1.1995546279343237,7.029702911607309
d:\New folder\project\data\r340\t3.6\t3.6_340.cif,0.33621182327488647,-0.7802926397579274,8.047277889083704
d:\New folder\project\data\r340\t4.8\t4.8_0.cif,1.4386607912121008,-0.7891695803326714,7.7797442359900275
d:\New folder\project\data\r340\t4.8\t4.8_100.cif,1.1238196416169222,-0.7811111641504742,6.90247525456037
d:\New folder\project\data\r340\t4.8\t4.8_20.cif,0.7267457349150732,-1.4037770161779315,9.089005114673792
d:\New folder\project\data\r340\t4.8\t4.8_120.cif,1.0072682278282838,-0.8551123260746879,7.360549834482275
d:\New folder\project\data\r340\t4.8\t4.8_140.cif,0.1708411529438626,-1.6650765757831563,7.607564598166822
d:\New folder\project\data\r340\t4.8\t4.8_180.cif,0.568057254371684,-1.616183707348711,9.252003250068986
d:\New folder\project\data\r340\t4.8\t4.8_160.cif,0.16096499450086799,-1.642362253112598,8.098566609335753
d:\New folder\project\data\r340\t4.8\t4.8_240.cif,0.3606481168946609,-0.790551230683717,7.549090258928449
d:\New folder\project\data\r340\t4.8\t4.8_200.cif,0.19106132323497194,-1.2841012291853202,8.141162740267367
d:\New folder\project\data\r340\t4.8\t4.8_220.cif,0.38362716179251366,-1.0897395230908293,7.672716588389403
d:\New folder\project\data\r340\t4.8\t4.8_260.cif,0.46244831599494723,-0.7927061479156768,7.594853460111242
d:\New folder\project\data\r340\t4.8\t4.8_300.cif,0.5792120970760973,-0.7802007511446082,7.410048413544114
d:\New folder\project\data\r340\t4.8\t4.8_80.cif,1.3411793701216488,-1.0741295486979932,6.755752377964608
d:\New folder\project\data\r340\t4.8\t4.8_340.cif,1.1104088198242263,-1.1052287700365457,7.86504673910477
d:\New folder\project\data\r340\t4.8\t4.8_280.cif,0.5508760541113,-0.758443357013249,7.531852839379081
d:\New folder\project\data\r340\t4.8\t4.8_320.cif,0.7055125571897971,-0.27735760344225624,7.711868293441094
d:\New folder\project\data\r340\t4.8\t4.8_60.cif,0.42441894417911785,-1.301578221551319,7.897057541288299
d:\New folder\project\data\r340\t4.8\t4.8_40.cif,0.495196052369656,-1.542922278065001,8.076388127676877
d:\New folder\project\data\r340\t6.0\t6.0_0.cif,0.10040457081898946,-1.2404864423762947,8.426279354765484
d:\New folder\project\data\r340\t6.0\t6.0_140.cif,-1.2386206027588025,-1.2386093442736947,8.00501282101135
d:\New folder\project\data\r340\t6.0\t6.0_100.cif,0.03000931910708171,-0.6535893830079043,6.914057448563665
d:\New folder\project\data\r340\t6.0\t6.0_120.cif,-0.08144223982711674,-0.8875972698934618,7.35275723258926
d:\New folder\project\data\r340\t6.0\t6.0_160.cif,-1.5849584527650526,-1.3582507661477181,8.77280447787738
d:\New folder\project\data\r340\t6.0\t6.0_180.cif,-1.7134031552394067,-1.576921408382801,9.374932598722237
d:\New folder\project\data\r340\t6.0\t6.0_20.cif,0.2724790023508398,-1.1832217936454261,8.707691629418619
d:\New folder\project\data\r340\t6.0\t6.0_220.cif,-1.0305357046413395,-1.0368765542338019,8.021527825750526
d:\New folder\project\data\r340\t6.0\t6.0_240.cif,-0.09489904167546603,-0.9411090585606824,7.661797285242549
d:\New folder\project\data\r340\t6.0\t6.0_260.cif,-0.044935845103266425,-0.8430714399514344,7.646760492754529
d:\New folder\project\data\r340\t6.0\t6.0_200.cif,-2.0758066345227575,-1.3462899425087382,8.163946590385372
d:\New folder\project\data\r340\t6.0\t6.0_280.cif,0.11591492792293251,-0.7844650183623836,7.545929642765189
d:\New folder\project\data\r340\t6.0\t6.0_300.cif,0.0967030133286324,-0.3831883470586301,7.490619937996558
d:\New folder\project\data\r340\t6.0\t6.0_320.cif,0.08372776853389219,-0.8122612488873181,8.348323991188096
d:\New folder\project\data\r340\t6.0\t6.0_340.cif,0.15295388231714596,-1.082526980074248,8.627569868596074
d:\New folder\project\data\r340\t6.0\t6.0_40.cif,0.04652165731029073,-1.3901356584017694,8.360755141173025
d:\New folder\project\data\r340\t6.0\t6.0_80.cif,0.2590456980243893,-1.0642307941905607,6.748312584565304
d:\New folder\project\data\r340\t7.2\t7.2_120.cif,-0.7363372112254922,-1.0603444954568515,7.614306399783442
d:\New folder\project\data\r340\t7.2\t7.2_100.cif,-1.1823198554832544,-0.7370096339123335,6.918053197975514
d:\New folder\project\data\r340\t7.2\t7.2_140.cif,-1.0990817622318527,-1.1310836572742717,8.22108518920995
d:\New folder\project\data\r340\t7.2\t7.2_220.cif,-1.469927417896726,-1.1498241288876048,8.221609732431508
d:\New folder\project\data\r340\t7.2\t7.2_200.cif,-1.8040615531047388,-1.3565503716640306,8.9647235333226
d:\New folder\project\data\r340\t6.0\t6.0_60.cif,-0.16821917604584113,-1.4627269865234538,6.994602029884995
d:\New folder\project\data\r340\t7.2\t7.2_0.cif,0.04071837394718397,-1.0223137874503074,8.090114494468235
d:\New folder\project\data\r340\t7.2\t7.2_160.cif,-1.090624014176278,-1.2848066495050476,9.051122635257343
d:\New folder\project\data\r340\t7.2\t7.2_20.cif,-0.7660332122887864,-1.1503856503157501,8.699735196732432
d:\New folder\project\data\r340\t7.2\t7.2_240.cif,-1.300594739725922,-1.1102911309923884,7.882323648742357
d:\New folder\project\data\r340\t7.2\t7.2_280.cif,-1.0729225342986282,-0.9050784754030943,7.625151837790269
d:\New folder\project\data\r340\t7.2\t7.2_260.cif,-1.1320457982640728,-0.9598978561782717,7.734038508741674
d:\New folder\project\data\r340\t7.2\t7.2_180.cif,-1.4426144883586232,-1.7221707957861347,9.649654053359777
d:\New folder\project\data\r340\t7.2\t7.2_300.cif,-0.7795612591128257,-0.5078965580905697,7.690968822535951
d:\New folder\project\data\r340\t7.2\t7.2_320.cif,-0.5523863479451554,-0.8259386256256395,8.354035678677093
d:\New folder\project\data\r340\t7.2\t7.2_40.cif,-0.8104185964938887,-1.3017767634875475,8.376280467483166
d:\New folder\project\data\r340\t8.4\t8.4_100.cif,-0.5665501107374209,-1.026900028374357,7.154402376545539
d:\New folder\project\data\r340\t7.2\t7.2_340.cif,0.17082059310561626,-1.064446364310953,8.191531823353285
d:\New folder\project\data\r340\t8.4\t8.4_0.cif,-0.14976263990891298,-1.127700245136317,8.198373301913293
d:\New folder\project\data\r340\t7.2\t7.2_60.cif,-0.9023753519142431,-1.2095317235431937,7.578572297418955
d:\New folder\project\data\r340\t7.2\t7.2_80.cif,-0.730768776996559,-0.8513517868216494,6.647457719174831
d:\New folder\project\data\r340\t8.4\t8.4_140.cif,-0.9228287332029776,-0.9426677812560227,8.252601259201667
d:\New folder\project\data\r340\t8.4\t8.4_200.cif,-1.9037770605145141,-1.59045844240397,8.365717326663713
d:\New folder\project\data\r340\t8.4\t8.4_180.cif,-0.9450204573191145,-1.5764767252141898,9.93472394603162
d:\New folder\project\data\r340\t8.4\t8.4_120.cif,-0.4906559518848085,-1.1675669824639325,7.558752525212531
d:\New folder\project\data\r340\t8.4\t8.4_160.cif,-1.0501729497274357,-1.1049253880146648,9.031683398312651
d:\New folder\project\data\r340\t8.4\t8.4_240.cif,-0.6954282196635688,-1.4191868772398375,7.444030532771652
d:\New folder\project\data\r340\t8.4\t8.4_280.cif,-0.689989876507612,-0.9960945452348294,7.54634900476564
d:\New folder\project\data\r340\t8.4\t8.4_20.cif,-0.5243534480292231,-1.2349370702033438,8.798110747099606
d:\New folder\project\data\r340\t8.4\t8.4_220.cif,-1.0710090293396584,-1.6361328597509446,7.786512498498578
d:\New folder\project\data\r340\t8.4\t8.4_300.cif,-0.05941079133705016,-0.9489441212541893,7.4694613645514805
d:\New folder\project\data\r340\t8.4\t8.4_260.cif,-0.6368863558417501,-1.0622591569419269,7.520748254671975
d:\New folder\project\data\r340\t8.4\t8.4_320.cif,0.1497162341259936,-1.06613567267666,7.852435480948197
d:\New folder\project\data\r340\t8.4\t8.4_80.cif,-0.9088250933232951,-1.2131266820246056,7.081758943762192
d:\New folder\project\data\r340\t8.4\t8.4_340.cif,-0.2221149706679647,-0.9910263694237822,8.19627593737715
d:\New folder\project\data\r340\t8.4\t8.4_60.cif,-0.8462887441088105,-1.1654928782166125,8.04074439396395
d:\New folder\project\data\r340\t9.6\t9.6_120.cif,0.7332015756885852,-1.0157430451962546,7.316676801031323
d:\New folder\project\data\r340\t9.6\t9.6_0.cif,0.43565933062170936,-1.2252601821441702,8.46349100222946
d:\New folder\project\data\r340\t9.6\t9.6_140.cif,0.9344977912242975,-0.7241272458915482,8.11871962119574
d:\New folder\project\data\r340\t8.4\t8.4_40.cif,-0.5861929361930629,-1.381073750861574,8.485094244257624
d:\New folder\project\data\r340\t9.6\t9.6_100.cif,0.40724736858659033,-1.4576312266174785,7.152581446657802
d:\New folder\project\data\r340\t9.6\t9.6_160.cif,0.8546587168872951,-1.3366677672981242,9.29062964018028
d:\New folder\project\data\r340\t9.6\t9.6_180.cif,0.9547262967922586,-1.6423780831387067,9.982794979998458
d:\New folder\project\data\r340\t9.6\t9.6_20.cif,0.36359926443234103,-1.1703354912366302,9.089272963177686
d:\New folder\project\data\r340\t9.6\t9.6_260.cif,0.6946992553743198,-0.816130840936564,7.550139576121186
d:\New folder\project\data\r340\t9.6\t9.6_220.cif,1.6769777231486358,-1.1298162962695388,8.049098809886804
d:\New folder\project\data\r340\t9.6\t9.6_240.cif,0.942110960373985,-1.1147861609593313,7.550785846555546
d:\New folder\project\data\r340\t9.6\t9.6_280.cif,0.2426122025955324,-1.284181546450234,7.350835882241585
d:\New folder\project\data\r340\t9.6\t9.6_200.cif,2.0027533621217044,-1.4197290914858405,8.425318883925563
d:\New folder\project\data\r340\t9.6\t9.6_300.cif,0.4930467423657967,-1.1236182030458788,7.430358460573784
d:\New folder\project\data\r340\t9.6\t9.6_40.cif,0.3636069330699081,-1.593182441050234,8.751496806111925
d:\New folder\project\data\r340\t9.6\t9.6_80.cif,-0.110954250351054,-1.647760552457501,7.002406767526189
d:\New folder\project\data\r340\t9.6\t9.6_320.cif,0.6145064446279951,-1.05447563863817,7.844582249518345
d:\New folder\project\data\r340\t9.6\t9.6_60.cif,-0.11916552924502588,-1.30102907266335,8.032261527481655
d:\New folder\project\data\r340\t9.6\t9.6_340.cif,0.5779764457076093,-0.9678655009658406,8.299244345443912
