file_path,avg_HH_dist,avg_OO_dist,avg_OH_dist,avg_HO_dist,count_HH,count_OO,count_OH,count_HO,sum_of_count,file_id,r_bottom,displacement,r_upper,adjusted_energy
d:\New folder\project\data\r0\t0\t0_0.cif,2.47833803310231,3.0,2.4690716723521597,2.1794232253191694,2,0,2,2,6,r0_t0_t0_0.cif,0,0.0,0,0.1302100000000337
d:\New folder\project\data\r0\t0\t0_100.cif,2.4343591039912784,3.1261697846114016,3.0,2.4478934590140167,2,1,0,2,5,r0_t0_t0_100.cif,0,0.0,100,0.4382600000000138
d:\New folder\project\data\r0\t0\t0_120.cif,2.2740891870152757,3.0,3.0,2.424822925764608,4,0,0,2,6,r0_t0_t0_120.cif,0,0.0,120,0.3977200000000493
d:\New folder\project\data\r0\t0\t0_140.cif,2.002764946924082,3.0,3.0,3.0,2,0,0,0,2,r0_t0_t0_140.cif,0,0.0,140,0.4828400000000101
d:\New folder\project\data\r0\t0\t0_160.cif,2.1418745115583264,3.0,3.0,3.0,2,0,0,0,2,r0_t0_t0_160.cif,0,0.0,160,0.5602300000000469
d:\New folder\project\data\r0\t0\t0_180.cif,2.4914295479022632,3.0,3.0,3.0,1,0,0,0,1,r0_t0_t0_180.cif,0,0.0,180,0.5951600000000781
d:\New folder\project\data\r0\t0\t0_20.cif,2.459655020628003,3.0,3.0,2.5816164917751805,2,0,0,4,6,r0_t0_t0_20.cif,0,0.0,20,0.1886100000000397
d:\New folder\project\data\r0\t0\t0_200.cif,2.126116355919904,3.0,3.0,3.0,2,0,0,0,2,r0_t0_t0_200.cif,0,0.0,200,0.7338000000000875
d:\New folder\project\data\r0\t0\t0_220.cif,3.0,3.0,2.3211851122325564,3.0,0,0,2,0,2,r0_t0_t0_220.cif,0,0.0,220,0.4083800000000792
d:\New folder\project\data\r0\t0\t0_240.cif,2.3116306024013946,2.9044905343512735,2.5545043820656184,2.1726793826220274,2,2,4,2,10,r0_t0_t0_240.cif,0,0.0,240,-0.0011700000000018
d:\New folder\project\data\r0\t0\t0_260.cif,1.9380381255963703,3.0,3.0,3.0,2,0,0,0,2,r0_t0_t0_260.cif,0,0.0,260,0.5191200000000435
d:\New folder\project\data\r0\t0\t0_280.cif,2.424956130379534,3.0,3.0,3.0,6,0,0,0,6,r0_t0_t0_280.cif,0,0.0,280,0.4326399999999921
d:\New folder\project\data\r0\t0\t0_300.cif,2.128065908301175,3.0,3.0,3.0,2,0,0,0,2,r0_t0_t0_300.cif,0,0.0,300,0.3574800000000095
d:\New folder\project\data\r0\t0\t0_320.cif,2.16299563794198,3.0,2.4988464054527544,3.0,2,0,2,0,4,r0_t0_t0_320.cif,0,0.0,320,0.2930600000000822
d:\New folder\project\data\r0\t0\t0_340.cif,2.422630816419484,3.0,2.3928522416173212,2.4393773793096383,2,0,2,2,6,r0_t0_t0_340.cif,0,0.0,340,0.2363500000000158
d:\New folder\project\data\r0\t0\t0_40.cif,3.0,3.0,3.0,2.2087854383802297,0,0,0,2,2,r0_t0_t0_40.cif,0,0.0,40,0.4358600000000479
d:\New folder\project\data\r0\t0\t0_60.cif,3.0,3.0,3.0,2.348723856708193,0,0,0,2,2,r0_t0_t0_60.cif,0,0.0,60,0.5180800000000545
d:\New folder\project\data\r0\t0\t0_80.cif,3.0,3.019607865744899,3.0,2.5512551928207547,0,2,0,2,4,r0_t0_t0_80.cif,0,0.0,80,0.5338800000000674
d:\New folder\project\data\r0\t1.2\t1.2_0.cif,3.0,3.0,3.0,2.275639919775794,0,0,0,2,2,r0_t1.2_t1.2_0.cif,0,1.2,0,0.2805000000000746
d:\New folder\project\data\r0\t1.2\t1.2_100.cif,2.203878742975739,3.051402000241522,3.0,3.0,2,2,0,0,4,r0_t1.2_t1.2_100.cif,0,1.2,100,0.5373600000000351
d:\New folder\project\data\r0\t1.2\t1.2_120.cif,2.1132724410549892,3.0,3.0,2.7311720006009548,2,0,0,4,6,r0_t1.2_t1.2_120.cif,0,1.2,120,0.3915800000000899
d:\New folder\project\data\r0\t1.2\t1.2_140.cif,2.3148330129375037,3.0,3.0,3.0,2,0,0,0,2,r0_t1.2_t1.2_140.cif,0,1.2,140,0.3264400000000478
d:\New folder\project\data\r0\t1.2\t1.2_160.cif,2.2138789502585023,3.0,2.7524879724908873,3.0,2,0,2,0,4,r0_t1.2_t1.2_160.cif,0,1.2,160,0.4578099999999949
d:\New folder\project\data\r0\t1.2\t1.2_180.cif,3.0,3.0,3.0,3.0,0,0,0,0,0,r0_t1.2_t1.2_180.cif,0,1.2,180,0.5290899999999965
d:\New folder\project\data\r0\t1.2\t1.2_20.cif,2.3036266117722697,3.0,3.0,2.8283837430337986,2,0,0,1,3,r0_t1.2_t1.2_20.cif,0,1.2,20,0.389440000000036
d:\New folder\project\data\r0\t1.2\t1.2_200.cif,3.0,3.0,2.437060986835608,3.0,0,0,2,0,2,r0_t1.2_t1.2_200.cif,0,1.2,200,0.5700900000000502
d:\New folder\project\data\r0\t1.2\t1.2_220.cif,3.0,3.0,2.2741595180197396,3.0,0,0,2,0,2,r0_t1.2_t1.2_220.cif,0,1.2,220,0.3998100000000022
d:\New folder\project\data\r0\t1.2\t1.2_240.cif,2.305162448977615,2.9356694228561224,2.555258803015668,2.1944374684834402,2,2,4,2,10,r0_t1.2_t1.2_240.cif,0,1.2,240,-0.010499999999979
d:\New folder\project\data\r0\t1.2\t1.2_260.cif,2.4036168014607444,2.862632262222057,2.6221609615479013,2.0783291376924193,4,2,4,2,12,r0_t1.2_t1.2_260.cif,0,1.2,260,-0.0539400000000114
d:\New folder\project\data\r0\t1.2\t1.2_280.cif,2.445678905629736,3.0,3.0,3.0,2,0,0,0,2,r0_t1.2_t1.2_280.cif,0,1.2,280,0.4459800000000768
d:\New folder\project\data\r0\t1.2\t1.2_300.cif,2.1738582171352636,3.0,3.0,3.0,2,0,0,0,2,r0_t1.2_t1.2_300.cif,0,1.2,300,0.4600300000000743
d:\New folder\project\data\r0\t1.2\t1.2_320.cif,2.262800662525928,3.0,3.0,2.8013439957247206,4,0,0,2,6,r0_t1.2_t1.2_320.cif,0,1.2,320,0.2933699999999817
d:\New folder\project\data\r0\t1.2\t1.2_340.cif,2.446549432277677,3.0,2.759458853443941,2.2026304526036995,2,0,2,2,6,r0_t1.2_t1.2_340.cif,0,1.2,340,0.2271400000000767
d:\New folder\project\data\r0\t1.2\t1.2_40.cif,2.2010446295853066,3.0,3.0,2.711552473874296,2,0,0,4,6,r0_t1.2_t1.2_40.cif,0,1.2,40,0.5268399999999929
d:\New folder\project\data\r0\t1.2\t1.2_60.cif,2.3265190766036286,3.0592246295055796,3.0,2.7157648671521963,2,2,0,4,8,r0_t1.2_t1.2_60.cif,0,1.2,60,0.5516700000000583
d:\New folder\project\data\r0\t1.2\t1.2_80.cif,3.0,2.9970754599124962,3.0,3.0,0,2,0,0,2,r0_t1.2_t1.2_80.cif,0,1.2,80,0.6085000000000491
d:\New folder\project\data\r0\t2.4\t2.4_0.cif,2.1888330089595094,3.0,3.0,2.7690238188701044,2,0,0,2,4,r0_t2.4_t2.4_0.cif,0,2.4,0,0.4780000000000655
d:\New folder\project\data\r0\t2.4\t2.4_100.cif,2.3595818385476823,3.0,2.2967714545631175,2.780258892849633,2,0,2,2,6,r0_t2.4_t2.4_100.cif,0,2.4,100,0.4494900000000825
d:\New folder\project\data\r0\t2.4\t2.4_120.cif,2.2468201260482124,3.0,2.582753448948327,2.494789135652325,2,0,2,2,6,r0_t2.4_t2.4_120.cif,0,2.4,120,0.2983500000000276
d:\New folder\project\data\r0\t2.4\t2.4_140.cif,2.4682144838829445,3.0,3.0,2.7530601568495747,2,0,0,3,5,r0_t2.4_t2.4_140.cif,0,2.4,140,0.2815200000000004
d:\New folder\project\data\r0\t2.4\t2.4_160.cif,3.0,3.0,3.0,3.0,0,0,0,0,0,r0_t2.4_t2.4_160.cif,0,2.4,160,0.4370000000000118
d:\New folder\project\data\r0\t2.4\t2.4_180.cif,3.0,3.0,2.7430265351128478,3.0,0,0,2,0,2,r0_t2.4_t2.4_180.cif,0,2.4,180,0.4796200000000681
d:\New folder\project\data\r0\t2.4\t2.4_20.cif,2.3965920356494124,3.0,3.0,3.0,2,0,0,0,2,r0_t2.4_t2.4_20.cif,0,2.4,20,0.4922200000000885
d:\New folder\project\data\r0\t2.4\t2.4_200.cif,3.0,3.0,2.4134944827021783,3.0,0,0,2,0,2,r0_t2.4_t2.4_200.cif,0,2.4,200,0.446480000000065
d:\New folder\project\data\r0\t2.4\t2.4_220.cif,2.4124085937403508,3.0,2.3572956739364255,3.0,2,0,2,0,4,r0_t2.4_t2.4_220.cif,0,2.4,220,0.0554000000000769
d:\New folder\project\data\r0\t2.4\t2.4_240.cif,2.185116825049663,3.0,3.0,2.427491621077354,2,0,0,4,6,r0_t2.4_t2.4_240.cif,0,2.4,240,-0.0839599999999336
d:\New folder\project\data\r0\t2.4\t2.4_260.cif,2.40938453828411,2.9488295083081795,2.562457379824457,2.1538595889669203,4,2,4,2,12,r0_t2.4_t2.4_260.cif,0,2.4,260,-0.1451499999999441
d:\New folder\project\data\r0\t2.4\t2.4_280.cif,3.0,3.0,3.0,3.0,0,0,0,0,0,r0_t2.4_t2.4_280.cif,0,2.4,280,0.354280000000017
d:\New folder\project\data\r0\t2.4\t2.4_300.cif,3.0,3.0,3.0,3.0,0,0,0,0,0,r0_t2.4_t2.4_300.cif,0,2.4,300,0.45575000000008
d:\New folder\project\data\r0\t2.4\t2.4_320.cif,2.1374856365219674,3.0,3.0,3.0,2,0,0,0,2,r0_t2.4_t2.4_320.cif,0,2.4,320,0.428820000000087
d:\New folder\project\data\r0\t2.4\t2.4_340.cif,2.0202926178866907,3.0,3.0,3.0,2,0,0,0,2,r0_t2.4_t2.4_340.cif,0,2.4,340,0.5341300000000047
d:\New folder\project\data\r0\t2.4\t2.4_40.cif,2.1194587071649362,3.0,3.0,2.652427038476017,2,0,0,2,4,r0_t2.4_t2.4_40.cif,0,2.4,40,0.5255799999999908
d:\New folder\project\data\r0\t2.4\t2.4_60.cif,2.228461879940915,3.0,2.5342794856352517,2.627790358887764,2,0,2,2,6,r0_t2.4_t2.4_60.cif,0,2.4,60,0.5188400000000684
d:\New folder\project\data\r0\t2.4\t2.4_80.cif,3.0,3.0,2.303820352722968,3.0,0,0,2,0,2,r0_t2.4_t2.4_80.cif,0,2.4,80,0.5457300000000487
d:\New folder\project\data\r0\t3.6\t3.6_0.cif,2.0836874093547095,3.0,3.0,3.0,2,0,0,0,2,r0_t3.6_t3.6_0.cif,0,3.6,0,0.4659900000000334
d:\New folder\project\data\r0\t3.6\t3.6_100.cif,2.2355858598691043,3.0,2.253831285926163,2.810205184004296,2,0,2,2,6,r0_t3.6_t3.6_100.cif,0,3.6,100,0.1136300000000574
d:\New folder\project\data\r0\t3.6\t3.6_120.cif,2.3420168993586183,3.0,2.4198836990302337,2.711897176446881,3,0,2,2,7,r0_t3.6_t3.6_120.cif,0,3.6,120,0.2981300000000146
d:\New folder\project\data\r0\t3.6\t3.6_140.cif,3.0,3.0,3.0,3.0,0,0,0,0,0,r0_t3.6_t3.6_140.cif,0,3.6,140,0.3769300000000157
d:\New folder\project\data\r0\t3.6\t3.6_160.cif,3.0,3.0,3.0,3.0,0,0,0,0,0,r0_t3.6_t3.6_160.cif,0,3.6,160,0.5215200000000095
d:\New folder\project\data\r0\t3.6\t3.6_180.cif,3.0,3.0,3.0,3.0,0,0,0,0,0,r0_t3.6_t3.6_180.cif,0,3.6,180,0.4755200000000741
d:\New folder\project\data\r0\t3.6\t3.6_20.cif,2.4300327750891126,3.0,3.0,3.0,2,0,0,0,2,r0_t3.6_t3.6_20.cif,0,3.6,20,0.5453600000000733
d:\New folder\project\data\r0\t3.6\t3.6_200.cif,3.0,3.0,2.6665950510302663,3.0,0,0,2,0,2,r0_t3.6_t3.6_200.cif,0,3.6,200,0.360740000000078
d:\New folder\project\data\r0\t3.6\t3.6_220.cif,2.3656477990420055,3.0,2.5786329860775092,2.368099029257407,4,0,4,2,10,r0_t3.6_t3.6_220.cif,0,3.6,220,-0.0057600000000093
d:\New folder\project\data\r0\t3.6\t3.6_240.cif,2.3513195796892132,3.0,2.5993381386821466,2.694147218059474,4,0,4,4,12,r0_t3.6_t3.6_240.cif,0,3.6,240,-0.073509999999942
d:\New folder\project\data\r0\t3.6\t3.6_260.cif,2.4197354523339714,3.0,3.0,3.0,2,0,0,0,2,r0_t3.6_t3.6_260.cif,0,3.6,260,0.1133100000000695
d:\New folder\project\data\r0\t3.6\t3.6_280.cif,3.0,3.0,3.0,2.545954448314358,0,0,0,2,2,r0_t3.6_t3.6_280.cif,0,3.6,280,0.2074499999999943
d:\New folder\project\data\r0\t3.6\t3.6_300.cif,3.0,3.0,2.805939655473183,2.5347675249351775,0,0,2,2,4,r0_t3.6_t3.6_300.cif,0,3.6,300,0.2556200000000217
d:\New folder\project\data\r0\t3.6\t3.6_320.cif,2.327924745778747,2.806293027837426,2.596065174118912,1.884225713034402,4,2,2,2,10,r0_t3.6_t3.6_320.cif,0,3.6,320,0.0663500000000567
d:\New folder\project\data\r0\t3.6\t3.6_340.cif,2.357951184558754,2.7686577893238042,2.533903217942994,1.8965528321559724,4,2,2,2,10,r0_t3.6_t3.6_340.cif,0,3.6,340,0.1230600000000095
d:\New folder\project\data\r0\t3.6\t3.6_40.cif,2.2820658452363585,3.0,3.0,3.0,4,0,0,0,4,r0_t3.6_t3.6_40.cif,0,3.6,40,0.6065700000000334
d:\New folder\project\data\r0\t3.6\t3.6_60.cif,2.4889544670489885,3.0,2.258862625253743,3.0,1,0,2,0,3,r0_t3.6_t3.6_60.cif,0,3.6,60,0.453010000000063
d:\New folder\project\data\r0\t3.6\t3.6_80.cif,3.0,3.0,2.190577881243903,3.0,0,0,2,0,2,r0_t3.6_t3.6_80.cif,0,3.6,80,0.2960400000000618
d:\New folder\project\data\r0\t4.8\t4.8_0.cif,2.455982549505511,2.705044200201162,2.353084384507091,1.745941599855254,4,2,2,2,10,r0_t4.8_t4.8_0.cif,0,4.8,0,-0.1057899999999563
d:\New folder\project\data\r0\t4.8\t4.8_100.cif,2.2575590550853226,3.031354106607035,2.5745208488456433,2.2640007170683782,4,2,4,2,12,r0_t4.8_t4.8_100.cif,0,4.8,100,-0.1297200000000202
d:\New folder\project\data\r0\t4.8\t4.8_120.cif,2.191910179414429,2.9847423961775483,2.606090311622788,2.3187430624361287,2,2,4,2,10,r0_t4.8_t4.8_120.cif,0,4.8,120,-0.0025399999999535
d:\New folder\project\data\r0\t4.8\t4.8_140.cif,2.2437416719527254,3.0336054972052366,2.737810707313126,2.565923528289347,2,2,2,2,8,r0_t4.8_t4.8_140.cif,0,4.8,140,0.2554800000000341
d:\New folder\project\data\r0\t4.8\t4.8_160.cif,3.0,3.0,3.0,3.0,0,0,0,0,0,r0_t4.8_t4.8_160.cif,0,4.8,160,0.5471900000000005
d:\New folder\project\data\r0\t4.8\t4.8_180.cif,3.0,3.0,3.0,3.0,0,0,0,0,0,r0_t4.8_t4.8_180.cif,0,4.8,180,0.4673000000000229
d:\New folder\project\data\r0\t4.8\t4.8_20.cif,2.4149196388190948,3.0,3.0,3.0,2,0,0,0,2,r0_t4.8_t4.8_20.cif,0,4.8,20,0.5427300000000059
d:\New folder\project\data\r0\t4.8\t4.8_200.cif,3.0,3.0,3.0,3.0,0,0,0,0,0,r0_t4.8_t4.8_200.cif,0,4.8,200,0.3720500000000584
d:\New folder\project\data\r0\t4.8\t4.8_220.cif,2.2979932596585964,3.0,2.649741558994643,2.228529051614526,2,0,3,2,7,r0_t4.8_t4.8_220.cif,0,4.8,220,0.0121800000000575
d:\New folder\project\data\r0\t4.8\t4.8_240.cif,2.3101038641720906,3.0,3.0,2.5661643871921624,2,0,0,2,4,r0_t4.8_t4.8_240.cif,0,4.8,240,0.075390000000084
d:\New folder\project\data\r0\t4.8\t4.8_260.cif,3.0,3.0,3.0,2.4039889895001734,0,0,0,2,2,r0_t4.8_t4.8_260.cif,0,4.8,260,0.128370000000018
d:\New folder\project\data\r0\t4.8\t4.8_280.cif,3.0,3.0,3.0,2.3117728157202997,0,0,0,2,2,r0_t4.8_t4.8_280.cif,0,4.8,280,0.184439999999995
d:\New folder\project\data\r0\t4.8\t4.8_300.cif,2.4918357815176355,3.0,2.755575193276201,2.4716538916264263,1,0,1,2,4,r0_t4.8_t4.8_300.cif,0,4.8,300,0.2161700000000337
d:\New folder\project\data\r0\t4.8\t4.8_320.cif,2.1801888891901826,2.764124323595407,2.5282941281346387,1.7984585821380679,2,2,2,2,8,r0_t4.8_t4.8_320.cif,0,4.8,320,-0.0777699999999868
d:\New folder\project\data\r0\t4.8\t4.8_340.cif,2.3502807098098777,2.711082168552756,2.4770768602653064,1.821075589610028,4,2,2,2,10,r0_t4.8_t4.8_340.cif,0,4.8,340,0.1017699999999877
d:\New folder\project\data\r0\t4.8\t4.8_40.cif,1.9838160301323544,3.0,3.0,3.0,2,0,0,0,2,r0_t4.8_t4.8_40.cif,0,4.8,40,0.6228600000000597
d:\New folder\project\data\r0\t4.8\t4.8_60.cif,3.0,3.0,2.3203573537897286,3.0,0,0,2,0,2,r0_t4.8_t4.8_60.cif,0,4.8,60,0.2799600000000737
d:\New folder\project\data\r0\t4.8\t4.8_80.cif,3.0,3.0,2.2853054447332144,3.0,0,0,2,0,2,r0_t4.8_t4.8_80.cif,0,4.8,80,0.1495600000000649
d:\New folder\project\data\r0\t6.0\t6.0_0.cif,3.0,3.0,3.0,3.0,0,0,0,0,0,r0_t6.0_t6.0_0.cif,0,6.0,0,0.5903299999999945
d:\New folder\project\data\r0\t6.0\t6.0_100.cif,2.2900007678281136,3.0139632441319906,2.6177822196056084,2.2316032557035235,6,2,4,2,14,r0_t6.0_t6.0_100.cif,0,6.0,100,-0.1408799999999246
d:\New folder\project\data\r0\t6.0\t6.0_120.cif,2.3027881785315376,2.9448236400783845,2.42321791470468,2.252717245822965,4,2,2,2,10,r0_t6.0_t6.0_120.cif,0,6.0,120,0.0671200000000453
d:\New folder\project\data\r0\t6.0\t6.0_140.cif,2.4410692640580596,2.693581030310173,3.0,1.7247142490440122,4,2,0,2,8,r0_t6.0_t6.0_140.cif,0,6.0,140,0.0046800000000075
d:\New folder\project\data\r0\t6.0\t6.0_160.cif,3.0,3.0,3.0,3.0,0,0,0,0,0,r0_t6.0_t6.0_160.cif,0,6.0,160,0.4334400000000187
d:\New folder\project\data\r0\t6.0\t6.0_180.cif,3.0,3.0,3.0,2.679041631624526,0,0,0,2,2,r0_t6.0_t6.0_180.cif,0,6.0,180,0.4680299999999988
d:\New folder\project\data\r0\t6.0\t6.0_20.cif,3.0,3.0,3.0,3.0,0,0,0,0,0,r0_t6.0_t6.0_20.cif,0,6.0,20,0.5320000000000391
d:\New folder\project\data\r0\t6.0\t6.0_200.cif,3.0,3.0,3.0,2.4770299984278594,0,0,0,2,2,r0_t6.0_t6.0_200.cif,0,6.0,200,0.3893699999999853
d:\New folder\project\data\r0\t6.0\t6.0_220.cif,3.0,3.0,3.0,2.7501250531727752,0,0,0,4,4,r0_t6.0_t6.0_220.cif,0,6.0,220,0.2120100000000775
d:\New folder\project\data\r0\t6.0\t6.0_240.cif,2.469155207321423,3.0,3.0,2.6647814672782704,2,0,0,4,6,r0_t6.0_t6.0_240.cif,0,6.0,240,0.1360000000000809
d:\New folder\project\data\r0\t6.0\t6.0_260.cif,2.4207063957357042,3.0,3.0,2.5629533604281924,2,0,0,4,6,r0_t6.0_t6.0_260.cif,0,6.0,260,0.1940100000000484
d:\New folder\project\data\r0\t6.0\t6.0_280.cif,2.2821635850841746,3.0,2.7346787124561547,2.318118282441761,2,0,2,2,6,r0_t6.0_t6.0_280.cif,0,6.0,280,0.2060400000000299
d:\New folder\project\data\r0\t6.0\t6.0_300.cif,2.4318596546754483,3.0,2.699496382711213,2.4906886588860373,4,0,4,2,10,r0_t6.0_t6.0_300.cif,0,6.0,300,0.2261200000000371
d:\New folder\project\data\r0\t6.0\t6.0_320.cif,2.1633044395208265,3.0,2.551228166654801,2.6430136093512546,2,0,2,2,6,r0_t6.0_t6.0_320.cif,0,6.0,320,0.3256600000000844
d:\New folder\project\data\r0\t6.0\t6.0_340.cif,2.420718858996689,3.1396447625755877,2.7960582590747913,3.0,2,2,2,0,6,r0_t6.0_t6.0_340.cif,0,6.0,340,0.5962000000000671
d:\New folder\project\data\r0\t6.0\t6.0_40.cif,2.490846730020899,3.0,3.0,3.0,2,0,0,0,2,r0_t6.0_t6.0_40.cif,0,6.0,40,0.5752499999999827
d:\New folder\project\data\r0\t6.0\t6.0_60.cif,2.364253571396735,3.0,3.0,3.0,2,0,0,0,2,r0_t6.0_t6.0_60.cif,0,6.0,60,0.477290000000039
d:\New folder\project\data\r0\t6.0\t6.0_80.cif,2.370234811478413,3.0,2.568628719673049,2.7657110612609106,4,0,2,2,8,r0_t6.0_t6.0_80.cif,0,6.0,80,0.0229000000000496
d:\New folder\project\data\r0\t7.2\t7.2_0.cif,3.0,3.0,2.3688100460584085,2.4940635372879374,0,0,2,2,4,r0_t7.2_t7.2_0.cif,0,7.2,0,0.2915500000000293
d:\New folder\project\data\r0\t7.2\t7.2_100.cif,2.2707542839042474,3.0043495160048037,2.6000954436100696,2.2042343766761645,6,2,3,2,13,r0_t7.2_t7.2_100.cif,0,7.2,100,-0.0314700000000129
d:\New folder\project\data\r0\t7.2\t7.2_120.cif,2.3121743065050016,3.0,2.4189752563288076,2.5201375839570117,2,0,2,2,6,r0_t7.2_t7.2_120.cif,0,7.2,120,0.2547400000000834
d:\New folder\project\data\r0\t7.2\t7.2_140.cif,3.0,3.0,2.504580554018078,2.782481282176451,0,0,2,2,4,r0_t7.2_t7.2_140.cif,0,7.2,140,0.3354500000000371
d:\New folder\project\data\r0\t7.2\t7.2_160.cif,2.499076378270899,3.0,3.0,2.5538634331915695,1,0,0,2,3,r0_t7.2_t7.2_160.cif,0,7.2,160,0.4030099999999947
d:\New folder\project\data\r0\t7.2\t7.2_180.cif,3.0,3.0,3.0,2.7740269245029125,0,0,0,2,2,r0_t7.2_t7.2_180.cif,0,7.2,180,0.5383600000000115
d:\New folder\project\data\r0\t7.2\t7.2_20.cif,3.0,3.0,3.0,3.0,0,0,0,0,0,r0_t7.2_t7.2_20.cif,0,7.2,20,0.4901300000000219
d:\New folder\project\data\r0\t7.2\t7.2_200.cif,3.0,3.0,3.0,2.384927431241354,0,0,0,2,2,r0_t7.2_t7.2_200.cif,0,7.2,200,0.4700900000000274
d:\New folder\project\data\r0\t7.2\t7.2_220.cif,2.4433868355754673,3.0,3.0,2.4822630682235323,2,0,0,2,4,r0_t7.2_t7.2_220.cif,0,7.2,220,0.3939900000000307
d:\New folder\project\data\r0\t7.2\t7.2_240.cif,2.36382862590328,3.0,3.0,2.367904218204249,2,0,0,2,4,r0_t7.2_t7.2_240.cif,0,7.2,240,0.3562800000000834
d:\New folder\project\data\r0\t7.2\t7.2_260.cif,2.1269765259795417,3.0,3.0,2.440439275281043,2,0,0,2,4,r0_t7.2_t7.2_260.cif,0,7.2,260,0.3845000000000027
d:\New folder\project\data\r0\t7.2\t7.2_280.cif,1.8637883050435593,3.0,3.0,3.0,2,0,0,0,2,r0_t7.2_t7.2_280.cif,0,7.2,280,0.3504199999999855
d:\New folder\project\data\r0\t7.2\t7.2_300.cif,2.0633548951044607,3.0,2.452003035408113,2.7831521976007987,2,0,2,2,6,r0_t7.2_t7.2_300.cif,0,7.2,300,0.3406800000000203
d:\New folder\project\data\r0\t7.2\t7.2_320.cif,3.0,3.0,2.3713038342989052,3.0,0,0,2,0,2,r0_t7.2_t7.2_320.cif,0,7.2,320,0.4653000000000702
d:\New folder\project\data\r0\t7.2\t7.2_340.cif,3.0,3.0,2.4513118818937563,3.0,0,0,2,0,2,r0_t7.2_t7.2_340.cif,0,7.2,340,0.5447300000000723
d:\New folder\project\data\r0\t7.2\t7.2_40.cif,3.0,3.0,3.0,3.0,0,0,0,0,0,r0_t7.2_t7.2_40.cif,0,7.2,40,0.5527799999999843
d:\New folder\project\data\r0\t7.2\t7.2_60.cif,3.0,3.0,3.0,3.0,0,0,0,0,0,r0_t7.2_t7.2_60.cif,0,7.2,60,0.5235600000000886
d:\New folder\project\data\r0\t7.2\t7.2_80.cif,3.0,3.0,3.0,3.0,0,0,0,0,0,r0_t7.2_t7.2_80.cif,0,7.2,80,0.373260000000073
d:\New folder\project\data\r0\t8.4\t8.4_0.cif,3.0,3.0,2.573797865521525,2.4156681223309917,0,0,2,2,4,r0_t8.4_t8.4_0.cif,0,8.4,0,0.175830000000019
d:\New folder\project\data\r0\t8.4\t8.4_100.cif,2.266101859856033,3.0,3.0,2.5944508194040155,2,0,0,2,4,r0_t8.4_t8.4_100.cif,0,8.4,100,0.335140000000024
d:\New folder\project\data\r0\t8.4\t8.4_120.cif,2.243879511768303,3.0,3.0,2.5983092722246868,4,0,0,2,6,r0_t8.4_t8.4_120.cif,0,8.4,120,0.3722900000000209
d:\New folder\project\data\r0\t8.4\t8.4_140.cif,2.2861964048154695,3.0,2.6195207592049927,2.7537429177930646,4,0,2,2,8,r0_t8.4_t8.4_140.cif,0,8.4,140,0.4184300000000576
d:\New folder\project\data\r0\t8.4\t8.4_160.cif,2.340266376571595,3.0,3.0,2.6366288612644184,2,0,0,2,4,r0_t8.4_t8.4_160.cif,0,8.4,160,0.4743600000000469
d:\New folder\project\data\r0\t8.4\t8.4_180.cif,2.411126320212247,3.0,3.0,3.0,2,0,0,0,2,r0_t8.4_t8.4_180.cif,0,8.4,180,0.5873599999999897
d:\New folder\project\data\r0\t8.4\t8.4_20.cif,3.0,3.0,3.0,2.635189072062222,0,0,0,2,2,r0_t8.4_t8.4_20.cif,0,8.4,20,0.3552200000000312
d:\New folder\project\data\r0\t8.4\t8.4_200.cif,2.3140284878182,3.0,3.0,2.712285796725811,2,0,0,2,4,r0_t8.4_t8.4_200.cif,0,8.4,200,0.6583000000000538
d:\New folder\project\data\r0\t8.4\t8.4_220.cif,3.0,3.0,3.0,2.8012985117904794,0,0,0,2,2,r0_t8.4_t8.4_220.cif,0,8.4,220,0.6243500000000495
d:\New folder\project\data\r0\t8.4\t8.4_240.cif,2.4222814361599907,3.0,3.0,2.4084615142915515,2,0,0,2,4,r0_t8.4_t8.4_240.cif,0,8.4,240,0.4944700000000921
d:\New folder\project\data\r0\t8.4\t8.4_260.cif,2.122757306969251,3.0,3.0,2.609227697341944,4,0,0,2,6,r0_t8.4_t8.4_260.cif,0,8.4,260,0.4966500000000451
d:\New folder\project\data\r0\t8.4\t8.4_280.cif,2.0107695840046653,3.0,3.0,3.0,2,0,0,0,2,r0_t8.4_t8.4_280.cif,0,8.4,280,0.3855600000000549
d:\New folder\project\data\r0\t8.4\t8.4_300.cif,2.3767401166472637,3.0,2.6323111344810357,2.772011511186681,4,0,2,2,8,r0_t8.4_t8.4_300.cif,0,8.4,300,0.3288000000000011
d:\New folder\project\data\r0\t8.4\t8.4_320.cif,2.426028515898677,3.0,2.5070148643629073,3.0,2,0,2,0,4,r0_t8.4_t8.4_320.cif,0,8.4,320,0.3212500000000773
d:\New folder\project\data\r0\t8.4\t8.4_340.cif,3.0,3.0,2.3065420072647442,2.399646733101596,0,0,2,2,4,r0_t8.4_t8.4_340.cif,0,8.4,340,0.2161800000000084
d:\New folder\project\data\r0\t8.4\t8.4_40.cif,3.0,3.0,3.0,2.5246533718514934,0,0,0,2,2,r0_t8.4_t8.4_40.cif,0,8.4,40,0.4523100000000113
d:\New folder\project\data\r0\t8.4\t8.4_60.cif,3.0,3.0,3.0,2.4882242112282134,0,0,0,2,2,r0_t8.4_t8.4_60.cif,0,8.4,60,0.4737099999999827
d:\New folder\project\data\r0\t8.4\t8.4_80.cif,3.0,3.0,3.0,3.0,0,0,0,0,0,r0_t8.4_t8.4_80.cif,0,8.4,80,0.5332100000000537
d:\New folder\project\data\r0\t9.6\t9.6_0.cif,3.0,3.0,3.0,2.2547981143172793,0,0,0,2,2,r0_t9.6_t9.6_0.cif,0,9.6,0,0.1580300000000534
d:\New folder\project\data\r0\t9.6\t9.6_100.cif,2.4696550800763917,3.1511006323525317,3.0,2.3855578325631006,1,2,0,2,5,r0_t9.6_t9.6_100.cif,0,9.6,100,0.4739900000000716
d:\New folder\project\data\r0\t9.6\t9.6_120.cif,2.3642699190307797,3.0,3.0,2.457127464215172,4,0,0,2,6,r0_t9.6_t9.6_120.cif,0,9.6,120,0.3999000000000023
d:\New folder\project\data\r0\t9.6\t9.6_140.cif,2.055510053791706,3.0,3.0,3.0,2,0,0,0,2,r0_t9.6_t9.6_140.cif,0,9.6,140,0.4561400000000049
d:\New folder\project\data\r0\t9.6\t9.6_160.cif,2.1219656612431637,3.0,3.0,3.0,2,0,0,0,2,r0_t9.6_t9.6_160.cif,0,9.6,160,0.5312600000000884
d:\New folder\project\data\r0\t9.6\t9.6_180.cif,2.489451955703979,3.0,3.0,3.0,2,0,0,0,2,r0_t9.6_t9.6_180.cif,0,9.6,180,0.5892000000000053
d:\New folder\project\data\r0\t9.6\t9.6_20.cif,3.0,3.0,3.0,2.6292106890603937,0,0,0,2,2,r0_t9.6_t9.6_20.cif,0,9.6,20,0.3630400000000691
d:\New folder\project\data\r0\t9.6\t9.6_200.cif,2.3057681973452864,3.0,2.6078605732394164,3.0,2,0,2,0,4,r0_t9.6_t9.6_200.cif,0,9.6,200,0.6282899999999927
d:\New folder\project\data\r0\t9.6\t9.6_220.cif,3.0,3.0,2.453092617136878,3.0,0,0,2,0,2,r0_t9.6_t9.6_220.cif,0,9.6,220,0.5219600000000355
d:\New folder\project\data\r0\t9.6\t9.6_240.cif,2.4194549454282375,3.0,2.388499236154577,2.722009801396598,3,0,2,2,7,r0_t9.6_t9.6_240.cif,0,9.6,240,0.2680400000000418
d:\New folder\project\data\r0\t9.6\t9.6_260.cif,2.0154099521855224,3.0,3.0,3.0,2,0,0,0,2,r0_t9.6_t9.6_260.cif,0,9.6,260,0.4796000000000049
d:\New folder\project\data\r0\t9.6\t9.6_280.cif,2.2806558032953044,3.0,3.0,3.0,2,0,0,0,2,r0_t9.6_t9.6_280.cif,0,9.6,280,0.4629800000000159
d:\New folder\project\data\r0\t9.6\t9.6_300.cif,2.066741310755482,3.0,3.0,3.0,2,0,0,0,2,r0_t9.6_t9.6_300.cif,0,9.6,300,0.3546200000000681
d:\New folder\project\data\r0\t9.6\t9.6_320.cif,2.2563095971649325,3.0,2.5349403228753493,3.0,2,0,2,0,4,r0_t9.6_t9.6_320.cif,0,9.6,320,0.2461100000000442
d:\New folder\project\data\r0\t9.6\t9.6_340.cif,2.4860073104416296,3.0,2.4480244494695462,2.2776598473145553,2,0,2,2,6,r0_t9.6_t9.6_340.cif,0,9.6,340,0.1540899999999965
d:\New folder\project\data\r0\t9.6\t9.6_40.cif,3.0,3.0,3.0,2.3390748137579376,0,0,0,2,2,r0_t9.6_t9.6_40.cif,0,9.6,40,0.4661899999999832
d:\New folder\project\data\r0\t9.6\t9.6_60.cif,3.0,3.0,3.0,2.3399089098271553,0,0,0,2,2,r0_t9.6_t9.6_60.cif,0,9.6,60,0.5211699999999837
d:\New folder\project\data\r0\t9.6\t9.6_80.cif,3.0,3.0788513054654816,3.0,2.650065654055417,0,2,0,2,4,r0_t9.6_t9.6_80.cif,0,9.6,80,0.5829499999999825
d:\New folder\project\data\r20\t0\t0_0.cif,2.419447606916169,3.0,2.8213971382328387,2.2818601873342965,2,0,4,2,8,r20_t0_t0_0.cif,20,0.0,0,0.1049400000000559
d:\New folder\project\data\r20\t0\t0_100.cif,3.0,3.147485562455028,3.0,3.0,0,1,0,0,1,r20_t0_t0_100.cif,20,0.0,100,0.5253300000000536
d:\New folder\project\data\r20\t0\t0_120.cif,3.0,3.0,3.0,3.0,0,0,0,0,0,r20_t0_t0_120.cif,20,0.0,120,0.4362200000000484
d:\New folder\project\data\r20\t0\t0_140.cif,2.277130192562742,3.0,3.0,3.0,2,0,0,0,2,r20_t0_t0_140.cif,20,0.0,140,0.47625000000005
d:\New folder\project\data\r20\t0\t0_160.cif,2.4075856726848954,3.0,3.0,3.0,2,0,0,0,2,r20_t0_t0_160.cif,20,0.0,160,0.5097600000000284
d:\New folder\project\data\r20\t0\t0_180.cif,2.4784486504470746,3.0,2.8168431622239596,3.0,1,0,2,0,3,r20_t0_t0_180.cif,20,0.0,180,0.4681300000000874
d:\New folder\project\data\r20\t0\t0_20.cif,2.3339342959887315,3.0,3.0,2.5472238974503023,2,0,0,2,4,r20_t0_t0_20.cif,20,0.0,20,0.1570000000000391
d:\New folder\project\data\r20\t0\t0_200.cif,3.0,3.0,3.0,3.0,0,0,0,0,0,r20_t0_t0_200.cif,20,0.0,200,0.5690900000000738
d:\New folder\project\data\r20\t0\t0_220.cif,2.423087780034008,3.0,3.0,3.0,2,0,0,0,2,r20_t0_t0_220.cif,20,0.0,220,0.5867299999999886
d:\New folder\project\data\r20\t0\t0_240.cif,3.0,3.0,3.0,3.0,0,0,0,0,0,r20_t0_t0_240.cif,20,0.0,240,0.5296000000000731
d:\New folder\project\data\r20\t0\t0_260.cif,2.315161069473373,3.0,3.0,3.0,2,0,0,0,2,r20_t0_t0_260.cif,20,0.0,260,0.4063200000000506
d:\New folder\project\data\r20\t0\t0_280.cif,3.0,3.0,3.0,3.0,0,0,0,0,0,r20_t0_t0_280.cif,20,0.0,280,0.4632300000000668
d:\New folder\project\data\r20\t0\t0_300.cif,2.495352188682746,3.0,3.0,3.0,1,0,0,0,1,r20_t0_t0_300.cif,20,0.0,300,0.3888500000000476
d:\New folder\project\data\r20\t0\t0_320.cif,3.0,2.8804830252710745,2.611429060883106,2.68466593348139,0,2,2,2,6,r20_t0_t0_320.cif,20,0.0,320,0.2663000000000011
d:\New folder\project\data\r20\t0\t0_340.cif,3.0,2.9422919104997565,2.6663368585466363,2.732205654484476,0,2,4,2,8,r20_t0_t0_340.cif,20,0.0,340,0.1986699999999928
d:\New folder\project\data\r20\t0\t0_40.cif,3.0,3.0,3.0,2.6130959696366944,0,0,0,2,2,r20_t0_t0_40.cif,20,0.0,40,0.4124199999999973
d:\New folder\project\data\r20\t0\t0_60.cif,3.0,3.0,3.0,2.5377289648576897,0,0,0,2,2,r20_t0_t0_60.cif,20,0.0,60,0.4118100000000595
d:\New folder\project\data\r20\t0\t0_80.cif,3.0,3.1416545535974643,3.0,2.688485879021006,0,2,0,2,4,r20_t0_t0_80.cif,20,0.0,80,0.4078000000000656
d:\New folder\project\data\r20\t1.2\t1.2_0.cif,3.0,3.0,3.0,2.608008663471641,0,0,0,2,2,r20_t1.2_t1.2_0.cif,20,1.2,0,0.3677600000000893
d:\New folder\project\data\r20\t1.2\t1.2_100.cif,3.0,3.095770600810095,2.6453403667578117,3.0,0,2,2,0,4,r20_t1.2_t1.2_100.cif,20,1.2,100,0.4953600000000051
d:\New folder\project\data\r20\t1.2\t1.2_120.cif,2.3309182206762795,3.0,3.0,3.0,2,0,0,0,2,r20_t1.2_t1.2_120.cif,20,1.2,120,0.3784600000000182
d:\New folder\project\data\r20\t1.2\t1.2_140.cif,2.3328797739274503,3.0,3.0,3.0,2,0,0,0,2,r20_t1.2_t1.2_140.cif,20,1.2,140,0.3281400000000758
d:\New folder\project\data\r20\t1.2\t1.2_160.cif,3.0,3.0,3.0,3.0,0,0,0,0,0,r20_t1.2_t1.2_160.cif,20,1.2,160,0.4590200000000095
d:\New folder\project\data\r20\t1.2\t1.2_180.cif,3.0,3.0,2.82874771768337,3.0,0,0,1,0,1,r20_t1.2_t1.2_180.cif,20,1.2,180,0.4660300000000461
d:\New folder\project\data\r20\t1.2\t1.2_20.cif,2.3128334228067846,3.0,3.0,3.0,2,0,0,0,2,r20_t1.2_t1.2_20.cif,20,1.2,20,0.4669999999999845
d:\New folder\project\data\r20\t1.2\t1.2_200.cif,3.0,3.0,3.0,3.0,0,0,0,0,0,r20_t1.2_t1.2_200.cif,20,1.2,200,0.5268600000000561
d:\New folder\project\data\r20\t1.2\t1.2_220.cif,3.0,3.0,2.684526071556262,3.0,0,0,2,0,2,r20_t1.2_t1.2_220.cif,20,1.2,220,0.5108099999999922
d:\New folder\project\data\r20\t1.2\t1.2_240.cif,3.0,3.0,2.4103721351342413,3.0,0,0,2,0,2,r20_t1.2_t1.2_240.cif,20,1.2,240,0.331639999999993
d:\New folder\project\data\r20\t1.2\t1.2_260.cif,2.360523362463604,3.009736452996356,2.3595018417291462,2.2754307910646037,2,2,2,2,8,r20_t1.2_t1.2_260.cif,20,1.2,260,-0.090249999999969
d:\New folder\project\data\r20\t1.2\t1.2_280.cif,3.0,3.0,3.0,3.0,0,0,0,0,0,r20_t1.2_t1.2_280.cif,20,1.2,280,0.4383599999999887
d:\New folder\project\data\r20\t1.2\t1.2_300.cif,3.0,3.0,3.0,3.0,0,0,0,0,0,r20_t1.2_t1.2_300.cif,20,1.2,300,0.4843299999999999
d:\New folder\project\data\r20\t1.2\t1.2_320.cif,3.0,3.0,3.0,3.0,0,0,0,0,0,r20_t1.2_t1.2_320.cif,20,1.2,320,0.4727300000000696
d:\New folder\project\data\r20\t1.2\t1.2_340.cif,2.3213154239800105,3.0,3.0,2.7036710263208548,2,0,0,2,4,r20_t1.2_t1.2_340.cif,20,1.2,340,0.3285300000000006
d:\New folder\project\data\r20\t1.2\t1.2_40.cif,2.422126367954555,3.0,3.0,3.0,2,0,0,0,2,r20_t1.2_t1.2_40.cif,20,1.2,40,0.4647899999999936
d:\New folder\project\data\r20\t1.2\t1.2_60.cif,2.3256934216370264,3.0,3.0,2.7574041121403026,2,0,0,2,4,r20_t1.2_t1.2_60.cif,20,1.2,60,0.439420000000041
d:\New folder\project\data\r20\t1.2\t1.2_80.cif,3.0,3.0,2.6071248460434457,3.0,0,0,2,0,2,r20_t1.2_t1.2_80.cif,20,1.2,80,0.4184200000000828
d:\New folder\project\data\r20\t2.4\t2.4_0.cif,2.4301158924448485,3.0,3.0,3.0,2,0,0,0,2,r20_t2.4_t2.4_0.cif,20,2.4,0,0.500780000000077
d:\New folder\project\data\r20\t2.4\t2.4_100.cif,3.0,3.0,2.4807229186962054,3.0,0,0,2,0,2,r20_t2.4_t2.4_100.cif,20,2.4,100,0.4504699999999957
d:\New folder\project\data\r20\t2.4\t2.4_120.cif,2.4952693902895398,3.0,2.696231184758436,3.0,2,0,2,0,4,r20_t2.4_t2.4_120.cif,20,2.4,120,0.2811300000000756
d:\New folder\project\data\r20\t2.4\t2.4_140.cif,3.0,3.0,3.0,3.0,0,0,0,0,0,r20_t2.4_t2.4_140.cif,20,2.4,140,0.3446900000000141
d:\New folder\project\data\r20\t2.4\t2.4_160.cif,3.0,3.0,3.0,3.0,0,0,0,0,0,r20_t2.4_t2.4_160.cif,20,2.4,160,0.3845000000000027
d:\New folder\project\data\r20\t2.4\t2.4_180.cif,3.0,3.0,3.0,3.0,0,0,0,0,0,r20_t2.4_t2.4_180.cif,20,2.4,180,0.4673999999999978
d:\New folder\project\data\r20\t2.4\t2.4_20.cif,2.412563816925071,3.0,3.0,3.0,2,0,0,0,2,r20_t2.4_t2.4_20.cif,20,2.4,20,0.5068899999999985
d:\New folder\project\data\r20\t2.4\t2.4_200.cif,3.0,3.0,3.0,3.0,0,0,0,0,0,r20_t2.4_t2.4_200.cif,20,2.4,200,0.515260000000012
d:\New folder\project\data\r20\t2.4\t2.4_220.cif,3.0,3.0,2.5079288652888585,3.0,0,0,2,0,2,r20_t2.4_t2.4_220.cif,20,2.4,220,0.3792600000000448
d:\New folder\project\data\r20\t2.4\t2.4_240.cif,2.413334960278919,3.0,3.0,2.4788302393273605,2,0,0,4,6,r20_t2.4_t2.4_240.cif,20,2.4,240,0.1466800000000603
d:\New folder\project\data\r20\t2.4\t2.4_260.cif,2.2878018419024135,3.0192779230767437,2.532701010371866,2.261647064747312,2,2,4,2,10,r20_t2.4_t2.4_260.cif,20,2.4,260,-0.1518800000000055
d:\New folder\project\data\r20\t2.4\t2.4_280.cif,3.0,3.0,3.0,3.0,0,0,0,0,0,r20_t2.4_t2.4_280.cif,20,2.4,280,0.2591600000000653
d:\New folder\project\data\r20\t2.4\t2.4_300.cif,3.0,3.0,3.0,3.0,0,0,0,0,0,r20_t2.4_t2.4_300.cif,20,2.4,300,0.4400900000000547
d:\New folder\project\data\r20\t2.4\t2.4_320.cif,2.449477286165889,3.0,2.761004247395989,3.0,2,0,2,0,4,r20_t2.4_t2.4_320.cif,20,2.4,320,0.367650000000026
d:\New folder\project\data\r20\t2.4\t2.4_340.cif,2.0117553915954547,3.0,3.0,3.0,2,0,0,0,2,r20_t2.4_t2.4_340.cif,20,2.4,340,0.5296100000000479
d:\New folder\project\data\r20\t2.4\t2.4_40.cif,3.0,3.0,3.0,3.0,0,0,0,0,0,r20_t2.4_t2.4_40.cif,20,2.4,40,0.4954700000000684
d:\New folder\project\data\r20\t2.4\t2.4_60.cif,2.2415734004443637,3.0,2.7571727058706115,2.778242438806733,2,0,2,2,6,r20_t2.4_t2.4_60.cif,20,2.4,60,0.463730000000055
d:\New folder\project\data\r20\t2.4\t2.4_80.cif,3.0,3.0,2.5118633658800116,3.0,0,0,2,0,2,r20_t2.4_t2.4_80.cif,20,2.4,80,0.4516600000000608
d:\New folder\project\data\r20\t3.6\t3.6_0.cif,3.0,3.0,3.0,3.0,0,0,0,0,0,r20_t3.6_t3.6_0.cif,20,3.6,0,0.4935199999999895
d:\New folder\project\data\r20\t3.6\t3.6_100.cif,2.385798458426922,3.0,2.317180408949286,3.0,2,0,2,0,4,r20_t3.6_t3.6_100.cif,20,3.6,100,0.2621000000000322
d:\New folder\project\data\r20\t3.6\t3.6_120.cif,2.0996933824427835,3.0,2.5964029199533463,3.0,2,0,2,0,4,r20_t3.6_t3.6_120.cif,20,3.6,120,0.231899999999996
d:\New folder\project\data\r20\t3.6\t3.6_140.cif,3.0,3.0,3.0,3.0,0,0,0,0,0,r20_t3.6_t3.6_140.cif,20,3.6,140,0.3290700000000015
d:\New folder\project\data\r20\t3.6\t3.6_160.cif,3.0,3.0,3.0,3.0,0,0,0,0,0,r20_t3.6_t3.6_160.cif,20,3.6,160,0.5435200000000577
d:\New folder\project\data\r20\t3.6\t3.6_180.cif,3.0,3.0,3.0,3.0,0,0,0,0,0,r20_t3.6_t3.6_180.cif,20,3.6,180,0.601660000000038
d:\New folder\project\data\r20\t3.6\t3.6_20.cif,2.4233048894967104,3.0,3.0,3.0,2,0,0,0,2,r20_t3.6_t3.6_20.cif,20,3.6,20,0.5250300000000152
d:\New folder\project\data\r20\t3.6\t3.6_200.cif,3.0,3.0,3.0,3.0,0,0,0,0,0,r20_t3.6_t3.6_200.cif,20,3.6,200,0.5549500000000762
d:\New folder\project\data\r20\t3.6\t3.6_220.cif,3.0,3.0,3.0,3.0,0,0,0,0,0,r20_t3.6_t3.6_220.cif,20,3.6,220,0.3521500000000515
d:\New folder\project\data\r20\t3.6\t3.6_240.cif,2.4761615240370745,3.0,2.632559852476631,2.5084411514846057,3,0,3,2,8,r20_t3.6_t3.6_240.cif,20,3.6,240,-0.0480799999999135
d:\New folder\project\data\r20\t3.6\t3.6_260.cif,2.452257422730491,3.0,2.721163174296174,2.698052737843762,2,0,3,1,6,r20_t3.6_t3.6_260.cif,20,3.6,260,-0.1128800000000183
d:\New folder\project\data\r20\t3.6\t3.6_280.cif,3.0,3.0,3.0,2.7989018599401643,0,0,0,2,2,r20_t3.6_t3.6_280.cif,20,3.6,280,0.165300000000002
d:\New folder\project\data\r20\t3.6\t3.6_300.cif,3.0,3.0,2.728835851468101,2.7047184773267077,0,0,1,2,3,r20_t3.6_t3.6_300.cif,20,3.6,300,0.130510000000072
d:\New folder\project\data\r20\t3.6\t3.6_320.cif,3.0,3.0,2.5988990554456604,3.0,0,0,2,0,2,r20_t3.6_t3.6_320.cif,20,3.6,320,0.2968799999999874
d:\New folder\project\data\r20\t3.6\t3.6_340.cif,2.4023136783463324,2.9462519579198423,2.4385543838008,2.3339413877997828,4,2,2,4,12,r20_t3.6_t3.6_340.cif,20,3.6,340,0.1587400000000798
d:\New folder\project\data\r20\t3.6\t3.6_40.cif,2.411575504182827,3.0,3.0,3.0,2,0,0,0,2,r20_t3.6_t3.6_40.cif,20,3.6,40,0.5297800000000734
d:\New folder\project\data\r20\t3.6\t3.6_60.cif,2.415491601933913,3.0,3.0,3.0,4,0,0,0,4,r20_t3.6_t3.6_60.cif,20,3.6,60,0.5209100000000717
d:\New folder\project\data\r20\t3.6\t3.6_80.cif,3.0,3.0,2.6826034206459775,3.0,0,0,2,0,2,r20_t3.6_t3.6_80.cif,20,3.6,80,0.4653299999999944
d:\New folder\project\data\r20\t4.8\t4.8_0.cif,3.0,3.0,3.0,3.0,0,0,0,0,0,r20_t4.8_t4.8_0.cif,20,4.8,0,0.4713800000000674
d:\New folder\project\data\r20\t4.8\t4.8_100.cif,2.3013126450384247,3.0,2.431859029979546,3.0,2,0,2,0,4,r20_t4.8_t4.8_100.cif,20,4.8,100,0.1267500000000154
d:\New folder\project\data\r20\t4.8\t4.8_120.cif,2.0680232030573755,3.0,2.6810860016468974,3.0,2,0,4,0,6,r20_t4.8_t4.8_120.cif,20,4.8,120,0.0606000000000221
d:\New folder\project\data\r20\t4.8\t4.8_140.cif,3.0,3.0,2.779451280978054,3.0,0,0,1,0,1,r20_t4.8_t4.8_140.cif,20,4.8,140,0.2648800000000619
d:\New folder\project\data\r20\t4.8\t4.8_160.cif,3.0,3.0,3.0,3.0,0,0,0,0,0,r20_t4.8_t4.8_160.cif,20,4.8,160,0.5531000000000859
d:\New folder\project\data\r20\t4.8\t4.8_180.cif,3.0,3.0,3.0,3.0,0,0,0,0,0,r20_t4.8_t4.8_180.cif,20,4.8,180,0.6199700000000803
d:\New folder\project\data\r20\t4.8\t4.8_20.cif,3.0,3.0,3.0,3.0,0,0,0,0,0,r20_t4.8_t4.8_20.cif,20,4.8,20,0.5476899999999887
d:\New folder\project\data\r20\t4.8\t4.8_200.cif,3.0,3.0,3.0,3.0,0,0,0,0,0,r20_t4.8_t4.8_200.cif,20,4.8,200,0.5682100000000219
d:\New folder\project\data\r20\t4.8\t4.8_220.cif,3.0,3.0,3.0,3.0,0,0,0,0,0,r20_t4.8_t4.8_220.cif,20,4.8,220,0.359230000000025
d:\New folder\project\data\r20\t4.8\t4.8_240.cif,3.0,3.0,3.0,2.734186403888426,0,0,0,2,2,r20_t4.8_t4.8_240.cif,20,4.8,240,0.1476000000000112
d:\New folder\project\data\r20\t4.8\t4.8_260.cif,3.0,3.0,3.0,3.0,0,0,0,0,0,r20_t4.8_t4.8_260.cif,20,4.8,260,0.1128600000000688
d:\New folder\project\data\r20\t4.8\t4.8_280.cif,3.0,3.0,2.749660870893613,2.4727764156799426,0,0,1,2,3,r20_t4.8_t4.8_280.cif,20,4.8,280,0.1613800000000083
d:\New folder\project\data\r20\t4.8\t4.8_300.cif,3.0,3.0,3.0,2.5485129372233972,0,0,0,2,2,r20_t4.8_t4.8_300.cif,20,4.8,300,0.1392900000000736
d:\New folder\project\data\r20\t4.8\t4.8_320.cif,2.2649652584762516,3.0,2.6743792774401984,2.6474818421564663,2,0,2,2,6,r20_t4.8_t4.8_320.cif,20,4.8,320,0.2405100000000857
d:\New folder\project\data\r20\t4.8\t4.8_340.cif,2.2862241829635783,2.8438627505785607,2.6273027519561047,2.1714696553628055,2,2,4,4,12,r20_t4.8_t4.8_340.cif,20,4.8,340,0.0914700000000721
d:\New folder\project\data\r20\t4.8\t4.8_40.cif,3.0,3.0,3.0,3.0,0,0,0,0,0,r20_t4.8_t4.8_40.cif,20,4.8,40,0.5532699999999977
d:\New folder\project\data\r20\t4.8\t4.8_60.cif,2.1605399313454945,3.0,3.0,3.0,2,0,0,0,2,r20_t4.8_t4.8_60.cif,20,4.8,60,0.5617600000000493
d:\New folder\project\data\r20\t4.8\t4.8_80.cif,2.422741693243217,3.0,2.6442820337653004,3.0,2,0,2,0,4,r20_t4.8_t4.8_80.cif,20,4.8,80,0.4213700000000244
d:\New folder\project\data\r20\t6.0\t6.0_0.cif,3.0,3.0,3.0,3.0,0,0,0,0,0,r20_t6.0_t6.0_0.cif,20,6.0,0,0.5002800000000889
d:\New folder\project\data\r20\t6.0\t6.0_100.cif,2.328147207206285,3.0,2.5974227521998556,2.68152508564814,6,0,4,2,12,r20_t6.0_t6.0_100.cif,20,6.0,100,-0.0301599999999098
d:\New folder\project\data\r20\t6.0\t6.0_120.cif,2.313655411907063,3.0,2.3127928173719083,2.6428093207119634,4,0,2,2,8,r20_t6.0_t6.0_120.cif,20,6.0,120,0.0522200000000339
d:\New folder\project\data\r20\t6.0\t6.0_140.cif,3.0,3.0,2.6160480721490913,3.0,0,0,2,0,2,r20_t6.0_t6.0_140.cif,20,6.0,140,0.3062100000000782
d:\New folder\project\data\r20\t6.0\t6.0_160.cif,3.0,3.0,3.0,3.0,0,0,0,0,0,r20_t6.0_t6.0_160.cif,20,6.0,160,0.4998300000000881
d:\New folder\project\data\r20\t6.0\t6.0_180.cif,3.0,3.0,3.0,3.0,0,0,0,0,0,r20_t6.0_t6.0_180.cif,20,6.0,180,0.5964900000000171
d:\New folder\project\data\r20\t6.0\t6.0_20.cif,3.0,3.0,3.0,3.0,0,0,0,0,0,r20_t6.0_t6.0_20.cif,20,6.0,20,0.5523900000000594
d:\New folder\project\data\r20\t6.0\t6.0_200.cif,3.0,3.0,3.0,3.0,0,0,0,0,0,r20_t6.0_t6.0_200.cif,20,6.0,200,0.5391000000000759
d:\New folder\project\data\r20\t6.0\t6.0_220.cif,3.0,3.0,3.0,2.601940630446073,0,0,0,2,2,r20_t6.0_t6.0_220.cif,20,6.0,220,0.3896500000000742
d:\New folder\project\data\r20\t6.0\t6.0_240.cif,2.4965349565152053,3.0,3.0,3.0,1,0,0,0,1,r20_t6.0_t6.0_240.cif,20,6.0,240,0.2414700000000493
d:\New folder\project\data\r20\t6.0\t6.0_260.cif,2.2225410798676943,3.0,3.0,3.0,2,0,0,0,2,r20_t6.0_t6.0_260.cif,20,6.0,260,0.2418700000000626
d:\New folder\project\data\r20\t6.0\t6.0_280.cif,2.4008718155007767,3.0,3.0,2.8114738995285435,2,0,0,2,4,r20_t6.0_t6.0_280.cif,20,6.0,280,0.2822700000000395
d:\New folder\project\data\r20\t6.0\t6.0_300.cif,3.0,3.0,2.703480107784231,2.6720313683288186,0,0,2,2,4,r20_t6.0_t6.0_300.cif,20,6.0,300,0.200990000000047
d:\New folder\project\data\r20\t6.0\t6.0_320.cif,2.292575750142287,3.0,2.485581672316708,3.0,2,0,2,0,4,r20_t6.0_t6.0_320.cif,20,6.0,320,0.3571900000000596
d:\New folder\project\data\r20\t6.0\t6.0_340.cif,2.249326645078227,3.0,2.540630213950519,3.0,2,0,2,0,4,r20_t6.0_t6.0_340.cif,20,6.0,340,0.4306800000000521
d:\New folder\project\data\r20\t6.0\t6.0_40.cif,3.0,3.0,3.0,3.0,0,0,0,0,0,r20_t6.0_t6.0_40.cif,20,6.0,40,0.5645000000000664
d:\New folder\project\data\r20\t6.0\t6.0_60.cif,3.0,3.0,3.0,3.0,0,0,0,0,0,r20_t6.0_t6.0_60.cif,20,6.0,60,0.5624900000000252
d:\New folder\project\data\r20\t6.0\t6.0_80.cif,3.0,3.0,3.0,3.0,0,0,0,0,0,r20_t6.0_t6.0_80.cif,20,6.0,80,0.4282400000000734
d:\New folder\project\data\r20\t7.2\t7.2_0.cif,3.0,3.0,3.0,3.0,0,0,0,0,0,r20_t7.2_t7.2_0.cif,20,7.2,0,0.428820000000087
d:\New folder\project\data\r20\t7.2\t7.2_100.cif,2.2524067608976877,3.0,2.7592106482973784,3.0,2,0,2,0,4,r20_t7.2_t7.2_100.cif,20,7.2,100,0.2970500000000129
d:\New folder\project\data\r20\t7.2\t7.2_120.cif,2.2104084552105605,3.0,2.623125444164071,3.0,2,0,2,0,4,r20_t7.2_t7.2_120.cif,20,7.2,120,0.3794199999999819
d:\New folder\project\data\r20\t7.2\t7.2_140.cif,3.0,3.0,2.657243183489551,3.0,0,0,2,0,2,r20_t7.2_t7.2_140.cif,20,7.2,140,0.3854000000000042
d:\New folder\project\data\r20\t7.2\t7.2_160.cif,3.0,3.0,3.0,3.0,0,0,0,0,0,r20_t7.2_t7.2_160.cif,20,7.2,160,0.4356300000000601
d:\New folder\project\data\r20\t7.2\t7.2_180.cif,3.0,3.0,3.0,3.0,0,0,0,0,0,r20_t7.2_t7.2_180.cif,20,7.2,180,0.5744100000000572
d:\New folder\project\data\r20\t7.2\t7.2_20.cif,3.0,3.0,3.0,3.0,0,0,0,0,0,r20_t7.2_t7.2_20.cif,20,7.2,20,0.4970299999999952
d:\New folder\project\data\r20\t7.2\t7.2_200.cif,3.0,3.0,3.0,3.0,0,0,0,0,0,r20_t7.2_t7.2_200.cif,20,7.2,200,0.5808299999999917
d:\New folder\project\data\r20\t7.2\t7.2_220.cif,3.0,3.0,3.0,2.5590954557217804,0,0,0,2,2,r20_t7.2_t7.2_220.cif,20,7.2,220,0.4645300000000816
d:\New folder\project\data\r20\t7.2\t7.2_240.cif,3.0,3.0,3.0,3.0,0,0,0,0,0,r20_t7.2_t7.2_240.cif,20,7.2,240,0.4657000000000835
d:\New folder\project\data\r20\t7.2\t7.2_260.cif,2.249308184712741,3.0,3.0,3.0,2,0,0,0,2,r20_t7.2_t7.2_260.cif,20,7.2,260,0.4160900000000538
d:\New folder\project\data\r20\t7.2\t7.2_280.cif,2.400525422234111,3.0,3.0,3.0,2,0,0,0,2,r20_t7.2_t7.2_280.cif,20,7.2,280,0.3723100000000841
d:\New folder\project\data\r20\t7.2\t7.2_300.cif,3.0,3.0,2.6070948549632353,3.0,0,0,2,0,2,r20_t7.2_t7.2_300.cif,20,7.2,300,0.2989600000000791
d:\New folder\project\data\r20\t7.2\t7.2_320.cif,3.0,3.0,2.3248929475970233,3.0,0,0,2,0,2,r20_t7.2_t7.2_320.cif,20,7.2,320,0.3367800000000898
d:\New folder\project\data\r20\t7.2\t7.2_340.cif,3.0,3.0,2.3782745234301697,3.0,0,0,2,0,2,r20_t7.2_t7.2_340.cif,20,7.2,340,0.3952900000000454
d:\New folder\project\data\r20\t7.2\t7.2_40.cif,3.0,3.0,3.0,3.0,0,0,0,0,0,r20_t7.2_t7.2_40.cif,20,7.2,40,0.5474000000000387
d:\New folder\project\data\r20\t7.2\t7.2_60.cif,3.0,3.0,3.0,3.0,0,0,0,0,0,r20_t7.2_t7.2_60.cif,20,7.2,60,0.5065799999999854
d:\New folder\project\data\r20\t7.2\t7.2_80.cif,3.0,3.0,3.0,3.0,0,0,0,0,0,r20_t7.2_t7.2_80.cif,20,7.2,80,0.5386600000000499
d:\New folder\project\data\r20\t8.4\t8.4_0.cif,3.0,3.0,3.0,3.0,0,0,0,0,0,r20_t8.4_t8.4_0.cif,20,8.4,0,0.2895300000000134
d:\New folder\project\data\r20\t8.4\t8.4_100.cif,3.0,3.0,3.0,3.0,0,0,0,0,0,r20_t8.4_t8.4_100.cif,20,8.4,100,0.4668000000000347
d:\New folder\project\data\r20\t8.4\t8.4_120.cif,2.2685925105606923,3.0,3.0,3.0,2,0,0,0,2,r20_t8.4_t8.4_120.cif,20,8.4,120,0.4159500000000662
d:\New folder\project\data\r20\t8.4\t8.4_140.cif,2.265290788487672,3.0,3.0,3.0,2,0,0,0,2,r20_t8.4_t8.4_140.cif,20,8.4,140,0.4436600000000226
d:\New folder\project\data\r20\t8.4\t8.4_160.cif,2.4055621230117117,3.0,3.0,3.0,2,0,0,0,2,r20_t8.4_t8.4_160.cif,20,8.4,160,0.5060600000000477
d:\New folder\project\data\r20\t8.4\t8.4_180.cif,2.4786349875576077,3.0,3.0,3.0,2,0,0,0,2,r20_t8.4_t8.4_180.cif,20,8.4,180,0.5636500000000524
d:\New folder\project\data\r20\t8.4\t8.4_20.cif,3.0,3.0,3.0,3.0,0,0,0,0,0,r20_t8.4_t8.4_20.cif,20,8.4,20,0.3831800000000385
d:\New folder\project\data\r20\t8.4\t8.4_200.cif,2.4973120526034798,3.0,3.0,3.0,1,0,0,0,1,r20_t8.4_t8.4_200.cif,20,8.4,200,0.6093100000000504
d:\New folder\project\data\r20\t8.4\t8.4_220.cif,2.403483809376721,3.0,3.0,3.0,2,0,0,0,2,r20_t8.4_t8.4_220.cif,20,8.4,220,0.6415299999999888
d:\New folder\project\data\r20\t8.4\t8.4_240.cif,2.43679222760131,3.0,3.0,3.0,2,0,0,0,2,r20_t8.4_t8.4_240.cif,20,8.4,240,0.6253800000000638
d:\New folder\project\data\r20\t8.4\t8.4_260.cif,3.0,3.0,3.0,3.0,0,0,0,0,0,r20_t8.4_t8.4_260.cif,20,8.4,260,0.5064200000000483
d:\New folder\project\data\r20\t8.4\t8.4_280.cif,3.0,3.0,3.0,3.0,0,0,0,0,0,r20_t8.4_t8.4_280.cif,20,8.4,280,0.4145200000000386
d:\New folder\project\data\r20\t8.4\t8.4_300.cif,3.0,3.0,2.618207620941887,3.0,0,0,2,0,2,r20_t8.4_t8.4_300.cif,20,8.4,300,0.2894000000000005
d:\New folder\project\data\r20\t8.4\t8.4_320.cif,3.0,3.0,2.437466365080916,3.0,0,0,2,0,2,r20_t8.4_t8.4_320.cif,20,8.4,320,0.2644900000000234
d:\New folder\project\data\r20\t8.4\t8.4_340.cif,3.0,3.0,2.5277378775821115,3.0,0,0,2,0,2,r20_t8.4_t8.4_340.cif,20,8.4,340,0.2820700000000897
d:\New folder\project\data\r20\t8.4\t8.4_40.cif,3.0,3.0,3.0,3.0,0,0,0,0,0,r20_t8.4_t8.4_40.cif,20,8.4,40,0.4728099999999813
d:\New folder\project\data\r20\t8.4\t8.4_60.cif,3.0,3.0,3.0,2.4988031950397405,0,0,0,2,2,r20_t8.4_t8.4_60.cif,20,8.4,60,0.3856100000000424
d:\New folder\project\data\r20\t8.4\t8.4_80.cif,3.0,3.0,3.0,2.6672476008403083,0,0,0,2,2,r20_t8.4_t8.4_80.cif,20,8.4,80,0.4068200000000388
d:\New folder\project\data\r20\t9.6\t9.6_0.cif,3.0,3.0,3.0,2.439862414292687,0,0,0,2,2,r20_t9.6_t9.6_0.cif,20,9.6,0,0.2156100000000833
d:\New folder\project\data\r20\t9.6\t9.6_100.cif,3.0,3.108692966284565,3.0,3.0,0,2,0,0,2,r20_t9.6_t9.6_100.cif,20,9.6,100,0.5298500000000104
d:\New folder\project\data\r20\t9.6\t9.6_120.cif,3.0,3.0,3.0,3.0,0,0,0,0,0,r20_t9.6_t9.6_120.cif,20,9.6,120,0.4606800000000248
d:\New folder\project\data\r20\t9.6\t9.6_140.cif,2.3769377568004364,3.0,3.0,3.0,2,0,0,0,2,r20_t9.6_t9.6_140.cif,20,9.6,140,0.5003400000000511
d:\New folder\project\data\r20\t9.6\t9.6_160.cif,2.368348065850344,3.0,3.0,3.0,2,0,0,0,2,r20_t9.6_t9.6_160.cif,20,9.6,160,0.4878800000000183
d:\New folder\project\data\r20\t9.6\t9.6_180.cif,3.0,3.0,2.7870533241170876,3.0,0,0,1,0,1,r20_t9.6_t9.6_180.cif,20,9.6,180,0.4780600000000277
d:\New folder\project\data\r20\t9.6\t9.6_20.cif,2.3208963157086737,3.0,3.0,3.0,2,0,0,0,2,r20_t9.6_t9.6_20.cif,20,9.6,20,0.3666299999999864
d:\New folder\project\data\r20\t9.6\t9.6_200.cif,3.0,3.0,3.0,3.0,0,0,0,0,0,r20_t9.6_t9.6_200.cif,20,9.6,200,0.5459600000000364
d:\New folder\project\data\r20\t9.6\t9.6_220.cif,2.460182865564203,3.0,3.0,3.0,2,0,0,0,2,r20_t9.6_t9.6_220.cif,20,9.6,220,0.5814700000000812
d:\New folder\project\data\r20\t9.6\t9.6_240.cif,3.0,3.0,2.8144968850973298,3.0,0,0,2,0,2,r20_t9.6_t9.6_240.cif,20,9.6,240,0.5336300000000165
d:\New folder\project\data\r20\t9.6\t9.6_260.cif,2.3927283025530732,3.0,3.0,3.0,2,0,0,0,2,r20_t9.6_t9.6_260.cif,20,9.6,260,0.3316600000000562
d:\New folder\project\data\r20\t9.6\t9.6_280.cif,3.0,3.0,3.0,3.0,0,0,0,0,0,r20_t9.6_t9.6_280.cif,20,9.6,280,0.4450300000000879
d:\New folder\project\data\r20\t9.6\t9.6_300.cif,2.392934354013559,3.0,3.0,3.0,2,0,0,0,2,r20_t9.6_t9.6_300.cif,20,9.6,300,0.3917900000000145
d:\New folder\project\data\r20\t9.6\t9.6_320.cif,3.0,3.0417338681585537,2.675190250533496,3.0,0,2,2,0,4,r20_t9.6_t9.6_320.cif,20,9.6,320,0.2783699999999953
d:\New folder\project\data\r20\t9.6\t9.6_340.cif,3.0,3.0,2.798770327367869,2.8240100067733445,0,0,2,1,3,r20_t9.6_t9.6_340.cif,20,9.6,340,0.2422200000000884
d:\New folder\project\data\r20\t9.6\t9.6_40.cif,3.0,3.0,3.0,3.0,0,0,0,0,0,r20_t9.6_t9.6_40.cif,20,9.6,40,0.4508600000000342
d:\New folder\project\data\r20\t9.6\t9.6_60.cif,3.0,3.0,3.0,2.5370039339353707,0,0,0,2,2,r20_t9.6_t9.6_60.cif,20,9.6,60,0.4175700000000688
d:\New folder\project\data\r20\t9.6\t9.6_80.cif,3.0,3.0,3.0,2.6796773202729747,0,0,0,2,2,r20_t9.6_t9.6_80.cif,20,9.6,80,0.3972200000000612
d:\New folder\project\data\r40\t0\t0_0.cif,3.0,3.0,3.0,3.0,0,0,0,0,0,r40_t0_t0_0.cif,40,0.0,0,0.2206899999999905
d:\New folder\project\data\r40\t0\t0_100.cif,3.0,3.0,2.7689106905693626,3.0,0,0,1,0,1,r40_t0_t0_100.cif,40,0.0,100,0.3362200000000257
d:\New folder\project\data\r40\t0\t0_120.cif,3.0,3.0,3.0,3.0,0,0,0,0,0,r40_t0_t0_120.cif,40,0.0,120,0.4632100000000037
d:\New folder\project\data\r40\t0\t0_140.cif,3.0,3.0,3.0,3.0,0,0,0,0,0,r40_t0_t0_140.cif,40,0.0,140,0.5451500000000351
d:\New folder\project\data\r40\t0\t0_160.cif,3.0,3.0,3.0,3.0,0,0,0,0,0,r40_t0_t0_160.cif,40,0.0,160,0.5706900000000132
d:\New folder\project\data\r40\t0\t0_180.cif,3.0,3.0,3.0,3.0,0,0,0,0,0,r40_t0_t0_180.cif,40,0.0,180,0.5024799999999914
d:\New folder\project\data\r40\t0\t0_20.cif,3.0,3.0,3.0,3.0,0,0,0,0,0,r40_t0_t0_20.cif,40,0.0,20,0.3897699999999986
d:\New folder\project\data\r40\t0\t0_200.cif,3.0,3.0,3.0,3.0,0,0,0,0,0,r40_t0_t0_200.cif,40,0.0,200,0.53125
d:\New folder\project\data\r40\t0\t0_220.cif,3.0,3.0,3.0,3.0,0,0,0,0,0,r40_t0_t0_220.cif,40,0.0,220,0.5031500000000051
d:\New folder\project\data\r40\t0\t0_240.cif,3.0,3.0,3.0,3.0,0,0,0,0,0,r40_t0_t0_240.cif,40,0.0,240,0.4821299999999837
d:\New folder\project\data\r40\t0\t0_260.cif,3.0,3.0,3.0,3.0,0,0,0,0,0,r40_t0_t0_260.cif,40,0.0,260,0.4515900000000101
d:\New folder\project\data\r40\t0\t0_280.cif,3.0,3.0,3.0,3.0,0,0,0,0,0,r40_t0_t0_280.cif,40,0.0,280,0.4681300000000874
d:\New folder\project\data\r40\t0\t0_300.cif,3.0,3.0,3.0,3.0,0,0,0,0,0,r40_t0_t0_300.cif,40,0.0,300,0.396060000000034
d:\New folder\project\data\r40\t0\t0_320.cif,2.405296519535476,2.822411513655555,2.1908244936688197,2.6826526097805425,3,2,2,2,9,r40_t0_t0_320.cif,40,0.0,320,0.1506300000000919
d:\New folder\project\data\r40\t0\t0_340.cif,2.280158753750346,2.750127752267548,2.3138760451259,3.0,4,2,4,0,10,r40_t0_t0_340.cif,40,0.0,340,-0.1323999999999614
d:\New folder\project\data\r40\t0\t0_40.cif,3.0,3.0,3.0,3.0,0,0,0,0,0,r40_t0_t0_40.cif,40,0.0,40,0.478650000000016
d:\New folder\project\data\r40\t0\t0_60.cif,3.0,3.0,3.0,3.0,0,0,0,0,0,r40_t0_t0_60.cif,40,0.0,60,0.413560000000075
d:\New folder\project\data\r40\t0\t0_80.cif,3.0,3.0,3.0,3.0,0,0,0,0,0,r40_t0_t0_80.cif,40,0.0,80,0.3341199999999844
d:\New folder\project\data\r40\t1.2\t1.2_0.cif,3.0,3.0,3.0,3.0,0,0,0,0,0,r40_t1.2_t1.2_0.cif,40,1.2,0,0.5366800000000467
d:\New folder\project\data\r40\t1.2\t1.2_100.cif,3.0,3.0,2.5080412489448314,3.0,0,0,2,0,2,r40_t1.2_t1.2_100.cif,40,1.2,100,0.3631800000000567
d:\New folder\project\data\r40\t1.2\t1.2_120.cif,3.0,3.0,3.0,3.0,0,0,0,0,0,r40_t1.2_t1.2_120.cif,40,1.2,120,0.4061300000000756
d:\New folder\project\data\r40\t1.2\t1.2_140.cif,3.0,3.0,3.0,3.0,0,0,0,0,0,r40_t1.2_t1.2_140.cif,40,1.2,140,0.4996800000000121
d:\New folder\project\data\r40\t1.2\t1.2_160.cif,3.0,3.0,3.0,3.0,0,0,0,0,0,r40_t1.2_t1.2_160.cif,40,1.2,160,0.5450500000000602
d:\New folder\project\data\r40\t1.2\t1.2_180.cif,3.0,3.0,3.0,3.0,0,0,0,0,0,r40_t1.2_t1.2_180.cif,40,1.2,180,0.5237500000000637
d:\New folder\project\data\r40\t1.2\t1.2_20.cif,3.0,3.0,3.0,3.0,0,0,0,0,0,r40_t1.2_t1.2_20.cif,40,1.2,20,0.5758900000000722
d:\New folder\project\data\r40\t1.2\t1.2_200.cif,3.0,3.0,3.0,3.0,0,0,0,0,0,r40_t1.2_t1.2_200.cif,40,1.2,200,0.4893299999999954
d:\New folder\project\data\r40\t1.2\t1.2_220.cif,3.0,3.0,2.6273676530382746,3.0,0,0,2,0,2,r40_t1.2_t1.2_220.cif,40,1.2,220,0.4332100000000309
d:\New folder\project\data\r40\t1.2\t1.2_240.cif,3.0,3.0,2.742376510049031,3.0,0,0,2,0,2,r40_t1.2_t1.2_240.cif,40,1.2,240,0.4066800000000512
d:\New folder\project\data\r40\t1.2\t1.2_260.cif,3.0,3.0,3.0,3.0,0,0,0,0,0,r40_t1.2_t1.2_260.cif,40,1.2,260,0.3871400000000449
d:\New folder\project\data\r40\t1.2\t1.2_280.cif,3.0,3.0,3.0,3.0,0,0,0,0,0,r40_t1.2_t1.2_280.cif,40,1.2,280,0.4596700000000737
d:\New folder\project\data\r40\t1.2\t1.2_300.cif,3.0,3.0,3.0,3.0,0,0,0,0,0,r40_t1.2_t1.2_300.cif,40,1.2,300,0.4445800000000872
d:\New folder\project\data\r40\t1.2\t1.2_320.cif,3.0,3.0,3.0,3.0,0,0,0,0,0,r40_t1.2_t1.2_320.cif,40,1.2,320,0.404070000000047
d:\New folder\project\data\r40\t1.2\t1.2_340.cif,3.0,3.0,3.0,3.0,0,0,0,0,0,r40_t1.2_t1.2_340.cif,40,1.2,340,0.4677400000000489
d:\New folder\project\data\r40\t1.2\t1.2_40.cif,3.0,3.0,3.0,3.0,0,0,0,0,0,r40_t1.2_t1.2_40.cif,40,1.2,40,0.5499500000000808
d:\New folder\project\data\r40\t1.2\t1.2_60.cif,2.325490748273072,3.0,3.0,3.0,2,0,0,0,2,r40_t1.2_t1.2_60.cif,40,1.2,60,0.4270700000000715
d:\New folder\project\data\r40\t1.2\t1.2_80.cif,3.0,3.0,2.6395119888888203,3.0,0,0,2,0,2,r40_t1.2_t1.2_80.cif,40,1.2,80,0.3580800000000863
d:\New folder\project\data\r40\t2.4\t2.4_0.cif,3.0,3.0,3.0,3.0,0,0,0,0,0,r40_t2.4_t2.4_0.cif,40,2.4,0,0.5550000000000637
d:\New folder\project\data\r40\t2.4\t2.4_100.cif,3.0,3.0,2.4415607772606056,3.0,0,0,2,0,2,r40_t2.4_t2.4_100.cif,40,2.4,100,0.3960799999999835
d:\New folder\project\data\r40\t2.4\t2.4_120.cif,3.0,3.0,3.0,3.0,0,0,0,0,0,r40_t2.4_t2.4_120.cif,40,2.4,120,0.3379800000000159
d:\New folder\project\data\r40\t2.4\t2.4_140.cif,3.0,3.0,3.0,3.0,0,0,0,0,0,r40_t2.4_t2.4_140.cif,40,2.4,140,0.4376100000000633
d:\New folder\project\data\r40\t2.4\t2.4_160.cif,3.0,3.0,3.0,3.0,0,0,0,0,0,r40_t2.4_t2.4_160.cif,40,2.4,160,0.5065299999999979
d:\New folder\project\data\r40\t2.4\t2.4_180.cif,3.0,3.0,3.0,3.0,0,0,0,0,0,r40_t2.4_t2.4_180.cif,40,2.4,180,0.5148400000000493
d:\New folder\project\data\r40\t2.4\t2.4_20.cif,3.0,3.0,3.0,3.0,0,0,0,0,0,r40_t2.4_t2.4_20.cif,40,2.4,20,0.5834800000000087
d:\New folder\project\data\r40\t2.4\t2.4_200.cif,3.0,3.0,3.0,3.0,0,0,0,0,0,r40_t2.4_t2.4_200.cif,40,2.4,200,0.5223900000000867
d:\New folder\project\data\r40\t2.4\t2.4_220.cif,3.0,3.0,3.0,3.0,0,0,0,0,0,r40_t2.4_t2.4_220.cif,40,2.4,220,0.4849000000000387
d:\New folder\project\data\r40\t2.4\t2.4_240.cif,2.29058130009631,3.0,2.754310856625003,2.3136502288457086,2,0,2,2,6,r40_t2.4_t2.4_240.cif,40,2.4,240,0.1144800000000714
d:\New folder\project\data\r40\t2.4\t2.4_260.cif,3.0,3.0,3.0,3.0,0,0,0,0,0,r40_t2.4_t2.4_260.cif,40,2.4,260,0.3667800000000625
d:\New folder\project\data\r40\t2.4\t2.4_280.cif,3.0,3.0,3.0,3.0,0,0,0,0,0,r40_t2.4_t2.4_280.cif,40,2.4,280,0.4664800000000468
d:\New folder\project\data\r40\t2.4\t2.4_300.cif,3.0,3.0,3.0,3.0,0,0,0,0,0,r40_t2.4_t2.4_300.cif,40,2.4,300,0.4422500000000582
d:\New folder\project\data\r40\t2.4\t2.4_320.cif,3.0,3.0,3.0,3.0,0,0,0,0,0,r40_t2.4_t2.4_320.cif,40,2.4,320,0.4084700000000794
d:\New folder\project\data\r40\t2.4\t2.4_340.cif,3.0,3.0,3.0,3.0,0,0,0,0,0,r40_t2.4_t2.4_340.cif,40,2.4,340,0.5201799999999821
d:\New folder\project\data\r40\t2.4\t2.4_40.cif,3.0,3.0,3.0,3.0,0,0,0,0,0,r40_t2.4_t2.4_40.cif,40,2.4,40,0.5510900000000447
d:\New folder\project\data\r40\t2.4\t2.4_60.cif,2.476102032060947,3.0,3.0,3.0,2,0,0,0,2,r40_t2.4_t2.4_60.cif,40,2.4,60,0.4628999999999905
d:\New folder\project\data\r40\t2.4\t2.4_80.cif,3.0,3.0,2.551991377950006,3.0,0,0,2,0,2,r40_t2.4_t2.4_80.cif,40,2.4,80,0.3890099999999847
d:\New folder\project\data\r40\t3.6\t3.6_0.cif,3.0,3.0,3.0,3.0,0,0,0,0,0,r40_t3.6_t3.6_0.cif,40,3.6,0,0.5246300000000019
d:\New folder\project\data\r40\t3.6\t3.6_100.cif,3.0,3.0,2.5965920352588894,3.0,0,0,2,0,2,r40_t3.6_t3.6_100.cif,40,3.6,100,0.4096100000000433
d:\New folder\project\data\r40\t3.6\t3.6_120.cif,3.0,3.0,3.0,3.0,0,0,0,0,0,r40_t3.6_t3.6_120.cif,40,3.6,120,0.2747300000000905
d:\New folder\project\data\r40\t3.6\t3.6_140.cif,3.0,3.0,3.0,3.0,0,0,0,0,0,r40_t3.6_t3.6_140.cif,40,3.6,140,0.4185400000000072
d:\New folder\project\data\r40\t3.6\t3.6_160.cif,3.0,3.0,3.0,3.0,0,0,0,0,0,r40_t3.6_t3.6_160.cif,40,3.6,160,0.511669999999981
d:\New folder\project\data\r40\t3.6\t3.6_180.cif,3.0,3.0,3.0,3.0,0,0,0,0,0,r40_t3.6_t3.6_180.cif,40,3.6,180,0.5641200000000026
d:\New folder\project\data\r40\t3.6\t3.6_20.cif,3.0,3.0,3.0,3.0,0,0,0,0,0,r40_t3.6_t3.6_20.cif,40,3.6,20,0.5707300000000259
d:\New folder\project\data\r40\t3.6\t3.6_200.cif,3.0,3.0,3.0,3.0,0,0,0,0,0,r40_t3.6_t3.6_200.cif,40,3.6,200,0.6023500000000013
d:\New folder\project\data\r40\t3.6\t3.6_220.cif,3.0,3.0,3.0,3.0,0,0,0,0,0,r40_t3.6_t3.6_220.cif,40,3.6,220,0.5712399999999889
d:\New folder\project\data\r40\t3.6\t3.6_240.cif,3.0,3.0,3.0,3.0,0,0,0,0,0,r40_t3.6_t3.6_240.cif,40,3.6,240,0.4260900000000447
d:\New folder\project\data\r40\t3.6\t3.6_260.cif,3.0,3.0,3.0,3.0,0,0,0,0,0,r40_t3.6_t3.6_260.cif,40,3.6,260,0.4065400000000636
d:\New folder\project\data\r40\t3.6\t3.6_280.cif,3.0,3.0,3.0,3.0,0,0,0,0,0,r40_t3.6_t3.6_280.cif,40,3.6,280,0.4601300000000492
d:\New folder\project\data\r40\t3.6\t3.6_300.cif,3.0,3.0,3.0,3.0,0,0,0,0,0,r40_t3.6_t3.6_300.cif,40,3.6,300,0.415520000000015
d:\New folder\project\data\r40\t3.6\t3.6_320.cif,3.0,3.0,3.0,3.0,0,0,0,0,0,r40_t3.6_t3.6_320.cif,40,3.6,320,0.3664700000000493
d:\New folder\project\data\r40\t3.6\t3.6_340.cif,3.0,3.0,3.0,3.0,0,0,0,0,0,r40_t3.6_t3.6_340.cif,40,3.6,340,0.5561999999999898
d:\New folder\project\data\r40\t3.6\t3.6_40.cif,3.0,3.0,3.0,3.0,0,0,0,0,0,r40_t3.6_t3.6_40.cif,40,3.6,40,0.5565400000000409
d:\New folder\project\data\r40\t3.6\t3.6_60.cif,2.333230397042124,3.0,3.0,3.0,2,0,0,0,2,r40_t3.6_t3.6_60.cif,40,3.6,60,0.4818500000000085
d:\New folder\project\data\r40\t3.6\t3.6_80.cif,3.0,3.0,2.643163470131288,3.0,0,0,2,0,2,r40_t3.6_t3.6_80.cif,40,3.6,80,0.4190300000000206
d:\New folder\project\data\r40\t4.8\t4.8_0.cif,3.0,3.0,3.0,3.0,0,0,0,0,0,r40_t4.8_t4.8_0.cif,40,4.8,0,0.5088000000000648
d:\New folder\project\data\r40\t4.8\t4.8_100.cif,3.0,3.0,3.0,3.0,0,0,0,0,0,r40_t4.8_t4.8_100.cif,40,4.8,100,0.40921000000003
d:\New folder\project\data\r40\t4.8\t4.8_120.cif,3.0,3.0,3.0,3.0,0,0,0,0,0,r40_t4.8_t4.8_120.cif,40,4.8,120,0.271569999999997
d:\New folder\project\data\r40\t4.8\t4.8_140.cif,3.0,3.0,3.0,3.0,0,0,0,0,0,r40_t4.8_t4.8_140.cif,40,4.8,140,0.4294100000000753
d:\New folder\project\data\r40\t4.8\t4.8_160.cif,3.0,3.0,3.0,3.0,0,0,0,0,0,r40_t4.8_t4.8_160.cif,40,4.8,160,0.5317400000000134
d:\New folder\project\data\r40\t4.8\t4.8_180.cif,3.0,3.0,3.0,3.0,0,0,0,0,0,r40_t4.8_t4.8_180.cif,40,4.8,180,0.6093100000000504
d:\New folder\project\data\r40\t4.8\t4.8_20.cif,3.0,3.0,3.0,3.0,0,0,0,0,0,r40_t4.8_t4.8_20.cif,40,4.8,20,0.5453100000000859
d:\New folder\project\data\r40\t4.8\t4.8_200.cif,3.0,3.0,3.0,3.0,0,0,0,0,0,r40_t4.8_t4.8_200.cif,40,4.8,200,0.6438600000000179
d:\New folder\project\data\r40\t4.8\t4.8_220.cif,3.0,3.0,3.0,3.0,0,0,0,0,0,r40_t4.8_t4.8_220.cif,40,4.8,220,0.5907799999999952
d:\New folder\project\data\r40\t4.8\t4.8_240.cif,3.0,3.0,3.0,3.0,0,0,0,0,0,r40_t4.8_t4.8_240.cif,40,4.8,240,0.4790400000000545
d:\New folder\project\data\r40\t4.8\t4.8_260.cif,3.0,3.0,3.0,3.0,0,0,0,0,0,r40_t4.8_t4.8_260.cif,40,4.8,260,0.4235500000000911
d:\New folder\project\data\r40\t4.8\t4.8_280.cif,3.0,3.0,3.0,3.0,0,0,0,0,0,r40_t4.8_t4.8_280.cif,40,4.8,280,0.4586699999999837
d:\New folder\project\data\r40\t4.8\t4.8_300.cif,3.0,3.0,3.0,3.0,0,0,0,0,0,r40_t4.8_t4.8_300.cif,40,4.8,300,0.3432599999999866
d:\New folder\project\data\r40\t4.8\t4.8_320.cif,3.0,3.0,3.0,3.0,0,0,0,0,0,r40_t4.8_t4.8_320.cif,40,4.8,320,0.3247800000000325
d:\New folder\project\data\r40\t4.8\t4.8_340.cif,3.0,3.0,3.0,2.628370539484371,0,0,0,2,2,r40_t4.8_t4.8_340.cif,40,4.8,340,0.4002900000000409
d:\New folder\project\data\r40\t4.8\t4.8_40.cif,3.0,3.0,3.0,3.0,0,0,0,0,0,r40_t4.8_t4.8_40.cif,40,4.8,40,0.56574999999998
d:\New folder\project\data\r40\t4.8\t4.8_60.cif,2.49958823834238,3.0,3.0,3.0,1,0,0,0,1,r40_t4.8_t4.8_60.cif,40,4.8,60,0.4888500000000704
d:\New folder\project\data\r40\t4.8\t4.8_80.cif,3.0,3.0,3.0,3.0,0,0,0,0,0,r40_t4.8_t4.8_80.cif,40,4.8,80,0.5094700000000785
d:\New folder\project\data\r40\t6.0\t6.0_0.cif,3.0,3.0,3.0,3.0,0,0,0,0,0,r40_t6.0_t6.0_0.cif,40,6.0,0,0.4902400000000853
d:\New folder\project\data\r40\t6.0\t6.0_100.cif,3.0,3.0,3.0,3.0,0,0,0,0,0,r40_t6.0_t6.0_100.cif,40,6.0,100,0.4623700000000781
d:\New folder\project\data\r40\t6.0\t6.0_120.cif,3.0,3.0,3.0,3.0,0,0,0,0,0,r40_t6.0_t6.0_120.cif,40,6.0,120,0.2899800000000141
d:\New folder\project\data\r40\t6.0\t6.0_140.cif,3.0,3.0,3.0,3.0,0,0,0,0,0,r40_t6.0_t6.0_140.cif,40,6.0,140,0.4410800000000563
d:\New folder\project\data\r40\t6.0\t6.0_160.cif,3.0,3.0,3.0,3.0,0,0,0,0,0,r40_t6.0_t6.0_160.cif,40,6.0,160,0.5423500000000558
d:\New folder\project\data\r40\t6.0\t6.0_180.cif,3.0,3.0,3.0,3.0,0,0,0,0,0,r40_t6.0_t6.0_180.cif,40,6.0,180,0.6157400000000735
d:\New folder\project\data\r40\t6.0\t6.0_20.cif,3.0,3.0,3.0,3.0,0,0,0,0,0,r40_t6.0_t6.0_20.cif,40,6.0,20,0.567380000000071
d:\New folder\project\data\r40\t6.0\t6.0_200.cif,3.0,3.0,3.0,3.0,0,0,0,0,0,r40_t6.0_t6.0_200.cif,40,6.0,200,0.6413800000000265
d:\New folder\project\data\r40\t6.0\t6.0_220.cif,3.0,3.0,3.0,3.0,0,0,0,0,0,r40_t6.0_t6.0_220.cif,40,6.0,220,0.5647099999999909
d:\New folder\project\data\r40\t6.0\t6.0_240.cif,3.0,3.0,3.0,3.0,0,0,0,0,0,r40_t6.0_t6.0_240.cif,40,6.0,240,0.5015000000000782
d:\New folder\project\data\r40\t6.0\t6.0_260.cif,3.0,3.0,3.0,3.0,0,0,0,0,0,r40_t6.0_t6.0_260.cif,40,6.0,260,0.4394900000000916
d:\New folder\project\data\r40\t6.0\t6.0_280.cif,3.0,3.0,3.0,3.0,0,0,0,0,0,r40_t6.0_t6.0_280.cif,40,6.0,280,0.4753299999999854
d:\New folder\project\data\r40\t6.0\t6.0_300.cif,3.0,3.0,3.0,3.0,0,0,0,0,0,r40_t6.0_t6.0_300.cif,40,6.0,300,0.3621400000000676
d:\New folder\project\data\r40\t6.0\t6.0_320.cif,3.0,3.0,3.0,3.0,0,0,0,0,0,r40_t6.0_t6.0_320.cif,40,6.0,320,0.3153200000000424
d:\New folder\project\data\r40\t6.0\t6.0_340.cif,3.0,3.0,2.8237065868497124,3.0,0,0,2,0,2,r40_t6.0_t6.0_340.cif,40,6.0,340,0.3869100000000571
d:\New folder\project\data\r40\t6.0\t6.0_40.cif,3.0,3.0,3.0,3.0,0,0,0,0,0,r40_t6.0_t6.0_40.cif,40,6.0,40,0.5819900000000189
d:\New folder\project\data\r40\t6.0\t6.0_60.cif,3.0,3.0,3.0,3.0,0,0,0,0,0,r40_t6.0_t6.0_60.cif,40,6.0,60,0.4911900000000742
d:\New folder\project\data\r40\t6.0\t6.0_80.cif,3.0,3.0,3.0,3.0,0,0,0,0,0,r40_t6.0_t6.0_80.cif,40,6.0,80,0.5772400000000744
d:\New folder\project\data\r40\t7.2\t7.2_0.cif,3.0,3.0,3.0,3.0,0,0,0,0,0,r40_t7.2_t7.2_0.cif,40,7.2,0,0.4944300000000794
d:\New folder\project\data\r40\t7.2\t7.2_100.cif,3.0,3.0,3.0,3.0,0,0,0,0,0,r40_t7.2_t7.2_100.cif,40,7.2,100,0.4728400000000192
d:\New folder\project\data\r40\t7.2\t7.2_120.cif,3.0,3.0,3.0,3.0,0,0,0,0,0,r40_t7.2_t7.2_120.cif,40,7.2,120,0.4039800000000468
d:\New folder\project\data\r40\t7.2\t7.2_140.cif,3.0,3.0,3.0,3.0,0,0,0,0,0,r40_t7.2_t7.2_140.cif,40,7.2,140,0.4862000000000535
d:\New folder\project\data\r40\t7.2\t7.2_160.cif,3.0,3.0,3.0,3.0,0,0,0,0,0,r40_t7.2_t7.2_160.cif,40,7.2,160,0.5630700000000388
d:\New folder\project\data\r40\t7.2\t7.2_180.cif,3.0,3.0,3.0,3.0,0,0,0,0,0,r40_t7.2_t7.2_180.cif,40,7.2,180,0.6022400000000516
d:\New folder\project\data\r40\t7.2\t7.2_20.cif,3.0,3.0,3.0,3.0,0,0,0,0,0,r40_t7.2_t7.2_20.cif,40,7.2,20,0.5405400000000782
d:\New folder\project\data\r40\t7.2\t7.2_200.cif,3.0,3.0,3.0,3.0,0,0,0,0,0,r40_t7.2_t7.2_200.cif,40,7.2,200,0.6184100000000399
d:\New folder\project\data\r40\t7.2\t7.2_220.cif,3.0,3.0,3.0,3.0,0,0,0,0,0,r40_t7.2_t7.2_220.cif,40,7.2,220,0.5989000000000715
d:\New folder\project\data\r40\t7.2\t7.2_240.cif,3.0,3.0,3.0,3.0,0,0,0,0,0,r40_t7.2_t7.2_240.cif,40,7.2,240,0.5326600000000781
d:\New folder\project\data\r40\t7.2\t7.2_260.cif,3.0,3.0,3.0,3.0,0,0,0,0,0,r40_t7.2_t7.2_260.cif,40,7.2,260,0.4934900000000652
d:\New folder\project\data\r40\t7.2\t7.2_280.cif,3.0,3.0,3.0,3.0,0,0,0,0,0,r40_t7.2_t7.2_280.cif,40,7.2,280,0.6023099999999886
d:\New folder\project\data\r40\t7.2\t7.2_300.cif,3.0,3.0,3.0,3.0,0,0,0,0,0,r40_t7.2_t7.2_300.cif,40,7.2,300,0.4384700000000521
d:\New folder\project\data\r40\t7.2\t7.2_320.cif,3.0,3.0,2.6107556986195384,3.0,0,0,2,0,2,r40_t7.2_t7.2_320.cif,40,7.2,320,0.2950200000000222
d:\New folder\project\data\r40\t7.2\t7.2_340.cif,3.0,3.0,2.6105660459962903,3.0,0,0,2,0,2,r40_t7.2_t7.2_340.cif,40,7.2,340,0.3433700000000499
d:\New folder\project\data\r40\t7.2\t7.2_40.cif,3.0,3.0,3.0,3.0,0,0,0,0,0,r40_t7.2_t7.2_40.cif,40,7.2,40,0.5747200000000703
d:\New folder\project\data\r40\t7.2\t7.2_60.cif,3.0,3.0,3.0,3.0,0,0,0,0,0,r40_t7.2_t7.2_60.cif,40,7.2,60,0.4815899999999828
d:\New folder\project\data\r40\t7.2\t7.2_80.cif,3.0,3.0,3.0,3.0,0,0,0,0,0,r40_t7.2_t7.2_80.cif,40,7.2,80,0.5660900000000311
d:\New folder\project\data\r40\t8.4\t8.4_0.cif,3.0,3.0,3.0,3.0,0,0,0,0,0,r40_t8.4_t8.4_0.cif,40,8.4,0,0.4967700000000832
d:\New folder\project\data\r40\t8.4\t8.4_100.cif,3.0,3.0,3.0,3.0,0,0,0,0,0,r40_t8.4_t8.4_100.cif,40,8.4,100,0.4392200000000912
d:\New folder\project\data\r40\t8.4\t8.4_120.cif,3.0,3.0,3.0,3.0,0,0,0,0,0,r40_t8.4_t8.4_120.cif,40,8.4,120,0.4703500000000531
d:\New folder\project\data\r40\t8.4\t8.4_140.cif,3.0,3.0,3.0,3.0,0,0,0,0,0,r40_t8.4_t8.4_140.cif,40,8.4,140,0.5364000000000715
d:\New folder\project\data\r40\t8.4\t8.4_160.cif,3.0,3.0,3.0,3.0,0,0,0,0,0,r40_t8.4_t8.4_160.cif,40,8.4,160,0.581639999999993
d:\New folder\project\data\r40\t8.4\t8.4_180.cif,3.0,3.0,3.0,3.0,0,0,0,0,0,r40_t8.4_t8.4_180.cif,40,8.4,180,0.5734499999999798
d:\New folder\project\data\r40\t8.4\t8.4_20.cif,3.0,3.0,3.0,3.0,0,0,0,0,0,r40_t8.4_t8.4_20.cif,40,8.4,20,0.5389600000000883
d:\New folder\project\data\r40\t8.4\t8.4_200.cif,3.0,3.0,3.0,3.0,0,0,0,0,0,r40_t8.4_t8.4_200.cif,40,8.4,200,0.5746300000000701
d:\New folder\project\data\r40\t8.4\t8.4_220.cif,3.0,3.0,3.0,3.0,0,0,0,0,0,r40_t8.4_t8.4_220.cif,40,8.4,220,0.5637400000000525
d:\New folder\project\data\r40\t8.4\t8.4_240.cif,3.0,3.0,3.0,3.0,0,0,0,0,0,r40_t8.4_t8.4_240.cif,40,8.4,240,0.5501400000000558
d:\New folder\project\data\r40\t8.4\t8.4_260.cif,3.0,3.0,3.0,3.0,0,0,0,0,0,r40_t8.4_t8.4_260.cif,40,8.4,260,0.4858700000000908
d:\New folder\project\data\r40\t8.4\t8.4_280.cif,3.0,3.0,3.0,3.0,0,0,0,0,0,r40_t8.4_t8.4_280.cif,40,8.4,280,0.4706800000000157
d:\New folder\project\data\r40\t8.4\t8.4_300.cif,3.0,3.0,3.0,3.0,0,0,0,0,0,r40_t8.4_t8.4_300.cif,40,8.4,300,0.3158700000000181
d:\New folder\project\data\r40\t8.4\t8.4_320.cif,2.494630319682011,3.0144954651123212,2.5806707498598787,2.649508562106095,1,2,2,2,7,r40_t8.4_t8.4_320.cif,40,8.4,320,0.2042500000000018
d:\New folder\project\data\r40\t8.4\t8.4_340.cif,3.0,3.0,2.5933022332199878,2.7787930671927112,0,0,2,2,4,r40_t8.4_t8.4_340.cif,40,8.4,340,0.2191800000000512
d:\New folder\project\data\r40\t8.4\t8.4_40.cif,3.0,3.0,3.0,3.0,0,0,0,0,0,r40_t8.4_t8.4_40.cif,40,8.4,40,0.568489999999997
d:\New folder\project\data\r40\t8.4\t8.4_60.cif,3.0,3.0,3.0,3.0,0,0,0,0,0,r40_t8.4_t8.4_60.cif,40,8.4,60,0.4452100000000882
d:\New folder\project\data\r40\t8.4\t8.4_80.cif,3.0,3.0,3.0,3.0,0,0,0,0,0,r40_t8.4_t8.4_80.cif,40,8.4,80,0.4067600000000766
d:\New folder\project\data\r40\t9.6\t9.6_0.cif,3.0,3.0,3.0,3.0,0,0,0,0,0,r40_t9.6_t9.6_0.cif,40,9.6,0,0.5254700000000412
d:\New folder\project\data\r40\t9.6\t9.6_100.cif,3.0,3.0,2.6671912099853214,3.0,0,0,2,0,2,r40_t9.6_t9.6_100.cif,40,9.6,100,0.3240299999999934
d:\New folder\project\data\r40\t9.6\t9.6_120.cif,3.0,3.0,3.0,3.0,0,0,0,0,0,r40_t9.6_t9.6_120.cif,40,9.6,120,0.4484100000000808
d:\New folder\project\data\r40\t9.6\t9.6_140.cif,3.0,3.0,3.0,3.0,0,0,0,0,0,r40_t9.6_t9.6_140.cif,40,9.6,140,0.5407800000000407
d:\New folder\project\data\r40\t9.6\t9.6_160.cif,3.0,3.0,3.0,3.0,0,0,0,0,0,r40_t9.6_t9.6_160.cif,40,9.6,160,0.5535700000000361
d:\New folder\project\data\r40\t9.6\t9.6_180.cif,3.0,3.0,3.0,3.0,0,0,0,0,0,r40_t9.6_t9.6_180.cif,40,9.6,180,0.5427399999999807
d:\New folder\project\data\r40\t9.6\t9.6_20.cif,3.0,3.0,3.0,3.0,0,0,0,0,0,r40_t9.6_t9.6_20.cif,40,9.6,20,0.5595400000000836
d:\New folder\project\data\r40\t9.6\t9.6_200.cif,3.0,3.0,3.0,3.0,0,0,0,0,0,r40_t9.6_t9.6_200.cif,40,9.6,200,0.5112500000000182
d:\New folder\project\data\r40\t9.6\t9.6_220.cif,3.0,3.0,2.653049958726377,3.0,0,0,2,0,2,r40_t9.6_t9.6_220.cif,40,9.6,220,0.446550000000002
d:\New folder\project\data\r40\t9.6\t9.6_240.cif,3.0,3.0,2.8263293247215673,3.0,0,0,1,0,1,r40_t9.6_t9.6_240.cif,40,9.6,240,0.4665800000000217
d:\New folder\project\data\r40\t9.6\t9.6_260.cif,3.0,3.0,3.0,3.0,0,0,0,0,0,r40_t9.6_t9.6_260.cif,40,9.6,260,0.4433500000000094
d:\New folder\project\data\r40\t9.6\t9.6_280.cif,3.0,3.0,3.0,3.0,0,0,0,0,0,r40_t9.6_t9.6_280.cif,40,9.6,280,0.4561300000000301
d:\New folder\project\data\r40\t9.6\t9.6_300.cif,3.0,3.0,2.7907733340400194,3.0,0,0,1,0,1,r40_t9.6_t9.6_300.cif,40,9.6,300,0.285720000000083
d:\New folder\project\data\r40\t9.6\t9.6_320.cif,3.0,2.8869275459463073,2.3856423477738535,2.721775123324196,0,2,2,2,6,r40_t9.6_t9.6_320.cif,40,9.6,320,0.242020000000025
d:\New folder\project\data\r40\t9.6\t9.6_340.cif,3.0,3.0003349089114777,2.6721786603914586,2.796299190060828,0,2,2,2,6,r40_t9.6_t9.6_340.cif,40,9.6,340,0.2666800000000648
d:\New folder\project\data\r40\t9.6\t9.6_40.cif,3.0,3.0,3.0,3.0,0,0,0,0,0,r40_t9.6_t9.6_40.cif,40,9.6,40,0.5600800000000845
d:\New folder\project\data\r40\t9.6\t9.6_60.cif,3.0,3.0,3.0,3.0,0,0,0,0,0,r40_t9.6_t9.6_60.cif,40,9.6,60,0.4302800000000388
d:\New folder\project\data\r40\t9.6\t9.6_80.cif,3.0,3.0,3.0,3.0,0,0,0,0,0,r40_t9.6_t9.6_80.cif,40,9.6,80,0.344380000000001
d:\New folder\project\data\r60\t0\t0_0.cif,3.0,3.0,3.0,2.7777462123010612,0,0,0,2,2,r60_t0_t0_0.cif,60,0.0,0,0.3091200000000071
d:\New folder\project\data\r60\t0\t0_100.cif,3.0,3.0,3.0,3.0,0,0,0,0,0,r60_t0_t0_100.cif,60,0.0,100,0.491170000000011
d:\New folder\project\data\r60\t0\t0_120.cif,3.0,3.0,3.0,3.0,0,0,0,0,0,r60_t0_t0_120.cif,60,0.0,120,0.5308800000000247
d:\New folder\project\data\r60\t0\t0_140.cif,3.0,3.0,3.0,3.0,0,0,0,0,0,r60_t0_t0_140.cif,60,0.0,140,0.588100000000054
d:\New folder\project\data\r60\t0\t0_160.cif,3.0,3.0,3.0,3.0,0,0,0,0,0,r60_t0_t0_160.cif,60,0.0,160,0.6269600000000537
d:\New folder\project\data\r60\t0\t0_180.cif,3.0,3.0,3.0,3.0,0,0,0,0,0,r60_t0_t0_180.cif,60,0.0,180,0.5953299999999899
d:\New folder\project\data\r60\t0\t0_20.cif,3.0,3.0,3.0,3.0,0,0,0,0,0,r60_t0_t0_20.cif,60,0.0,20,0.4852100000000519
d:\New folder\project\data\r60\t0\t0_200.cif,3.0,3.0,3.0,3.0,0,0,0,0,0,r60_t0_t0_200.cif,60,0.0,200,0.6140800000000581
d:\New folder\project\data\r60\t0\t0_220.cif,3.0,3.0,3.0,3.0,0,0,0,0,0,r60_t0_t0_220.cif,60,0.0,220,0.5689500000000862
d:\New folder\project\data\r60\t0\t0_240.cif,3.0,3.0,3.0,3.0,0,0,0,0,0,r60_t0_t0_240.cif,60,0.0,240,0.5552800000000389
d:\New folder\project\data\r60\t0\t0_260.cif,3.0,3.0,3.0,3.0,0,0,0,0,0,r60_t0_t0_260.cif,60,0.0,260,0.5446100000000342
d:\New folder\project\data\r60\t0\t0_280.cif,3.0,3.0,3.0,3.0,0,0,0,0,0,r60_t0_t0_280.cif,60,0.0,280,0.5227500000000873
d:\New folder\project\data\r60\t0\t0_300.cif,3.0,3.0,3.0,3.0,0,0,0,0,0,r60_t0_t0_300.cif,60,0.0,300,0.4248800000000301
d:\New folder\project\data\r60\t0\t0_320.cif,3.0,3.1288711260737356,2.559391906754173,2.3650434630288055,0,2,2,2,6,r60_t0_t0_320.cif,60,0.0,320,0.0965600000000677
d:\New folder\project\data\r60\t0\t0_340.cif,2.1767569859693015,2.935112457862769,2.4332747273802227,2.714908395629511,2,2,2,3,9,r60_t0_t0_340.cif,60,0.0,340,0.0982000000000198
d:\New folder\project\data\r60\t0\t0_40.cif,3.0,3.0,3.0,3.0,0,0,0,0,0,r60_t0_t0_40.cif,60,0.0,40,0.5961900000000924
d:\New folder\project\data\r60\t0\t0_60.cif,3.0,3.0,3.0,3.0,0,0,0,0,0,r60_t0_t0_60.cif,60,0.0,60,0.5505699999999933
d:\New folder\project\data\r60\t0\t0_80.cif,3.0,3.0,3.0,3.0,0,0,0,0,0,r60_t0_t0_80.cif,60,0.0,80,0.4700900000000274
d:\New folder\project\data\r60\t1.2\t1.2_0.cif,3.0,3.0,3.0,3.0,0,0,0,0,0,r60_t1.2_t1.2_0.cif,60,1.2,0,0.5394300000000385
d:\New folder\project\data\r60\t1.2\t1.2_100.cif,3.0,3.0,3.0,3.0,0,0,0,0,0,r60_t1.2_t1.2_100.cif,60,1.2,100,0.4646400000000312
d:\New folder\project\data\r60\t1.2\t1.2_120.cif,3.0,3.0,3.0,3.0,0,0,0,0,0,r60_t1.2_t1.2_120.cif,60,1.2,120,0.5010600000000522
d:\New folder\project\data\r60\t1.2\t1.2_140.cif,3.0,3.0,3.0,3.0,0,0,0,0,0,r60_t1.2_t1.2_140.cif,60,1.2,140,0.5700500000000375
d:\New folder\project\data\r60\t1.2\t1.2_160.cif,3.0,3.0,3.0,3.0,0,0,0,0,0,r60_t1.2_t1.2_160.cif,60,1.2,160,0.5972000000000435
d:\New folder\project\data\r60\t1.2\t1.2_180.cif,3.0,3.0,3.0,3.0,0,0,0,0,0,r60_t1.2_t1.2_180.cif,60,1.2,180,0.5955500000000029
d:\New folder\project\data\r60\t1.2\t1.2_20.cif,3.0,3.0,3.0,3.0,0,0,0,0,0,r60_t1.2_t1.2_20.cif,60,1.2,20,0.6164899999999989
d:\New folder\project\data\r60\t1.2\t1.2_200.cif,3.0,3.0,3.0,3.0,0,0,0,0,0,r60_t1.2_t1.2_200.cif,60,1.2,200,0.5830500000000711
d:\New folder\project\data\r60\t1.2\t1.2_220.cif,3.0,3.0,3.0,3.0,0,0,0,0,0,r60_t1.2_t1.2_220.cif,60,1.2,220,0.5278900000000704
d:\New folder\project\data\r60\t1.2\t1.2_240.cif,3.0,3.0,3.0,3.0,0,0,0,0,0,r60_t1.2_t1.2_240.cif,60,1.2,240,0.5395100000000639
d:\New folder\project\data\r60\t1.2\t1.2_260.cif,3.0,3.0,3.0,3.0,0,0,0,0,0,r60_t1.2_t1.2_260.cif,60,1.2,260,0.5015799999999899
d:\New folder\project\data\r60\t1.2\t1.2_280.cif,3.0,3.0,3.0,3.0,0,0,0,0,0,r60_t1.2_t1.2_280.cif,60,1.2,280,0.5257599999999911
d:\New folder\project\data\r60\t1.2\t1.2_300.cif,3.0,3.0,3.0,3.0,0,0,0,0,0,r60_t1.2_t1.2_300.cif,60,1.2,300,0.4627500000000282
d:\New folder\project\data\r60\t1.2\t1.2_320.cif,3.0,3.0,3.0,3.0,0,0,0,0,0,r60_t1.2_t1.2_320.cif,60,1.2,320,0.3212399999999888
d:\New folder\project\data\r60\t1.2\t1.2_340.cif,2.1996565451953334,3.0,2.8265921018963347,2.7377668826554062,2,0,1,1,4,r60_t1.2_t1.2_340.cif,60,1.2,340,0.2147499999999809
d:\New folder\project\data\r60\t1.2\t1.2_40.cif,3.0,3.0,3.0,3.0,0,0,0,0,0,r60_t1.2_t1.2_40.cif,60,1.2,40,0.6103600000000142
d:\New folder\project\data\r60\t1.2\t1.2_60.cif,3.0,3.0,3.0,3.0,0,0,0,0,0,r60_t1.2_t1.2_60.cif,60,1.2,60,0.5443400000000338
d:\New folder\project\data\r60\t1.2\t1.2_80.cif,3.0,3.0,3.0,3.0,0,0,0,0,0,r60_t1.2_t1.2_80.cif,60,1.2,80,0.5190900000000056
d:\New folder\project\data\r60\t2.4\t2.4_0.cif,3.0,3.0,3.0,3.0,0,0,0,0,0,r60_t2.4_t2.4_0.cif,60,2.4,0,0.5927700000000868
d:\New folder\project\data\r60\t2.4\t2.4_100.cif,3.0,3.0,3.0,3.0,0,0,0,0,0,r60_t2.4_t2.4_100.cif,60,2.4,100,0.4530500000000756
d:\New folder\project\data\r60\t2.4\t2.4_120.cif,3.0,3.0,3.0,3.0,0,0,0,0,0,r60_t2.4_t2.4_120.cif,60,2.4,120,0.4875000000000682
d:\New folder\project\data\r60\t2.4\t2.4_140.cif,3.0,3.0,3.0,3.0,0,0,0,0,0,r60_t2.4_t2.4_140.cif,60,2.4,140,0.5175000000000409
d:\New folder\project\data\r60\t2.4\t2.4_160.cif,3.0,3.0,3.0,3.0,0,0,0,0,0,r60_t2.4_t2.4_160.cif,60,2.4,160,0.5515700000000834
d:\New folder\project\data\r60\t2.4\t2.4_180.cif,3.0,3.0,3.0,3.0,0,0,0,0,0,r60_t2.4_t2.4_180.cif,60,2.4,180,0.5532699999999977
d:\New folder\project\data\r60\t2.4\t2.4_20.cif,3.0,3.0,3.0,3.0,0,0,0,0,0,r60_t2.4_t2.4_20.cif,60,2.4,20,0.6220799999999826
d:\New folder\project\data\r60\t2.4\t2.4_200.cif,3.0,3.0,3.0,3.0,0,0,0,0,0,r60_t2.4_t2.4_200.cif,60,2.4,200,0.5698399999999992
d:\New folder\project\data\r60\t2.4\t2.4_220.cif,3.0,3.0,3.0,3.0,0,0,0,0,0,r60_t2.4_t2.4_220.cif,60,2.4,220,0.5466900000000123
d:\New folder\project\data\r60\t2.4\t2.4_240.cif,2.403277697531397,3.0,2.5767879247405885,2.436191691243808,2,0,2,2,6,r60_t2.4_t2.4_240.cif,60,2.4,240,0.0393400000000383
d:\New folder\project\data\r60\t2.4\t2.4_260.cif,3.0,3.0,3.0,3.0,0,0,0,0,0,r60_t2.4_t2.4_260.cif,60,2.4,260,0.529730000000086
d:\New folder\project\data\r60\t2.4\t2.4_280.cif,3.0,3.0,3.0,3.0,0,0,0,0,0,r60_t2.4_t2.4_280.cif,60,2.4,280,0.5296600000000353
d:\New folder\project\data\r60\t2.4\t2.4_300.cif,3.0,3.0,3.0,3.0,0,0,0,0,0,r60_t2.4_t2.4_300.cif,60,2.4,300,0.4719499999999925
d:\New folder\project\data\r60\t2.4\t2.4_320.cif,3.0,3.0,2.816507750631142,3.0,0,0,1,0,1,r60_t2.4_t2.4_320.cif,60,2.4,320,0.372190000000046
d:\New folder\project\data\r60\t2.4\t2.4_340.cif,3.0,3.0,3.0,3.0,0,0,0,0,0,r60_t2.4_t2.4_340.cif,60,2.4,340,0.520719999999983
d:\New folder\project\data\r60\t2.4\t2.4_40.cif,3.0,3.0,3.0,3.0,0,0,0,0,0,r60_t2.4_t2.4_40.cif,60,2.4,40,0.6051400000000058
d:\New folder\project\data\r60\t2.4\t2.4_60.cif,3.0,3.0,3.0,3.0,0,0,0,0,0,r60_t2.4_t2.4_60.cif,60,2.4,60,0.511630000000082
d:\New folder\project\data\r60\t2.4\t2.4_80.cif,3.0,3.0,3.0,3.0,0,0,0,0,0,r60_t2.4_t2.4_80.cif,60,2.4,80,0.4994300000000748
d:\New folder\project\data\r60\t3.6\t3.6_0.cif,3.0,3.0,3.0,3.0,0,0,0,0,0,r60_t3.6_t3.6_0.cif,60,3.6,0,0.6036100000000033
d:\New folder\project\data\r60\t3.6\t3.6_100.cif,3.0,3.0,3.0,3.0,0,0,0,0,0,r60_t3.6_t3.6_100.cif,60,3.6,100,0.4510999999999967
d:\New folder\project\data\r60\t3.6\t3.6_120.cif,3.0,3.0,3.0,3.0,0,0,0,0,0,r60_t3.6_t3.6_120.cif,60,3.6,120,0.4696800000000394
d:\New folder\project\data\r60\t3.6\t3.6_140.cif,3.0,3.0,3.0,3.0,0,0,0,0,0,r60_t3.6_t3.6_140.cif,60,3.6,140,0.4653299999999944
d:\New folder\project\data\r60\t3.6\t3.6_160.cif,3.0,3.0,3.0,3.0,0,0,0,0,0,r60_t3.6_t3.6_160.cif,60,3.6,160,0.4426500000000715
d:\New folder\project\data\r60\t3.6\t3.6_180.cif,3.0,3.0,3.0,3.0,0,0,0,0,0,r60_t3.6_t3.6_180.cif,60,3.6,180,0.5636200000000144
d:\New folder\project\data\r60\t3.6\t3.6_20.cif,3.0,3.0,3.0,3.0,0,0,0,0,0,r60_t3.6_t3.6_20.cif,60,3.6,20,0.6207000000000562
d:\New folder\project\data\r60\t3.6\t3.6_200.cif,3.0,3.0,3.0,3.0,0,0,0,0,0,r60_t3.6_t3.6_200.cif,60,3.6,200,0.5991200000000845
d:\New folder\project\data\r60\t3.6\t3.6_220.cif,3.0,3.0,3.0,3.0,0,0,0,0,0,r60_t3.6_t3.6_220.cif,60,3.6,220,0.5901700000000574
d:\New folder\project\data\r60\t3.6\t3.6_240.cif,3.0,3.0,3.0,3.0,0,0,0,0,0,r60_t3.6_t3.6_240.cif,60,3.6,240,0.5851600000000872
d:\New folder\project\data\r60\t3.6\t3.6_260.cif,3.0,3.0,3.0,3.0,0,0,0,0,0,r60_t3.6_t3.6_260.cif,60,3.6,260,0.5512600000000702
d:\New folder\project\data\r60\t3.6\t3.6_280.cif,3.0,3.0,3.0,3.0,0,0,0,0,0,r60_t3.6_t3.6_280.cif,60,3.6,280,0.5549100000000635
d:\New folder\project\data\r60\t3.6\t3.6_300.cif,3.0,3.0,3.0,3.0,0,0,0,0,0,r60_t3.6_t3.6_300.cif,60,3.6,300,0.504980000000046
d:\New folder\project\data\r60\t3.6\t3.6_320.cif,3.0,3.0,3.0,3.0,0,0,0,0,0,r60_t3.6_t3.6_320.cif,60,3.6,320,0.4320099999999911
d:\New folder\project\data\r60\t3.6\t3.6_340.cif,3.0,3.0,3.0,3.0,0,0,0,0,0,r60_t3.6_t3.6_340.cif,60,3.6,340,0.5451400000000604
d:\New folder\project\data\r60\t3.6\t3.6_40.cif,3.0,3.0,3.0,3.0,0,0,0,0,0,r60_t3.6_t3.6_40.cif,60,3.6,40,0.6001499999999851
d:\New folder\project\data\r60\t3.6\t3.6_60.cif,3.0,3.0,3.0,3.0,0,0,0,0,0,r60_t3.6_t3.6_60.cif,60,3.6,60,0.5083000000000766
d:\New folder\project\data\r60\t3.6\t3.6_80.cif,3.0,3.0,3.0,3.0,0,0,0,0,0,r60_t3.6_t3.6_80.cif,60,3.6,80,0.4714500000000043
d:\New folder\project\data\r60\t4.8\t4.8_0.cif,3.0,3.0,3.0,3.0,0,0,0,0,0,r60_t4.8_t4.8_0.cif,60,4.8,0,0.5874400000000151
d:\New folder\project\data\r60\t4.8\t4.8_100.cif,3.0,3.0,3.0,3.0,0,0,0,0,0,r60_t4.8_t4.8_100.cif,60,4.8,100,0.4826000000000476
d:\New folder\project\data\r60\t4.8\t4.8_120.cif,3.0,3.0,3.0,3.0,0,0,0,0,0,r60_t4.8_t4.8_120.cif,60,4.8,120,0.4430300000000216
d:\New folder\project\data\r60\t4.8\t4.8_140.cif,3.0,3.0,3.0,3.0,0,0,0,0,0,r60_t4.8_t4.8_140.cif,60,4.8,140,0.4548600000000533
d:\New folder\project\data\r60\t4.8\t4.8_160.cif,3.0,3.0,3.0,3.0,0,0,0,0,0,r60_t4.8_t4.8_160.cif,60,4.8,160,0.5039500000000317
d:\New folder\project\data\r60\t4.8\t4.8_180.cif,3.0,3.0,3.0,3.0,0,0,0,0,0,r60_t4.8_t4.8_180.cif,60,4.8,180,0.5976500000000442
d:\New folder\project\data\r60\t4.8\t4.8_20.cif,3.0,3.0,3.0,3.0,0,0,0,0,0,r60_t4.8_t4.8_20.cif,60,4.8,20,0.6121200000000044
d:\New folder\project\data\r60\t4.8\t4.8_200.cif,3.0,3.0,3.0,3.0,0,0,0,0,0,r60_t4.8_t4.8_200.cif,60,4.8,200,0.6319300000000112
d:\New folder\project\data\r60\t4.8\t4.8_220.cif,3.0,3.0,3.0,3.0,0,0,0,0,0,r60_t4.8_t4.8_220.cif,60,4.8,220,0.6171800000000758
d:\New folder\project\data\r60\t4.8\t4.8_240.cif,3.0,3.0,3.0,3.0,0,0,0,0,0,r60_t4.8_t4.8_240.cif,60,4.8,240,0.6000900000000229
d:\New folder\project\data\r60\t4.8\t4.8_260.cif,3.0,3.0,3.0,3.0,0,0,0,0,0,r60_t4.8_t4.8_260.cif,60,4.8,260,0.5635100000000648
d:\New folder\project\data\r60\t4.8\t4.8_280.cif,3.0,3.0,3.0,3.0,0,0,0,0,0,r60_t4.8_t4.8_280.cif,60,4.8,280,0.5756800000000339
d:\New folder\project\data\r60\t4.8\t4.8_300.cif,3.0,3.0,3.0,3.0,0,0,0,0,0,r60_t4.8_t4.8_300.cif,60,4.8,300,0.5334000000000287
d:\New folder\project\data\r60\t4.8\t4.8_320.cif,3.0,3.0,3.0,3.0,0,0,0,0,0,r60_t4.8_t4.8_320.cif,60,4.8,320,0.4289899999999988
d:\New folder\project\data\r60\t4.8\t4.8_340.cif,3.0,3.0,3.0,3.0,0,0,0,0,0,r60_t4.8_t4.8_340.cif,60,4.8,340,0.5133299999999963
d:\New folder\project\data\r60\t4.8\t4.8_40.cif,3.0,3.0,3.0,3.0,0,0,0,0,0,r60_t4.8_t4.8_40.cif,60,4.8,40,0.600620000000049
d:\New folder\project\data\r60\t4.8\t4.8_60.cif,3.0,3.0,3.0,3.0,0,0,0,0,0,r60_t4.8_t4.8_60.cif,60,4.8,60,0.5181200000000672
d:\New folder\project\data\r60\t4.8\t4.8_80.cif,3.0,3.0,3.0,3.0,0,0,0,0,0,r60_t4.8_t4.8_80.cif,60,4.8,80,0.5199499999999944
d:\New folder\project\data\r60\t6.0\t6.0_0.cif,3.0,3.0,3.0,3.0,0,0,0,0,0,r60_t6.0_t6.0_0.cif,60,6.0,0,0.5513700000000199
d:\New folder\project\data\r60\t6.0\t6.0_100.cif,3.0,3.0,3.0,3.0,0,0,0,0,0,r60_t6.0_t6.0_100.cif,60,6.0,100,0.5185800000000427
d:\New folder\project\data\r60\t6.0\t6.0_120.cif,3.0,3.0,3.0,3.0,0,0,0,0,0,r60_t6.0_t6.0_120.cif,60,6.0,120,0.428820000000087
d:\New folder\project\data\r60\t6.0\t6.0_140.cif,3.0,3.0,3.0,3.0,0,0,0,0,0,r60_t6.0_t6.0_140.cif,60,6.0,140,0.4940000000000282
d:\New folder\project\data\r60\t6.0\t6.0_160.cif,3.0,3.0,3.0,3.0,0,0,0,0,0,r60_t6.0_t6.0_160.cif,60,6.0,160,0.5446600000000217
d:\New folder\project\data\r60\t6.0\t6.0_180.cif,3.0,3.0,3.0,3.0,0,0,0,0,0,r60_t6.0_t6.0_180.cif,60,6.0,180,0.6213000000000193
d:\New folder\project\data\r60\t6.0\t6.0_20.cif,3.0,3.0,3.0,3.0,0,0,0,0,0,r60_t6.0_t6.0_20.cif,60,6.0,20,0.6039800000000923
d:\New folder\project\data\r60\t6.0\t6.0_200.cif,3.0,3.0,3.0,3.0,0,0,0,0,0,r60_t6.0_t6.0_200.cif,60,6.0,200,0.6485000000000127
d:\New folder\project\data\r60\t6.0\t6.0_220.cif,3.0,3.0,3.0,3.0,0,0,0,0,0,r60_t6.0_t6.0_220.cif,60,6.0,220,0.6273200000000543
d:\New folder\project\data\r60\t6.0\t6.0_240.cif,3.0,3.0,3.0,3.0,0,0,0,0,0,r60_t6.0_t6.0_240.cif,60,6.0,240,0.5972500000000309
d:\New folder\project\data\r60\t6.0\t6.0_260.cif,3.0,3.0,3.0,3.0,0,0,0,0,0,r60_t6.0_t6.0_260.cif,60,6.0,260,0.5590000000000828
d:\New folder\project\data\r60\t6.0\t6.0_280.cif,3.0,3.0,3.0,3.0,0,0,0,0,0,r60_t6.0_t6.0_280.cif,60,6.0,280,0.5771000000000868
d:\New folder\project\data\r60\t6.0\t6.0_300.cif,3.0,3.0,3.0,3.0,0,0,0,0,0,r60_t6.0_t6.0_300.cif,60,6.0,300,0.532980000000066
d:\New folder\project\data\r60\t6.0\t6.0_320.cif,3.0,3.0,3.0,3.0,0,0,0,0,0,r60_t6.0_t6.0_320.cif,60,6.0,320,0.4685000000000627
d:\New folder\project\data\r60\t6.0\t6.0_340.cif,3.0,3.0,3.0,3.0,0,0,0,0,0,r60_t6.0_t6.0_340.cif,60,6.0,340,0.4590400000000727
d:\New folder\project\data\r60\t6.0\t6.0_40.cif,3.0,3.0,3.0,3.0,0,0,0,0,0,r60_t6.0_t6.0_40.cif,60,6.0,40,0.6000400000000354
d:\New folder\project\data\r60\t6.0\t6.0_60.cif,3.0,3.0,3.0,3.0,0,0,0,0,0,r60_t6.0_t6.0_60.cif,60,6.0,60,0.5321500000000015
d:\New folder\project\data\r60\t6.0\t6.0_80.cif,3.0,3.0,3.0,3.0,0,0,0,0,0,r60_t6.0_t6.0_80.cif,60,6.0,80,0.5444800000000214
d:\New folder\project\data\r60\t7.2\t7.2_0.cif,3.0,3.0,3.0,3.0,0,0,0,0,0,r60_t7.2_t7.2_0.cif,60,7.2,0,0.5534999999999854
d:\New folder\project\data\r60\t7.2\t7.2_100.cif,3.0,3.0,3.0,3.0,0,0,0,0,0,r60_t7.2_t7.2_100.cif,60,7.2,100,0.5001200000000381
d:\New folder\project\data\r60\t7.2\t7.2_120.cif,3.0,3.0,3.0,3.0,0,0,0,0,0,r60_t7.2_t7.2_120.cif,60,7.2,120,0.4362200000000484
d:\New folder\project\data\r60\t7.2\t7.2_140.cif,3.0,3.0,3.0,3.0,0,0,0,0,0,r60_t7.2_t7.2_140.cif,60,7.2,140,0.547610000000077
d:\New folder\project\data\r60\t7.2\t7.2_160.cif,3.0,3.0,3.0,3.0,0,0,0,0,0,r60_t7.2_t7.2_160.cif,60,7.2,160,0.5984600000000455
d:\New folder\project\data\r60\t7.2\t7.2_180.cif,3.0,3.0,3.0,3.0,0,0,0,0,0,r60_t7.2_t7.2_180.cif,60,7.2,180,0.6403900000000249
d:\New folder\project\data\r60\t7.2\t7.2_20.cif,3.0,3.0,3.0,3.0,0,0,0,0,0,r60_t7.2_t7.2_20.cif,60,7.2,20,0.5952900000000909
d:\New folder\project\data\r60\t7.2\t7.2_200.cif,3.0,3.0,3.0,3.0,0,0,0,0,0,r60_t7.2_t7.2_200.cif,60,7.2,200,0.6477100000000746
d:\New folder\project\data\r60\t7.2\t7.2_220.cif,3.0,3.0,3.0,3.0,0,0,0,0,0,r60_t7.2_t7.2_220.cif,60,7.2,220,0.621939999999995
d:\New folder\project\data\r60\t7.2\t7.2_240.cif,3.0,3.0,3.0,3.0,0,0,0,0,0,r60_t7.2_t7.2_240.cif,60,7.2,240,0.5864400000000387
d:\New folder\project\data\r60\t7.2\t7.2_260.cif,3.0,3.0,3.0,3.0,0,0,0,0,0,r60_t7.2_t7.2_260.cif,60,7.2,260,0.5699799999999868
d:\New folder\project\data\r60\t7.2\t7.2_280.cif,3.0,3.0,3.0,3.0,0,0,0,0,0,r60_t7.2_t7.2_280.cif,60,7.2,280,0.5654299999999921
d:\New folder\project\data\r60\t7.2\t7.2_300.cif,3.0,3.0,3.0,3.0,0,0,0,0,0,r60_t7.2_t7.2_300.cif,60,7.2,300,0.4981900000000223
d:\New folder\project\data\r60\t7.2\t7.2_320.cif,3.0,3.0,3.0,3.0,0,0,0,0,0,r60_t7.2_t7.2_320.cif,60,7.2,320,0.3258500000000595
d:\New folder\project\data\r60\t7.2\t7.2_340.cif,3.0,3.0,3.0,3.0,0,0,0,0,0,r60_t7.2_t7.2_340.cif,60,7.2,340,0.3949499999999943
d:\New folder\project\data\r60\t7.2\t7.2_40.cif,3.0,3.0,3.0,3.0,0,0,0,0,0,r60_t7.2_t7.2_40.cif,60,7.2,40,0.6052300000000059
d:\New folder\project\data\r60\t7.2\t7.2_60.cif,3.0,3.0,3.0,3.0,0,0,0,0,0,r60_t7.2_t7.2_60.cif,60,7.2,60,0.5509900000000698
d:\New folder\project\data\r60\t7.2\t7.2_80.cif,3.0,3.0,3.0,3.0,0,0,0,0,0,r60_t7.2_t7.2_80.cif,60,7.2,80,0.5480700000000525
d:\New folder\project\data\r60\t8.4\t8.4_0.cif,3.0,3.0,3.0,3.0,0,0,0,0,0,r60_t8.4_t8.4_0.cif,60,8.4,0,0.5309600000000501
d:\New folder\project\data\r60\t8.4\t8.4_100.cif,3.0,3.0,3.0,3.0,0,0,0,0,0,r60_t8.4_t8.4_100.cif,60,8.4,100,0.4902700000000095
d:\New folder\project\data\r60\t8.4\t8.4_120.cif,3.0,3.0,3.0,3.0,0,0,0,0,0,r60_t8.4_t8.4_120.cif,60,8.4,120,0.4882099999999809
d:\New folder\project\data\r60\t8.4\t8.4_140.cif,3.0,3.0,3.0,3.0,0,0,0,0,0,r60_t8.4_t8.4_140.cif,60,8.4,140,0.5805599999999913
d:\New folder\project\data\r60\t8.4\t8.4_160.cif,3.0,3.0,3.0,3.0,0,0,0,0,0,r60_t8.4_t8.4_160.cif,60,8.4,160,0.6277000000000044
d:\New folder\project\data\r60\t8.4\t8.4_180.cif,3.0,3.0,3.0,3.0,0,0,0,0,0,r60_t8.4_t8.4_180.cif,60,8.4,180,0.6479699999999866
d:\New folder\project\data\r60\t8.4\t8.4_20.cif,3.0,3.0,3.0,3.0,0,0,0,0,0,r60_t8.4_t8.4_20.cif,60,8.4,20,0.5869400000000269
d:\New folder\project\data\r60\t8.4\t8.4_200.cif,3.0,3.0,3.0,3.0,0,0,0,0,0,r60_t8.4_t8.4_200.cif,60,8.4,200,0.6368300000000318
d:\New folder\project\data\r60\t8.4\t8.4_220.cif,3.0,3.0,3.0,3.0,0,0,0,0,0,r60_t8.4_t8.4_220.cif,60,8.4,220,0.6017800000000761
d:\New folder\project\data\r60\t8.4\t8.4_240.cif,3.0,3.0,3.0,3.0,0,0,0,0,0,r60_t8.4_t8.4_240.cif,60,8.4,240,0.5787500000000136
d:\New folder\project\data\r60\t8.4\t8.4_260.cif,3.0,3.0,3.0,3.0,0,0,0,0,0,r60_t8.4_t8.4_260.cif,60,8.4,260,0.5535899999999856
d:\New folder\project\data\r60\t8.4\t8.4_280.cif,3.0,3.0,3.0,3.0,0,0,0,0,0,r60_t8.4_t8.4_280.cif,60,8.4,280,0.5435899999999947
d:\New folder\project\data\r60\t8.4\t8.4_300.cif,3.0,3.0,3.0,3.0,0,0,0,0,0,r60_t8.4_t8.4_300.cif,60,8.4,300,0.4416200000000572
d:\New folder\project\data\r60\t8.4\t8.4_320.cif,3.0,3.126114377920673,2.530909589137627,2.384119247724281,0,1,2,2,5,r60_t8.4_t8.4_320.cif,60,8.4,320,0.1431100000000924
d:\New folder\project\data\r60\t8.4\t8.4_340.cif,3.0,3.0,3.0,3.0,0,0,0,0,0,r60_t8.4_t8.4_340.cif,60,8.4,340,0.3318800000000692
d:\New folder\project\data\r60\t8.4\t8.4_40.cif,3.0,3.0,3.0,3.0,0,0,0,0,0,r60_t8.4_t8.4_40.cif,60,8.4,40,0.6158100000000104
d:\New folder\project\data\r60\t8.4\t8.4_60.cif,3.0,3.0,3.0,3.0,0,0,0,0,0,r60_t8.4_t8.4_60.cif,60,8.4,60,0.5549000000000888
d:\New folder\project\data\r60\t8.4\t8.4_80.cif,3.0,3.0,3.0,3.0,0,0,0,0,0,r60_t8.4_t8.4_80.cif,60,8.4,80,0.5301900000000614
d:\New folder\project\data\r60\t9.6\t9.6_0.cif,3.0,3.0,3.0,3.0,0,0,0,0,0,r60_t9.6_t9.6_0.cif,60,9.6,0,0.5372899999999845
d:\New folder\project\data\r60\t9.6\t9.6_100.cif,2.4179482300688173,3.0,2.4395155414404073,2.6807929296626782,2,0,2,2,6,r60_t9.6_t9.6_100.cif,60,9.6,100,0.00592000000006
d:\New folder\project\data\r60\t9.6\t9.6_120.cif,3.0,3.0,3.0,3.0,0,0,0,0,0,r60_t9.6_t9.6_120.cif,60,9.6,120,0.5185500000000047
d:\New folder\project\data\r60\t9.6\t9.6_140.cif,3.0,3.0,3.0,3.0,0,0,0,0,0,r60_t9.6_t9.6_140.cif,60,9.6,140,0.580630000000042
d:\New folder\project\data\r60\t9.6\t9.6_160.cif,3.0,3.0,3.0,3.0,0,0,0,0,0,r60_t9.6_t9.6_160.cif,60,9.6,160,0.621530000000007
d:\New folder\project\data\r60\t9.6\t9.6_180.cif,3.0,3.0,3.0,3.0,0,0,0,0,0,r60_t9.6_t9.6_180.cif,60,9.6,180,0.630170000000021
d:\New folder\project\data\r60\t9.6\t9.6_20.cif,3.0,3.0,3.0,3.0,0,0,0,0,0,r60_t9.6_t9.6_20.cif,60,9.6,20,0.5900100000000066
d:\New folder\project\data\r60\t9.6\t9.6_200.cif,3.0,3.0,3.0,3.0,0,0,0,0,0,r60_t9.6_t9.6_200.cif,60,9.6,200,0.6022500000000264
d:\New folder\project\data\r60\t9.6\t9.6_220.cif,3.0,3.0,3.0,3.0,0,0,0,0,0,r60_t9.6_t9.6_220.cif,60,9.6,220,0.5780799999999999
d:\New folder\project\data\r60\t9.6\t9.6_240.cif,3.0,3.0,3.0,3.0,0,0,0,0,0,r60_t9.6_t9.6_240.cif,60,9.6,240,0.5242900000000645
d:\New folder\project\data\r60\t9.6\t9.6_260.cif,3.0,3.0,3.0,3.0,0,0,0,0,0,r60_t9.6_t9.6_260.cif,60,9.6,260,0.524340000000052
d:\New folder\project\data\r60\t9.6\t9.6_280.cif,3.0,3.0,3.0,3.0,0,0,0,0,0,r60_t9.6_t9.6_280.cif,60,9.6,280,0.5256100000000288
d:\New folder\project\data\r60\t9.6\t9.6_300.cif,2.4566562629221096,2.9509574881411753,2.2138777040520443,2.3076867498212277,1,2,2,2,7,r60_t9.6_t9.6_300.cif,60,9.6,300,-0.0922799999999597
d:\New folder\project\data\r60\t9.6\t9.6_320.cif,2.4683625432790812,2.942343289111427,2.2835059342832746,2.4165841118352485,2,2,2,3,9,r60_t9.6_t9.6_320.cif,60,9.6,320,0.0131400000000212
d:\New folder\project\data\r60\t9.6\t9.6_340.cif,3.0,3.0,3.0,3.0,0,0,0,0,0,r60_t9.6_t9.6_340.cif,60,9.6,340,0.293040000000019
d:\New folder\project\data\r60\t9.6\t9.6_40.cif,3.0,3.0,3.0,3.0,0,0,0,0,0,r60_t9.6_t9.6_40.cif,60,9.6,40,0.6182200000000648
d:\New folder\project\data\r60\t9.6\t9.6_60.cif,3.0,3.0,3.0,3.0,0,0,0,0,0,r60_t9.6_t9.6_60.cif,60,9.6,60,0.5514299999999821
d:\New folder\project\data\r60\t9.6\t9.6_80.cif,3.0,3.0,3.0,3.0,0,0,0,0,0,r60_t9.6_t9.6_80.cif,60,9.6,80,0.5329900000000407
d:\New folder\project\data\r80\t0\t0_0.cif,3.0,3.0,3.0,2.6231580156395222,0,0,0,4,4,r80_t0_t0_0.cif,80,0.0,0,0.3432500000000118
d:\New folder\project\data\r80\t0\t0_100.cif,2.437533697457045,3.0,2.796388958447661,2.577787239064526,4,0,2,4,10,r80_t0_t0_100.cif,80,0.0,100,0.0451699999999846
d:\New folder\project\data\r80\t0\t0_120.cif,3.0,3.0,2.7719574289546456,2.6802609394889267,0,0,2,3,5,r80_t0_t0_120.cif,80,0.0,120,0.0210799999999835
d:\New folder\project\data\r80\t0\t0_140.cif,3.0,3.1203848757424795,2.5875443420186484,2.7690445421551946,0,1,2,2,5,r80_t0_t0_140.cif,80,0.0,140,0.2199500000000398
d:\New folder\project\data\r80\t0\t0_160.cif,3.0,3.0,3.0,3.0,0,0,0,0,0,r80_t0_t0_160.cif,80,0.0,160,0.4211999999999989
d:\New folder\project\data\r80\t0\t0_180.cif,2.3331409164685217,3.0,2.6802695814977016,3.0,2,0,2,0,4,r80_t0_t0_180.cif,80,0.0,180,0.4284000000000105
d:\New folder\project\data\r80\t0\t0_20.cif,2.27622552095829,3.0,3.0,2.631573993524408,2,0,0,4,6,r80_t0_t0_20.cif,80,0.0,20,0.5406000000000404
d:\New folder\project\data\r80\t0\t0_200.cif,2.073729765861366,3.0,2.4422627166928077,2.50333880606967,2,0,2,2,6,r80_t0_t0_200.cif,80,0.0,200,0.1896800000000666
d:\New folder\project\data\r80\t0\t0_220.cif,2.2864416158840313,3.0,2.5759312649553623,2.6644094964299,2,0,2,2,6,r80_t0_t0_220.cif,80,0.0,220,0.0704800000000887
d:\New folder\project\data\r80\t0\t0_240.cif,2.1922140905455327,2.7337649943082205,2.6107065295747978,2.45865806315187,3,1,2,5,11,r80_t0_t0_240.cif,80,0.0,240,-0.2215099999999665
d:\New folder\project\data\r80\t0\t0_260.cif,2.375328574831078,3.0,3.0,2.7600294072557734,4,0,0,4,8,r80_t0_t0_260.cif,80,0.0,260,0.1014200000000755
d:\New folder\project\data\r80\t0\t0_280.cif,2.3837678585027287,3.0,3.0,2.5502587130828767,2,0,0,4,6,r80_t0_t0_280.cif,80,0.0,280,0.0451900000000478
d:\New folder\project\data\r80\t0\t0_300.cif,3.0,3.0,3.0,2.2734702183415756,0,0,0,2,2,r80_t0_t0_300.cif,80,0.0,300,0.1655700000000024
d:\New folder\project\data\r80\t0\t0_320.cif,3.0,3.0,3.0,2.147525573935444,0,0,0,2,2,r80_t0_t0_320.cif,80,0.0,320,0.2676000000000158
d:\New folder\project\data\r80\t0\t0_340.cif,2.4450850496710514,3.0,3.0,2.381122774961904,1,0,0,2,3,r80_t0_t0_340.cif,80,0.0,340,0.2819200000000137
d:\New folder\project\data\r80\t0\t0_40.cif,2.392402912819839,3.1320258439482407,3.0,3.0,4,2,0,0,6,r80_t0_t0_40.cif,80,0.0,40,0.5711600000000772
d:\New folder\project\data\r80\t0\t0_60.cif,3.0,3.0,2.3521920188242986,3.0,0,0,2,0,2,r80_t0_t0_60.cif,80,0.0,60,0.2240800000000717
d:\New folder\project\data\r80\t0\t0_80.cif,3.0,3.0,2.4298861487004038,2.6027624534342575,0,0,2,2,4,r80_t0_t0_80.cif,80,0.0,80,0.0776500000000623
d:\New folder\project\data\r80\t1.2\t1.2_0.cif,3.0,3.0,3.0,2.251920208581078,0,0,0,2,2,r80_t1.2_t1.2_0.cif,80,1.2,0,0.2991600000000289
d:\New folder\project\data\r80\t1.2\t1.2_100.cif,3.0,3.0,2.704423450891596,2.15731425166702,0,0,2,2,4,r80_t1.2_t1.2_100.cif,80,1.2,100,0.0675700000000461
d:\New folder\project\data\r80\t1.2\t1.2_120.cif,3.0,3.0,3.0,2.4948577882605134,0,0,0,2,2,r80_t1.2_t1.2_120.cif,80,1.2,120,0.2449200000000928
d:\New folder\project\data\r80\t1.2\t1.2_140.cif,3.0,3.0,3.0,3.0,0,0,0,0,0,r80_t1.2_t1.2_140.cif,80,1.2,140,0.3689300000000912
d:\New folder\project\data\r80\t1.2\t1.2_160.cif,3.0,3.0,3.0,3.0,0,0,0,0,0,r80_t1.2_t1.2_160.cif,80,1.2,160,0.4898699999999962
d:\New folder\project\data\r80\t1.2\t1.2_180.cif,2.2826089331117743,2.9008293132379492,2.093983014560455,2.6155072664437458,2,2,2,4,10,r80_t1.2_t1.2_180.cif,80,1.2,180,-0.10191999999995
d:\New folder\project\data\r80\t1.2\t1.2_20.cif,2.4696922571091977,3.0,3.0,2.3879376834712462,2,0,0,2,4,r80_t1.2_t1.2_20.cif,80,1.2,20,0.4054200000000492
d:\New folder\project\data\r80\t1.2\t1.2_200.cif,2.1974136502790778,2.803158476942988,1.9853881740114323,2.2643119727998102,2,2,2,2,8,r80_t1.2_t1.2_200.cif,80,1.2,200,-0.1152700000000095
d:\New folder\project\data\r80\t1.2\t1.2_220.cif,2.375932770303822,2.754673751707906,1.9005943844920465,2.566917272797372,4,2,2,4,12,r80_t1.2_t1.2_220.cif,80,1.2,220,-0.2998000000000047
d:\New folder\project\data\r80\t1.2\t1.2_240.cif,2.404986056397944,2.934473094973131,1.9812894710513353,2.6802166286845917,6,4,2,6,18,r80_t1.2_t1.2_240.cif,80,1.2,240,-0.2206599999999525
d:\New folder\project\data\r80\t1.2\t1.2_260.cif,2.3744891297969315,3.0,3.0,2.6564625408314426,4,0,0,2,6,r80_t1.2_t1.2_260.cif,80,1.2,260,0.2062500000000682
d:\New folder\project\data\r80\t1.2\t1.2_280.cif,2.1830741368914133,3.023439585656282,2.663964636449756,2.091545290035763,4,3,2,2,11,r80_t1.2_t1.2_280.cif,80,1.2,280,-0.0515199999999822
d:\New folder\project\data\r80\t1.2\t1.2_300.cif,3.0,2.988637276306047,3.0,2.4143356405513674,0,2,0,2,4,r80_t1.2_t1.2_300.cif,80,1.2,300,0.1126199999999926
d:\New folder\project\data\r80\t1.2\t1.2_320.cif,3.0,3.0102012206920863,3.0,2.5621906949772866,0,2,0,2,4,r80_t1.2_t1.2_320.cif,80,1.2,320,0.2156700000000455
d:\New folder\project\data\r80\t1.2\t1.2_340.cif,2.4285005738778915,3.0,3.0,2.7335621678583744,2,0,0,2,4,r80_t1.2_t1.2_340.cif,80,1.2,340,0.2635099999999966
d:\New folder\project\data\r80\t1.2\t1.2_40.cif,2.2354254292445073,3.0,3.0,3.0,2,0,0,0,2,r80_t1.2_t1.2_40.cif,80,1.2,40,0.4944700000000921
d:\New folder\project\data\r80\t1.2\t1.2_60.cif,2.3778393821114374,3.0,2.390338972992499,3.0,2,0,2,0,4,r80_t1.2_t1.2_60.cif,80,1.2,60,0.2609200000000555
d:\New folder\project\data\r80\t1.2\t1.2_80.cif,3.0,3.0,2.3908600216981633,2.4674122220953048,0,0,2,2,4,r80_t1.2_t1.2_80.cif,80,1.2,80,0.0994400000000723
d:\New folder\project\data\r80\t2.4\t2.4_0.cif,3.0,3.0,3.0,2.3412845755240173,0,0,0,2,2,r80_t2.4_t2.4_0.cif,80,2.4,0,0.1675500000000056
d:\New folder\project\data\r80\t2.4\t2.4_100.cif,2.4900043853832563,2.771481675127744,1.8754594290862445,2.264401147259128,1,4,2,4,11,r80_t2.4_t2.4_100.cif,80,2.4,100,-0.4458199999999124
d:\New folder\project\data\r80\t2.4\t2.4_120.cif,2.498178658484778,3.1079762262035917,2.708451568364276,2.7145784498134393,1,2,2,1,6,r80_t2.4_t2.4_120.cif,80,2.4,120,0.3247499999999945
d:\New folder\project\data\r80\t2.4\t2.4_140.cif,3.0,3.0,3.0,3.0,0,0,0,0,0,r80_t2.4_t2.4_140.cif,80,2.4,140,0.4627700000000914
d:\New folder\project\data\r80\t2.4\t2.4_160.cif,2.3100552754771666,3.0458879015021507,2.4375490535856033,2.617595897080448,4,1,2,5,12,r80_t2.4_t2.4_160.cif,80,2.4,160,-0.085299999999961
d:\New folder\project\data\r80\t2.4\t2.4_180.cif,2.26254238532046,2.8875168540880543,2.0820073952241307,2.62077814486252,2,2,2,4,10,r80_t2.4_t2.4_180.cif,80,2.4,180,-0.1897900000000163
d:\New folder\project\data\r80\t2.4\t2.4_20.cif,2.387352428199775,3.0,3.0,2.522457811278546,2,0,0,2,4,r80_t2.4_t2.4_20.cif,80,2.4,20,0.3461399999999912
d:\New folder\project\data\r80\t2.4\t2.4_200.cif,2.2160370505527083,2.732041824538345,1.897054833468384,2.5122560817060977,2,2,2,4,10,r80_t2.4_t2.4_200.cif,80,2.4,200,-0.2815399999999499
d:\New folder\project\data\r80\t2.4\t2.4_220.cif,2.3763101480675903,2.696032996594594,1.8673838243951133,2.4760655322920107,2,2,2,2,8,r80_t2.4_t2.4_220.cif,80,2.4,220,-0.3068599999999151
d:\New folder\project\data\r80\t2.4\t2.4_240.cif,2.3805505980212183,3.0,2.606277403797331,2.6138780478620065,3,0,2,4,9,r80_t2.4_t2.4_240.cif,80,2.4,240,0.0307300000000623
d:\New folder\project\data\r80\t2.4\t2.4_260.cif,2.218126977780796,3.142837427080859,3.0,2.6797518206362114,2,2,0,3,7,r80_t2.4_t2.4_260.cif,80,2.4,260,0.1923199999999951
d:\New folder\project\data\r80\t2.4\t2.4_280.cif,2.124363219007889,2.8730720517404134,3.0,1.8398318808180865,2,3,0,2,7,r80_t2.4_t2.4_280.cif,80,2.4,280,-0.0430299999999306
d:\New folder\project\data\r80\t2.4\t2.4_300.cif,3.0,2.952172255761465,2.7633657334307187,1.9387788219756255,0,4,1,2,7,r80_t2.4_t2.4_300.cif,80,2.4,300,0.0375200000000859
d:\New folder\project\data\r80\t2.4\t2.4_320.cif,3.0,2.9425985046479433,2.5696707667077847,1.9318574586090431,0,4,2,2,8,r80_t2.4_t2.4_320.cif,80,2.4,320,0.0461400000000367
d:\New folder\project\data\r80\t2.4\t2.4_340.cif,3.0,3.0,2.811927556346146,2.816013187108478,0,0,2,2,4,r80_t2.4_t2.4_340.cif,80,2.4,340,0.2368400000000292
d:\New folder\project\data\r80\t2.4\t2.4_40.cif,2.151875030253292,3.0,3.0,3.0,4,0,0,0,4,r80_t2.4_t2.4_40.cif,80,2.4,40,0.4127000000000862
d:\New folder\project\data\r80\t2.4\t2.4_60.cif,2.34278926017939,2.9863357281415093,2.1074906912402405,2.688576966470573,4,2,2,2,10,r80_t2.4_t2.4_60.cif,80,2.4,60,-0.1043700000000171
d:\New folder\project\data\r80\t2.4\t2.4_80.cif,2.419642620246325,2.8242153564523087,1.9017998262274198,2.3681045538120675,2,4,2,4,12,r80_t2.4_t2.4_80.cif,80,2.4,80,-0.4362999999999601
d:\New folder\project\data\r80\t3.6\t3.6_0.cif,2.1411950953708896,3.0,3.0,2.7786976579337357,2,0,0,2,4,r80_t3.6_t3.6_0.cif,80,3.6,0,0.1975800000000163
d:\New folder\project\data\r80\t3.6\t3.6_100.cif,3.0,2.716832632742581,1.792094243871523,1.7880269546208125,0,4,2,2,8,r80_t3.6_t3.6_100.cif,80,3.6,100,-0.5482999999999265
d:\New folder\project\data\r80\t3.6\t3.6_120.cif,3.0,2.7376144555995117,3.0,2.1099798486570305,0,2,0,3,5,r80_t3.6_t3.6_120.cif,80,3.6,120,-0.0675599999999576
d:\New folder\project\data\r80\t3.6\t3.6_140.cif,3.0,3.0,3.0,3.0,0,0,0,0,0,r80_t3.6_t3.6_140.cif,80,3.6,140,0.3985300000000507
d:\New folder\project\data\r80\t3.6\t3.6_160.cif,3.0,3.0,3.0,2.444266879653702,0,0,0,2,2,r80_t3.6_t3.6_160.cif,80,3.6,160,0.0256100000000287
d:\New folder\project\data\r80\t3.6\t3.6_180.cif,2.1620467765815503,3.1331460306275796,2.417727443577853,2.7687474612346974,2,2,2,3,9,r80_t3.6_t3.6_180.cif,80,3.6,180,-0.009239999999977
d:\New folder\project\data\r80\t3.6\t3.6_20.cif,2.417740234125471,3.0,3.0,3.0,2,0,0,0,2,r80_t3.6_t3.6_20.cif,80,3.6,20,0.3780500000000302
d:\New folder\project\data\r80\t3.6\t3.6_200.cif,2.1048046286531314,2.875174898063796,2.108603417649695,2.7532215981620607,2,2,2,3,9,r80_t3.6_t3.6_200.cif,80,3.6,200,-0.0806499999999914
d:\New folder\project\data\r80\t3.6\t3.6_220.cif,2.252647701526043,2.7133579699930355,1.8882196830868354,2.6311500535662353,2,2,2,3,9,r80_t3.6_t3.6_220.cif,80,3.6,220,-0.2708599999999705
d:\New folder\project\data\r80\t3.6\t3.6_240.cif,2.2738966167438126,2.723496540530441,1.7747925028579405,2.406745176213706,4,2,2,3,11,r80_t3.6_t3.6_240.cif,80,3.6,240,-0.3855800000000045
d:\New folder\project\data\r80\t3.6\t3.6_260.cif,3.0,3.0,3.0,2.309311483861425,0,0,0,2,2,r80_t3.6_t3.6_260.cif,80,3.6,260,0.2639599999999973
d:\New folder\project\data\r80\t3.6\t3.6_280.cif,2.4718450227409514,2.761155624209156,3.0,1.7891910358419474,2,2,0,2,6,r80_t3.6_t3.6_280.cif,80,3.6,280,0.1155600000000731
d:\New folder\project\data\r80\t3.6\t3.6_300.cif,3.0,2.770701570346652,3.0,1.9643600297071497,0,2,0,2,4,r80_t3.6_t3.6_300.cif,80,3.6,300,0.1910100000000056
d:\New folder\project\data\r80\t3.6\t3.6_320.cif,3.0,2.791477910162741,2.717938804154585,1.9494386227041844,0,2,2,2,6,r80_t3.6_t3.6_320.cif,80,3.6,320,0.2145500000000311
d:\New folder\project\data\r80\t3.6\t3.6_340.cif,3.0,2.7568749639708523,2.732056392320639,1.8263221388888642,0,2,2,2,6,r80_t3.6_t3.6_340.cif,80,3.6,340,0.0991900000000214
d:\New folder\project\data\r80\t3.6\t3.6_40.cif,2.3793078809706376,3.0,3.0,3.0,2,0,0,0,2,r80_t3.6_t3.6_40.cif,80,3.6,40,0.4457500000000891
d:\New folder\project\data\r80\t3.6\t3.6_60.cif,2.335013289992469,2.8088596666732766,1.9286039183362769,2.5769951062073213,4,2,2,4,12,r80_t3.6_t3.6_60.cif,80,3.6,60,-0.2660199999999122
d:\New folder\project\data\r80\t3.6\t3.6_80.cif,2.449819795654621,2.762310084567342,1.8210597335228074,2.2070599715460655,4,4,2,3,13,r80_t3.6_t3.6_80.cif,80,3.6,80,-0.5731499999999414
d:\New folder\project\data\r80\t4.8\t4.8_0.cif,3.0,3.0,3.0,3.0,0,0,0,0,0,r80_t4.8_t4.8_0.cif,80,4.8,0,0.4043000000000347
d:\New folder\project\data\r80\t4.8\t4.8_100.cif,2.379916781464095,2.7571011575858178,1.9327116710589343,1.8043130385897925,2,4,2,2,10,r80_t4.8_t4.8_100.cif,80,4.8,100,-0.4850799999999253
d:\New folder\project\data\r80\t4.8\t4.8_120.cif,3.0,2.7823525503876754,3.0,2.1486656686859007,0,2,0,4,6,r80_t4.8_t4.8_120.cif,80,4.8,120,-0.0134199999999964
d:\New folder\project\data\r80\t4.8\t4.8_140.cif,3.0,3.0,3.0,2.6230166563929673,0,0,0,4,4,r80_t4.8_t4.8_140.cif,80,4.8,140,0.4244200000000546
d:\New folder\project\data\r80\t4.8\t4.8_160.cif,3.0,3.0,3.0,2.2618922949803886,0,0,0,2,2,r80_t4.8_t4.8_160.cif,80,4.8,160,0.2914100000000417
d:\New folder\project\data\r80\t4.8\t4.8_180.cif,2.438806522911368,3.0,3.0,2.4104729948550476,2,0,0,2,4,r80_t4.8_t4.8_180.cif,80,4.8,180,0.2504800000000386
d:\New folder\project\data\r80\t4.8\t4.8_20.cif,2.469200602072463,3.0,3.0,3.0,1,0,0,0,1,r80_t4.8_t4.8_20.cif,80,4.8,20,0.3808099999999967
d:\New folder\project\data\r80\t4.8\t4.8_200.cif,2.068677118782815,3.0,2.8213544043323893,3.0,2,0,2,0,4,r80_t4.8_t4.8_200.cif,80,4.8,200,0.1914699999999811
d:\New folder\project\data\r80\t4.8\t4.8_220.cif,3.0,3.0,2.7830881995160377,2.624048152629289,0,0,2,2,4,r80_t4.8_t4.8_220.cif,80,4.8,220,0.1897000000000162
d:\New folder\project\data\r80\t4.8\t4.8_240.cif,2.4167804955960985,3.0,3.0,2.5742134793010214,2,0,0,4,6,r80_t4.8_t4.8_240.cif,80,4.8,240,0.2018100000000231
d:\New folder\project\data\r80\t4.8\t4.8_260.cif,3.0,3.0,3.0,2.3954051326115637,0,0,0,2,2,r80_t4.8_t4.8_260.cif,80,4.8,260,0.263559999999984
d:\New folder\project\data\r80\t4.8\t4.8_280.cif,2.454602303859861,3.1363617487427495,3.0,2.4766352305718398,1,2,0,4,7,r80_t4.8_t4.8_280.cif,80,4.8,280,0.2932000000000698
d:\New folder\project\data\r80\t4.8\t4.8_300.cif,3.0,2.9705349720020906,3.0,3.0,0,2,0,0,2,r80_t4.8_t4.8_300.cif,80,4.8,300,0.6020700000000261
d:\New folder\project\data\r80\t4.8\t4.8_320.cif,3.0,3.021097846677968,3.0,3.0,0,2,0,0,2,r80_t4.8_t4.8_320.cif,80,4.8,320,0.5113400000000183
d:\New folder\project\data\r80\t4.8\t4.8_340.cif,3.0,3.0,3.0,3.0,0,0,0,0,0,r80_t4.8_t4.8_340.cif,80,4.8,340,0.48275000000001
d:\New folder\project\data\r80\t4.8\t4.8_40.cif,2.45334401400178,3.0,3.0,3.0,2,0,0,0,2,r80_t4.8_t4.8_40.cif,80,4.8,40,0.4361900000000105
d:\New folder\project\data\r80\t4.8\t4.8_60.cif,2.425317645010016,2.8942744449408098,2.163006433773416,2.6879732167186714,2,2,2,2,8,r80_t4.8_t4.8_60.cif,80,4.8,60,0.0667600000000447
d:\New folder\project\data\r80\t4.8\t4.8_80.cif,3.0,2.754364227053661,1.8294199632736503,1.8916102387934235,0,4,2,2,8,r80_t4.8_t4.8_80.cif,80,4.8,80,-0.5464299999999866
d:\New folder\project\data\r80\t6.0\t6.0_0.cif,2.425826469466638,3.0,3.0,2.611850376067628,1,0,0,4,5,r80_t6.0_t6.0_0.cif,80,6.0,0,0.1926600000000462
d:\New folder\project\data\r80\t6.0\t6.0_100.cif,2.372601933010607,2.7634199176957224,1.9104998536354847,1.8462772844525652,2,4,2,2,10,r80_t6.0_t6.0_100.cif,80,6.0,100,-0.4892699999999195
d:\New folder\project\data\r80\t6.0\t6.0_120.cif,3.0,3.0,3.0,2.246235273003699,0,0,0,2,2,r80_t6.0_t6.0_120.cif,80,6.0,120,0.3252899999999954
d:\New folder\project\data\r80\t6.0\t6.0_140.cif,3.0,3.0,3.0,2.384250177410245,0,0,0,2,2,r80_t6.0_t6.0_140.cif,80,6.0,140,0.4379200000000764
d:\New folder\project\data\r80\t6.0\t6.0_160.cif,3.0,3.0,3.0,2.277927121510356,0,0,0,2,2,r80_t6.0_t6.0_160.cif,80,6.0,160,0.4539600000000519
d:\New folder\project\data\r80\t6.0\t6.0_180.cif,3.0,3.0,3.0,2.3722052464782255,0,0,0,2,2,r80_t6.0_t6.0_180.cif,80,6.0,180,0.3824000000000751
d:\New folder\project\data\r80\t6.0\t6.0_20.cif,2.341040588020653,3.0,3.0,2.7144201610976486,2,0,0,2,4,r80_t6.0_t6.0_20.cif,80,6.0,20,0.3490900000000465
d:\New folder\project\data\r80\t6.0\t6.0_200.cif,2.3884327354467003,3.0,2.4253246921932208,3.0,2,0,2,0,4,r80_t6.0_t6.0_200.cif,80,6.0,200,0.3358600000000251
d:\New folder\project\data\r80\t6.0\t6.0_220.cif,3.0,3.0,2.343499047504004,2.3747514313315605,0,0,2,2,4,r80_t6.0_t6.0_220.cif,80,6.0,220,0.1649500000000898
d:\New folder\project\data\r80\t6.0\t6.0_240.cif,2.3894994597056325,3.0,3.0,2.6806552888242643,2,0,0,4,6,r80_t6.0_t6.0_240.cif,80,6.0,240,0.1543100000000095
d:\New folder\project\data\r80\t6.0\t6.0_260.cif,2.4478633827449916,3.0,3.0,2.265281455484925,2,0,0,2,4,r80_t6.0_t6.0_260.cif,80,6.0,260,0.1703100000000859
d:\New folder\project\data\r80\t6.0\t6.0_280.cif,3.0,3.0,3.0,2.347276317356635,0,0,0,2,2,r80_t6.0_t6.0_280.cif,80,6.0,280,0.2347900000000891
d:\New folder\project\data\r80\t6.0\t6.0_300.cif,3.0,3.157912189989232,3.0,3.0,0,1,0,0,1,r80_t6.0_t6.0_300.cif,80,6.0,300,0.3469900000000052
d:\New folder\project\data\r80\t6.0\t6.0_320.cif,3.0,3.0,2.798063508020741,3.0,0,0,2,0,2,r80_t6.0_t6.0_320.cif,80,6.0,320,0.404260000000022
d:\New folder\project\data\r80\t6.0\t6.0_340.cif,3.0,3.0,3.0,3.0,0,0,0,0,0,r80_t6.0_t6.0_340.cif,80,6.0,340,0.3537900000000036
d:\New folder\project\data\r80\t6.0\t6.0_40.cif,2.398128690178824,3.0,3.0,3.0,2,0,0,0,2,r80_t6.0_t6.0_40.cif,80,6.0,40,0.4540000000000646
d:\New folder\project\data\r80\t6.0\t6.0_60.cif,3.0,3.0,3.0,2.751140747975815,0,0,0,2,2,r80_t6.0_t6.0_60.cif,80,6.0,60,0.3148500000000922
d:\New folder\project\data\r80\t6.0\t6.0_80.cif,3.0,2.7767374712633446,1.9049510321536949,1.9066584072399382,0,4,2,2,8,r80_t6.0_t6.0_80.cif,80,6.0,80,-0.4796799999999166
d:\New folder\project\data\r80\t7.2\t7.2_0.cif,3.0,3.0,3.0,2.4197330356819524,0,0,0,2,2,r80_t7.2_t7.2_0.cif,80,7.2,0,0.3555900000000065
d:\New folder\project\data\r80\t7.2\t7.2_100.cif,3.0,3.0,2.4438371060016806,2.609844101731036,0,0,2,4,6,r80_t7.2_t7.2_100.cif,80,7.2,100,0.0272600000000693
d:\New folder\project\data\r80\t7.2\t7.2_120.cif,3.0,3.0,3.0,2.530028499761409,0,0,0,2,2,r80_t7.2_t7.2_120.cif,80,7.2,120,0.3273400000000492
d:\New folder\project\data\r80\t7.2\t7.2_140.cif,3.0,3.0,3.0,2.5646319392309374,0,0,0,2,2,r80_t7.2_t7.2_140.cif,80,7.2,140,0.427560000000085
d:\New folder\project\data\r80\t7.2\t7.2_160.cif,3.0,3.0918588307214723,3.0,2.6996936209653972,0,2,0,2,4,r80_t7.2_t7.2_160.cif,80,7.2,160,0.5765999999999849
d:\New folder\project\data\r80\t7.2\t7.2_180.cif,2.4574881860033146,3.128921783822518,3.0,2.8158428923670864,2,1,0,1,4,r80_t7.2_t7.2_180.cif,80,7.2,180,0.5457099999999855
d:\New folder\project\data\r80\t7.2\t7.2_20.cif,2.4290544985391644,3.0,3.0,2.416510389069267,2,0,0,2,4,r80_t7.2_t7.2_20.cif,80,7.2,20,0.4190600000000586
d:\New folder\project\data\r80\t7.2\t7.2_200.cif,2.395094031901426,3.0,2.6522012833139543,3.0,2,0,2,0,4,r80_t7.2_t7.2_200.cif,80,7.2,200,0.4031600000000708
d:\New folder\project\data\r80\t7.2\t7.2_220.cif,2.49321086902855,3.0,2.634980334708957,2.7649081466348964,1,0,2,2,5,r80_t7.2_t7.2_220.cif,80,7.2,220,0.1890300000000024
d:\New folder\project\data\r80\t7.2\t7.2_240.cif,2.1278963166910474,3.0,3.0,2.712431192716722,2,0,0,2,4,r80_t7.2_t7.2_240.cif,80,7.2,240,0.094820000000027
d:\New folder\project\data\r80\t7.2\t7.2_260.cif,3.0,3.0,3.0,2.5248353926029408,0,0,0,2,2,r80_t7.2_t7.2_260.cif,80,7.2,260,0.2214200000000801
d:\New folder\project\data\r80\t7.2\t7.2_280.cif,2.4579840669473074,3.0,3.0,2.477031436701588,1,0,0,2,3,r80_t7.2_t7.2_280.cif,80,7.2,280,0.1249200000000883
d:\New folder\project\data\r80\t7.2\t7.2_300.cif,3.0,3.0,3.0,2.664858374166166,0,0,0,2,2,r80_t7.2_t7.2_300.cif,80,7.2,300,0.3290600000000268
d:\New folder\project\data\r80\t7.2\t7.2_320.cif,3.0,3.0,3.0,2.530029678575913,0,0,0,2,2,r80_t7.2_t7.2_320.cif,80,7.2,320,0.3541400000000294
d:\New folder\project\data\r80\t7.2\t7.2_340.cif,3.0,3.0,3.0,2.753979392649712,0,0,0,2,2,r80_t7.2_t7.2_340.cif,80,7.2,340,0.3785599999999931
d:\New folder\project\data\r80\t7.2\t7.2_40.cif,2.3685325010710256,3.0,3.0,3.0,2,0,0,0,2,r80_t7.2_t7.2_40.cif,80,7.2,40,0.4765600000000631
d:\New folder\project\data\r80\t7.2\t7.2_60.cif,3.0,3.0,2.4268785172264544,2.771921235543417,0,0,2,2,4,r80_t7.2_t7.2_60.cif,80,7.2,60,0.2932500000000573
d:\New folder\project\data\r80\t7.2\t7.2_80.cif,3.0,3.0,2.280080473754306,2.8218423928371896,0,0,2,2,4,r80_t7.2_t7.2_80.cif,80,7.2,80,0.1607400000000325
d:\New folder\project\data\r80\t8.4\t8.4_0.cif,3.0,3.0,3.0,2.4128583461991977,0,0,0,2,2,r80_t8.4_t8.4_0.cif,80,8.4,0,0.3590900000000374
d:\New folder\project\data\r80\t8.4\t8.4_100.cif,3.0,3.0,2.585419974465223,2.457699686904688,0,0,2,2,4,r80_t8.4_t8.4_100.cif,80,8.4,100,0.0174299999999902
d:\New folder\project\data\r80\t8.4\t8.4_120.cif,2.42969495865367,3.0,3.0,2.743011680209992,2,0,0,4,6,r80_t8.4_t8.4_120.cif,80,8.4,120,0.0477900000000772
d:\New folder\project\data\r80\t8.4\t8.4_140.cif,3.0,3.0,3.0,2.8211441646884765,0,0,0,1,1,r80_t8.4_t8.4_140.cif,80,8.4,140,0.4327600000000302
d:\New folder\project\data\r80\t8.4\t8.4_160.cif,3.0,3.120112488891084,3.0,3.0,0,2,0,0,2,r80_t8.4_t8.4_160.cif,80,8.4,160,0.6435200000000805
d:\New folder\project\data\r80\t8.4\t8.4_180.cif,3.0,3.0,3.0,3.0,0,0,0,0,0,r80_t8.4_t8.4_180.cif,80,8.4,180,0.5744900000000825
d:\New folder\project\data\r80\t8.4\t8.4_20.cif,3.0,3.0,3.0,2.591975347612351,0,0,0,2,2,r80_t8.4_t8.4_20.cif,80,8.4,20,0.4855300000000397
d:\New folder\project\data\r80\t8.4\t8.4_200.cif,3.0,3.0,3.0,3.0,0,0,0,0,0,r80_t8.4_t8.4_200.cif,80,8.4,200,0.4918200000000752
d:\New folder\project\data\r80\t8.4\t8.4_220.cif,2.3059466503604744,3.0,2.5003919693132812,3.0,2,0,2,0,4,r80_t8.4_t8.4_220.cif,80,8.4,220,0.1651800000000776
d:\New folder\project\data\r80\t8.4\t8.4_240.cif,2.4001498867979736,3.0,2.759195299976911,2.736735901258058,3,0,2,2,7,r80_t8.4_t8.4_240.cif,80,8.4,240,-0.0194999999999936
d:\New folder\project\data\r80\t8.4\t8.4_260.cif,2.216862826280488,3.0,3.0,2.6652485103644197,2,0,0,4,6,r80_t8.4_t8.4_260.cif,80,8.4,260,0.0536700000000109
d:\New folder\project\data\r80\t8.4\t8.4_280.cif,3.0,3.0,3.0,3.0,0,0,0,0,0,r80_t8.4_t8.4_280.cif,80,8.4,280,0.2365000000000918
d:\New folder\project\data\r80\t8.4\t8.4_300.cif,3.0,3.0,3.0,2.3794199291221867,0,0,0,2,2,r80_t8.4_t8.4_300.cif,80,8.4,300,0.2769400000000814
d:\New folder\project\data\r80\t8.4\t8.4_320.cif,3.0,3.0,3.0,2.2719911071290215,0,0,0,2,2,r80_t8.4_t8.4_320.cif,80,8.4,320,0.2895500000000766
d:\New folder\project\data\r80\t8.4\t8.4_340.cif,3.0,3.0,3.0,2.4750300075373683,0,0,0,2,2,r80_t8.4_t8.4_340.cif,80,8.4,340,0.3131500000000642
d:\New folder\project\data\r80\t8.4\t8.4_40.cif,2.384165611882741,3.0,3.0,3.0,2,0,0,0,2,r80_t8.4_t8.4_40.cif,80,8.4,40,0.536830000000009
d:\New folder\project\data\r80\t8.4\t8.4_60.cif,3.0,3.0,2.4456941234638503,3.0,0,0,2,0,2,r80_t8.4_t8.4_60.cif,80,8.4,60,0.3271000000000867
d:\New folder\project\data\r80\t8.4\t8.4_80.cif,3.0,3.0,2.388793257069374,2.7929337787710233,0,0,2,2,4,r80_t8.4_t8.4_80.cif,80,8.4,80,0.1750799999999799
d:\New folder\project\data\r80\t9.6\t9.6_0.cif,3.0,3.0,3.0,2.6344662593146237,0,0,0,4,4,r80_t9.6_t9.6_0.cif,80,9.6,0,0.3553699999999935
d:\New folder\project\data\r80\t9.6\t9.6_100.cif,3.0,3.0,2.7732823802575854,2.396620338531781,0,0,2,2,4,r80_t9.6_t9.6_100.cif,80,9.6,100,0.0854199999999991
d:\New folder\project\data\r80\t9.6\t9.6_120.cif,3.0,3.0,3.0,3.0,0,0,0,0,0,r80_t9.6_t9.6_120.cif,80,9.6,120,0.4200000000000727
d:\New folder\project\data\r80\t9.6\t9.6_140.cif,3.0,3.0,3.0,3.0,0,0,0,0,0,r80_t9.6_t9.6_140.cif,80,9.6,140,0.5637000000000398
d:\New folder\project\data\r80\t9.6\t9.6_160.cif,3.0,3.0,3.0,3.0,0,0,0,0,0,r80_t9.6_t9.6_160.cif,80,9.6,160,0.5735100000000557
d:\New folder\project\data\r80\t9.6\t9.6_180.cif,2.452146824840775,3.0,3.0,3.0,2,0,0,0,2,r80_t9.6_t9.6_180.cif,80,9.6,180,0.4544300000000021
d:\New folder\project\data\r80\t9.6\t9.6_20.cif,3.0,3.0,3.0,2.6302444920882646,0,0,0,2,2,r80_t9.6_t9.6_20.cif,80,9.6,20,0.4701300000000401
d:\New folder\project\data\r80\t9.6\t9.6_200.cif,2.3959503550308603,3.0,3.0,2.801206153395496,2,0,0,1,3,r80_t9.6_t9.6_200.cif,80,9.6,200,0.3955399999999827
d:\New folder\project\data\r80\t9.6\t9.6_220.cif,3.0,3.0,3.0,3.0,0,0,0,0,0,r80_t9.6_t9.6_220.cif,80,9.6,220,0.4200600000000349
d:\New folder\project\data\r80\t9.6\t9.6_240.cif,2.2958879593300576,3.0,2.608709517832398,2.561181799784025,3,0,2,4,9,r80_t9.6_t9.6_240.cif,80,9.6,240,-0.0823500000000194
d:\New folder\project\data\r80\t9.6\t9.6_260.cif,3.0,3.0,3.0,3.0,0,0,0,0,0,r80_t9.6_t9.6_260.cif,80,9.6,260,0.3040399999999863
d:\New folder\project\data\r80\t9.6\t9.6_280.cif,3.0,3.0,3.0,3.0,0,0,0,0,0,r80_t9.6_t9.6_280.cif,80,9.6,280,0.2075300000000197
d:\New folder\project\data\r80\t9.6\t9.6_300.cif,3.0,3.0,3.0,2.335186729767095,0,0,0,2,2,r80_t9.6_t9.6_300.cif,80,9.6,300,0.2279300000000148
d:\New folder\project\data\r80\t9.6\t9.6_320.cif,3.0,3.0,3.0,2.313022288991711,0,0,0,2,2,r80_t9.6_t9.6_320.cif,80,9.6,320,0.2673500000000786
d:\New folder\project\data\r80\t9.6\t9.6_340.cif,3.0,3.0,3.0,2.4504909204878125,0,0,0,2,2,r80_t9.6_t9.6_340.cif,80,9.6,340,0.2871099999999842
d:\New folder\project\data\r80\t9.6\t9.6_40.cif,3.0,3.0,3.0,3.0,0,0,0,0,0,r80_t9.6_t9.6_40.cif,80,9.6,40,0.5359000000000833
d:\New folder\project\data\r80\t9.6\t9.6_60.cif,3.0,3.0,2.4702274216400744,3.0,0,0,2,0,2,r80_t9.6_t9.6_60.cif,80,9.6,60,0.3094100000000708
d:\New folder\project\data\r80\t9.6\t9.6_80.cif,3.0,3.0,2.49560008704101,2.7295684579983863,0,0,2,2,4,r80_t9.6_t9.6_80.cif,80,9.6,80,0.1312800000000606
d:\New folder\project\data\r100\t0\t0_0.cif,2.4628330519422823,3.0,3.0,2.782158085141273,1,0,0,3,4,r100_t0_t0_0.cif,100,0.0,0,0.3863999999999805
d:\New folder\project\data\r100\t0\t0_100.cif,3.0,3.0,3.0,2.5149917945450424,0,0,0,4,4,r100_t0_t0_100.cif,100,0.0,100,0.1772000000000844
d:\New folder\project\data\r100\t0\t0_120.cif,3.0,3.0,3.0,2.679737654101735,0,0,0,2,2,r100_t0_t0_120.cif,100,0.0,120,0.1733400000000529
d:\New folder\project\data\r100\t0\t0_140.cif,3.0,3.0,2.7662298219677295,3.0,0,0,2,0,2,r100_t0_t0_140.cif,100,0.0,140,0.3574399999999968
d:\New folder\project\data\r100\t0\t0_160.cif,3.0,3.0,2.4728006514314202,3.0,0,0,2,0,2,r100_t0_t0_160.cif,100,0.0,160,0.4364600000000109
d:\New folder\project\data\r100\t0\t0_180.cif,3.0,3.0,3.0,3.0,0,0,0,0,0,r100_t0_t0_180.cif,100,0.0,180,0.5834899999999834
d:\New folder\project\data\r100\t0\t0_20.cif,3.0,3.0,3.0,2.6272152970641134,0,0,0,4,4,r100_t0_t0_20.cif,100,0.0,20,0.5012800000000652
d:\New folder\project\data\r100\t0\t0_200.cif,1.7890511624441312,2.8191333028082264,1.9536079076601722,2.148612191672392,4,4,2,6,16,r100_t0_t0_200.cif,100,0.0,200,-0.4758199999999988
d:\New folder\project\data\r100\t0\t0_220.cif,1.7867340675217354,2.768694437139097,2.0406837453117737,1.9973381326305328,4,2,2,4,12,r100_t0_t0_220.cif,100,0.0,220,-0.2175899999999728
d:\New folder\project\data\r100\t0\t0_240.cif,2.1796891707935284,2.9258810400106983,2.280243007530147,2.097885624482049,5,4,3,5,17,r100_t0_t0_240.cif,100,0.0,240,-0.303199999999947
d:\New folder\project\data\r100\t0\t0_260.cif,3.0,3.0,2.826934965459041,2.5300857483858437,0,0,1,3,4,r100_t0_t0_260.cif,100,0.0,260,0.0149999999999863
d:\New folder\project\data\r100\t0\t0_280.cif,2.3554154187507006,3.0,2.6647139257562307,2.4297414111140423,2,0,2,2,6,r100_t0_t0_280.cif,100,0.0,280,0.161130000000071
d:\New folder\project\data\r100\t0\t0_300.cif,2.1680306218001197,3.0,3.0,3.0,2,0,0,0,2,r100_t0_t0_300.cif,100,0.0,300,0.3948400000000447
d:\New folder\project\data\r100\t0\t0_320.cif,2.4099977212282453,3.0,3.0,2.221944548856155,2,0,0,2,4,r100_t0_t0_320.cif,100,0.0,320,0.4005100000000539
d:\New folder\project\data\r100\t0\t0_340.cif,3.0,3.0,3.0,2.1502493313220996,0,0,0,2,2,r100_t0_t0_340.cif,100,0.0,340,0.4359000000000606
d:\New folder\project\data\r100\t0\t0_40.cif,3.0,3.0,3.0,3.0,0,0,0,0,0,r100_t0_t0_40.cif,100,0.0,40,0.5005700000000388
d:\New folder\project\data\r100\t0\t0_60.cif,2.1366369653735333,3.093327758622581,2.3622377705629547,2.316946515470982,4,2,4,5,15,r100_t0_t0_60.cif,100,0.0,60,0.2314600000000837
d:\New folder\project\data\r100\t0\t0_80.cif,3.0,3.120895631444559,2.6291485494982236,2.524212385110794,0,2,2,4,8,r100_t0_t0_80.cif,100,0.0,80,0.2008600000000342
d:\New folder\project\data\r100\t1.2\t1.2_0.cif,2.470133734126761,3.0,3.0,2.4968463359392956,2,0,0,2,4,r100_t1.2_t1.2_0.cif,100,1.2,0,0.3995400000000018
d:\New folder\project\data\r100\t1.2\t1.2_100.cif,3.0,3.0,3.0,2.1325399876403064,0,0,0,2,2,r100_t1.2_t1.2_100.cif,100,1.2,100,0.210260000000062
d:\New folder\project\data\r100\t1.2\t1.2_120.cif,3.0,3.0,3.0,2.510479040093999,0,0,0,2,2,r100_t1.2_t1.2_120.cif,100,1.2,120,0.2788600000000087
d:\New folder\project\data\r100\t1.2\t1.2_140.cif,3.0,3.0,3.0,3.0,0,0,0,0,0,r100_t1.2_t1.2_140.cif,100,1.2,140,0.4580799999999954
d:\New folder\project\data\r100\t1.2\t1.2_160.cif,3.0,3.0,3.0,3.0,0,0,0,0,0,r100_t1.2_t1.2_160.cif,100,1.2,160,0.4925700000000006
d:\New folder\project\data\r100\t1.2\t1.2_180.cif,3.0,3.0,3.0,3.0,0,0,0,0,0,r100_t1.2_t1.2_180.cif,100,1.2,180,0.5763900000000604
d:\New folder\project\data\r100\t1.2\t1.2_20.cif,3.0,3.0,3.0,2.3024429892951885,0,0,0,2,2,r100_t1.2_t1.2_20.cif,100,1.2,20,0.4390700000000151
d:\New folder\project\data\r100\t1.2\t1.2_200.cif,1.7882494837178382,2.8264227688470647,1.9708909395528642,2.307431783065146,4,2,2,6,14,r100_t1.2_t1.2_200.cif,100,1.2,200,-0.3410399999999072
d:\New folder\project\data\r100\t1.2\t1.2_220.cif,2.1107759478047825,2.9466939595180666,1.9753787698360297,2.2080467420265344,4,6,2,6,18,r100_t1.2_t1.2_220.cif,100,1.2,220,-0.5496499999999287
d:\New folder\project\data\r100\t1.2\t1.2_240.cif,1.7885412493348871,2.837487866529184,2.0350644085610297,1.978540664310641,4,6,2,4,16,r100_t1.2_t1.2_240.cif,100,1.2,240,-0.5346299999999928
d:\New folder\project\data\r100\t1.2\t1.2_260.cif,3.0,3.023257338834255,3.0,2.799415816178631,0,2,0,2,4,r100_t1.2_t1.2_260.cif,100,1.2,260,0.1847400000000334
d:\New folder\project\data\r100\t1.2\t1.2_280.cif,2.4962266496132073,3.0,3.0,3.0,1,0,0,0,1,r100_t1.2_t1.2_280.cif,100,1.2,280,0.3695999999999912
d:\New folder\project\data\r100\t1.2\t1.2_300.cif,2.405063063359529,2.9828761831925803,2.799760739472196,1.9445349976558406,4,3,1,2,10,r100_t1.2_t1.2_300.cif,100,1.2,300,0.1618200000000342
d:\New folder\project\data\r100\t1.2\t1.2_320.cif,2.400927016612251,3.0715977907465764,3.0,2.7360485374793817,2,2,0,2,6,r100_t1.2_t1.2_320.cif,100,1.2,320,0.305590000000052
d:\New folder\project\data\r100\t1.2\t1.2_340.cif,3.0,3.0,3.0,2.5855849517096625,0,0,0,2,2,r100_t1.2_t1.2_340.cif,100,1.2,340,0.3460900000000038
d:\New folder\project\data\r100\t1.2\t1.2_40.cif,2.4767120230551196,3.0,3.0,2.3319537682441838,2,0,0,2,4,r100_t1.2_t1.2_40.cif,100,1.2,40,0.4072300000000268
d:\New folder\project\data\r100\t1.2\t1.2_60.cif,3.0,3.0,3.0,3.0,0,0,0,0,0,r100_t1.2_t1.2_60.cif,100,1.2,60,0.483310000000074
d:\New folder\project\data\r100\t1.2\t1.2_80.cif,3.0,3.0,2.567328037381446,2.2571939425655287,0,0,2,2,4,r100_t1.2_t1.2_80.cif,100,1.2,80,0.1507400000000416
d:\New folder\project\data\r100\t2.4\t2.4_0.cif,2.3778176875388812,3.0,3.0,2.621528752202203,2,0,0,2,4,r100_t2.4_t2.4_0.cif,100,2.4,0,0.3653800000000728
d:\New folder\project\data\r100\t2.4\t2.4_100.cif,3.0,3.0,3.0,2.7988463197401727,0,0,0,2,2,r100_t2.4_t2.4_100.cif,100,2.4,100,0.2972800000000006
d:\New folder\project\data\r100\t2.4\t2.4_120.cif,3.0,3.1444050161109525,2.7496657667167606,3.0,0,2,2,0,4,r100_t2.4_t2.4_120.cif,100,2.4,120,0.3523000000000138
d:\New folder\project\data\r100\t2.4\t2.4_140.cif,3.0,3.0,3.0,3.0,0,0,0,0,0,r100_t2.4_t2.4_140.cif,100,2.4,140,0.5465900000000374
d:\New folder\project\data\r100\t2.4\t2.4_160.cif,3.0,3.0,3.0,3.0,0,0,0,0,0,r100_t2.4_t2.4_160.cif,100,2.4,160,0.5911500000000842
d:\New folder\project\data\r100\t2.4\t2.4_180.cif,1.787915911298874,2.94287380899112,2.03109331697514,2.181793781109169,4,2,2,4,12,r100_t2.4_t2.4_180.cif,100,2.4,180,-0.2080899999999701
d:\New folder\project\data\r100\t2.4\t2.4_20.cif,3.0,3.0,3.0,3.0,0,0,0,0,0,r100_t2.4_t2.4_20.cif,100,2.4,20,0.5132899999999836
d:\New folder\project\data\r100\t2.4\t2.4_200.cif,3.0,3.0,3.0,3.0,0,0,0,0,0,r100_t2.4_t2.4_200.cif,100,2.4,200,0.5996999999999844
d:\New folder\project\data\r100\t2.4\t2.4_220.cif,1.7885792374220626,2.9218733755301116,1.9184719194280935,2.1492091742337815,4,6,2,6,18,r100_t2.4_t2.4_220.cif,100,2.4,220,-0.6094799999999623
d:\New folder\project\data\r100\t2.4\t2.4_240.cif,3.0,3.0,3.0,2.8155116619371254,0,0,0,2,2,r100_t2.4_t2.4_240.cif,100,2.4,240,0.3567800000000716
d:\New folder\project\data\r100\t2.4\t2.4_260.cif,3.0,2.874165481970447,2.7502265906025833,2.297989663745393,0,2,2,2,6,r100_t2.4_t2.4_260.cif,100,2.4,260,0.2846100000000433
d:\New folder\project\data\r100\t2.4\t2.4_280.cif,2.366727513052057,3.0,2.53560450579558,3.0,2,0,2,0,4,r100_t2.4_t2.4_280.cif,100,2.4,280,0.3410600000000841
d:\New folder\project\data\r100\t2.4\t2.4_300.cif,2.485831572934863,2.8853363943796184,2.711168856782068,2.079978310175061,1,2,2,2,7,r100_t2.4_t2.4_300.cif,100,2.4,300,0.2856300000000829
d:\New folder\project\data\r100\t2.4\t2.4_320.cif,3.0,2.9766955664229364,3.0,1.9705226135880913,0,4,0,2,6,r100_t2.4_t2.4_320.cif,100,2.4,320,0.1269900000000916
d:\New folder\project\data\r100\t2.4\t2.4_340.cif,3.0,3.073605815018419,3.0,2.2290882613105794,0,3,0,2,5,r100_t2.4_t2.4_340.cif,100,2.4,340,0.2072000000000571
d:\New folder\project\data\r100\t2.4\t2.4_40.cif,2.4809405346799873,3.0,3.0,2.5521638913688784,1,0,0,2,3,r100_t2.4_t2.4_40.cif,100,2.4,40,0.3029900000000225
d:\New folder\project\data\r100\t2.4\t2.4_60.cif,2.472358615862645,2.8386078690877143,2.2677093748391313,2.240877136559517,4,4,4,8,20,r100_t2.4_t2.4_60.cif,100,2.4,60,-0.4490899999999556
d:\New folder\project\data\r100\t2.4\t2.4_80.cif,2.135529190053504,2.8080693872019316,2.279953675701745,2.239461056800934,4,4,4,7,19,r100_t2.4_t2.4_80.cif,100,2.4,80,-0.4767999999999119
d:\New folder\project\data\r100\t3.6\t3.6_0.cif,3.0,3.0,3.0,3.0,0,0,0,0,0,r100_t3.6_t3.6_0.cif,100,3.6,0,0.3938900000000558
d:\New folder\project\data\r100\t3.6\t3.6_100.cif,3.0,3.0410197674150727,3.0,2.44827084540384,0,2,0,2,4,r100_t3.6_t3.6_100.cif,100,3.6,100,0.2021900000000869
d:\New folder\project\data\r100\t3.6\t3.6_120.cif,2.3211383583385814,2.942683077293648,3.0,2.5666541985329845,2,2,0,2,6,r100_t3.6_t3.6_120.cif,100,3.6,120,0.3613500000000158
d:\New folder\project\data\r100\t3.6\t3.6_140.cif,2.445151061628002,3.0,3.0,3.0,1,0,0,0,1,r100_t3.6_t3.6_140.cif,100,3.6,140,0.5330900000000156
d:\New folder\project\data\r100\t3.6\t3.6_160.cif,3.0,3.0,3.0,3.0,0,0,0,0,0,r100_t3.6_t3.6_160.cif,100,3.6,160,0.5323900000000776
d:\New folder\project\data\r100\t3.6\t3.6_180.cif,3.0,3.0,3.0,2.6881175483602173,0,0,0,2,2,r100_t3.6_t3.6_180.cif,100,3.6,180,0.3582300000000487
d:\New folder\project\data\r100\t3.6\t3.6_20.cif,3.0,3.0,3.0,3.0,0,0,0,0,0,r100_t3.6_t3.6_20.cif,100,3.6,20,0.4823999999999842
d:\New folder\project\data\r100\t3.6\t3.6_200.cif,1.7906407889107183,3.1087908703848446,2.218243132664294,2.205974404993211,4,2,2,4,12,r100_t3.6_t3.6_200.cif,100,3.6,200,-0.1123400000000174
d:\New folder\project\data\r100\t3.6\t3.6_220.cif,1.7900602086201216,2.783302757868625,1.9418056807724255,2.3821266201018223,4,2,2,6,14,r100_t3.6_t3.6_220.cif,100,3.6,220,-0.3566399999999703
d:\New folder\project\data\r100\t3.6\t3.6_240.cif,3.0,3.0,3.0,2.1406831251647667,0,0,0,2,2,r100_t3.6_t3.6_240.cif,100,3.6,240,0.1451299999999946
d:\New folder\project\data\r100\t3.6\t3.6_260.cif,3.0,3.0,3.0,2.1695507366280724,0,0,0,2,2,r100_t3.6_t3.6_260.cif,100,3.6,260,0.247349999999983
d:\New folder\project\data\r100\t3.6\t3.6_280.cif,3.0,3.0,2.6645956587802475,2.5135277703437504,0,0,2,2,4,r100_t3.6_t3.6_280.cif,100,3.6,280,0.3209699999999884
d:\New folder\project\data\r100\t3.6\t3.6_300.cif,3.0,2.819135966526088,2.75674092961174,1.9659320240474436,0,2,2,2,6,r100_t3.6_t3.6_300.cif,100,3.6,300,0.3339799999999968
d:\New folder\project\data\r100\t3.6\t3.6_320.cif,3.0,2.7414945898888377,3.0,1.9067407864702983,0,2,0,2,4,r100_t3.6_t3.6_320.cif,100,3.6,320,0.194150000000036
d:\New folder\project\data\r100\t3.6\t3.6_340.cif,3.0,2.7878413219420786,3.0,1.8364519838321107,0,2,0,2,4,r100_t3.6_t3.6_340.cif,100,3.6,340,0.1828199999999924
d:\New folder\project\data\r100\t3.6\t3.6_40.cif,3.0,3.0,3.0,3.0,0,0,0,0,0,r100_t3.6_t3.6_40.cif,100,3.6,40,0.3490800000000718
d:\New folder\project\data\r100\t3.6\t3.6_60.cif,3.0,3.0,3.0,3.0,0,0,0,0,0,r100_t3.6_t3.6_60.cif,100,3.6,60,0.3219800000000532
d:\New folder\project\data\r100\t3.6\t3.6_80.cif,2.0225246140090056,2.7629025047382396,1.8520693236414318,1.9787143411350208,6,4,2,4,16,r100_t3.6_t3.6_80.cif,100,3.6,80,-0.563419999999951
d:\New folder\project\data\r100\t4.8\t4.8_0.cif,3.0,3.0,3.0,3.0,0,0,0,0,0,r100_t4.8_t4.8_0.cif,100,4.8,0,0.5308800000000247
d:\New folder\project\data\r100\t4.8\t4.8_100.cif,2.2582448722817743,2.955586984616304,2.7849266067503238,2.1664390685637196,2,2,2,2,8,r100_t4.8_t4.8_100.cif,100,4.8,100,0.0525200000000722
d:\New folder\project\data\r100\t4.8\t4.8_120.cif,2.066278806527789,3.0497410848451008,3.0,2.4206129339379507,2,2,0,2,6,r100_t4.8_t4.8_120.cif,100,4.8,120,0.330120000000079
d:\New folder\project\data\r100\t4.8\t4.8_140.cif,3.0,3.0,3.0,2.667791838614196,0,0,0,2,2,r100_t4.8_t4.8_140.cif,100,4.8,140,0.4613000000000511
d:\New folder\project\data\r100\t4.8\t4.8_160.cif,3.0,3.0,3.0,2.768374629708635,0,0,0,2,2,r100_t4.8_t4.8_160.cif,100,4.8,160,0.4803299999999808
d:\New folder\project\data\r100\t4.8\t4.8_180.cif,3.0,3.0,3.0,2.343551333538324,0,0,0,2,2,r100_t4.8_t4.8_180.cif,100,4.8,180,0.3441800000000512
d:\New folder\project\data\r100\t4.8\t4.8_20.cif,3.0,3.0,3.0,3.0,0,0,0,0,0,r100_t4.8_t4.8_20.cif,100,4.8,20,0.5283000000000584
d:\New folder\project\data\r100\t4.8\t4.8_200.cif,3.0,3.0,3.0,2.548963269366128,0,0,0,2,2,r100_t4.8_t4.8_200.cif,100,4.8,200,0.1938400000000228
d:\New folder\project\data\r100\t4.8\t4.8_220.cif,2.438663113238314,3.0,3.0,2.4691173881910595,2,0,0,2,4,r100_t4.8_t4.8_220.cif,100,4.8,220,0.0717900000000781
d:\New folder\project\data\r100\t4.8\t4.8_240.cif,3.0,3.0,3.0,2.5734505039664652,0,0,0,4,4,r100_t4.8_t4.8_240.cif,100,4.8,240,0.206670000000031
d:\New folder\project\data\r100\t4.8\t4.8_260.cif,3.0,3.0,3.0,2.299204453358557,0,0,0,2,2,r100_t4.8_t4.8_260.cif,100,4.8,260,0.174350000000004
d:\New folder\project\data\r100\t4.8\t4.8_280.cif,3.0,3.0,2.595246729629,2.6873527940214976,0,0,2,4,6,r100_t4.8_t4.8_280.cif,100,4.8,280,0.2692100000000437
d:\New folder\project\data\r100\t4.8\t4.8_300.cif,3.0,3.0,2.691735401738188,3.0,0,0,2,0,2,r100_t4.8_t4.8_300.cif,100,4.8,300,0.4708800000000792
d:\New folder\project\data\r100\t4.8\t4.8_320.cif,3.0,2.881879738347317,3.0,3.0,0,2,0,0,2,r100_t4.8_t4.8_320.cif,100,4.8,320,0.6334500000000389
d:\New folder\project\data\r100\t4.8\t4.8_340.cif,3.0,3.1506139858275604,3.0,3.0,0,1,0,0,1,r100_t4.8_t4.8_340.cif,100,4.8,340,0.5910900000000083
d:\New folder\project\data\r100\t4.8\t4.8_40.cif,3.0,3.0,3.0,3.0,0,0,0,0,0,r100_t4.8_t4.8_40.cif,100,4.8,40,0.3537700000000541
d:\New folder\project\data\r100\t4.8\t4.8_60.cif,3.0,3.0,3.0,3.0,0,0,0,0,0,r100_t4.8_t4.8_60.cif,100,4.8,60,0.2967500000000882
d:\New folder\project\data\r100\t4.8\t4.8_80.cif,2.1386572130292056,2.7906324767992685,2.222775213156033,1.9392495006603392,4,4,3,3,14,r100_t4.8_t4.8_80.cif,100,4.8,80,-0.5498999999999796
d:\New folder\project\data\r100\t6.0\t6.0_0.cif,3.0,3.0,3.0,3.0,0,0,0,0,0,r100_t6.0_t6.0_0.cif,100,6.0,0,0.5526399999999967
d:\New folder\project\data\r100\t6.0\t6.0_100.cif,2.3771766087827215,2.87304356527055,2.480990099065966,1.9031760752215008,4,4,4,2,14,r100_t6.0_t6.0_100.cif,100,6.0,100,-0.4259299999999939
d:\New folder\project\data\r100\t6.0\t6.0_120.cif,2.2920846197992484,3.0,3.0,2.6571141325299727,2,0,0,2,4,r100_t6.0_t6.0_120.cif,100,6.0,120,0.3602000000000771
d:\New folder\project\data\r100\t6.0\t6.0_140.cif,3.0,3.0,3.0,2.4511394735913843,0,0,0,2,2,r100_t6.0_t6.0_140.cif,100,6.0,140,0.4071800000000394
d:\New folder\project\data\r100\t6.0\t6.0_160.cif,3.0,3.0,3.0,2.7662240937209823,0,0,0,2,2,r100_t6.0_t6.0_160.cif,100,6.0,160,0.4586500000000342
d:\New folder\project\data\r100\t6.0\t6.0_180.cif,3.0,3.0,3.0,2.3192372381997703,0,0,0,2,2,r100_t6.0_t6.0_180.cif,100,6.0,180,0.4585799999999835
d:\New folder\project\data\r100\t6.0\t6.0_20.cif,3.0,3.0,3.0,2.7068863202780715,0,0,0,2,2,r100_t6.0_t6.0_20.cif,100,6.0,20,0.4484300000000303
d:\New folder\project\data\r100\t6.0\t6.0_200.cif,3.0,3.0,3.0,2.5815241973790415,0,0,0,2,2,r100_t6.0_t6.0_200.cif,100,6.0,200,0.3473099999999931
d:\New folder\project\data\r100\t6.0\t6.0_220.cif,3.0,3.0,2.797987038255462,2.284874778787408,0,0,2,2,4,r100_t6.0_t6.0_220.cif,100,6.0,220,0.2490500000000111
d:\New folder\project\data\r100\t6.0\t6.0_240.cif,3.0,3.0,3.0,2.538463142417868,0,0,0,6,6,r100_t6.0_t6.0_240.cif,100,6.0,240,0.1443400000000565
d:\New folder\project\data\r100\t6.0\t6.0_260.cif,3.0,3.0,2.785631141102283,2.5267349771787857,0,0,2,6,8,r100_t6.0_t6.0_260.cif,100,6.0,260,0.158770000000004
d:\New folder\project\data\r100\t6.0\t6.0_280.cif,3.0,3.0,2.5627924167694878,2.35035759134548,0,0,2,2,4,r100_t6.0_t6.0_280.cif,100,6.0,280,0.1920700000000579
d:\New folder\project\data\r100\t6.0\t6.0_300.cif,3.0,3.0,2.5080276424221406,2.727690336869253,0,0,2,2,4,r100_t6.0_t6.0_300.cif,100,6.0,300,0.2962800000000243
d:\New folder\project\data\r100\t6.0\t6.0_320.cif,2.374532871494293,3.0,3.0,3.0,1,0,0,0,1,r100_t6.0_t6.0_320.cif,100,6.0,320,0.4669700000000603
d:\New folder\project\data\r100\t6.0\t6.0_340.cif,3.0,3.0,3.0,3.0,0,0,0,0,0,r100_t6.0_t6.0_340.cif,100,6.0,340,0.51724999999999
d:\New folder\project\data\r100\t6.0\t6.0_40.cif,3.0,3.0,3.0,3.0,0,0,0,0,0,r100_t6.0_t6.0_40.cif,100,6.0,40,0.501039999999989
d:\New folder\project\data\r100\t6.0\t6.0_60.cif,3.0,3.0,3.0,3.0,0,0,0,0,0,r100_t6.0_t6.0_60.cif,100,6.0,60,0.4151800000000776
d:\New folder\project\data\r100\t6.0\t6.0_80.cif,2.2974275355830356,2.8142264018581136,2.4316830934677838,2.00637833202505,4,4,5,5,18,r100_t6.0_t6.0_80.cif,100,6.0,80,-0.4788300000000163
d:\New folder\project\data\r100\t7.2\t7.2_0.cif,2.3723994579045473,3.0,3.0,2.4600170351960653,2,0,0,2,4,r100_t7.2_t7.2_0.cif,100,7.2,0,0.4662799999999834
d:\New folder\project\data\r100\t7.2\t7.2_100.cif,2.1645856210857466,3.0,3.0,2.3610961921899953,2,0,0,2,4,r100_t7.2_t7.2_100.cif,100,7.2,100,0.1047600000000557
d:\New folder\project\data\r100\t7.2\t7.2_120.cif,2.119987833251658,3.0,3.0,2.778893934025569,2,0,0,2,4,r100_t7.2_t7.2_120.cif,100,7.2,120,0.3132300000000896
d:\New folder\project\data\r100\t7.2\t7.2_140.cif,3.0,3.0,3.0,2.5784113523442684,0,0,0,2,2,r100_t7.2_t7.2_140.cif,100,7.2,140,0.3769500000000789
d:\New folder\project\data\r100\t7.2\t7.2_160.cif,2.468046491725503,3.0,3.0,3.0,2,0,0,0,2,r100_t7.2_t7.2_160.cif,100,7.2,160,0.4543800000000146
d:\New folder\project\data\r100\t7.2\t7.2_180.cif,2.468046491725503,3.0,3.0,3.0,2,0,0,0,2,r100_t7.2_t7.2_180.cif,100,7.2,180,0.4643800000000055
d:\New folder\project\data\r100\t7.2\t7.2_20.cif,3.0,3.0,3.0,2.307362463028067,0,0,0,2,2,r100_t7.2_t7.2_20.cif,100,7.2,20,0.4373000000000502
d:\New folder\project\data\r100\t7.2\t7.2_200.cif,3.0,3.0,3.0,3.0,0,0,0,0,0,r100_t7.2_t7.2_200.cif,100,7.2,200,0.4868600000000924
d:\New folder\project\data\r100\t7.2\t7.2_220.cif,3.0,3.0,2.815242560109648,2.4456848619060745,0,0,1,2,3,r100_t7.2_t7.2_220.cif,100,7.2,220,0.2893700000000763
d:\New folder\project\data\r100\t7.2\t7.2_240.cif,2.3450648788204234,3.0,3.0,2.5160222705943527,2,0,0,4,6,r100_t7.2_t7.2_240.cif,100,7.2,240,0.099330000000009
d:\New folder\project\data\r100\t7.2\t7.2_260.cif,3.0,3.0,3.0,2.3812071002293527,0,0,0,2,2,r100_t7.2_t7.2_260.cif,100,7.2,260,0.1972700000000031
d:\New folder\project\data\r100\t7.2\t7.2_280.cif,3.0,3.0,3.0,2.424732856128929,0,0,0,2,2,r100_t7.2_t7.2_280.cif,100,7.2,280,0.1891400000000658
d:\New folder\project\data\r100\t7.2\t7.2_300.cif,2.2258689439738806,3.0,3.0,2.8183139810128357,2,0,0,1,3,r100_t7.2_t7.2_300.cif,100,7.2,300,0.2946100000000342
d:\New folder\project\data\r100\t7.2\t7.2_320.cif,2.2655716174794853,3.0,3.0,2.5809085078611647,2,0,0,2,4,r100_t7.2_t7.2_320.cif,100,7.2,320,0.4365200000000868
d:\New folder\project\data\r100\t7.2\t7.2_340.cif,3.0,3.0,3.0,2.4653314509994937,0,0,0,2,2,r100_t7.2_t7.2_340.cif,100,7.2,340,0.3956299999999828
d:\New folder\project\data\r100\t7.2\t7.2_40.cif,3.0,3.0,3.0,2.5377845422237932,0,0,0,2,2,r100_t7.2_t7.2_40.cif,100,7.2,40,0.424570000000017
d:\New folder\project\data\r100\t7.2\t7.2_60.cif,3.0,3.0,3.0,3.0,0,0,0,0,0,r100_t7.2_t7.2_60.cif,100,7.2,60,0.4844699999999875
d:\New folder\project\data\r100\t7.2\t7.2_80.cif,3.0,3.0,3.0,2.799347961545931,0,0,0,2,2,r100_t7.2_t7.2_80.cif,100,7.2,80,0.3302500000000918
d:\New folder\project\data\r100\t8.4\t8.4_0.cif,3.0,3.0,3.0,2.825082653179791,0,0,0,1,1,r100_t8.4_t8.4_0.cif,100,8.4,0,0.4379600000000891
d:\New folder\project\data\r100\t8.4\t8.4_100.cif,2.449468560127311,3.0,3.0,2.5032117410651797,2,0,0,3,5,r100_t8.4_t8.4_100.cif,100,8.4,100,0.1429500000000416
d:\New folder\project\data\r100\t8.4\t8.4_120.cif,2.325629105099403,3.0,2.812969938681812,3.0,2,0,1,0,3,r100_t8.4_t8.4_120.cif,100,8.4,120,0.2068199999999933
d:\New folder\project\data\r100\t8.4\t8.4_140.cif,3.0,3.0,2.780982804006605,3.0,0,0,2,0,2,r100_t8.4_t8.4_140.cif,100,8.4,140,0.3418700000000854
d:\New folder\project\data\r100\t8.4\t8.4_160.cif,3.0,3.0,3.0,3.0,0,0,0,0,0,r100_t8.4_t8.4_160.cif,100,8.4,160,0.4864700000000539
d:\New folder\project\data\r100\t8.4\t8.4_180.cif,3.0,3.0,3.0,3.0,0,0,0,0,0,r100_t8.4_t8.4_180.cif,100,8.4,180,0.6908900000000813
d:\New folder\project\data\r100\t8.4\t8.4_20.cif,3.0,3.0,3.0,2.365555480393386,0,0,0,2,2,r100_t8.4_t8.4_20.cif,100,8.4,20,0.4912900000000491
d:\New folder\project\data\r100\t8.4\t8.4_200.cif,3.0,3.0,3.0,3.0,0,0,0,0,0,r100_t8.4_t8.4_200.cif,100,8.4,200,0.5276300000000447
d:\New folder\project\data\r100\t8.4\t8.4_220.cif,3.0,3.0,2.6839565635837106,3.0,0,0,2,0,2,r100_t8.4_t8.4_220.cif,100,8.4,220,0.300420000000031
d:\New folder\project\data\r100\t8.4\t8.4_240.cif,1.789177194184314,2.7665498046078367,2.0337180438216533,2.128784229447901,4,2,2,6,14,r100_t8.4_t8.4_240.cif,100,8.4,240,-0.3011099999999942
d:\New folder\project\data\r100\t8.4\t8.4_260.cif,3.0,3.0,3.0,2.80767083159685,0,0,0,1,1,r100_t8.4_t8.4_260.cif,100,8.4,260,0.237700000000018
d:\New folder\project\data\r100\t8.4\t8.4_280.cif,2.4451350945558104,3.0,3.0,2.7708602594174208,1,0,0,2,3,r100_t8.4_t8.4_280.cif,100,8.4,280,0.2160300000000461
d:\New folder\project\data\r100\t8.4\t8.4_300.cif,2.411777214674301,3.0,3.0,3.0,2,0,0,0,2,r100_t8.4_t8.4_300.cif,100,8.4,300,0.4383900000000267
d:\New folder\project\data\r100\t8.4\t8.4_320.cif,2.431354667814737,3.0,3.0,2.256940586762494,2,0,0,2,4,r100_t8.4_t8.4_320.cif,100,8.4,320,0.4271300000000337
d:\New folder\project\data\r100\t8.4\t8.4_340.cif,3.0,3.0,3.0,2.2463020987587043,0,0,0,2,2,r100_t8.4_t8.4_340.cif,100,8.4,340,0.3820400000000745
d:\New folder\project\data\r100\t8.4\t8.4_40.cif,3.0,3.0210638244449295,3.0,2.458897465732634,0,2,0,2,4,r100_t8.4_t8.4_40.cif,100,8.4,40,0.5225400000000491
d:\New folder\project\data\r100\t8.4\t8.4_60.cif,3.0,3.0587274534739315,3.0,3.0,0,2,0,0,2,r100_t8.4_t8.4_60.cif,100,8.4,60,0.6293299999999817
d:\New folder\project\data\r100\t8.4\t8.4_80.cif,3.0,3.0,3.0,2.6809294848225917,0,0,0,2,2,r100_t8.4_t8.4_80.cif,100,8.4,80,0.3712400000000571
d:\New folder\project\data\r100\t9.6\t9.6_0.cif,3.0,3.0,3.0,3.0,0,0,0,0,0,r100_t9.6_t9.6_0.cif,100,9.6,0,0.3914600000000519
d:\New folder\project\data\r100\t9.6\t9.6_100.cif,3.0,3.0,3.0,2.5224072910382693,0,0,0,2,2,r100_t9.6_t9.6_100.cif,100,9.6,100,0.307920000000081
d:\New folder\project\data\r100\t9.6\t9.6_120.cif,3.0,3.0,3.0,2.668222211821733,0,0,0,2,2,r100_t9.6_t9.6_120.cif,100,9.6,120,0.2170600000000604
d:\New folder\project\data\r100\t9.6\t9.6_140.cif,3.0,3.0,2.669364895154609,3.0,0,0,2,0,2,r100_t9.6_t9.6_140.cif,100,9.6,140,0.3447400000000016
d:\New folder\project\data\r100\t9.6\t9.6_160.cif,3.0,3.0,3.0,3.0,0,0,0,0,0,r100_t9.6_t9.6_160.cif,100,9.6,160,0.5328700000000026
d:\New folder\project\data\r100\t9.6\t9.6_180.cif,3.0,3.0,3.0,3.0,0,0,0,0,0,r100_t9.6_t9.6_180.cif,100,9.6,180,0.6395400000000109
d:\New folder\project\data\r100\t9.6\t9.6_20.cif,3.0,3.0,3.0,2.6489236340086086,0,0,0,4,4,r100_t9.6_t9.6_20.cif,100,9.6,20,0.488140000000044
d:\New folder\project\data\r100\t9.6\t9.6_200.cif,2.259331595706608,3.0,2.59348470108185,2.53319557153448,2,0,2,2,6,r100_t9.6_t9.6_200.cif,100,9.6,200,0.1477399999999988
d:\New folder\project\data\r100\t9.6\t9.6_220.cif,1.7891508367511382,2.881670471890072,2.019903412389045,2.2090193485140266,4,6,2,6,18,r100_t9.6_t9.6_220.cif,100,9.6,220,-0.4899799999999459
d:\New folder\project\data\r100\t9.6\t9.6_240.cif,1.930631973560714,2.917770433674667,2.034942570211259,1.9619206266993396,5,4,2,4,15,r100_t9.6_t9.6_240.cif,100,9.6,240,-0.2565999999999349
d:\New folder\project\data\r100\t9.6\t9.6_260.cif,2.492774420866179,2.871385647699451,2.7345894479785944,2.5033892057342633,1,1,2,4,8,r100_t9.6_t9.6_260.cif,100,9.6,260,0.0207000000000334
d:\New folder\project\data\r100\t9.6\t9.6_280.cif,3.0,3.0,3.0,3.0,0,0,0,0,0,r100_t9.6_t9.6_280.cif,100,9.6,280,0.311170000000061
d:\New folder\project\data\r100\t9.6\t9.6_300.cif,2.436155695096925,3.0,3.0,3.0,2,0,0,0,2,r100_t9.6_t9.6_300.cif,100,9.6,300,0.463290000000029
d:\New folder\project\data\r100\t9.6\t9.6_320.cif,2.426895810544606,3.0,3.0,2.3435634902385987,2,0,0,2,4,r100_t9.6_t9.6_320.cif,100,9.6,320,0.4052800000000616
d:\New folder\project\data\r100\t9.6\t9.6_340.cif,3.0,3.0,3.0,2.3104036857641232,0,0,0,2,2,r100_t9.6_t9.6_340.cif,100,9.6,340,0.345450000000028
d:\New folder\project\data\r100\t9.6\t9.6_40.cif,3.0,3.0,3.0,2.6586208456327687,0,0,0,2,2,r100_t9.6_t9.6_40.cif,100,9.6,40,0.480130000000031
d:\New folder\project\data\r100\t9.6\t9.6_60.cif,3.0,3.136727268975344,2.362391917304932,2.6396794690259777,0,2,2,2,6,r100_t9.6_t9.6_60.cif,100,9.6,60,0.3513800000000628
d:\New folder\project\data\r100\t9.6\t9.6_80.cif,3.0,3.0628269933052557,2.631402473305455,2.3743987873174217,0,2,2,2,6,r100_t9.6_t9.6_80.cif,100,9.6,80,0.2255400000000236
d:\New folder\project\data\r120\t0\t0_0.cif,2.3726132234741772,3.0,3.0,2.8191772946302853,4,0,0,2,6,r120_t0_t0_0.cif,120,0.0,0,0.5376600000000735
d:\New folder\project\data\r120\t0\t0_100.cif,2.385971527422754,3.0,3.0,3.0,2,0,0,0,2,r120_t0_t0_100.cif,120,0.0,100,0.4209299999999984
d:\New folder\project\data\r120\t0\t0_120.cif,2.4761577119779647,3.0,3.0,2.7250052119458497,2,0,0,2,4,r120_t0_t0_120.cif,120,0.0,120,0.2187700000000632
d:\New folder\project\data\r120\t0\t0_140.cif,2.4949256595087927,3.0,2.5028122852775656,3.0,1,0,2,0,3,r120_t0_t0_140.cif,120,0.0,140,0.2778400000000829
d:\New folder\project\data\r120\t0\t0_160.cif,3.0,3.0,2.42132913286409,3.0,0,0,2,0,2,r120_t0_t0_160.cif,120,0.0,160,0.409460000000081
d:\New folder\project\data\r120\t0\t0_180.cif,3.0,3.0,2.5768211939426617,3.0,0,0,2,0,2,r120_t0_t0_180.cif,120,0.0,180,0.5027600000000803
d:\New folder\project\data\r120\t0\t0_20.cif,2.4411974086537405,3.0,3.0,2.6351607858366455,4,0,0,4,8,r120_t0_t0_20.cif,120,0.0,20,0.5530499999999847
d:\New folder\project\data\r120\t0\t0_200.cif,3.0,3.0,3.0,3.0,0,0,0,0,0,r120_t0_t0_200.cif,120,0.0,200,0.6625099999999975
d:\New folder\project\data\r120\t0\t0_220.cif,3.0,3.0,3.0,3.0,0,0,0,0,0,r120_t0_t0_220.cif,120,0.0,220,0.6411800000000767
d:\New folder\project\data\r120\t0\t0_240.cif,3.0,3.0,3.0,3.0,0,0,0,0,0,r120_t0_t0_240.cif,120,0.0,240,0.5126599999999826
d:\New folder\project\data\r120\t0\t0_260.cif,3.0,3.0,3.0,3.0,0,0,0,0,0,r120_t0_t0_260.cif,120,0.0,260,0.4044200000000728
d:\New folder\project\data\r120\t0\t0_280.cif,3.0,3.0,3.0,3.0,0,0,0,0,0,r120_t0_t0_280.cif,120,0.0,280,0.4189800000000332
d:\New folder\project\data\r120\t0\t0_300.cif,2.3168894962225695,3.0,2.7272635609765796,3.0,2,0,2,0,4,r120_t0_t0_300.cif,120,0.0,300,0.4305100000000266
d:\New folder\project\data\r120\t0\t0_320.cif,2.103202875731307,3.0,2.6861787959172685,3.0,2,0,2,0,4,r120_t0_t0_320.cif,120,0.0,320,0.5138200000000097
d:\New folder\project\data\r120\t0\t0_340.cif,2.3496798565464365,3.0,3.0,2.535172091413237,2,0,0,2,4,r120_t0_t0_340.cif,120,0.0,340,0.51983000000007
d:\New folder\project\data\r120\t0\t0_40.cif,3.0,3.0,3.0,2.7325989508541353,0,0,0,4,4,r120_t0_t0_40.cif,120,0.0,40,0.4604000000000496
d:\New folder\project\data\r120\t0\t0_60.cif,3.0,3.131315657875943,2.7965365385984953,3.0,0,2,2,0,4,r120_t0_t0_60.cif,120,0.0,60,0.4508799999999837
d:\New folder\project\data\r120\t0\t0_80.cif,3.0,3.0097754498310003,3.0,3.0,0,2,0,0,2,r120_t0_t0_80.cif,120,0.0,80,0.594190000000026
d:\New folder\project\data\r120\t1.2\t1.2_0.cif,2.3439091882749885,3.0,3.0,3.0,2,0,0,0,2,r120_t1.2_t1.2_0.cif,120,1.2,0,0.4983500000000731
d:\New folder\project\data\r120\t1.2\t1.2_100.cif,2.4613841279562196,3.0,2.58755383448472,2.454253360203582,2,0,2,2,6,r120_t1.2_t1.2_100.cif,120,1.2,100,0.3229499999999916
d:\New folder\project\data\r120\t1.2\t1.2_120.cif,3.0,3.0,2.507577499192476,2.515045716775627,0,0,2,2,4,r120_t1.2_t1.2_120.cif,120,1.2,120,0.2290500000000292
d:\New folder\project\data\r120\t1.2\t1.2_140.cif,3.0,3.0,2.7888548156372472,3.0,0,0,1,0,1,r120_t1.2_t1.2_140.cif,120,1.2,140,0.3087699999999813
d:\New folder\project\data\r120\t1.2\t1.2_160.cif,3.0,3.0,3.0,3.0,0,0,0,0,0,r120_t1.2_t1.2_160.cif,120,1.2,160,0.4820300000000088
d:\New folder\project\data\r120\t1.2\t1.2_180.cif,3.0,3.0,3.0,3.0,0,0,0,0,0,r120_t1.2_t1.2_180.cif,120,1.2,180,0.609450000000038
d:\New folder\project\data\r120\t1.2\t1.2_20.cif,2.392013994211343,3.0,3.0,3.0,2,0,0,0,2,r120_t1.2_t1.2_20.cif,120,1.2,20,0.5122000000000071
d:\New folder\project\data\r120\t1.2\t1.2_200.cif,3.0,3.0,3.0,3.0,0,0,0,0,0,r120_t1.2_t1.2_200.cif,120,1.2,200,0.6453599999999824
d:\New folder\project\data\r120\t1.2\t1.2_220.cif,3.0,3.0,3.0,3.0,0,0,0,0,0,r120_t1.2_t1.2_220.cif,120,1.2,220,0.5706500000000005
d:\New folder\project\data\r120\t1.2\t1.2_240.cif,3.0,3.0,3.0,3.0,0,0,0,0,0,r120_t1.2_t1.2_240.cif,120,1.2,240,0.41375000000005
d:\New folder\project\data\r120\t1.2\t1.2_260.cif,3.0,3.0,3.0,3.0,0,0,0,0,0,r120_t1.2_t1.2_260.cif,120,1.2,260,0.3543600000000424
d:\New folder\project\data\r120\t1.2\t1.2_280.cif,3.0,3.0,3.0,3.0,0,0,0,0,0,r120_t1.2_t1.2_280.cif,120,1.2,280,0.3743800000000874
d:\New folder\project\data\r120\t1.2\t1.2_300.cif,2.2202916991201307,3.0,2.7823647468992,3.0,4,0,3,0,7,r120_t1.2_t1.2_300.cif,120,1.2,300,0.4608200000000124
d:\New folder\project\data\r120\t1.2\t1.2_320.cif,2.366316706927419,3.0,2.7509494443800144,2.4086271817533516,4,0,3,2,9,r120_t1.2_t1.2_320.cif,120,1.2,320,0.2875400000000354
d:\New folder\project\data\r120\t1.2\t1.2_340.cif,2.3887004877973426,3.0,2.810731437290951,3.0,4,0,1,0,5,r120_t1.2_t1.2_340.cif,120,1.2,340,0.3010800000000699
d:\New folder\project\data\r120\t1.2\t1.2_40.cif,3.0,3.0,3.0,3.0,0,0,0,0,0,r120_t1.2_t1.2_40.cif,120,1.2,40,0.4699200000000019
d:\New folder\project\data\r120\t1.2\t1.2_60.cif,3.0,3.0,2.5974634327941595,2.7503316224996768,0,0,2,2,4,r120_t1.2_t1.2_60.cif,120,1.2,60,0.3864899999999807
d:\New folder\project\data\r120\t1.2\t1.2_80.cif,3.0,3.0,3.0,3.0,0,0,0,0,0,r120_t1.2_t1.2_80.cif,120,1.2,80,0.5268100000000686
d:\New folder\project\data\r120\t2.4\t2.4_0.cif,2.2225730875775422,3.0,3.0,3.0,2,0,0,0,2,r120_t2.4_t2.4_0.cif,120,2.4,0,0.5137100000000601
d:\New folder\project\data\r120\t2.4\t2.4_100.cif,2.403565574695953,3.0,2.421514498984778,3.0,4,0,2,0,6,r120_t2.4_t2.4_100.cif,120,2.4,100,0.3834300000000894
d:\New folder\project\data\r120\t2.4\t2.4_120.cif,3.0,3.0,2.2642393895950623,2.798293489614551,0,0,2,2,4,r120_t2.4_t2.4_120.cif,120,2.4,120,0.360490000000027
d:\New folder\project\data\r120\t2.4\t2.4_140.cif,3.0,3.0,2.705691900884701,3.0,0,0,2,0,2,r120_t2.4_t2.4_140.cif,120,2.4,140,0.4381000000000767
d:\New folder\project\data\r120\t2.4\t2.4_160.cif,3.0,3.0,3.0,3.0,0,0,0,0,0,r120_t2.4_t2.4_160.cif,120,2.4,160,0.560730000000035
d:\New folder\project\data\r120\t2.4\t2.4_180.cif,3.0,3.0,3.0,3.0,0,0,0,0,0,r120_t2.4_t2.4_180.cif,120,2.4,180,0.5949500000000398
d:\New folder\project\data\r120\t2.4\t2.4_20.cif,2.453882352723763,3.0,3.0,3.0,2,0,0,0,2,r120_t2.4_t2.4_20.cif,120,2.4,20,0.5387000000000626
d:\New folder\project\data\r120\t2.4\t2.4_200.cif,3.0,3.0,3.0,3.0,0,0,0,0,0,r120_t2.4_t2.4_200.cif,120,2.4,200,0.6063599999999951
d:\New folder\project\data\r120\t2.4\t2.4_220.cif,3.0,3.0,3.0,3.0,0,0,0,0,0,r120_t2.4_t2.4_220.cif,120,2.4,220,0.5015700000000152
d:\New folder\project\data\r120\t2.4\t2.4_240.cif,3.0,3.0,2.520861635292765,3.0,0,0,2,0,2,r120_t2.4_t2.4_240.cif,120,2.4,240,0.3915100000000393
d:\New folder\project\data\r120\t2.4\t2.4_260.cif,2.319139487825474,3.0,3.0,2.8248796069443505,2,0,0,1,3,r120_t2.4_t2.4_260.cif,120,2.4,260,0.3221900000000914
d:\New folder\project\data\r120\t2.4\t2.4_280.cif,3.0,3.0,2.5587070370851195,3.0,0,0,2,0,2,r120_t2.4_t2.4_280.cif,120,2.4,280,0.3281600000000253
d:\New folder\project\data\r120\t2.4\t2.4_300.cif,2.1295316572923557,3.0,2.5608807236136006,3.0,2,0,4,0,6,r120_t2.4_t2.4_300.cif,120,2.4,300,0.4592300000000477
d:\New folder\project\data\r120\t2.4\t2.4_320.cif,2.4260434923616097,2.90487912386762,2.692419319091082,2.1314089131035585,2,2,4,2,10,r120_t2.4_t2.4_320.cif,120,2.4,320,0.2297600000000557
d:\New folder\project\data\r120\t2.4\t2.4_340.cif,2.470756259449282,3.1384255680096986,2.777269439829672,2.514175510773497,1,2,4,2,9,r120_t2.4_t2.4_340.cif,120,2.4,340,0.2641399999999976
d:\New folder\project\data\r120\t2.4\t2.4_40.cif,3.0,3.0,3.0,3.0,0,0,0,0,0,r120_t2.4_t2.4_40.cif,120,2.4,40,0.5303700000000617
d:\New folder\project\data\r120\t2.4\t2.4_60.cif,3.0,3.0,3.0,3.0,0,0,0,0,0,r120_t2.4_t2.4_60.cif,120,2.4,60,0.4350900000000592
d:\New folder\project\data\r120\t2.4\t2.4_80.cif,3.0,3.0,3.0,3.0,0,0,0,0,0,r120_t2.4_t2.4_80.cif,120,2.4,80,0.4793300000000045
d:\New folder\project\data\r120\t3.6\t3.6_0.cif,3.0,3.0,3.0,3.0,0,0,0,0,0,r120_t3.6_t3.6_0.cif,120,3.6,0,0.5079800000000887
d:\New folder\project\data\r120\t3.6\t3.6_100.cif,2.269121671430469,3.0,2.571048479609132,3.0,2,0,2,0,4,r120_t3.6_t3.6_100.cif,120,3.6,100,0.4133699999999862
d:\New folder\project\data\r120\t3.6\t3.6_120.cif,2.2496758915527355,3.1423845748192356,2.7101692405861963,3.0,2,1,2,0,5,r120_t3.6_t3.6_120.cif,120,3.6,120,0.4535900000000765
d:\New folder\project\data\r120\t3.6\t3.6_140.cif,2.334146070349558,3.0,3.0,3.0,4,0,0,0,4,r120_t3.6_t3.6_140.cif,120,3.6,140,0.50425000000007
d:\New folder\project\data\r120\t3.6\t3.6_160.cif,2.0680369698984995,3.0,3.0,3.0,2,0,0,0,2,r120_t3.6_t3.6_160.cif,120,3.6,160,0.5805599999999913
d:\New folder\project\data\r120\t3.6\t3.6_180.cif,3.0,3.0,3.0,3.0,0,0,0,0,0,r120_t3.6_t3.6_180.cif,120,3.6,180,0.5343599999999924
d:\New folder\project\data\r120\t3.6\t3.6_20.cif,3.0,3.0,3.0,3.0,0,0,0,0,0,r120_t3.6_t3.6_20.cif,120,3.6,20,0.5876299999999901
d:\New folder\project\data\r120\t3.6\t3.6_200.cif,3.0,3.0,3.0,3.0,0,0,0,0,0,r120_t3.6_t3.6_200.cif,120,3.6,200,0.529480000000035
d:\New folder\project\data\r120\t3.6\t3.6_220.cif,3.0,3.0,3.0,3.0,0,0,0,0,0,r120_t3.6_t3.6_220.cif,120,3.6,220,0.4760499999999865
d:\New folder\project\data\r120\t3.6\t3.6_240.cif,3.0,3.0,3.0,3.0,0,0,0,0,0,r120_t3.6_t3.6_240.cif,120,3.6,240,0.3765600000000404
d:\New folder\project\data\r120\t3.6\t3.6_260.cif,3.0,3.0,3.0,2.5451021107154403,0,0,0,2,2,r120_t3.6_t3.6_260.cif,120,3.6,260,0.2916999999999916
d:\New folder\project\data\r120\t3.6\t3.6_280.cif,3.0,3.0,2.6556547883226713,3.0,0,0,2,0,2,r120_t3.6_t3.6_280.cif,120,3.6,280,0.3598100000000386
d:\New folder\project\data\r120\t3.6\t3.6_300.cif,2.4256096399447595,3.0,2.403641799152463,3.0,2,0,2,0,4,r120_t3.6_t3.6_300.cif,120,3.6,300,0.5162400000000389
d:\New folder\project\data\r120\t3.6\t3.6_320.cif,3.0,2.7832754310066044,2.740263722307361,2.0451022976451734,0,2,2,2,6,r120_t3.6_t3.6_320.cif,120,3.6,320,0.247310000000084
d:\New folder\project\data\r120\t3.6\t3.6_340.cif,3.0,2.9603583950166987,2.7270829027321515,2.5425713522412057,0,2,2,2,6,r120_t3.6_t3.6_340.cif,120,3.6,340,0.3497600000000602
d:\New folder\project\data\r120\t3.6\t3.6_40.cif,3.0,3.0,3.0,3.0,0,0,0,0,0,r120_t3.6_t3.6_40.cif,120,3.6,40,0.5830500000000711
d:\New folder\project\data\r120\t3.6\t3.6_60.cif,3.0,3.0,3.0,3.0,0,0,0,0,0,r120_t3.6_t3.6_60.cif,120,3.6,60,0.5143800000000738
d:\New folder\project\data\r120\t3.6\t3.6_80.cif,3.0,3.0,3.0,3.0,0,0,0,0,0,r120_t3.6_t3.6_80.cif,120,3.6,80,0.4640900000000556
d:\New folder\project\data\r120\t4.8\t4.8_0.cif,3.0,3.0,3.0,3.0,0,0,0,0,0,r120_t4.8_t4.8_0.cif,120,4.8,0,0.5706900000000132
d:\New folder\project\data\r120\t4.8\t4.8_100.cif,2.3362970070785507,3.0,2.451939993684877,3.0,3,0,2,0,5,r120_t4.8_t4.8_100.cif,120,4.8,100,0.3759400000000141
d:\New folder\project\data\r120\t4.8\t4.8_120.cif,2.0952849563039493,3.0,2.4667905612688785,3.0,2,0,2,0,4,r120_t4.8_t4.8_120.cif,120,4.8,120,0.4643800000000055
d:\New folder\project\data\r120\t4.8\t4.8_140.cif,2.0433514446290197,3.0,3.0,3.0,2,0,0,0,2,r120_t4.8_t4.8_140.cif,120,4.8,140,0.5769200000000865
d:\New folder\project\data\r120\t4.8\t4.8_160.cif,2.142320812012465,3.0,3.0,3.0,2,0,0,0,2,r120_t4.8_t4.8_160.cif,120,4.8,160,0.5943600000000515
d:\New folder\project\data\r120\t4.8\t4.8_180.cif,2.491419414020889,3.0,3.0,3.0,1,0,0,0,1,r120_t4.8_t4.8_180.cif,120,4.8,180,0.4796400000000176
d:\New folder\project\data\r120\t4.8\t4.8_20.cif,3.0,3.0,3.0,3.0,0,0,0,0,0,r120_t4.8_t4.8_20.cif,120,4.8,20,0.6034100000000535
d:\New folder\project\data\r120\t4.8\t4.8_200.cif,3.0,3.0,3.0,3.0,0,0,0,0,0,r120_t4.8_t4.8_200.cif,120,4.8,200,0.5114899999999807
d:\New folder\project\data\r120\t4.8\t4.8_220.cif,3.0,3.0,3.0,3.0,0,0,0,0,0,r120_t4.8_t4.8_220.cif,120,4.8,220,0.4714200000000801
d:\New folder\project\data\r120\t4.8\t4.8_240.cif,2.4188846644830457,3.0,3.0,3.0,2,0,0,0,2,r120_t4.8_t4.8_240.cif,120,4.8,240,0.3729200000000219
d:\New folder\project\data\r120\t4.8\t4.8_260.cif,3.0,3.0,3.0,2.671813570177394,0,0,0,2,2,r120_t4.8_t4.8_260.cif,120,4.8,260,0.2703700000000708
d:\New folder\project\data\r120\t4.8\t4.8_280.cif,3.0,3.0,2.604105849428419,3.0,0,0,2,0,2,r120_t4.8_t4.8_280.cif,120,4.8,280,0.3456300000000283
d:\New folder\project\data\r120\t4.8\t4.8_300.cif,3.0,3.0,2.30891509352956,3.0,0,0,2,0,2,r120_t4.8_t4.8_300.cif,120,4.8,300,0.4503500000000713
d:\New folder\project\data\r120\t4.8\t4.8_320.cif,3.0,3.0690953253365008,2.465170686802734,3.0,0,2,2,0,4,r120_t4.8_t4.8_320.cif,120,4.8,320,0.5750699999999824
d:\New folder\project\data\r120\t4.8\t4.8_340.cif,3.0,2.9896172618854617,2.789448887872128,3.0,0,2,2,0,4,r120_t4.8_t4.8_340.cif,120,4.8,340,0.4842100000000755
d:\New folder\project\data\r120\t4.8\t4.8_40.cif,3.0,3.0,3.0,3.0,0,0,0,0,0,r120_t4.8_t4.8_40.cif,120,4.8,40,0.5931699999999864
d:\New folder\project\data\r120\t4.8\t4.8_60.cif,3.0,3.0,3.0,3.0,0,0,0,0,0,r120_t4.8_t4.8_60.cif,120,4.8,60,0.5375900000000229
d:\New folder\project\data\r120\t4.8\t4.8_80.cif,3.0,3.0,3.0,3.0,0,0,0,0,0,r120_t4.8_t4.8_80.cif,120,4.8,80,0.4619099999999889
d:\New folder\project\data\r120\t6.0\t6.0_0.cif,2.1915232997922054,3.0,3.0,3.0,2,0,0,0,2,r120_t6.0_t6.0_0.cif,120,6.0,0,0.5765499999999975
d:\New folder\project\data\r120\t6.0\t6.0_100.cif,2.328845676952301,3.0,2.720974666777772,3.0,3,0,2,0,5,r120_t6.0_t6.0_100.cif,120,6.0,100,0.354430000000093
d:\New folder\project\data\r120\t6.0\t6.0_120.cif,2.2691039698822033,3.0,2.635817325272569,3.0,4,0,2,0,6,r120_t6.0_t6.0_120.cif,120,6.0,120,0.4705000000000154
d:\New folder\project\data\r120\t6.0\t6.0_140.cif,2.342307572588794,3.0,3.0,3.0,2,0,0,0,2,r120_t6.0_t6.0_140.cif,120,6.0,140,0.5463399999999865
d:\New folder\project\data\r120\t6.0\t6.0_160.cif,2.16720465149797,3.0,2.710297785928797,3.0,2,0,2,0,4,r120_t6.0_t6.0_160.cif,120,6.0,160,0.5354600000000573
d:\New folder\project\data\r120\t6.0\t6.0_180.cif,2.479813567360338,3.0,3.0,3.0,2,0,0,0,2,r120_t6.0_t6.0_180.cif,120,6.0,180,0.4624300000000403
d:\New folder\project\data\r120\t6.0\t6.0_20.cif,2.4356047256155016,3.0,3.0,3.0,2,0,0,0,2,r120_t6.0_t6.0_20.cif,120,6.0,20,0.5761899999999969
d:\New folder\project\data\r120\t6.0\t6.0_200.cif,3.0,3.0,3.0,3.0,0,0,0,0,0,r120_t6.0_t6.0_200.cif,120,6.0,200,0.4799900000000434
d:\New folder\project\data\r120\t6.0\t6.0_220.cif,3.0,3.0,3.0,3.0,0,0,0,0,0,r120_t6.0_t6.0_220.cif,120,6.0,220,0.5134600000000091
d:\New folder\project\data\r120\t6.0\t6.0_240.cif,3.0,3.0,3.0,2.7350184397991866,0,0,0,2,2,r120_t6.0_t6.0_240.cif,120,6.0,240,0.4113300000000208
d:\New folder\project\data\r120\t6.0\t6.0_260.cif,2.4218964476219718,3.0,3.0,3.0,2,0,0,0,2,r120_t6.0_t6.0_260.cif,120,6.0,260,0.305810000000065
d:\New folder\project\data\r120\t6.0\t6.0_280.cif,3.0,3.0,2.534134781266959,3.0,0,0,2,0,2,r120_t6.0_t6.0_280.cif,120,6.0,280,0.2975300000000516
d:\New folder\project\data\r120\t6.0\t6.0_300.cif,3.0,3.0,2.330719181575108,3.0,0,0,2,0,2,r120_t6.0_t6.0_300.cif,120,6.0,300,0.3033700000000863
d:\New folder\project\data\r120\t6.0\t6.0_320.cif,2.0484020880372693,3.0,2.339188425067108,3.0,1,0,2,0,3,r120_t6.0_t6.0_320.cif,120,6.0,320,0.4248000000000047
d:\New folder\project\data\r120\t6.0\t6.0_340.cif,2.3127880084000605,3.0,2.7204247378493935,3.0,1,0,2,0,3,r120_t6.0_t6.0_340.cif,120,6.0,340,0.4305500000000393
d:\New folder\project\data\r120\t6.0\t6.0_40.cif,3.0,3.0,3.0,3.0,0,0,0,0,0,r120_t6.0_t6.0_40.cif,120,6.0,40,0.5489900000000034
d:\New folder\project\data\r120\t6.0\t6.0_60.cif,3.0,3.0,3.0,3.0,0,0,0,0,0,r120_t6.0_t6.0_60.cif,120,6.0,60,0.4677100000000109
d:\New folder\project\data\r120\t6.0\t6.0_80.cif,3.0,3.0,3.0,3.0,0,0,0,0,0,r120_t6.0_t6.0_80.cif,120,6.0,80,0.4675200000000359
d:\New folder\project\data\r120\t7.2\t7.2_0.cif,2.181966863040812,3.0,3.0,3.0,2,0,0,0,2,r120_t7.2_t7.2_0.cif,120,7.2,0,0.5827199999999948
d:\New folder\project\data\r120\t7.2\t7.2_100.cif,2.3052361375937065,3.0,3.0,2.7785024009168944,2,0,0,1,3,r120_t7.2_t7.2_100.cif,120,7.2,100,0.3864399999999932
d:\New folder\project\data\r120\t7.2\t7.2_120.cif,1.960589640225992,3.0,3.0,2.8099530092686784,2,0,0,2,4,r120_t7.2_t7.2_120.cif,120,7.2,120,0.3724300000000085
d:\New folder\project\data\r120\t7.2\t7.2_140.cif,2.083734208280081,3.0,3.0,3.0,2,0,0,0,2,r120_t7.2_t7.2_140.cif,120,7.2,140,0.49804000000006
d:\New folder\project\data\r120\t7.2\t7.2_160.cif,2.2031843077723265,3.0,2.735047536530405,3.0,2,0,2,0,4,r120_t7.2_t7.2_160.cif,120,7.2,160,0.4984000000000606
d:\New folder\project\data\r120\t7.2\t7.2_180.cif,2.499087974883939,3.0,3.0,3.0,1,0,0,0,1,r120_t7.2_t7.2_180.cif,120,7.2,180,0.486780000000067
d:\New folder\project\data\r120\t7.2\t7.2_20.cif,2.3810849723215917,3.0,3.0,3.0,2,0,0,0,2,r120_t7.2_t7.2_20.cif,120,7.2,20,0.5329000000000406
d:\New folder\project\data\r120\t7.2\t7.2_200.cif,3.0,3.0,3.0,3.0,0,0,0,0,0,r120_t7.2_t7.2_200.cif,120,7.2,200,0.5934500000000753
d:\New folder\project\data\r120\t7.2\t7.2_220.cif,3.0,3.0,3.0,3.0,0,0,0,0,0,r120_t7.2_t7.2_220.cif,120,7.2,220,0.5884600000000546
d:\New folder\project\data\r120\t7.2\t7.2_240.cif,3.0,3.0,3.0,3.0,0,0,0,0,0,r120_t7.2_t7.2_240.cif,120,7.2,240,0.5149700000000621
d:\New folder\project\data\r120\t7.2\t7.2_260.cif,2.427665609790979,3.0,3.0,3.0,2,0,0,0,2,r120_t7.2_t7.2_260.cif,120,7.2,260,0.3962700000000723
d:\New folder\project\data\r120\t7.2\t7.2_280.cif,3.0,3.0,3.0,3.0,0,0,0,0,0,r120_t7.2_t7.2_280.cif,120,7.2,280,0.3464700000000675
d:\New folder\project\data\r120\t7.2\t7.2_300.cif,2.277206757596201,3.0,2.5671541678308243,3.0,2,0,2,0,4,r120_t7.2_t7.2_300.cif,120,7.2,300,0.293700000000058
d:\New folder\project\data\r120\t7.2\t7.2_320.cif,1.9593422403946323,3.0,2.5058101068724294,3.0,2,0,2,0,4,r120_t7.2_t7.2_320.cif,120,7.2,320,0.4442500000000109
d:\New folder\project\data\r120\t7.2\t7.2_340.cif,2.170084888374699,3.0,3.0,2.8260957677152088,4,0,0,2,6,r120_t7.2_t7.2_340.cif,120,7.2,340,0.5212599999999838
d:\New folder\project\data\r120\t7.2\t7.2_40.cif,3.0,3.0,3.0,3.0,0,0,0,0,0,r120_t7.2_t7.2_40.cif,120,7.2,40,0.4793600000000424
d:\New folder\project\data\r120\t7.2\t7.2_60.cif,3.0,3.0,2.4976371091549225,3.0,0,0,2,0,2,r120_t7.2_t7.2_60.cif,120,7.2,60,0.374300000000062
d:\New folder\project\data\r120\t7.2\t7.2_80.cif,3.0,3.0,3.0,3.0,0,0,0,0,0,r120_t7.2_t7.2_80.cif,120,7.2,80,0.5089199999999892
d:\New folder\project\data\r120\t8.4\t8.4_0.cif,2.444688096880336,3.0,3.0,3.0,4,0,0,0,4,r120_t8.4_t8.4_0.cif,120,8.4,0,0.535129999999981
d:\New folder\project\data\r120\t8.4\t8.4_100.cif,3.0,3.0,3.0,2.7198911920703854,0,0,0,2,2,r120_t8.4_t8.4_100.cif,120,8.4,100,0.3952699999999822
d:\New folder\project\data\r120\t8.4\t8.4_120.cif,2.2453801137152753,3.0,2.7833669936319434,3.0,3,0,1,0,4,r120_t8.4_t8.4_120.cif,120,8.4,120,0.2449900000000298
d:\New folder\project\data\r120\t8.4\t8.4_140.cif,2.4138647036200913,3.0,2.4485769740473824,3.0,2,0,2,0,4,r120_t8.4_t8.4_140.cif,120,8.4,140,0.32779000000005
d:\New folder\project\data\r120\t8.4\t8.4_160.cif,3.0,3.0,2.412091333244768,3.0,0,0,2,0,2,r120_t8.4_t8.4_160.cif,120,8.4,160,0.4625800000000026
d:\New folder\project\data\r120\t8.4\t8.4_180.cif,3.0,3.0,2.701691399928932,3.0,0,0,2,0,2,r120_t8.4_t8.4_180.cif,120,8.4,180,0.5087200000000394
d:\New folder\project\data\r120\t8.4\t8.4_20.cif,3.0,3.0,3.0,2.752694892238794,0,0,0,2,2,r120_t8.4_t8.4_20.cif,120,8.4,20,0.5157500000000255
d:\New folder\project\data\r120\t8.4\t8.4_200.cif,3.0,3.0,3.0,3.0,0,0,0,0,0,r120_t8.4_t8.4_200.cif,120,8.4,200,0.6260900000000902
d:\New folder\project\data\r120\t8.4\t8.4_220.cif,3.0,3.0,3.0,3.0,0,0,0,0,0,r120_t8.4_t8.4_220.cif,120,8.4,220,0.6625200000000859
d:\New folder\project\data\r120\t8.4\t8.4_240.cif,3.0,3.0,3.0,3.0,0,0,0,0,0,r120_t8.4_t8.4_240.cif,120,8.4,240,0.5628500000000258
d:\New folder\project\data\r120\t8.4\t8.4_260.cif,3.0,3.0,3.0,3.0,0,0,0,0,0,r120_t8.4_t8.4_260.cif,120,8.4,260,0.440710000000081
d:\New folder\project\data\r120\t8.4\t8.4_280.cif,3.0,3.0,3.0,3.0,0,0,0,0,0,r120_t8.4_t8.4_280.cif,120,8.4,280,0.4051900000000614
d:\New folder\project\data\r120\t8.4\t8.4_300.cif,2.284872976964568,3.0,2.8111536312534873,3.0,2,0,1,0,3,r120_t8.4_t8.4_300.cif,120,8.4,300,0.4307300000000396
d:\New folder\project\data\r120\t8.4\t8.4_320.cif,2.0673025054643843,3.0,3.0,3.0,2,0,0,0,2,r120_t8.4_t8.4_320.cif,120,8.4,320,0.5529900000000225
d:\New folder\project\data\r120\t8.4\t8.4_340.cif,3.0,3.0,3.0,2.496183107431575,0,0,0,2,2,r120_t8.4_t8.4_340.cif,120,8.4,340,0.4902400000000853
d:\New folder\project\data\r120\t8.4\t8.4_40.cif,3.0,3.0,3.0,3.0,0,0,0,0,0,r120_t8.4_t8.4_40.cif,120,8.4,40,0.4595400000000609
d:\New folder\project\data\r120\t8.4\t8.4_60.cif,3.0,3.1520627922680657,2.678892870194365,3.0,0,2,2,0,4,r120_t8.4_t8.4_60.cif,120,8.4,60,0.4504800000000841
d:\New folder\project\data\r120\t8.4\t8.4_80.cif,3.0,3.0,3.0,3.0,0,0,0,0,0,r120_t8.4_t8.4_80.cif,120,8.4,80,0.5572700000000168
d:\New folder\project\data\r120\t9.6\t9.6_0.cif,2.3993959558420532,3.0,3.0,3.0,4,0,0,0,4,r120_t9.6_t9.6_0.cif,120,9.6,0,0.5114300000000185
d:\New folder\project\data\r120\t9.6\t9.6_100.cif,2.407729853871187,3.0,3.0,2.6833597738325405,2,0,0,2,4,r120_t9.6_t9.6_100.cif,120,9.6,100,0.4099899999999934
d:\New folder\project\data\r120\t9.6\t9.6_120.cif,2.496766573181848,3.0,3.0,2.665531178930176,1,0,0,2,3,r120_t9.6_t9.6_120.cif,120,9.6,120,0.2200300000000652
d:\New folder\project\data\r120\t9.6\t9.6_140.cif,3.0,3.0,2.5301116109664186,3.0,0,0,2,0,2,r120_t9.6_t9.6_140.cif,120,9.6,140,0.2886700000000246
d:\New folder\project\data\r120\t9.6\t9.6_160.cif,3.0,3.0,2.3913358155524413,3.0,0,0,2,0,2,r120_t9.6_t9.6_160.cif,120,9.6,160,0.3805600000000595
d:\New folder\project\data\r120\t9.6\t9.6_180.cif,3.0,3.0,3.0,3.0,0,0,0,0,0,r120_t9.6_t9.6_180.cif,120,9.6,180,0.5507000000000062
d:\New folder\project\data\r120\t9.6\t9.6_20.cif,3.0,3.0,3.0,3.0,0,0,0,0,0,r120_t9.6_t9.6_20.cif,120,9.6,20,0.5118499999999813
d:\New folder\project\data\r120\t9.6\t9.6_200.cif,3.0,3.0,3.0,3.0,0,0,0,0,0,r120_t9.6_t9.6_200.cif,120,9.6,200,0.6599899999999934
d:\New folder\project\data\r120\t9.6\t9.6_220.cif,3.0,3.0,3.0,3.0,0,0,0,0,0,r120_t9.6_t9.6_220.cif,120,9.6,220,0.6250300000000379
d:\New folder\project\data\r120\t9.6\t9.6_240.cif,3.0,3.0,3.0,3.0,0,0,0,0,0,r120_t9.6_t9.6_240.cif,120,9.6,240,0.5142000000000735
d:\New folder\project\data\r120\t9.6\t9.6_260.cif,3.0,3.0,3.0,3.0,0,0,0,0,0,r120_t9.6_t9.6_260.cif,120,9.6,260,0.4015400000000682
d:\New folder\project\data\r120\t9.6\t9.6_280.cif,3.0,3.0,3.0,3.0,0,0,0,0,0,r120_t9.6_t9.6_280.cif,120,9.6,280,0.4197900000000345
d:\New folder\project\data\r120\t9.6\t9.6_300.cif,2.1947319902674165,3.0,2.686013391849002,3.0,2,0,2,0,4,r120_t9.6_t9.6_300.cif,120,9.6,300,0.4662700000000086
d:\New folder\project\data\r120\t9.6\t9.6_320.cif,1.9604227244014276,3.0,3.0,3.0,2,0,0,0,2,r120_t9.6_t9.6_320.cif,120,9.6,320,0.5768400000000611
d:\New folder\project\data\r120\t9.6\t9.6_340.cif,2.413244341451184,3.0,3.0,2.5403730498128643,2,0,0,2,4,r120_t9.6_t9.6_340.cif,120,9.6,340,0.4195100000000593
d:\New folder\project\data\r120\t9.6\t9.6_40.cif,3.0,3.0,3.0,3.0,0,0,0,0,0,r120_t9.6_t9.6_40.cif,120,9.6,40,0.4636900000000423
d:\New folder\project\data\r120\t9.6\t9.6_60.cif,3.0,3.0,2.7265604912575796,3.0,0,0,2,0,2,r120_t9.6_t9.6_60.cif,120,9.6,60,0.4429900000000089
d:\New folder\project\data\r120\t9.6\t9.6_80.cif,3.0,3.0,3.0,3.0,0,0,0,0,0,r120_t9.6_t9.6_80.cif,120,9.6,80,0.550010000000043
d:\New folder\project\data\r140\t0\t0_0.cif,2.1503752944180587,3.0,3.0,3.0,2,0,0,0,2,r140_t0_t0_0.cif,140,0.0,0,0.5940800000000763
d:\New folder\project\data\r140\t0\t0_100.cif,2.309479032319281,3.0,2.682844051663377,3.0,4,0,2,0,6,r140_t0_t0_100.cif,140,0.0,100,0.5103500000000167
d:\New folder\project\data\r140\t0\t0_120.cif,2.1267772047422904,3.0,3.0,3.0,2,0,0,0,2,r140_t0_t0_120.cif,140,0.0,120,0.2651799999999866
d:\New folder\project\data\r140\t0\t0_140.cif,2.455624019367892,3.0,3.0,3.0,2,0,0,0,2,r140_t0_t0_140.cif,140,0.0,140,0.2155700000000706
d:\New folder\project\data\r140\t0\t0_160.cif,3.0,3.0,2.5183004331383083,3.0,0,0,2,0,2,r140_t0_t0_160.cif,140,0.0,160,0.3396400000000312
d:\New folder\project\data\r140\t0\t0_180.cif,3.0,3.0,2.3358769608369534,3.0,0,0,2,0,2,r140_t0_t0_180.cif,140,0.0,180,0.4187299999999823
d:\New folder\project\data\r140\t0\t0_20.cif,2.3301200749804667,3.0,3.0,3.0,3,0,0,0,3,r140_t0_t0_20.cif,140,0.0,20,0.6063100000000077
d:\New folder\project\data\r140\t0\t0_200.cif,3.0,3.0,2.6590839360424194,3.0,0,0,2,0,2,r140_t0_t0_200.cif,140,0.0,200,0.5101900000000796
d:\New folder\project\data\r140\t0\t0_220.cif,3.0,3.0,2.659125515839092,3.0,0,0,2,0,2,r140_t0_t0_220.cif,140,0.0,220,0.498450000000048
d:\New folder\project\data\r140\t0\t0_240.cif,2.403114434958387,3.0,2.82374473115053,3.0,2,0,2,0,4,r140_t0_t0_240.cif,140,0.0,240,0.3997400000000652
d:\New folder\project\data\r140\t0\t0_260.cif,3.0,3.0,2.7359150376858703,3.0,0,0,2,0,2,r140_t0_t0_260.cif,140,0.0,260,0.3890200000000732
d:\New folder\project\data\r140\t0\t0_280.cif,3.0,3.0,3.0,3.0,0,0,0,0,0,r140_t0_t0_280.cif,140,0.0,280,0.3743400000000747
d:\New folder\project\data\r140\t0\t0_300.cif,3.0,3.0,2.69836091138177,3.0,0,0,2,0,2,r140_t0_t0_300.cif,140,0.0,300,0.3710700000000315
d:\New folder\project\data\r140\t0\t0_320.cif,2.3853843352272843,3.0,2.716983748554831,3.0,2,0,2,0,4,r140_t0_t0_320.cif,140,0.0,320,0.4518300000000863
d:\New folder\project\data\r140\t0\t0_340.cif,2.0495886269677754,3.0,3.0,3.0,2,0,0,0,2,r140_t0_t0_340.cif,140,0.0,340,0.6005300000000489
d:\New folder\project\data\r140\t0\t0_40.cif,3.0,3.0,2.5876221943798434,3.0,0,0,2,0,2,r140_t0_t0_40.cif,140,0.0,40,0.5014400000000023
d:\New folder\project\data\r140\t0\t0_60.cif,3.0,3.0,2.3788390438981497,3.0,0,0,2,0,2,r140_t0_t0_60.cif,140,0.0,60,0.4965399999999818
d:\New folder\project\data\r140\t0\t0_80.cif,3.0,3.132368819285429,2.5112932957428287,3.0,0,1,2,0,3,r140_t0_t0_80.cif,140,0.0,80,0.5620600000000877
d:\New folder\project\data\r140\t1.2\t1.2_0.cif,2.3434072491454945,3.0,3.0,3.0,4,0,0,0,4,r140_t1.2_t1.2_0.cif,140,1.2,0,0.477510000000052
d:\New folder\project\data\r140\t1.2\t1.2_100.cif,2.1995052484835655,3.0,2.5359016890636834,3.0,2,0,2,0,4,r140_t1.2_t1.2_100.cif,140,1.2,100,0.4505300000000716
d:\New folder\project\data\r140\t1.2\t1.2_120.cif,2.188671821099222,3.0,2.4760316108752227,3.0,2,0,2,0,4,r140_t1.2_t1.2_120.cif,140,1.2,120,0.4046700000000101
d:\New folder\project\data\r140\t1.2\t1.2_140.cif,3.0,3.0,2.584759256382854,3.0,0,0,2,0,2,r140_t1.2_t1.2_140.cif,140,1.2,140,0.2716599999999971
d:\New folder\project\data\r140\t1.2\t1.2_160.cif,3.0,3.0,3.0,3.0,0,0,0,0,0,r140_t1.2_t1.2_160.cif,140,1.2,160,0.4021800000000439
d:\New folder\project\data\r140\t1.2\t1.2_180.cif,3.0,3.0,3.0,3.0,0,0,0,0,0,r140_t1.2_t1.2_180.cif,140,1.2,180,0.5271400000000313
d:\New folder\project\data\r140\t1.2\t1.2_20.cif,2.166799146271555,3.0,3.0,3.0,2,0,0,0,2,r140_t1.2_t1.2_20.cif,140,1.2,20,0.6171300000000883
d:\New folder\project\data\r140\t1.2\t1.2_200.cif,3.0,3.0,3.0,3.0,0,0,0,0,0,r140_t1.2_t1.2_200.cif,140,1.2,200,0.5466600000000881
d:\New folder\project\data\r140\t1.2\t1.2_220.cif,3.0,3.0,3.0,3.0,0,0,0,0,0,r140_t1.2_t1.2_220.cif,140,1.2,220,0.4955600000000686
d:\New folder\project\data\r140\t1.2\t1.2_240.cif,2.443777825209286,3.0,2.7345445380247186,3.0,4,0,2,0,6,r140_t1.2_t1.2_240.cif,140,1.2,240,0.4132400000000871
d:\New folder\project\data\r140\t1.2\t1.2_260.cif,2.3568349795440726,3.0,2.706274133961525,3.0,1,0,2,0,3,r140_t1.2_t1.2_260.cif,140,1.2,260,0.4178600000000187
d:\New folder\project\data\r140\t1.2\t1.2_280.cif,2.4782422703178915,3.0,2.710545173844796,3.0,2,0,2,0,4,r140_t1.2_t1.2_280.cif,140,1.2,280,0.3773800000000165
d:\New folder\project\data\r140\t1.2\t1.2_300.cif,2.3650373424662305,3.0,2.7409366187944513,3.0,2,0,3,0,5,r140_t1.2_t1.2_300.cif,140,1.2,300,0.3493200000000342
d:\New folder\project\data\r140\t1.2\t1.2_320.cif,2.2396060960622606,3.0,2.7178618317530963,3.0,2,0,3,0,5,r140_t1.2_t1.2_320.cif,140,1.2,320,0.30925000000002
d:\New folder\project\data\r140\t1.2\t1.2_340.cif,2.258423117782735,3.0,2.6365600900437554,3.0,4,0,3,0,7,r140_t1.2_t1.2_340.cif,140,1.2,340,0.4432800000000725
d:\New folder\project\data\r140\t1.2\t1.2_40.cif,2.3541071300707808,3.0,3.0,3.0,2,0,0,0,2,r140_t1.2_t1.2_40.cif,140,1.2,40,0.5365600000000086
d:\New folder\project\data\r140\t1.2\t1.2_60.cif,3.0,3.0,2.261683206628633,3.0,0,0,2,0,2,r140_t1.2_t1.2_60.cif,140,1.2,60,0.4134999999999991
d:\New folder\project\data\r140\t1.2\t1.2_80.cif,3.0,3.0,2.394559292872915,3.0,0,0,2,0,2,r140_t1.2_t1.2_80.cif,140,1.2,80,0.4518800000000738
d:\New folder\project\data\r140\t2.4\t2.4_0.cif,2.4697681282214106,3.0,3.0,3.0,2,0,0,0,2,r140_t2.4_t2.4_0.cif,140,2.4,0,0.3605700000000524
d:\New folder\project\data\r140\t2.4\t2.4_100.cif,2.2357033389524834,3.0,2.730229046463806,3.0,4,0,2,0,6,r140_t2.4_t2.4_100.cif,140,2.4,100,0.4039599999999836
d:\New folder\project\data\r140\t2.4\t2.4_120.cif,2.2330641889422855,3.0,2.3812559303743317,3.0,4,0,2,0,6,r140_t2.4_t2.4_120.cif,140,2.4,120,0.495830000000069
d:\New folder\project\data\r140\t2.4\t2.4_140.cif,3.0,3.0,2.3448140563217468,3.0,0,0,2,0,2,r140_t2.4_t2.4_140.cif,140,2.4,140,0.4175300000000561
d:\New folder\project\data\r140\t2.4\t2.4_160.cif,3.0,3.0,3.0,3.0,0,0,0,0,0,r140_t2.4_t2.4_160.cif,140,2.4,160,0.4835500000000365
d:\New folder\project\data\r140\t2.4\t2.4_180.cif,3.0,3.0,3.0,3.0,0,0,0,0,0,r140_t2.4_t2.4_180.cif,140,2.4,180,0.5666499999999814
d:\New folder\project\data\r140\t2.4\t2.4_20.cif,2.0648379000302235,3.0,3.0,3.0,2,0,0,0,2,r140_t2.4_t2.4_20.cif,140,2.4,20,0.5614100000000235
d:\New folder\project\data\r140\t2.4\t2.4_200.cif,3.0,3.0,3.0,3.0,0,0,0,0,0,r140_t2.4_t2.4_200.cif,140,2.4,200,0.5507600000000821
d:\New folder\project\data\r140\t2.4\t2.4_220.cif,2.4352064849572743,3.0,3.0,3.0,2,0,0,0,2,r140_t2.4_t2.4_220.cif,140,2.4,220,0.4649299999999812
d:\New folder\project\data\r140\t2.4\t2.4_240.cif,3.0,3.0,2.3138548724162007,3.0,0,0,2,0,2,r140_t2.4_t2.4_240.cif,140,2.4,240,0.400600000000054
d:\New folder\project\data\r140\t2.4\t2.4_260.cif,1.9491509193749486,3.0,3.0,3.0,2,0,0,0,2,r140_t2.4_t2.4_260.cif,140,2.4,260,0.5001399999999876
d:\New folder\project\data\r140\t2.4\t2.4_280.cif,2.0907904683214054,3.0,2.8056279863187106,3.0,2,0,1,0,3,r140_t2.4_t2.4_280.cif,140,2.4,280,0.4069200000000137
d:\New folder\project\data\r140\t2.4\t2.4_300.cif,2.4339365516500386,3.0,2.6403472873004326,3.0,2,0,4,0,6,r140_t2.4_t2.4_300.cif,140,2.4,300,0.3743200000000115
d:\New folder\project\data\r140\t2.4\t2.4_320.cif,2.2036957531988475,3.0,2.516759468020779,3.0,2,0,4,0,6,r140_t2.4_t2.4_320.cif,140,2.4,320,0.4491400000000567
d:\New folder\project\data\r140\t2.4\t2.4_340.cif,2.2968731985760305,3.0,2.6036127723681033,3.0,2,0,4,0,6,r140_t2.4_t2.4_340.cif,140,2.4,340,0.4105200000000195
d:\New folder\project\data\r140\t2.4\t2.4_40.cif,2.109998143749538,3.0,3.0,3.0,2,0,0,0,2,r140_t2.4_t2.4_40.cif,140,2.4,40,0.5082200000000512
d:\New folder\project\data\r140\t2.4\t2.4_60.cif,3.0,3.0,2.4022190686795417,2.827317426502099,0,0,2,1,3,r140_t2.4_t2.4_60.cif,140,2.4,60,0.3280799999999999
d:\New folder\project\data\r140\t2.4\t2.4_80.cif,2.200745260830936,3.0,2.5893715378792406,3.0,2,0,2,0,4,r140_t2.4_t2.4_80.cif,140,2.4,80,0.3259300000000849
d:\New folder\project\data\r140\t3.6\t3.6_0.cif,3.0,3.0,3.0,3.0,0,0,0,0,0,r140_t3.6_t3.6_0.cif,140,3.6,0,0.3918200000000524
d:\New folder\project\data\r140\t3.6\t3.6_100.cif,2.261151418087417,3.0,2.6458382945286605,3.0,4,0,2,0,6,r140_t3.6_t3.6_100.cif,140,3.6,100,0.3940800000000308
d:\New folder\project\data\r140\t3.6\t3.6_120.cif,2.167800526711823,3.0,2.646051376020095,3.0,2,0,2,0,4,r140_t3.6_t3.6_120.cif,140,3.6,120,0.459920000000011
d:\New folder\project\data\r140\t3.6\t3.6_140.cif,2.3829297975212027,3.0,2.6797562712971743,3.0,2,0,2,0,4,r140_t3.6_t3.6_140.cif,140,3.6,140,0.5134500000000344
d:\New folder\project\data\r140\t3.6\t3.6_160.cif,2.35074379770521,3.0,3.0,3.0,4,0,0,0,4,r140_t3.6_t3.6_160.cif,140,3.6,160,0.522199999999998
d:\New folder\project\data\r140\t3.6\t3.6_180.cif,2.0838577906479223,3.0,3.0,3.0,2,0,0,0,2,r140_t3.6_t3.6_180.cif,140,3.6,180,0.5968700000000808
d:\New folder\project\data\r140\t3.6\t3.6_20.cif,3.0,3.0,3.0,3.0,0,0,0,0,0,r140_t3.6_t3.6_20.cif,140,3.6,20,0.5239200000000892
d:\New folder\project\data\r140\t3.6\t3.6_200.cif,2.257315788948647,3.0,3.0,3.0,2,0,0,0,2,r140_t3.6_t3.6_200.cif,140,3.6,200,0.4733800000000201
d:\New folder\project\data\r140\t3.6\t3.6_220.cif,2.265993821632417,3.0,3.0,3.0,2,0,0,0,2,r140_t3.6_t3.6_220.cif,140,3.6,220,0.4179000000000314
d:\New folder\project\data\r140\t3.6\t3.6_240.cif,2.1914783070675963,3.0,3.0,3.0,4,0,0,0,4,r140_t3.6_t3.6_240.cif,140,3.6,240,0.4680600000000368
d:\New folder\project\data\r140\t3.6\t3.6_260.cif,2.1034564669790035,3.0,3.0,3.0,2,0,0,0,2,r140_t3.6_t3.6_260.cif,140,3.6,260,0.520680000000084
d:\New folder\project\data\r140\t3.6\t3.6_280.cif,2.2818895259964416,3.0,3.0,3.0,2,0,0,0,2,r140_t3.6_t3.6_280.cif,140,3.6,280,0.4211200000000872
d:\New folder\project\data\r140\t3.6\t3.6_300.cif,3.0,3.0,2.6697891037557095,3.0,0,0,2,0,2,r140_t3.6_t3.6_300.cif,140,3.6,300,0.4233300000000781
d:\New folder\project\data\r140\t3.6\t3.6_320.cif,2.396210072248734,3.0,2.563924051219832,3.0,2,0,2,0,4,r140_t3.6_t3.6_320.cif,140,3.6,320,0.4882600000000821
d:\New folder\project\data\r140\t3.6\t3.6_340.cif,2.4691957573682033,3.0,2.419327346721806,3.0,2,0,2,0,4,r140_t3.6_t3.6_340.cif,140,3.6,340,0.4380300000000261
d:\New folder\project\data\r140\t3.6\t3.6_40.cif,3.0,3.0,3.0,3.0,0,0,0,0,0,r140_t3.6_t3.6_40.cif,140,3.6,40,0.5756999999999834
d:\New folder\project\data\r140\t3.6\t3.6_60.cif,3.0,3.0,3.0,3.0,0,0,0,0,0,r140_t3.6_t3.6_60.cif,140,3.6,60,0.4825799999999844
d:\New folder\project\data\r140\t3.6\t3.6_80.cif,2.4453976661443173,3.0,3.0,3.0,2,0,0,0,2,r140_t3.6_t3.6_80.cif,140,3.6,80,0.3358500000000504
d:\New folder\project\data\r140\t4.8\t4.8_0.cif,3.0,3.0,3.0,3.0,0,0,0,0,0,r140_t4.8_t4.8_0.cif,140,4.8,0,0.4133000000000493
d:\New folder\project\data\r140\t4.8\t4.8_100.cif,2.017153613640236,3.0,2.561906444915887,3.0,2,0,2,0,4,r140_t4.8_t4.8_100.cif,140,4.8,100,0.3985600000000886
d:\New folder\project\data\r140\t4.8\t4.8_120.cif,2.0581781072281453,3.0,2.4521655680312966,3.0,2,0,2,0,4,r140_t4.8_t4.8_120.cif,140,4.8,120,0.4921400000000631
d:\New folder\project\data\r140\t4.8\t4.8_140.cif,2.132588156452896,3.0,2.491191383271241,3.0,2,0,2,0,4,r140_t4.8_t4.8_140.cif,140,4.8,140,0.5149200000000747
d:\New folder\project\data\r140\t4.8\t4.8_160.cif,2.2018580637359966,3.0,3.0,3.0,2,0,0,0,2,r140_t4.8_t4.8_160.cif,140,4.8,160,0.5621399999999994
d:\New folder\project\data\r140\t4.8\t4.8_180.cif,2.145988144079851,3.0,3.0,3.0,2,0,0,0,2,r140_t4.8_t4.8_180.cif,140,4.8,180,0.5855400000000373
d:\New folder\project\data\r140\t4.8\t4.8_20.cif,3.0,3.0,3.0,3.0,0,0,0,0,0,r140_t4.8_t4.8_20.cif,140,4.8,20,0.5363600000000588
d:\New folder\project\data\r140\t4.8\t4.8_200.cif,2.457920078686188,3.0,2.6518721649682973,2.5258083839248426,2,0,2,2,6,r140_t4.8_t4.8_200.cif,140,4.8,200,0.374779999999987
d:\New folder\project\data\r140\t4.8\t4.8_220.cif,2.0807026995165305,3.0,3.0,2.7919951668420313,2,0,0,2,4,r140_t4.8_t4.8_220.cif,140,4.8,220,0.42775000000006
d:\New folder\project\data\r140\t4.8\t4.8_240.cif,2.0985781822090135,3.0,3.0,3.0,4,0,0,0,4,r140_t4.8_t4.8_240.cif,140,4.8,240,0.5324900000000525
d:\New folder\project\data\r140\t4.8\t4.8_260.cif,2.2009240354053334,3.0,3.0,3.0,4,0,0,0,4,r140_t4.8_t4.8_260.cif,140,4.8,260,0.5223100000000613
d:\New folder\project\data\r140\t4.8\t4.8_280.cif,2.181952231078295,3.0,2.6983318087593204,3.0,4,0,2,0,6,r140_t4.8_t4.8_280.cif,140,4.8,280,0.4292199999999866
d:\New folder\project\data\r140\t4.8\t4.8_300.cif,2.335199767159744,3.0,2.518769020564843,3.0,2,0,2,0,4,r140_t4.8_t4.8_300.cif,140,4.8,300,0.4334400000000187
d:\New folder\project\data\r140\t4.8\t4.8_320.cif,3.0,3.0,2.3644113040375796,3.0,0,0,2,0,2,r140_t4.8_t4.8_320.cif,140,4.8,320,0.4309500000000525
d:\New folder\project\data\r140\t4.8\t4.8_340.cif,2.476927720997351,3.0,2.3716642595968427,3.0,1,0,2,0,3,r140_t4.8_t4.8_340.cif,140,4.8,340,0.5188200000000052
d:\New folder\project\data\r140\t4.8\t4.8_40.cif,3.0,3.0,3.0,3.0,0,0,0,0,0,r140_t4.8_t4.8_40.cif,140,4.8,40,0.5195300000000316
d:\New folder\project\data\r140\t4.8\t4.8_60.cif,3.0,3.0,3.0,3.0,0,0,0,0,0,r140_t4.8_t4.8_60.cif,140,4.8,60,0.3503900000000612
d:\New folder\project\data\r140\t4.8\t4.8_80.cif,2.3432666568019695,3.0,3.0,3.0,2,0,0,0,2,r140_t4.8_t4.8_80.cif,140,4.8,80,0.2928900000000567
d:\New folder\project\data\r140\t6.0\t6.0_0.cif,2.4324399212080072,3.0,3.0,3.0,2,0,0,0,2,r140_t6.0_t6.0_0.cif,140,6.0,0,0.4383900000000267
d:\New folder\project\data\r140\t6.0\t6.0_100.cif,2.0197305298678327,3.0,2.8064136980962897,3.0,4,0,2,0,6,r140_t6.0_t6.0_100.cif,140,6.0,100,0.4100399999999808
d:\New folder\project\data\r140\t6.0\t6.0_120.cif,2.202534793564422,3.0,2.6089186567467837,3.0,6,0,2,0,8,r140_t6.0_t6.0_120.cif,140,6.0,120,0.5004200000000765
d:\New folder\project\data\r140\t6.0\t6.0_140.cif,2.275602943166458,3.0,3.0,3.0,2,0,0,0,2,r140_t6.0_t6.0_140.cif,140,6.0,140,0.5125300000000834
d:\New folder\project\data\r140\t6.0\t6.0_160.cif,2.4009133416649036,3.0,3.0,3.0,4,0,0,0,4,r140_t6.0_t6.0_160.cif,140,6.0,160,0.5686500000000478
d:\New folder\project\data\r140\t6.0\t6.0_180.cif,2.1125486498994315,3.0,2.6432995987339614,3.0,2,0,2,0,4,r140_t6.0_t6.0_180.cif,140,6.0,180,0.5271999999999935
d:\New folder\project\data\r140\t6.0\t6.0_20.cif,2.0512566560499317,3.0,3.0,3.0,2,0,0,0,2,r140_t6.0_t6.0_20.cif,140,6.0,20,0.5846900000000232
d:\New folder\project\data\r140\t6.0\t6.0_200.cif,2.470934447248648,3.0,2.418931453678015,3.0,1,0,2,0,3,r140_t6.0_t6.0_200.cif,140,6.0,200,0.4231800000000021
d:\New folder\project\data\r140\t6.0\t6.0_220.cif,2.2995341878196047,3.0,2.591187925406094,3.0,2,0,2,0,4,r140_t6.0_t6.0_220.cif,140,6.0,220,0.4331600000000435
d:\New folder\project\data\r140\t6.0\t6.0_240.cif,2.2571288602735335,3.0,3.0,2.790646754783893,4,0,0,1,5,r140_t6.0_t6.0_240.cif,140,6.0,240,0.5126000000000204
d:\New folder\project\data\r140\t6.0\t6.0_260.cif,2.341088841776981,3.0,3.0,3.0,5,0,0,0,5,r140_t6.0_t6.0_260.cif,140,6.0,260,0.4807400000000825
d:\New folder\project\data\r140\t6.0\t6.0_280.cif,2.3480824092207144,3.0,2.7922406199409737,3.0,3,0,2,0,5,r140_t6.0_t6.0_280.cif,140,6.0,280,0.4214400000000751
d:\New folder\project\data\r140\t6.0\t6.0_300.cif,2.306737932121856,3.0,2.3245965093090284,3.0,2,0,2,0,4,r140_t6.0_t6.0_300.cif,140,6.0,300,0.3736800000000357
d:\New folder\project\data\r140\t6.0\t6.0_320.cif,2.4266570604902995,3.0,2.1634381788969725,3.0,1,0,2,0,3,r140_t6.0_t6.0_320.cif,140,6.0,320,0.3397700000000441
d:\New folder\project\data\r140\t6.0\t6.0_340.cif,2.2930607177582023,3.0,2.4107129931430293,3.0,1,0,2,0,3,r140_t6.0_t6.0_340.cif,140,6.0,340,0.3858099999999922
d:\New folder\project\data\r140\t6.0\t6.0_40.cif,2.1329162316941037,3.0,3.0,3.0,2,0,0,0,2,r140_t6.0_t6.0_40.cif,140,6.0,40,0.4980500000000347
d:\New folder\project\data\r140\t6.0\t6.0_60.cif,3.0,3.0,2.3485937763893965,3.0,0,0,1,0,1,r140_t6.0_t6.0_60.cif,140,6.0,60,0.3019600000000082
d:\New folder\project\data\r140\t6.0\t6.0_80.cif,2.365060349031984,3.0,2.4516810508040425,3.0,4,0,1,0,5,r140_t6.0_t6.0_80.cif,140,6.0,80,0.2533700000000181
d:\New folder\project\data\r140\t7.2\t7.2_0.cif,2.306351850379537,3.0,3.0,3.0,4,0,0,0,4,r140_t7.2_t7.2_0.cif,140,7.2,0,0.5350700000000188
d:\New folder\project\data\r140\t7.2\t7.2_100.cif,2.1436035187288978,3.0,2.62870130089708,3.0,2,0,2,0,4,r140_t7.2_t7.2_100.cif,140,7.2,100,0.4702000000000907
d:\New folder\project\data\r140\t7.2\t7.2_120.cif,2.2252699111872927,3.0,3.0,3.0,4,0,0,0,4,r140_t7.2_t7.2_120.cif,140,7.2,120,0.4319100000000162
d:\New folder\project\data\r140\t7.2\t7.2_140.cif,2.067704609591919,3.0,3.0,3.0,2,0,0,0,2,r140_t7.2_t7.2_140.cif,140,7.2,140,0.3760500000000775
d:\New folder\project\data\r140\t7.2\t7.2_160.cif,2.1530759996236615,3.0,3.0,3.0,2,0,0,0,2,r140_t7.2_t7.2_160.cif,140,7.2,160,0.4740800000000718
d:\New folder\project\data\r140\t7.2\t7.2_180.cif,2.2069770269615057,3.0,2.7408380316430283,3.0,2,0,2,0,4,r140_t7.2_t7.2_180.cif,140,7.2,180,0.5050800000000208
d:\New folder\project\data\r140\t7.2\t7.2_20.cif,2.1160626813613117,3.0,3.0,3.0,2,0,0,0,2,r140_t7.2_t7.2_20.cif,140,7.2,20,0.6230900000000474
d:\New folder\project\data\r140\t7.2\t7.2_200.cif,2.4785539689412883,3.0,2.5168077285926245,3.0,2,0,2,0,4,r140_t7.2_t7.2_200.cif,140,7.2,200,0.5425599999999804
d:\New folder\project\data\r140\t7.2\t7.2_220.cif,2.316415361315857,3.0,2.7963220593883005,3.0,2,0,2,0,4,r140_t7.2_t7.2_220.cif,140,7.2,220,0.5290899999999965
d:\New folder\project\data\r140\t7.2\t7.2_240.cif,2.0216326793509056,3.0,3.0,3.0,2,0,0,0,2,r140_t7.2_t7.2_240.cif,140,7.2,240,0.5128000000000839
d:\New folder\project\data\r140\t7.2\t7.2_260.cif,2.32019982230636,3.0,3.0,3.0,4,0,0,0,4,r140_t7.2_t7.2_260.cif,140,7.2,260,0.4665499999999838
d:\New folder\project\data\r140\t7.2\t7.2_280.cif,2.068598896499379,3.0,3.0,3.0,2,0,0,0,2,r140_t7.2_t7.2_280.cif,140,7.2,280,0.466350000000034
d:\New folder\project\data\r140\t7.2\t7.2_300.cif,2.213173482542807,3.0,2.708743085890892,3.0,2,0,2,0,4,r140_t7.2_t7.2_300.cif,140,7.2,300,0.3629799999999932
d:\New folder\project\data\r140\t7.2\t7.2_320.cif,2.394578408486394,3.0,2.418978911203142,3.0,4,0,2,0,6,r140_t7.2_t7.2_320.cif,140,7.2,320,0.3121700000000373
d:\New folder\project\data\r140\t7.2\t7.2_340.cif,1.968357412887734,3.0,2.8177159083888355,3.0,2,0,2,0,4,r140_t7.2_t7.2_340.cif,140,7.2,340,0.4661600000000589
d:\New folder\project\data\r140\t7.2\t7.2_40.cif,2.2946211113230577,3.0,2.5291440046292593,3.0,2,0,2,0,4,r140_t7.2_t7.2_40.cif,140,7.2,40,0.4778200000000652
d:\New folder\project\data\r140\t7.2\t7.2_60.cif,3.0,3.0,2.188163132470005,3.0,0,0,2,0,2,r140_t7.2_t7.2_60.cif,140,7.2,60,0.390480000000025
d:\New folder\project\data\r140\t7.2\t7.2_80.cif,2.2699749626553993,3.0,2.2826910266192506,3.0,2,0,2,0,4,r140_t7.2_t7.2_80.cif,140,7.2,80,0.3826300000000628
d:\New folder\project\data\r140\t8.4\t8.4_0.cif,2.3727392545207073,3.0,3.0,3.0,4,0,0,0,4,r140_t8.4_t8.4_0.cif,140,8.4,0,0.5797700000000532
d:\New folder\project\data\r140\t8.4\t8.4_100.cif,2.3155826888442492,3.0,2.7284719540842937,3.0,4,0,2,0,6,r140_t8.4_t8.4_100.cif,140,8.4,100,0.516990000000078
d:\New folder\project\data\r140\t8.4\t8.4_120.cif,2.281504996280056,3.0,3.0,3.0,6,0,0,0,6,r140_t8.4_t8.4_120.cif,140,8.4,120,0.3699599999999918
d:\New folder\project\data\r140\t8.4\t8.4_140.cif,2.214695845897488,3.0,2.8156387369440976,3.0,2,0,2,0,4,r140_t8.4_t8.4_140.cif,140,8.4,140,0.2245800000000599
d:\New folder\project\data\r140\t8.4\t8.4_160.cif,2.3899948416386336,3.0,2.491415155547031,3.0,2,0,2,0,4,r140_t8.4_t8.4_160.cif,140,8.4,160,0.3690900000000283
d:\New folder\project\data\r140\t8.4\t8.4_180.cif,3.0,3.0,2.4152696123441864,3.0,0,0,2,0,2,r140_t8.4_t8.4_180.cif,140,8.4,180,0.4544700000000148
d:\New folder\project\data\r140\t8.4\t8.4_20.cif,2.3776397616595104,3.0,3.0,3.0,4,0,0,0,4,r140_t8.4_t8.4_20.cif,140,8.4,20,0.643320000000017
d:\New folder\project\data\r140\t8.4\t8.4_200.cif,3.0,3.0,2.334643684883442,3.0,0,0,2,0,2,r140_t8.4_t8.4_200.cif,140,8.4,200,0.5534099999999853
d:\New folder\project\data\r140\t8.4\t8.4_220.cif,3.0,3.0,2.6267394966107593,3.0,0,0,2,0,2,r140_t8.4_t8.4_220.cif,140,8.4,220,0.5347800000000689
d:\New folder\project\data\r140\t8.4\t8.4_240.cif,3.0,3.0,3.0,3.0,0,0,0,0,0,r140_t8.4_t8.4_240.cif,140,8.4,240,0.4595199999999977
d:\New folder\project\data\r140\t8.4\t8.4_260.cif,2.495223843225337,3.0,3.0,3.0,2,0,0,0,2,r140_t8.4_t8.4_260.cif,140,8.4,260,0.438130000000001
d:\New folder\project\data\r140\t8.4\t8.4_280.cif,2.398436527747042,3.0,3.0,3.0,2,0,0,0,2,r140_t8.4_t8.4_280.cif,140,8.4,280,0.4231300000000146
d:\New folder\project\data\r140\t8.4\t8.4_300.cif,2.4950215470734687,3.0,2.77335731115814,3.0,2,0,2,0,4,r140_t8.4_t8.4_300.cif,140,8.4,300,0.385050000000092
d:\New folder\project\data\r140\t8.4\t8.4_320.cif,2.4046933652847313,3.0,2.7764703515309126,3.0,2,0,2,0,4,r140_t8.4_t8.4_320.cif,140,8.4,320,0.4272600000000466
d:\New folder\project\data\r140\t8.4\t8.4_340.cif,2.104425674975107,3.0,3.0,3.0,2,0,0,0,2,r140_t8.4_t8.4_340.cif,140,8.4,340,0.6171100000000251
d:\New folder\project\data\r140\t8.4\t8.4_40.cif,3.0,3.0,2.6861172688623274,3.0,0,0,2,0,2,r140_t8.4_t8.4_40.cif,140,8.4,40,0.4677800000000616
d:\New folder\project\data\r140\t8.4\t8.4_60.cif,3.0,3.0,2.434833625896032,3.0,0,0,2,0,2,r140_t8.4_t8.4_60.cif,140,8.4,60,0.4974500000000716
d:\New folder\project\data\r140\t8.4\t8.4_80.cif,2.4929094970377212,3.0,2.458269937236178,3.0,2,0,2,0,4,r140_t8.4_t8.4_80.cif,140,8.4,80,0.5652600000000803
d:\New folder\project\data\r140\t9.6\t9.6_0.cif,2.3761186680514093,3.0,3.0,3.0,3,0,0,0,3,r140_t9.6_t9.6_0.cif,140,9.6,0,0.5497100000000046
d:\New folder\project\data\r140\t9.6\t9.6_100.cif,2.307006881600595,3.0,2.630007040924051,3.0,4,0,2,0,6,r140_t9.6_t9.6_100.cif,140,9.6,100,0.5160300000000007
d:\New folder\project\data\r140\t9.6\t9.6_120.cif,2.170934851468065,3.0,2.786580835747936,3.0,2,0,1,0,3,r140_t9.6_t9.6_120.cif,140,9.6,120,0.2576400000000376
d:\New folder\project\data\r140\t9.6\t9.6_140.cif,2.4393028435913533,3.0,3.0,3.0,1,0,0,0,1,r140_t9.6_t9.6_140.cif,140,9.6,140,0.2294000000000551
d:\New folder\project\data\r140\t9.6\t9.6_160.cif,3.0,3.0,2.50462888369539,3.0,0,0,2,0,2,r140_t9.6_t9.6_160.cif,140,9.6,160,0.3215300000000525
d:\New folder\project\data\r140\t9.6\t9.6_180.cif,3.0,3.0,2.5293998409504685,3.0,0,0,2,0,2,r140_t9.6_t9.6_180.cif,140,9.6,180,0.450580000000059
d:\New folder\project\data\r140\t9.6\t9.6_20.cif,2.38726627535927,3.0,3.0,3.0,4,0,0,0,4,r140_t9.6_t9.6_20.cif,140,9.6,20,0.6228300000000218
d:\New folder\project\data\r140\t9.6\t9.6_200.cif,3.0,3.0,2.2939899124751815,3.0,0,0,2,0,2,r140_t9.6_t9.6_200.cif,140,9.6,200,0.4812100000000328
d:\New folder\project\data\r140\t9.6\t9.6_220.cif,2.4451488546220514,3.0,2.7451145945618087,3.0,2,0,2,0,4,r140_t9.6_t9.6_220.cif,140,9.6,220,0.4597400000000107
d:\New folder\project\data\r140\t9.6\t9.6_240.cif,2.465536502259625,3.0,3.0,3.0,2,0,0,0,2,r140_t9.6_t9.6_240.cif,140,9.6,240,0.4073799999999892
d:\New folder\project\data\r140\t9.6\t9.6_260.cif,3.0,3.0,2.6673088442147295,3.0,0,0,2,0,2,r140_t9.6_t9.6_260.cif,140,9.6,260,0.3875300000000834
d:\New folder\project\data\r140\t9.6\t9.6_280.cif,2.249784382610515,3.0,2.574325732901924,3.0,2,0,3,0,5,r140_t9.6_t9.6_280.cif,140,9.6,280,0.324799999999982
d:\New folder\project\data\r140\t9.6\t9.6_300.cif,2.458110230058517,3.0,2.74008447052798,3.0,1,0,3,0,4,r140_t9.6_t9.6_300.cif,140,9.6,300,0.3580000000000609
d:\New folder\project\data\r140\t9.6\t9.6_320.cif,2.36112720449023,3.0,2.687524531634292,3.0,2,0,2,0,4,r140_t9.6_t9.6_320.cif,140,9.6,320,0.4473600000000033
d:\New folder\project\data\r140\t9.6\t9.6_340.cif,1.9372095598787578,3.0,3.0,3.0,2,0,0,0,2,r140_t9.6_t9.6_340.cif,140,9.6,340,0.611590000000092
d:\New folder\project\data\r140\t9.6\t9.6_40.cif,3.0,3.0,2.5132625330730667,2.782629097122708,0,0,2,1,3,r140_t9.6_t9.6_40.cif,140,9.6,40,0.5083400000000893
d:\New folder\project\data\r140\t9.6\t9.6_60.cif,3.0,3.0,2.276064862945331,3.0,0,0,2,0,2,r140_t9.6_t9.6_60.cif,140,9.6,60,0.5304100000000744
d:\New folder\project\data\r140\t9.6\t9.6_80.cif,2.462504851319064,3.0638877376967413,2.4747508503069007,3.0,2,2,2,0,6,r140_t9.6_t9.6_80.cif,140,9.6,80,0.5625300000000379
d:\New folder\project\data\r160\t0\t0_0.cif,2.4340271700939597,3.0,3.0,3.0,5,0,0,0,5,r160_t0_t0_0.cif,160,0.0,0,0.5980500000000575
d:\New folder\project\data\r160\t0\t0_100.cif,2.4571811245928963,3.0,2.374559740792023,3.0,1,0,2,0,3,r160_t0_t0_100.cif,160,0.0,100,0.352100000000064
d:\New folder\project\data\r160\t0\t0_120.cif,2.366431199941746,3.0,2.6128332357761312,2.760712966939748,4,0,2,3,9,r160_t0_t0_120.cif,160,0.0,120,0.1489400000000387
d:\New folder\project\data\r160\t0\t0_140.cif,2.341173741873304,3.0,2.7698297170088195,3.0,4,0,2,0,6,r160_t0_t0_140.cif,160,0.0,140,0.1116900000000669
d:\New folder\project\data\r160\t0\t0_160.cif,3.0,3.0,2.4487337761308074,2.5926447079319788,0,0,2,2,4,r160_t0_t0_160.cif,160,0.0,160,0.0888600000000678
d:\New folder\project\data\r160\t0\t0_180.cif,3.0,3.0,2.565537476607558,2.7107191580799075,0,0,2,2,4,r160_t0_t0_180.cif,160,0.0,180,0.1842800000000579
d:\New folder\project\data\r160\t0\t0_20.cif,2.4340271700939597,3.0,3.0,3.0,5,0,0,0,5,r160_t0_t0_20.cif,160,0.0,20,0.5980500000000575
d:\New folder\project\data\r160\t0\t0_200.cif,3.0,3.0,2.388233493580441,3.0,0,0,2,0,2,r160_t0_t0_200.cif,160,0.0,200,0.4101900000000569
d:\New folder\project\data\r160\t0\t0_220.cif,2.453274291208226,3.0,2.235005337480148,3.0,2,0,2,0,4,r160_t0_t0_220.cif,160,0.0,220,0.3481900000000451
d:\New folder\project\data\r160\t0\t0_240.cif,2.4199474197123245,3.0,2.3835777339582878,3.0,4,0,2,0,6,r160_t0_t0_240.cif,160,0.0,240,0.2568899999999985
d:\New folder\project\data\r160\t0\t0_260.cif,2.2729513822599188,3.0,2.716225851746908,2.761213541979478,2,0,2,2,6,r160_t0_t0_260.cif,160,0.0,260,0.1278800000000046
d:\New folder\project\data\r160\t0\t0_280.cif,3.0,3.0,2.687029957462325,3.0,0,0,2,0,2,r160_t0_t0_280.cif,160,0.0,280,0.2237700000000586
d:\New folder\project\data\r160\t0\t0_300.cif,2.349578488347654,2.836381439908412,2.3598597086952315,3.0,6,2,6,0,14,r160_t0_t0_300.cif,160,0.0,300,-0.0509299999999939
d:\New folder\project\data\r160\t0\t0_320.cif,2.2628010644513568,2.768759497949442,2.264391015395221,1.977577444831277,4,2,6,1,13,r160_t0_t0_320.cif,160,0.0,320,-0.2132100000000036
d:\New folder\project\data\r160\t0\t0_340.cif,2.0394683362312795,3.0,3.0,3.0,2,0,0,0,2,r160_t0_t0_340.cif,160,0.0,340,0.5709900000000516
d:\New folder\project\data\r160\t0\t0_40.cif,2.3418270819447917,3.0,3.0,3.0,4,0,0,0,4,r160_t0_t0_40.cif,160,0.0,40,0.6208199999999806
d:\New folder\project\data\r160\t0\t0_60.cif,2.495493905156189,3.0,2.5643593520860963,3.0,1,0,2,0,3,r160_t0_t0_60.cif,160,0.0,60,0.5060900000000856
d:\New folder\project\data\r160\t0\t0_80.cif,3.0,3.0,2.4149231248308416,3.0,0,0,2,0,2,r160_t0_t0_80.cif,160,0.0,80,0.4834700000000111
d:\New folder\project\data\r160\t1.2\t1.2_0.cif,2.342989178183339,3.0,3.0,3.0,4,0,0,0,4,r160_t1.2_t1.2_0.cif,160,1.2,0,0.4604900000000498
d:\New folder\project\data\r160\t1.2\t1.2_100.cif,2.202089141621931,3.0,2.2028497566495657,3.0,2,0,2,0,4,r160_t1.2_t1.2_100.cif,160,1.2,100,0.2749600000000782
d:\New folder\project\data\r160\t1.2\t1.2_120.cif,2.281217834572878,3.0,2.6517849369492037,2.7983722647311304,2,0,2,2,6,r160_t1.2_t1.2_120.cif,160,1.2,120,0.2543900000000576
d:\New folder\project\data\r160\t1.2\t1.2_140.cif,2.2791620258501357,3.0,2.757209099917793,2.572154909284803,2,0,2,2,6,r160_t1.2_t1.2_140.cif,160,1.2,140,0.2884500000000116
d:\New folder\project\data\r160\t1.2\t1.2_160.cif,3.0,3.0,3.0,2.5025962980321736,0,0,0,2,2,r160_t1.2_t1.2_160.cif,160,1.2,160,0.246719999999982
d:\New folder\project\data\r160\t1.2\t1.2_180.cif,3.0,3.0,3.0,3.0,0,0,0,0,0,r160_t1.2_t1.2_180.cif,160,1.2,180,0.4167700000000423
d:\New folder\project\data\r160\t1.2\t1.2_20.cif,2.2717420392923695,3.0,3.0,3.0,2,0,0,0,2,r160_t1.2_t1.2_20.cif,160,1.2,20,0.5066300000000865
d:\New folder\project\data\r160\t1.2\t1.2_200.cif,3.0,3.0,2.7116676665237285,3.0,0,0,2,0,2,r160_t1.2_t1.2_200.cif,160,1.2,200,0.4718900000000303
d:\New folder\project\data\r160\t1.2\t1.2_220.cif,3.0,3.0,2.6865996381057826,3.0,0,0,2,0,2,r160_t1.2_t1.2_220.cif,160,1.2,220,0.4078600000000278
d:\New folder\project\data\r160\t1.2\t1.2_240.cif,2.3526929493681488,3.0,3.0,3.0,4,0,0,0,4,r160_t1.2_t1.2_240.cif,160,1.2,240,0.3071500000000924
d:\New folder\project\data\r160\t1.2\t1.2_260.cif,2.296098901298411,3.0,2.7952242972242214,3.0,2,0,4,0,6,r160_t1.2_t1.2_260.cif,160,1.2,260,0.1656500000000278
d:\New folder\project\data\r160\t1.2\t1.2_280.cif,2.3460655427193715,3.0,2.6678106780848343,3.0,2,0,6,0,8,r160_t1.2_t1.2_280.cif,160,1.2,280,0.0924600000000737
d:\New folder\project\data\r160\t1.2\t1.2_300.cif,2.318487661162903,2.739295767109463,2.223087348369546,1.9136551825393502,3,2,6,2,13,r160_t1.2_t1.2_300.cif,160,1.2,300,-0.2994099999999662
d:\New folder\project\data\r160\t1.2\t1.2_320.cif,2.321460196945983,2.761241092305757,1.9614887102998286,1.8385158469815215,2,2,4,2,10,r160_t1.2_t1.2_320.cif,160,1.2,320,-0.2972699999999122
d:\New folder\project\data\r160\t1.2\t1.2_340.cif,2.3270795837664515,3.0,2.7183654272573023,3.0,4,0,3,0,7,r160_t1.2_t1.2_340.cif,160,1.2,340,0.2633500000000595
d:\New folder\project\data\r160\t1.2\t1.2_40.cif,2.2846928061718854,3.0,3.0,3.0,2,0,0,0,2,r160_t1.2_t1.2_40.cif,160,1.2,40,0.5918000000000347
d:\New folder\project\data\r160\t1.2\t1.2_60.cif,2.278550277091973,3.0,2.2694014326225966,3.0,2,0,2,0,4,r160_t1.2_t1.2_60.cif,160,1.2,60,0.5347500000000309
d:\New folder\project\data\r160\t1.2\t1.2_80.cif,3.0,3.0,2.1692376921340806,3.0,0,0,2,0,2,r160_t1.2_t1.2_80.cif,160,1.2,80,0.4313600000000406
d:\New folder\project\data\r160\t2.4\t2.4_0.cif,2.4291424112969255,3.0,2.585456020631814,2.818357296890901,4,0,4,1,9,r160_t2.4_t2.4_0.cif,160,2.4,0,0.2198000000000775
d:\New folder\project\data\r160\t2.4\t2.4_100.cif,2.3523965339886193,3.0,2.5213646967460055,3.0,4,0,4,0,8,r160_t2.4_t2.4_100.cif,160,2.4,100,0.1408700000000635
d:\New folder\project\data\r160\t2.4\t2.4_120.cif,2.1488256257029272,3.0,2.6954636423694915,3.0,2,0,2,0,4,r160_t2.4_t2.4_120.cif,160,2.4,120,0.2647100000000364
d:\New folder\project\data\r160\t2.4\t2.4_140.cif,3.0,3.0,2.7100303564874078,3.0,0,0,2,0,2,r160_t2.4_t2.4_140.cif,160,2.4,140,0.3709300000000439
d:\New folder\project\data\r160\t2.4\t2.4_160.cif,3.0,3.0,2.7990146704804713,3.0,0,0,2,0,2,r160_t2.4_t2.4_160.cif,160,2.4,160,0.4745800000000599
d:\New folder\project\data\r160\t2.4\t2.4_180.cif,3.0,3.0,3.0,3.0,0,0,0,0,0,r160_t2.4_t2.4_180.cif,160,2.4,180,0.4506700000000592
d:\New folder\project\data\r160\t2.4\t2.4_20.cif,2.464947089693468,3.0,3.0,3.0,2,0,0,0,2,r160_t2.4_t2.4_20.cif,160,2.4,20,0.3631599999999935
d:\New folder\project\data\r160\t2.4\t2.4_200.cif,3.0,3.0,3.0,3.0,0,0,0,0,0,r160_t2.4_t2.4_200.cif,160,2.4,200,0.5702700000000505
d:\New folder\project\data\r160\t2.4\t2.4_220.cif,2.0319420151334446,3.0,3.0,3.0,2,0,0,0,2,r160_t2.4_t2.4_220.cif,160,2.4,220,0.4708400000000665
d:\New folder\project\data\r160\t2.4\t2.4_240.cif,2.213946759481547,3.0,2.587340167357566,2.6402493304052737,2,0,2,2,6,r160_t2.4_t2.4_240.cif,160,2.4,240,0.3630500000000438
d:\New folder\project\data\r160\t2.4\t2.4_260.cif,2.383688535135711,3.0,3.0,3.0,6,0,0,0,6,r160_t2.4_t2.4_260.cif,160,2.4,260,0.2681600000000799
d:\New folder\project\data\r160\t2.4\t2.4_280.cif,2.042692649772974,3.0,3.0,3.0,2,0,0,0,2,r160_t2.4_t2.4_280.cif,160,2.4,280,0.2621800000000576
d:\New folder\project\data\r160\t2.4\t2.4_300.cif,2.237822434465878,3.0,2.7986561301275885,3.0,4,0,3,0,7,r160_t2.4_t2.4_300.cif,160,2.4,300,0.2740499999999883
d:\New folder\project\data\r160\t2.4\t2.4_320.cif,2.2977320168698405,3.0,2.673613886965531,3.0,2,0,4,0,6,r160_t2.4_t2.4_320.cif,160,2.4,320,0.2291800000000421
d:\New folder\project\data\r160\t2.4\t2.4_340.cif,2.2586636282592263,3.0,2.590749460890972,3.0,2,0,3,0,5,r160_t2.4_t2.4_340.cif,160,2.4,340,0.2618800000000192
d:\New folder\project\data\r160\t2.4\t2.4_40.cif,2.1369571788287924,3.0,3.0,3.0,2,0,0,0,2,r160_t2.4_t2.4_40.cif,160,2.4,40,0.5832400000000462
d:\New folder\project\data\r160\t2.4\t2.4_60.cif,2.163870125657867,3.0,2.57526569188044,3.0,2,0,2,0,4,r160_t2.4_t2.4_60.cif,160,2.4,60,0.4493800000000192
d:\New folder\project\data\r160\t2.4\t2.4_80.cif,3.0,3.0,2.3642838759285048,3.0,0,0,2,0,2,r160_t2.4_t2.4_80.cif,160,2.4,80,0.3078300000000809
d:\New folder\project\data\r160\t3.6\t3.6_0.cif,3.0,3.0,2.750695962010814,3.0,0,0,2,0,2,r160_t3.6_t3.6_0.cif,160,3.6,0,0.3290200000000141
d:\New folder\project\data\r160\t3.6\t3.6_100.cif,3.0,3.0,2.635952708369274,3.0,0,0,2,0,2,r160_t3.6_t3.6_100.cif,160,3.6,100,0.2623600000000579
d:\New folder\project\data\r160\t3.6\t3.6_120.cif,2.3592444624565436,3.0,2.44611312644707,3.0,2,0,2,0,4,r160_t3.6_t3.6_120.cif,160,3.6,120,0.3371000000000776
d:\New folder\project\data\r160\t3.6\t3.6_140.cif,3.0,3.0,2.7512345871291757,3.0,0,0,2,0,2,r160_t3.6_t3.6_140.cif,160,3.6,140,0.3760800000000017
d:\New folder\project\data\r160\t3.6\t3.6_160.cif,3.0,2.7754821592020535,2.2515181633491856,2.482393476305644,0,2,4,2,8,r160_t3.6_t3.6_160.cif,160,3.6,160,-0.0913999999999077
d:\New folder\project\data\r160\t3.6\t3.6_180.cif,2.3215427471322387,3.0,3.0,3.0,2,0,0,0,2,r160_t3.6_t3.6_180.cif,160,3.6,180,0.5263200000000552
d:\New folder\project\data\r160\t3.6\t3.6_20.cif,3.0,3.0,3.0,2.7948380769896572,0,0,0,1,1,r160_t3.6_t3.6_20.cif,160,3.6,20,0.3189100000000735
d:\New folder\project\data\r160\t3.6\t3.6_200.cif,2.317222514338817,3.0,3.0,3.0,2,0,0,0,2,r160_t3.6_t3.6_200.cif,160,3.6,200,0.6004700000000867
d:\New folder\project\data\r160\t3.6\t3.6_220.cif,2.2935029030344816,3.0,3.0,3.0,4,0,0,0,4,r160_t3.6_t3.6_220.cif,160,3.6,220,0.4813500000000204
d:\New folder\project\data\r160\t3.6\t3.6_240.cif,2.32976711411097,3.0,3.0,3.0,4,0,0,0,4,r160_t3.6_t3.6_240.cif,160,3.6,240,0.4298700000000508
d:\New folder\project\data\r160\t3.6\t3.6_260.cif,2.2956899941083444,3.0,3.0,3.0,4,0,0,0,4,r160_t3.6_t3.6_260.cif,160,3.6,260,0.4278600000000097
d:\New folder\project\data\r160\t3.6\t3.6_280.cif,2.2409037837339274,3.0,3.0,3.0,2,0,0,0,2,r160_t3.6_t3.6_280.cif,160,3.6,280,0.4179700000000821
d:\New folder\project\data\r160\t3.6\t3.6_300.cif,2.4640172072276885,3.0,2.520259083013476,3.0,4,0,2,0,6,r160_t3.6_t3.6_300.cif,160,3.6,300,0.3486199999999826
d:\New folder\project\data\r160\t3.6\t3.6_320.cif,2.3465098756295903,3.0,2.4997962618362553,3.0,2,0,2,0,4,r160_t3.6_t3.6_320.cif,160,3.6,320,0.349550000000022
d:\New folder\project\data\r160\t3.6\t3.6_340.cif,2.3410049615942974,3.0,2.584596631958101,3.0,2,0,2,0,4,r160_t3.6_t3.6_340.cif,160,3.6,340,0.3198700000000372
d:\New folder\project\data\r160\t3.6\t3.6_40.cif,3.0,3.0,3.0,3.0,0,0,0,0,0,r160_t3.6_t3.6_40.cif,160,3.6,40,0.568520000000035
d:\New folder\project\data\r160\t3.6\t3.6_60.cif,3.0,3.0,3.0,3.0,0,0,0,0,0,r160_t3.6_t3.6_60.cif,160,3.6,60,0.5392300000000887
d:\New folder\project\data\r160\t3.6\t3.6_80.cif,2.3343583005460786,3.0,3.0,3.0,2,0,0,0,2,r160_t3.6_t3.6_80.cif,160,3.6,80,0.2762700000000677
d:\New folder\project\data\r160\t4.8\t4.8_0.cif,3.0,3.0,2.599793669638242,3.0,0,0,2,0,2,r160_t4.8_t4.8_0.cif,160,4.8,0,0.3188700000000608
d:\New folder\project\data\r160\t4.8\t4.8_100.cif,2.30005042124571,3.0,2.794794561598969,3.0,2,0,1,0,3,r160_t4.8_t4.8_100.cif,160,4.8,100,0.2693800000000692
d:\New folder\project\data\r160\t4.8\t4.8_120.cif,2.325617974396776,3.0,2.5618624794162597,3.0,4,0,2,0,6,r160_t4.8_t4.8_120.cif,160,4.8,120,0.3823399999999992
d:\New folder\project\data\r160\t4.8\t4.8_140.cif,2.4909582228759812,3.0,2.6407419322266783,3.0,1,0,2,0,3,r160_t4.8_t4.8_140.cif,160,4.8,140,0.4280300000000352
d:\New folder\project\data\r160\t4.8\t4.8_160.cif,2.315874626917777,3.0,3.0,3.0,4,0,0,0,4,r160_t4.8_t4.8_160.cif,160,4.8,160,0.4811500000000706
d:\New folder\project\data\r160\t4.8\t4.8_180.cif,2.3962754464695717,3.0,3.0,3.0,2,0,0,0,2,r160_t4.8_t4.8_180.cif,160,4.8,180,0.5457300000000487
d:\New folder\project\data\r160\t4.8\t4.8_20.cif,3.0,3.0,3.0,3.0,0,0,0,0,0,r160_t4.8_t4.8_20.cif,160,4.8,20,0.2889800000000377
d:\New folder\project\data\r160\t4.8\t4.8_200.cif,2.1847502855581107,3.0,3.0,3.0,2,0,0,0,2,r160_t4.8_t4.8_200.cif,160,4.8,200,0.5586100000000442
d:\New folder\project\data\r160\t4.8\t4.8_220.cif,2.4286709377501423,3.0,2.5960016175687226,3.0,4,0,2,0,6,r160_t4.8_t4.8_220.cif,160,4.8,220,0.4180900000000065
d:\New folder\project\data\r160\t4.8\t4.8_240.cif,2.307127785836361,3.0,3.0,3.0,4,0,0,0,4,r160_t4.8_t4.8_240.cif,160,4.8,240,0.4357800000000225
d:\New folder\project\data\r160\t4.8\t4.8_260.cif,2.1814176935804377,3.0,3.0,3.0,4,0,0,0,4,r160_t4.8_t4.8_260.cif,160,4.8,260,0.4874000000000933
d:\New folder\project\data\r160\t4.8\t4.8_280.cif,2.02875474619108,3.0,2.8280533843780815,3.0,2,0,1,0,3,r160_t4.8_t4.8_280.cif,160,4.8,280,0.3952900000000454
d:\New folder\project\data\r160\t4.8\t4.8_300.cif,2.3678879237579205,3.0,2.4313709785340345,3.0,4,0,2,0,6,r160_t4.8_t4.8_300.cif,160,4.8,300,0.3205700000000888
d:\New folder\project\data\r160\t4.8\t4.8_320.cif,3.0,3.0,2.398513426399183,2.8071533284472134,0,0,2,1,3,r160_t4.8_t4.8_320.cif,160,4.8,320,0.3113700000000108
d:\New folder\project\data\r160\t4.8\t4.8_340.cif,3.0,3.0,2.4495619975356533,3.0,0,0,2,0,2,r160_t4.8_t4.8_340.cif,160,4.8,340,0.2998000000000047
d:\New folder\project\data\r160\t4.8\t4.8_40.cif,3.0,3.0,3.0,3.0,0,0,0,0,0,r160_t4.8_t4.8_40.cif,160,4.8,40,0.5640200000000277
d:\New folder\project\data\r160\t4.8\t4.8_60.cif,3.0,3.0,3.0,3.0,0,0,0,0,0,r160_t4.8_t4.8_60.cif,160,4.8,60,0.5208000000000084
d:\New folder\project\data\r160\t4.8\t4.8_80.cif,2.416777398911009,3.0,3.0,3.0,4,0,0,0,4,r160_t4.8_t4.8_80.cif,160,4.8,80,0.1708700000000362
d:\New folder\project\data\r160\t6.0\t6.0_0.cif,2.3792986665505507,3.0,2.6211991194814392,3.0,1,0,2,0,3,r160_t6.0_t6.0_0.cif,160,6.0,0,0.2738600000000133
d:\New folder\project\data\r160\t6.0\t6.0_100.cif,2.383067992613335,3.0,2.4465210348934496,3.0,2,0,1,0,3,r160_t6.0_t6.0_100.cif,160,6.0,100,0.2099600000000236
d:\New folder\project\data\r160\t6.0\t6.0_120.cif,2.237239655075392,3.0,3.0,3.0,6,0,0,0,6,r160_t6.0_t6.0_120.cif,160,6.0,120,0.3830800000000636
d:\New folder\project\data\r160\t6.0\t6.0_140.cif,2.084510698103946,3.0,3.0,3.0,2,0,0,0,2,r160_t6.0_t6.0_140.cif,160,6.0,140,0.5162000000000262
d:\New folder\project\data\r160\t6.0\t6.0_160.cif,2.340901551636754,3.0,3.0,3.0,4,0,0,0,4,r160_t6.0_t6.0_160.cif,160,6.0,160,0.5041400000000067
d:\New folder\project\data\r160\t6.0\t6.0_180.cif,2.254309468481938,3.0,3.0,3.0,2,0,0,0,2,r160_t6.0_t6.0_180.cif,160,6.0,180,0.5025900000000547
d:\New folder\project\data\r160\t6.0\t6.0_20.cif,2.4708489342741,3.0,3.0,2.7529193440412825,2,0,0,4,6,r160_t6.0_t6.0_20.cif,160,6.0,20,0.2629900000000589
d:\New folder\project\data\r160\t6.0\t6.0_200.cif,2.114778360775171,3.0,2.5362663286565317,3.0,2,0,2,0,4,r160_t6.0_t6.0_200.cif,160,6.0,200,0.5002100000000382
d:\New folder\project\data\r160\t6.0\t6.0_220.cif,2.4014396183904054,3.0,2.3097061471922817,3.0,2,0,2,0,4,r160_t6.0_t6.0_220.cif,160,6.0,220,0.4244100000000799
d:\New folder\project\data\r160\t6.0\t6.0_240.cif,2.273834566820188,3.0,2.5664412854728837,3.0,2,0,2,0,4,r160_t6.0_t6.0_240.cif,160,6.0,240,0.403410000000008
d:\New folder\project\data\r160\t6.0\t6.0_260.cif,2.131368305121849,3.0,3.0,3.0,2,0,0,0,2,r160_t6.0_t6.0_260.cif,160,6.0,260,0.4683800000000246
d:\New folder\project\data\r160\t6.0\t6.0_280.cif,2.3003044999286195,3.0,3.0,3.0,6,0,0,0,6,r160_t6.0_t6.0_280.cif,160,6.0,280,0.3703600000000051
d:\New folder\project\data\r160\t6.0\t6.0_300.cif,2.4280766947046857,3.0,2.706357915010915,3.0,2,0,2,0,4,r160_t6.0_t6.0_300.cif,160,6.0,300,0.3059700000000021
d:\New folder\project\data\r160\t6.0\t6.0_320.cif,3.0,3.0,2.4591337141830176,3.0,0,0,2,0,2,r160_t6.0_t6.0_320.cif,160,6.0,320,0.1878100000000131
d:\New folder\project\data\r160\t6.0\t6.0_340.cif,3.0,3.0,2.3186853126632996,3.0,0,0,2,0,2,r160_t6.0_t6.0_340.cif,160,6.0,340,0.2122600000000147
d:\New folder\project\data\r160\t6.0\t6.0_40.cif,2.2633695200497943,3.0,3.0,3.0,2,0,0,0,2,r160_t6.0_t6.0_40.cif,160,6.0,40,0.54821000000004
d:\New folder\project\data\r160\t6.0\t6.0_60.cif,2.2506435776690306,3.0,3.0,3.0,2,0,0,0,2,r160_t6.0_t6.0_60.cif,160,6.0,60,0.4636900000000423
d:\New folder\project\data\r160\t6.0\t6.0_80.cif,3.0,3.0,2.353552204357628,3.0,0,0,1,0,1,r160_t6.0_t6.0_80.cif,160,6.0,80,0.1617800000000215
d:\New folder\project\data\r160\t7.2\t7.2_0.cif,2.187093238105938,3.0,3.0,3.0,2,0,0,0,2,r160_t7.2_t7.2_0.cif,160,7.2,0,0.400600000000054
d:\New folder\project\data\r160\t7.2\t7.2_100.cif,2.349560134449659,3.0,2.2457424045082406,3.0,2,0,2,0,4,r160_t7.2_t7.2_100.cif,160,7.2,100,0.2959600000000364
d:\New folder\project\data\r160\t7.2\t7.2_120.cif,2.266082566647376,3.0,2.6588918977302374,3.0,4,0,2,0,6,r160_t7.2_t7.2_120.cif,160,7.2,120,0.3333300000000463
d:\New folder\project\data\r160\t7.2\t7.2_140.cif,2.3538865963815683,3.0,2.4927801914779613,3.0,2,0,2,0,4,r160_t7.2_t7.2_140.cif,160,7.2,140,0.2830200000000786
d:\New folder\project\data\r160\t7.2\t7.2_160.cif,2.1622502321850217,3.0,2.7443246890629003,3.0,2,0,2,0,4,r160_t7.2_t7.2_160.cif,160,7.2,160,0.3998200000000906
d:\New folder\project\data\r160\t7.2\t7.2_180.cif,2.4460342383657014,3.0,2.7914045529224483,3.0,3,0,2,0,5,r160_t7.2_t7.2_180.cif,160,7.2,180,0.3677400000000261
d:\New folder\project\data\r160\t7.2\t7.2_20.cif,2.4226917287896517,3.0,3.0,3.0,2,0,0,0,2,r160_t7.2_t7.2_20.cif,160,7.2,20,0.5255100000000539
d:\New folder\project\data\r160\t7.2\t7.2_200.cif,2.2090534390188816,3.0,2.69597024202377,3.0,2,0,2,0,4,r160_t7.2_t7.2_200.cif,160,7.2,200,0.4464900000000398
d:\New folder\project\data\r160\t7.2\t7.2_220.cif,3.0,3.0,2.5679159079761913,3.0,0,0,2,0,2,r160_t7.2_t7.2_220.cif,160,7.2,220,0.4866600000000289
d:\New folder\project\data\r160\t7.2\t7.2_240.cif,2.074581173547976,3.0,2.789307475188825,3.0,2,0,2,0,4,r160_t7.2_t7.2_240.cif,160,7.2,240,0.4332400000000689
d:\New folder\project\data\r160\t7.2\t7.2_260.cif,2.0517300729660386,3.0,3.0,3.0,2,0,0,0,2,r160_t7.2_t7.2_260.cif,160,7.2,260,0.4220200000000886
d:\New folder\project\data\r160\t7.2\t7.2_280.cif,2.3569131693973944,3.0,3.0,3.0,2,0,0,0,2,r160_t7.2_t7.2_280.cif,160,7.2,280,0.4131100000000742
d:\New folder\project\data\r160\t7.2\t7.2_300.cif,2.1442910013622902,3.0,3.0,2.8254458307069963,2,0,0,1,3,r160_t7.2_t7.2_300.cif,160,7.2,300,0.2145400000000563
d:\New folder\project\data\r160\t7.2\t7.2_320.cif,2.2995997560790506,3.0,2.612807250529857,2.7343352945111787,2,0,2,2,6,r160_t7.2_t7.2_320.cif,160,7.2,320,0.1618700000000217
d:\New folder\project\data\r160\t7.2\t7.2_340.cif,2.365178636593563,3.0,2.5031614356190994,2.6655427907869433,2,0,2,2,6,r160_t7.2_t7.2_340.cif,160,7.2,340,0.208340000000021
d:\New folder\project\data\r160\t7.2\t7.2_40.cif,2.1800019046873436,3.0,3.0,3.0,2,0,0,0,2,r160_t7.2_t7.2_40.cif,160,7.2,40,0.5778000000000247
d:\New folder\project\data\r160\t7.2\t7.2_60.cif,2.2229590115473403,3.0,2.5303951760596926,3.0,2,0,2,0,4,r160_t7.2_t7.2_60.cif,160,7.2,60,0.4831800000000612
d:\New folder\project\data\r160\t7.2\t7.2_80.cif,3.0,3.0,2.2983893723482103,3.0,0,0,2,0,2,r160_t7.2_t7.2_80.cif,160,7.2,80,0.3825800000000754
d:\New folder\project\data\r160\t8.4\t8.4_0.cif,2.338023639115457,3.0,3.0,3.0,3,0,0,0,3,r160_t8.4_t8.4_0.cif,160,8.4,0,0.5366500000000087
d:\New folder\project\data\r160\t8.4\t8.4_100.cif,2.43719179267369,3.0,2.4616732508031243,3.0,2,0,2,0,4,r160_t8.4_t8.4_100.cif,160,8.4,100,0.4234700000000657
d:\New folder\project\data\r160\t8.4\t8.4_120.cif,2.347471544863324,3.0,2.736852639736264,3.0,4,0,2,0,6,r160_t8.4_t8.4_120.cif,160,8.4,120,0.2886799999999994
d:\New folder\project\data\r160\t8.4\t8.4_140.cif,2.4603386877820173,3.0,2.4981057032831986,3.0,2,0,2,0,4,r160_t8.4_t8.4_140.cif,160,8.4,140,0.1464600000000473
d:\New folder\project\data\r160\t8.4\t8.4_160.cif,2.3491928150154955,3.0,2.5008079329218944,3.0,2,0,2,0,4,r160_t8.4_t8.4_160.cif,160,8.4,160,0.2100900000000365
d:\New folder\project\data\r160\t8.4\t8.4_180.cif,3.0,3.0,2.6029080627858114,3.0,0,0,2,0,2,r160_t8.4_t8.4_180.cif,160,8.4,180,0.3050000000000636
d:\New folder\project\data\r160\t8.4\t8.4_20.cif,2.437926668021164,3.0,3.0,3.0,2,0,0,0,2,r160_t8.4_t8.4_20.cif,160,8.4,20,0.5436100000000579
d:\New folder\project\data\r160\t8.4\t8.4_200.cif,3.0,3.0,2.546678029400285,3.0,0,0,2,0,2,r160_t8.4_t8.4_200.cif,160,8.4,200,0.4381000000000767
d:\New folder\project\data\r160\t8.4\t8.4_220.cif,3.0,3.0,2.3607313534224703,3.0,0,0,2,0,2,r160_t8.4_t8.4_220.cif,160,8.4,220,0.4420600000000831
d:\New folder\project\data\r160\t8.4\t8.4_240.cif,3.0,3.0,2.5495290218138313,3.0,0,0,2,0,2,r160_t8.4_t8.4_240.cif,160,8.4,240,0.3983200000000124
d:\New folder\project\data\r160\t8.4\t8.4_260.cif,2.4896706936058246,3.0,3.0,3.0,1,0,0,0,1,r160_t8.4_t8.4_260.cif,160,8.4,260,0.3410900000000083
d:\New folder\project\data\r160\t8.4\t8.4_280.cif,3.0,3.0,3.0,3.0,0,0,0,0,0,r160_t8.4_t8.4_280.cif,160,8.4,280,0.430150000000026
d:\New folder\project\data\r160\t8.4\t8.4_300.cif,2.399152128782161,3.0,3.0,3.0,4,0,0,0,4,r160_t8.4_t8.4_300.cif,160,8.4,300,0.3799900000000207
d:\New folder\project\data\r160\t8.4\t8.4_320.cif,2.2497953501246313,3.0,3.0,2.616956095497573,4,0,0,1,5,r160_t8.4_t8.4_320.cif,160,8.4,320,0.3194000000000869
d:\New folder\project\data\r160\t8.4\t8.4_340.cif,2.1921279735231254,3.0,3.0,3.0,2,0,0,0,2,r160_t8.4_t8.4_340.cif,160,8.4,340,0.5204200000000583
d:\New folder\project\data\r160\t8.4\t8.4_40.cif,2.408022852663718,3.0,3.0,3.0,4,0,0,0,4,r160_t8.4_t8.4_40.cif,160,8.4,40,0.5945400000000518
d:\New folder\project\data\r160\t8.4\t8.4_60.cif,2.4701624996678784,3.0,2.698638645960809,3.0,3,0,2,0,5,r160_t8.4_t8.4_60.cif,160,8.4,60,0.4878499999999803
d:\New folder\project\data\r160\t8.4\t8.4_80.cif,3.0,3.0,2.5047017114119745,3.0,0,0,2,0,2,r160_t8.4_t8.4_80.cif,160,8.4,80,0.4620800000000145
d:\New folder\project\data\r160\t9.6\t9.6_0.cif,2.110065868289711,3.0,3.0,3.0,2,0,0,0,2,r160_t9.6_t9.6_0.cif,160,9.6,0,0.546130000000062
d:\New folder\project\data\r160\t9.6\t9.6_100.cif,3.0,3.0,2.3703376203013433,3.0,0,0,2,0,2,r160_t9.6_t9.6_100.cif,160,9.6,100,0.4166800000000421
d:\New folder\project\data\r160\t9.6\t9.6_120.cif,2.3479108936429443,3.0,2.6233596068916465,3.0,4,0,2,0,6,r160_t9.6_t9.6_120.cif,160,9.6,120,0.2450000000000045
d:\New folder\project\data\r160\t9.6\t9.6_140.cif,2.3437881120364477,3.0,3.0,3.0,2,0,0,0,2,r160_t9.6_t9.6_140.cif,160,9.6,140,0.1607900000000199
d:\New folder\project\data\r160\t9.6\t9.6_160.cif,3.0,3.0,2.6444881638945006,2.829808305310703,0,0,2,1,3,r160_t9.6_t9.6_160.cif,160,9.6,160,0.1823400000000674
d:\New folder\project\data\r160\t9.6\t9.6_180.cif,3.0,3.0,2.5410988075880208,3.0,0,0,2,0,2,r160_t9.6_t9.6_180.cif,160,9.6,180,0.2913100000000668
d:\New folder\project\data\r160\t9.6\t9.6_20.cif,2.472967625179173,3.0,3.0,3.0,2,0,0,0,2,r160_t9.6_t9.6_20.cif,160,9.6,20,0.5372800000000097
d:\New folder\project\data\r160\t9.6\t9.6_200.cif,3.0,3.0,2.3801242280893673,3.0,0,0,2,0,2,r160_t9.6_t9.6_200.cif,160,9.6,200,0.4052800000000616
d:\New folder\project\data\r160\t9.6\t9.6_220.cif,3.0,3.0,2.3256135374348235,3.0,0,0,2,0,2,r160_t9.6_t9.6_220.cif,160,9.6,220,0.3980700000000752
d:\New folder\project\data\r160\t9.6\t9.6_240.cif,3.0,3.0,2.6287236003578656,3.0,0,0,2,0,2,r160_t9.6_t9.6_240.cif,160,9.6,240,0.3461700000000292
d:\New folder\project\data\r160\t9.6\t9.6_260.cif,3.0,3.0,3.0,3.0,0,0,0,0,0,r160_t9.6_t9.6_260.cif,160,9.6,260,0.3048499999999876
d:\New folder\project\data\r160\t9.6\t9.6_280.cif,3.0,3.0,2.811122096770933,3.0,0,0,1,0,1,r160_t9.6_t9.6_280.cif,160,9.6,280,0.3295800000000781
d:\New folder\project\data\r160\t9.6\t9.6_300.cif,2.345967756248318,2.7720718098514725,2.234488415332225,2.2065645436801855,4,2,6,1,13,r160_t9.6_t9.6_300.cif,160,9.6,300,-0.1723299999999881
d:\New folder\project\data\r160\t9.6\t9.6_320.cif,2.234836106268977,2.790583689982208,2.169900862183283,2.0764873192727986,4,2,5,1,12,r160_t9.6_t9.6_320.cif,160,9.6,320,-0.2024299999999357
d:\New folder\project\data\r160\t9.6\t9.6_340.cif,2.17827737477781,3.0,3.0,3.0,2,0,0,0,2,r160_t9.6_t9.6_340.cif,160,9.6,340,0.4766400000000885
d:\New folder\project\data\r160\t9.6\t9.6_40.cif,2.4006871243563457,3.0,3.0,3.0,3,0,0,0,3,r160_t9.6_t9.6_40.cif,160,9.6,40,0.5961600000000544
d:\New folder\project\data\r160\t9.6\t9.6_60.cif,2.4441351865736323,3.0,2.5584410628430403,3.0,1,0,2,0,3,r160_t9.6_t9.6_60.cif,160,9.6,60,0.5072300000000496
d:\New folder\project\data\r160\t9.6\t9.6_80.cif,3.0,3.0,2.361500595361297,3.0,0,0,2,0,2,r160_t9.6_t9.6_80.cif,160,9.6,80,0.4832700000000614
d:\New folder\project\data\r180\t0\t0_0.cif,2.298950239617411,3.0,3.0,3.0,4,0,0,0,4,r180_t0_t0_0.cif,180,0.0,0,0.5517399999999952
d:\New folder\project\data\r180\t0\t0_100.cif,2.485166124826194,3.0,2.5359974911418472,3.0,2,0,2,0,4,r180_t0_t0_100.cif,180,0.0,100,0.1987400000000434
d:\New folder\project\data\r180\t0\t0_120.cif,2.434047491658437,2.9445126333292446,2.7341587273642562,2.4523192215581453,6,2,4,2,14,r180_t0_t0_120.cif,180,0.0,120,0.0597999999999956
d:\New folder\project\data\r180\t0\t0_140.cif,3.0,3.0,3.0,2.6414220376532516,0,0,0,2,2,r180_t0_t0_140.cif,180,0.0,140,0.2177599999999984
d:\New folder\project\data\r180\t0\t0_160.cif,3.0,3.0,2.326288836735866,2.411857532951304,0,0,2,2,4,r180_t0_t0_160.cif,180,0.0,160,0.1377899999999954
d:\New folder\project\data\r180\t0\t0_180.cif,3.0,3.0,2.42337264028117,2.735777205156187,0,0,2,2,4,r180_t0_t0_180.cif,180,0.0,180,0.2057100000000673
d:\New folder\project\data\r180\t0\t0_20.cif,2.3008741019797885,3.0,3.0,3.0,4,0,0,0,4,r180_t0_t0_20.cif,180,0.0,20,0.5495600000000422
d:\New folder\project\data\r180\t0\t0_200.cif,3.0,3.0,3.0,3.0,0,0,0,0,0,r180_t0_t0_200.cif,180,0.0,200,0.3751300000000128
d:\New folder\project\data\r180\t0\t0_220.cif,3.0,3.0,2.559074600946113,3.0,0,0,2,0,2,r180_t0_t0_220.cif,180,0.0,220,0.2956199999999853
d:\New folder\project\data\r180\t0\t0_240.cif,3.0,3.0,2.437160493438459,3.0,0,0,2,0,2,r180_t0_t0_240.cif,180,0.0,240,0.1813300000000026
d:\New folder\project\data\r180\t0\t0_260.cif,2.4899348434064077,3.0,2.7593372599860344,2.5304342413295284,1,0,1,2,4,r180_t0_t0_260.cif,180,0.0,260,0.1500900000000911
d:\New folder\project\data\r180\t0\t0_280.cif,3.0,3.0,3.0,3.0,0,0,0,0,0,r180_t0_t0_280.cif,180,0.0,280,0.3473999999999932
d:\New folder\project\data\r180\t0\t0_300.cif,2.192091305510683,2.7184909504716783,2.16591161795651,1.8586844796928523,2,2,6,1,11,r180_t0_t0_300.cif,180,0.0,300,-0.2296599999999671
d:\New folder\project\data\r180\t0\t0_320.cif,2.351314128571922,2.734969368116264,1.9826529962628276,1.9947627284379366,4,2,4,1,11,r180_t0_t0_320.cif,180,0.0,320,-0.244609999999966
d:\New folder\project\data\r180\t0\t0_340.cif,2.2303279986507105,2.908038279340016,2.2175971268539985,1.9540600533450032,2,3,6,1,12,r180_t0_t0_340.cif,180,0.0,340,-0.2455699999999296
d:\New folder\project\data\r180\t0\t0_40.cif,3.0,3.0,3.0,3.0,0,0,0,0,0,r180_t0_t0_40.cif,180,0.0,40,0.5389000000000124
d:\New folder\project\data\r180\t0\t0_60.cif,2.3497136061273327,3.0,2.492760264262794,3.0,3,0,2,0,5,r180_t0_t0_60.cif,180,0.0,60,0.4474300000000539
d:\New folder\project\data\r180\t0\t0_80.cif,3.0,3.0,2.4643740355730444,3.0,0,0,2,0,2,r180_t0_t0_80.cif,180,0.0,80,0.368280000000027
d:\New folder\project\data\r180\t1.2\t1.2_0.cif,2.4609575625925535,3.0,3.0,3.0,2,0,0,0,2,r180_t1.2_t1.2_0.cif,180,1.2,0,0.3937600000000429
d:\New folder\project\data\r180\t1.2\t1.2_100.cif,2.1306637559466406,3.0,2.3979931494264637,3.0,2,0,2,0,4,r180_t1.2_t1.2_100.cif,180,1.2,100,0.2622400000000198
d:\New folder\project\data\r180\t1.2\t1.2_120.cif,1.9916890992559049,3.0,2.79920306466177,2.5391024331312133,2,0,3,2,7,r180_t1.2_t1.2_120.cif,180,1.2,120,0.1354700000000548
d:\New folder\project\data\r180\t1.2\t1.2_140.cif,3.0,3.0,3.0,2.410257547858725,0,0,0,2,2,r180_t1.2_t1.2_140.cif,180,1.2,140,0.2949500000000853
d:\New folder\project\data\r180\t1.2\t1.2_160.cif,3.0,3.0,3.0,2.758439118316118,0,0,0,2,2,r180_t1.2_t1.2_160.cif,180,1.2,160,0.4366899999999987
d:\New folder\project\data\r180\t1.2\t1.2_180.cif,3.0,3.0,3.0,3.0,0,0,0,0,0,r180_t1.2_t1.2_180.cif,180,1.2,180,0.4874399999999923
d:\New folder\project\data\r180\t1.2\t1.2_20.cif,2.2144918864876892,3.0,3.0,3.0,2,0,0,0,2,r180_t1.2_t1.2_20.cif,180,1.2,20,0.526260000000093
d:\New folder\project\data\r180\t1.2\t1.2_200.cif,3.0,3.0,3.0,3.0,0,0,0,0,0,r180_t1.2_t1.2_200.cif,180,1.2,200,0.5203099999999949
d:\New folder\project\data\r180\t1.2\t1.2_220.cif,3.0,3.0,2.609625013264492,3.0,0,0,2,0,2,r180_t1.2_t1.2_220.cif,180,1.2,220,0.3105199999999968
d:\New folder\project\data\r180\t1.2\t1.2_240.cif,3.0,3.0,3.0,3.0,0,0,0,0,0,r180_t1.2_t1.2_240.cif,180,1.2,240,0.2565400000000863
d:\New folder\project\data\r180\t1.2\t1.2_260.cif,2.3835563616440756,3.0,2.616587915295171,2.6648168291165852,2,0,2,4,8,r180_t1.2_t1.2_260.cif,180,1.2,260,0.0199000000000069
d:\New folder\project\data\r180\t1.2\t1.2_280.cif,2.474616075606762,2.8068215445769455,2.329282769045977,2.5821619550184773,2,2,6,3,13,r180_t1.2_t1.2_280.cif,180,1.2,280,-0.1605200000000195
d:\New folder\project\data\r180\t1.2\t1.2_300.cif,2.2018054920033605,2.7269778172692387,2.111408822882414,1.7609491404761208,1,2,6,2,11,r180_t1.2_t1.2_300.cif,180,1.2,300,-0.4098199999999679
d:\New folder\project\data\r180\t1.2\t1.2_320.cif,2.199000497701168,2.769462831328209,2.1263353478904476,1.8754417337011005,1,2,5,2,10,r180_t1.2_t1.2_320.cif,180,1.2,320,-0.3309600000000046
d:\New folder\project\data\r180\t1.2\t1.2_340.cif,2.1802581310269664,2.9673454136686934,2.205587068404171,2.2853626011536172,1,4,6,4,15,r180_t1.2_t1.2_340.cif,180,1.2,340,-0.2923099999999294
d:\New folder\project\data\r180\t1.2\t1.2_40.cif,2.4737426582972897,3.0,3.0,3.0,2,0,0,0,2,r180_t1.2_t1.2_40.cif,180,1.2,40,0.5387299999999868
d:\New folder\project\data\r180\t1.2\t1.2_60.cif,2.3213054987325945,3.0,2.6781121106822465,3.0,2,0,2,0,4,r180_t1.2_t1.2_60.cif,180,1.2,60,0.4763599999999997
d:\New folder\project\data\r180\t1.2\t1.2_80.cif,3.0,3.0,2.661823105832255,3.0,0,0,2,0,2,r180_t1.2_t1.2_80.cif,180,1.2,80,0.3692900000000918
d:\New folder\project\data\r180\t2.4\t2.4_0.cif,3.0,3.0,3.0,2.7155138594423245,0,0,0,2,2,r180_t2.4_t2.4_0.cif,180,2.4,0,0.2681600000000799
d:\New folder\project\data\r180\t2.4\t2.4_100.cif,2.0889643921123593,3.0,2.69388067952952,3.0,2,0,4,0,6,r180_t2.4_t2.4_100.cif,180,2.4,100,0.1911400000000185
d:\New folder\project\data\r180\t2.4\t2.4_120.cif,2.296029878389098,3.0,2.5339069531445357,2.6084853921549342,4,0,2,2,8,r180_t2.4_t2.4_120.cif,180,2.4,120,0.2009600000000091
d:\New folder\project\data\r180\t2.4\t2.4_140.cif,2.3279221827815135,3.0,3.0,2.5298776169371218,2,0,0,2,4,r180_t2.4_t2.4_140.cif,180,2.4,140,0.3744400000000496
d:\New folder\project\data\r180\t2.4\t2.4_160.cif,3.0,3.0,3.0,3.0,0,0,0,0,0,r180_t2.4_t2.4_160.cif,180,2.4,160,0.5180000000000291
d:\New folder\project\data\r180\t2.4\t2.4_180.cif,3.0,3.0,3.0,3.0,0,0,0,0,0,r180_t2.4_t2.4_180.cif,180,2.4,180,0.6201000000000931
d:\New folder\project\data\r180\t2.4\t2.4_20.cif,2.477742685732671,3.0,3.0,3.0,1,0,0,0,1,r180_t2.4_t2.4_20.cif,180,2.4,20,0.4318100000000413
d:\New folder\project\data\r180\t2.4\t2.4_200.cif,3.0,3.0,3.0,3.0,0,0,0,0,0,r180_t2.4_t2.4_200.cif,180,2.4,200,0.6492299999999886
d:\New folder\project\data\r180\t2.4\t2.4_220.cif,3.0,3.0,3.0,3.0,0,0,0,0,0,r180_t2.4_t2.4_220.cif,180,2.4,220,0.5698899999999867
d:\New folder\project\data\r180\t2.4\t2.4_240.cif,2.174489560520688,3.0,2.664032628397372,2.2966405908873293,2,0,2,2,6,r180_t2.4_t2.4_240.cif,180,2.4,240,0.3486400000000458
d:\New folder\project\data\r180\t2.4\t2.4_260.cif,3.0,3.0,2.8240439863487694,3.0,0,0,2,0,2,r180_t2.4_t2.4_260.cif,180,2.4,260,0.2677700000000413
d:\New folder\project\data\r180\t2.4\t2.4_280.cif,2.4982052002661654,2.9598655650174024,2.4782584620756705,2.4898920952495978,1,1,5,2,9,r180_t2.4_t2.4_280.cif,180,2.4,280,-0.1073199999999587
d:\New folder\project\data\r180\t2.4\t2.4_300.cif,2.185838631245275,2.7171968410846166,2.2158440206647376,1.7732302142017156,1,2,5,2,10,r180_t2.4_t2.4_300.cif,180,2.4,300,-0.3088599999999815
d:\New folder\project\data\r180\t2.4\t2.4_320.cif,2.16657515607195,2.680413910134609,2.418909422459397,2.112437140773207,1,2,7,3,13,r180_t2.4_t2.4_320.cif,180,2.4,320,-0.3965499999999338
d:\New folder\project\data\r180\t2.4\t2.4_340.cif,2.209646739420896,3.0,2.5376107698541057,3.0,2,0,2,0,4,r180_t2.4_t2.4_340.cif,180,2.4,340,0.1378500000000713
d:\New folder\project\data\r180\t2.4\t2.4_40.cif,3.0,3.0,3.0,3.0,0,0,0,0,0,r180_t2.4_t2.4_40.cif,180,2.4,40,0.5366999999999962
d:\New folder\project\data\r180\t2.4\t2.4_60.cif,2.197495712677565,3.0,3.0,3.0,2,0,0,0,2,r180_t2.4_t2.4_60.cif,180,2.4,60,0.53875000000005
d:\New folder\project\data\r180\t2.4\t2.4_80.cif,3.0,3.0,3.0,3.0,0,0,0,0,0,r180_t2.4_t2.4_80.cif,180,2.4,80,0.4325800000000299
d:\New folder\project\data\r180\t3.6\t3.6_0.cif,3.0,3.0,3.0,2.6957707568521494,0,0,0,2,2,r180_t3.6_t3.6_0.cif,180,3.6,0,0.2975999999999885
d:\New folder\project\data\r180\t3.6\t3.6_100.cif,2.3549109346547015,3.0,2.4242711524177953,3.0,2,0,2,0,4,r180_t3.6_t3.6_100.cif,180,3.6,100,0.211999999999989
d:\New folder\project\data\r180\t3.6\t3.6_120.cif,2.3009095305878415,3.0,2.227009925587919,3.0,2,0,2,0,4,r180_t3.6_t3.6_120.cif,180,3.6,120,0.2624400000000833
d:\New folder\project\data\r180\t3.6\t3.6_140.cif,2.4327591921517975,3.0,2.4768192489670966,3.0,1,0,2,0,3,r180_t3.6_t3.6_140.cif,180,3.6,140,0.346110000000067
d:\New folder\project\data\r180\t3.6\t3.6_160.cif,3.0,3.0,3.0,3.0,0,0,0,0,0,r180_t3.6_t3.6_160.cif,180,3.6,160,0.4621600000000399
d:\New folder\project\data\r180\t3.6\t3.6_180.cif,3.0,3.0,3.0,3.0,0,0,0,0,0,r180_t3.6_t3.6_180.cif,180,3.6,180,0.5502400000000307
d:\New folder\project\data\r180\t3.6\t3.6_20.cif,3.0,3.0,3.0,2.7060996810965676,0,0,0,2,2,r180_t3.6_t3.6_20.cif,180,3.6,20,0.4316499999999905
d:\New folder\project\data\r180\t3.6\t3.6_200.cif,3.0,3.0,3.0,3.0,0,0,0,0,0,r180_t3.6_t3.6_200.cif,180,3.6,200,0.6023500000000013
d:\New folder\project\data\r180\t3.6\t3.6_220.cif,3.0,3.0,3.0,3.0,0,0,0,0,0,r180_t3.6_t3.6_220.cif,180,3.6,220,0.5235000000000127
d:\New folder\project\data\r180\t3.6\t3.6_240.cif,2.482972317337417,3.0,3.0,3.0,2,0,0,0,2,r180_t3.6_t3.6_240.cif,180,3.6,240,0.4174000000000433
d:\New folder\project\data\r180\t3.6\t3.6_260.cif,2.064029596175443,3.0,3.0,3.0,2,0,0,0,2,r180_t3.6_t3.6_260.cif,180,3.6,260,0.4071500000000014
d:\New folder\project\data\r180\t3.6\t3.6_280.cif,2.327533509393719,3.0,3.0,3.0,2,0,0,0,2,r180_t3.6_t3.6_280.cif,180,3.6,280,0.3447800000000143
d:\New folder\project\data\r180\t3.6\t3.6_300.cif,2.4677391258385537,3.0,2.4188816917009106,3.0,2,0,2,0,4,r180_t3.6_t3.6_300.cif,180,3.6,300,0.3225200000000541
d:\New folder\project\data\r180\t3.6\t3.6_320.cif,2.16713863342552,3.0,2.2932022833341774,2.564057655806272,2,0,2,2,6,r180_t3.6_t3.6_320.cif,180,3.6,320,0.3664499999999862
d:\New folder\project\data\r180\t3.6\t3.6_340.cif,2.2462002885434442,3.0,2.425915618258366,2.464821506173087,2,0,2,2,6,r180_t3.6_t3.6_340.cif,180,3.6,340,0.2273300000000517
d:\New folder\project\data\r180\t3.6\t3.6_40.cif,3.0,3.0,3.0,3.0,0,0,0,0,0,r180_t3.6_t3.6_40.cif,180,3.6,40,0.5399600000000646
d:\New folder\project\data\r180\t3.6\t3.6_60.cif,3.0,3.0,3.0,3.0,0,0,0,0,0,r180_t3.6_t3.6_60.cif,180,3.6,60,0.5707300000000259
d:\New folder\project\data\r180\t3.6\t3.6_80.cif,3.0,3.0,3.0,3.0,0,0,0,0,0,r180_t3.6_t3.6_80.cif,180,3.6,80,0.5153800000000501
d:\New folder\project\data\r180\t4.8\t4.8_0.cif,3.0,3.0,3.0,2.8068927650778592,0,0,0,2,2,r180_t4.8_t4.8_0.cif,180,4.8,0,0.2820700000000897
d:\New folder\project\data\r180\t4.8\t4.8_100.cif,2.1066683663345005,3.0,2.8159810280874114,2.7976591608195434,2,0,1,1,4,r180_t4.8_t4.8_100.cif,180,4.8,100,0.3194100000000617
d:\New folder\project\data\r180\t4.8\t4.8_120.cif,2.048186689304183,3.0,2.310036637159705,3.0,2,0,2,0,4,r180_t4.8_t4.8_120.cif,180,4.8,120,0.3677999999999883
d:\New folder\project\data\r180\t4.8\t4.8_140.cif,2.4245277185351544,3.0,2.530340566951159,2.8006895589072736,2,0,2,2,6,r180_t4.8_t4.8_140.cif,180,4.8,140,0.3433600000000751
d:\New folder\project\data\r180\t4.8\t4.8_160.cif,2.4256996640789605,2.8447126298591234,2.3645371835852163,2.6596972660956255,4,2,4,4,14,r180_t4.8_t4.8_160.cif,180,4.8,160,0.1776600000000598
d:\New folder\project\data\r180\t4.8\t4.8_180.cif,2.318241480928739,3.0,3.0,3.0,2,0,0,0,2,r180_t4.8_t4.8_180.cif,180,4.8,180,0.5155600000000504
d:\New folder\project\data\r180\t4.8\t4.8_20.cif,3.0,3.0,3.0,2.824999496336144,0,0,0,1,1,r180_t4.8_t4.8_20.cif,180,4.8,20,0.4321300000000292
d:\New folder\project\data\r180\t4.8\t4.8_200.cif,3.0,3.0,3.0,3.0,0,0,0,0,0,r180_t4.8_t4.8_200.cif,180,4.8,200,0.5443800000000465
d:\New folder\project\data\r180\t4.8\t4.8_220.cif,2.4815904256600336,3.0,3.0,3.0,2,0,0,0,2,r180_t4.8_t4.8_220.cif,180,4.8,220,0.4231900000000905
d:\New folder\project\data\r180\t4.8\t4.8_240.cif,2.470508528870889,3.0,3.0,3.0,2,0,0,0,2,r180_t4.8_t4.8_240.cif,180,4.8,240,0.3565800000000081
d:\New folder\project\data\r180\t4.8\t4.8_260.cif,2.176165860089818,3.0,3.0,3.0,2,0,0,0,2,r180_t4.8_t4.8_260.cif,180,4.8,260,0.428229999999985
d:\New folder\project\data\r180\t4.8\t4.8_280.cif,2.3956675058426047,3.0,2.7520817824672825,3.0,2,0,2,0,4,r180_t4.8_t4.8_280.cif,180,4.8,280,0.3614900000000034
d:\New folder\project\data\r180\t4.8\t4.8_300.cif,3.0,3.0,2.30182889344233,3.0,0,0,2,0,2,r180_t4.8_t4.8_300.cif,180,4.8,300,0.3030100000000857
d:\New folder\project\data\r180\t4.8\t4.8_320.cif,2.2157252545033046,3.0,1.835002773783288,2.372207814023561,4,0,2,2,8,r180_t4.8_t4.8_320.cif,180,4.8,320,0.3615399999999908
d:\New folder\project\data\r180\t4.8\t4.8_340.cif,2.245850270741655,3.0,2.298233306057921,2.4317963548747885,2,0,2,2,6,r180_t4.8_t4.8_340.cif,180,4.8,340,0.5390600000000632
d:\New folder\project\data\r180\t4.8\t4.8_40.cif,3.0,3.0,3.0,3.0,0,0,0,0,0,r180_t4.8_t4.8_40.cif,180,4.8,40,0.5309600000000501
d:\New folder\project\data\r180\t4.8\t4.8_60.cif,3.0,3.0,3.0,3.0,0,0,0,0,0,r180_t4.8_t4.8_60.cif,180,4.8,60,0.4798400000000811
d:\New folder\project\data\r180\t4.8\t4.8_80.cif,3.0,3.0,3.0,3.0,0,0,0,0,0,r180_t4.8_t4.8_80.cif,180,4.8,80,0.5026700000000801
d:\New folder\project\data\r180\t6.0\t6.0_0.cif,3.0,3.0,3.0,2.7296750204067513,0,0,0,2,2,r180_t6.0_t6.0_0.cif,180,6.0,0,0.2876200000000608
d:\New folder\project\data\r180\t6.0\t6.0_100.cif,3.0,3.0,2.654322902922304,2.6878675788138757,0,0,1,2,3,r180_t6.0_t6.0_100.cif,180,6.0,100,0.212030000000027
d:\New folder\project\data\r180\t6.0\t6.0_120.cif,2.3038741403893273,3.0,3.0,2.781092949095993,4,0,0,2,6,r180_t6.0_t6.0_120.cif,180,6.0,120,0.2787299999999959
d:\New folder\project\data\r180\t6.0\t6.0_140.cif,1.9881090849718857,3.0,3.0,3.0,2,0,0,0,2,r180_t6.0_t6.0_140.cif,180,6.0,140,0.5058700000000727
d:\New folder\project\data\r180\t6.0\t6.0_160.cif,2.3014400895987444,3.0,3.0,3.0,4,0,0,0,4,r180_t6.0_t6.0_160.cif,180,6.0,160,0.5312200000000757
d:\New folder\project\data\r180\t6.0\t6.0_180.cif,2.2450018494432635,3.0,3.0,3.0,2,0,0,0,2,r180_t6.0_t6.0_180.cif,180,6.0,180,0.4512000000000853
d:\New folder\project\data\r180\t6.0\t6.0_20.cif,3.0,3.0,3.0,2.788872755295038,0,0,0,1,1,r180_t6.0_t6.0_20.cif,180,6.0,20,0.4048599999999851
d:\New folder\project\data\r180\t6.0\t6.0_200.cif,3.0,3.0,3.0,3.0,0,0,0,0,0,r180_t6.0_t6.0_200.cif,180,6.0,200,0.4381900000000769
d:\New folder\project\data\r180\t6.0\t6.0_220.cif,2.357959306886957,3.0,2.772891420956368,3.0,2,0,2,0,4,r180_t6.0_t6.0_220.cif,180,6.0,220,0.3500300000000607
d:\New folder\project\data\r180\t6.0\t6.0_240.cif,2.355812731653115,3.0,2.6943079614782266,3.0,2,0,2,0,4,r180_t6.0_t6.0_240.cif,180,6.0,240,0.3276600000000371
d:\New folder\project\data\r180\t6.0\t6.0_260.cif,2.467768541664692,3.0,3.0,3.0,4,0,0,0,4,r180_t6.0_t6.0_260.cif,180,6.0,260,0.3343899999999848
d:\New folder\project\data\r180\t6.0\t6.0_280.cif,2.307980309172885,3.0,3.0,3.0,2,0,0,0,2,r180_t6.0_t6.0_280.cif,180,6.0,280,0.3670700000000124
d:\New folder\project\data\r180\t6.0\t6.0_300.cif,2.4373083552659587,3.0,2.3790737079579776,3.0,2,0,2,0,4,r180_t6.0_t6.0_300.cif,180,6.0,300,0.2404500000000098
d:\New folder\project\data\r180\t6.0\t6.0_320.cif,2.3108040014506672,3.0,2.449114224082498,3.0,2,0,2,0,4,r180_t6.0_t6.0_320.cif,180,6.0,320,0.1644100000000889
d:\New folder\project\data\r180\t6.0\t6.0_340.cif,2.2588494871750586,3.0,2.5839324129065844,2.802495112503535,2,0,2,2,6,r180_t6.0_t6.0_340.cif,180,6.0,340,0.1574600000000146
d:\New folder\project\data\r180\t6.0\t6.0_40.cif,3.0,3.0,3.0,3.0,0,0,0,0,0,r180_t6.0_t6.0_40.cif,180,6.0,40,0.4807400000000825
d:\New folder\project\data\r180\t6.0\t6.0_60.cif,2.2967730392109957,3.0,3.0,3.0,2,0,0,0,2,r180_t6.0_t6.0_60.cif,180,6.0,60,0.3940800000000308
d:\New folder\project\data\r180\t6.0\t6.0_80.cif,3.0,3.0,3.0,3.0,0,0,0,0,0,r180_t6.0_t6.0_80.cif,180,6.0,80,0.3943199999999933
d:\New folder\project\data\r180\t7.2\t7.2_0.cif,3.0,3.0,3.0,3.0,0,0,0,0,0,r180_t7.2_t7.2_0.cif,180,7.2,0,0.3559300000000576
d:\New folder\project\data\r180\t7.2\t7.2_100.cif,2.327434549800583,3.0,2.4279704773945694,3.0,2,0,2,0,4,r180_t7.2_t7.2_100.cif,180,7.2,100,0.2285100000000284
d:\New folder\project\data\r180\t7.2\t7.2_120.cif,2.355994017237209,3.1425907980728294,3.0,3.0,2,2,0,0,4,r180_t7.2_t7.2_120.cif,180,7.2,120,0.2637399999999843
d:\New folder\project\data\r180\t7.2\t7.2_140.cif,2.1830837260905422,3.0,3.0,3.0,2,0,0,0,2,r180_t7.2_t7.2_140.cif,180,7.2,140,0.4193900000000212
d:\New folder\project\data\r180\t7.2\t7.2_160.cif,2.488079329066443,3.0,2.375433638884919,3.0,1,0,2,0,3,r180_t7.2_t7.2_160.cif,180,7.2,160,0.3181600000000344
d:\New folder\project\data\r180\t7.2\t7.2_180.cif,3.0,3.0,2.6286459765973946,3.0,0,0,2,0,2,r180_t7.2_t7.2_180.cif,180,7.2,180,0.370610000000056
d:\New folder\project\data\r180\t7.2\t7.2_20.cif,2.2874948236844634,3.0,3.0,3.0,2,0,0,0,2,r180_t7.2_t7.2_20.cif,180,7.2,20,0.4835500000000365
d:\New folder\project\data\r180\t7.2\t7.2_200.cif,3.0,3.0,2.6451492382743966,3.0,0,0,2,0,2,r180_t7.2_t7.2_200.cif,180,7.2,200,0.3238700000000563
d:\New folder\project\data\r180\t7.2\t7.2_220.cif,2.464442936560483,3.0,3.0,3.0,2,0,0,0,2,r180_t7.2_t7.2_220.cif,180,7.2,220,0.3106800000000476
d:\New folder\project\data\r180\t7.2\t7.2_240.cif,3.0,3.0,2.7723879121848993,3.0,0,0,2,0,2,r180_t7.2_t7.2_240.cif,180,7.2,240,0.2655000000000882
d:\New folder\project\data\r180\t7.2\t7.2_260.cif,2.4548532709450575,3.0,3.0,3.0,2,0,0,0,2,r180_t7.2_t7.2_260.cif,180,7.2,260,0.240729999999985
d:\New folder\project\data\r180\t7.2\t7.2_280.cif,2.3974587286180915,3.0,3.0,3.0,2,0,0,0,2,r180_t7.2_t7.2_280.cif,180,7.2,280,0.3676100000000133
d:\New folder\project\data\r180\t7.2\t7.2_300.cif,2.183604102505072,2.8504431210534076,2.1843825744901166,1.8574186040435254,4,4,2,2,12,r180_t7.2_t7.2_300.cif,180,7.2,300,-0.1356299999999919
d:\New folder\project\data\r180\t7.2\t7.2_320.cif,2.379811977251151,2.9290672184016024,2.47920852997737,2.207431971252908,2,4,6,4,16,r180_t7.2_t7.2_320.cif,180,7.2,320,-0.1244699999999738
d:\New folder\project\data\r180\t7.2\t7.2_340.cif,2.4530741179719335,3.0,3.0,2.4722485797094156,2,0,0,2,4,r180_t7.2_t7.2_340.cif,180,7.2,340,0.1594900000000052
d:\New folder\project\data\r180\t7.2\t7.2_40.cif,3.0,3.0,3.0,3.0,0,0,0,0,0,r180_t7.2_t7.2_40.cif,180,7.2,40,0.5062800000000607
d:\New folder\project\data\r180\t7.2\t7.2_60.cif,2.300674964684471,3.0,3.0,3.0,2,0,0,0,2,r180_t7.2_t7.2_60.cif,180,7.2,60,0.420439999999985
d:\New folder\project\data\r180\t7.2\t7.2_80.cif,3.0,3.0,2.7720365290963946,3.0,0,0,2,0,2,r180_t7.2_t7.2_80.cif,180,7.2,80,0.3454700000000912
d:\New folder\project\data\r180\t8.4\t8.4_0.cif,2.46470286000166,3.0,3.0,3.0,3,0,0,0,3,r180_t8.4_t8.4_0.cif,180,8.4,0,0.5322800000000143
d:\New folder\project\data\r180\t8.4\t8.4_100.cif,2.2267745310576235,3.0,2.6250233812069745,3.0,2,0,2,0,4,r180_t8.4_t8.4_100.cif,180,8.4,100,0.210040000000049
d:\New folder\project\data\r180\t8.4\t8.4_120.cif,2.3121273925351153,2.8095806755579513,2.789114587818959,2.1670712162917334,6,2,2,3,13,r180_t8.4_t8.4_120.cif,180,8.4,120,-0.218309999999974
d:\New folder\project\data\r180\t8.4\t8.4_140.cif,3.0,3.0,3.0,3.0,0,0,0,0,0,r180_t8.4_t8.4_140.cif,180,8.4,140,0.2127199999999902
d:\New folder\project\data\r180\t8.4\t8.4_160.cif,3.0,3.0,2.3006024505974314,3.0,0,0,2,0,2,r180_t8.4_t8.4_160.cif,180,8.4,160,0.2082900000000336
d:\New folder\project\data\r180\t8.4\t8.4_180.cif,3.0,3.0,2.5504851198860488,3.0,0,0,2,0,2,r180_t8.4_t8.4_180.cif,180,8.4,180,0.3038300000000618
d:\New folder\project\data\r180\t8.4\t8.4_20.cif,2.1451022993888746,3.0,3.0,3.0,2,0,0,0,2,r180_t8.4_t8.4_20.cif,180,8.4,20,0.5615700000000743
d:\New folder\project\data\r180\t8.4\t8.4_200.cif,3.0,3.0,2.734503511764968,3.0,0,0,2,0,2,r180_t8.4_t8.4_200.cif,180,8.4,200,0.314860000000067
d:\New folder\project\data\r180\t8.4\t8.4_220.cif,3.0,3.0,2.635613023164085,3.0,0,0,2,0,2,r180_t8.4_t8.4_220.cif,180,8.4,220,0.2637300000000095
d:\New folder\project\data\r180\t8.4\t8.4_240.cif,3.0,3.0,2.4972956685113363,3.0,0,0,2,0,2,r180_t8.4_t8.4_240.cif,180,8.4,240,0.2138500000000931
d:\New folder\project\data\r180\t8.4\t8.4_260.cif,3.0,3.0,2.744979823510088,2.5399204012560856,0,0,2,2,4,r180_t8.4_t8.4_260.cif,180,8.4,260,0.1420900000000529
d:\New folder\project\data\r180\t8.4\t8.4_280.cif,3.0,3.0,3.0,3.0,0,0,0,0,0,r180_t8.4_t8.4_280.cif,180,8.4,280,0.3291500000000269
d:\New folder\project\data\r180\t8.4\t8.4_300.cif,2.297329466883664,2.7873614575881147,2.666774313225726,1.8293974678525975,6,2,1,2,11,r180_t8.4_t8.4_300.cif,180,8.4,300,-0.0229399999999486
d:\New folder\project\data\r180\t8.4\t8.4_320.cif,2.3807620763517874,2.949762753552006,2.6234186042936085,2.196106176948346,4,3,5,4,16,r180_t8.4_t8.4_320.cif,180,8.4,320,-0.037649999999985
d:\New folder\project\data\r180\t8.4\t8.4_340.cif,2.3168453098145747,2.93978862412686,2.5872435062423875,2.0418392332869777,4,3,5,4,16,r180_t8.4_t8.4_340.cif,180,8.4,340,-0.1149699999999711
d:\New folder\project\data\r180\t8.4\t8.4_40.cif,2.4576501963991673,3.0,3.0,3.0,2,0,0,0,2,r180_t8.4_t8.4_40.cif,180,8.4,40,0.526520000000005
d:\New folder\project\data\r180\t8.4\t8.4_60.cif,2.3976844652220017,3.0,2.6266064903557553,3.0,2,0,2,0,4,r180_t8.4_t8.4_60.cif,180,8.4,60,0.4310300000000779
d:\New folder\project\data\r180\t8.4\t8.4_80.cif,3.0,3.0,2.668730211615508,3.0,0,0,2,0,2,r180_t8.4_t8.4_80.cif,180,8.4,80,0.3344299999999975
d:\New folder\project\data\r180\t9.6\t9.6_0.cif,3.0,3.0,3.0,3.0,0,0,0,0,0,r180_t9.6_t9.6_0.cif,180,9.6,0,0.5212500000000091
d:\New folder\project\data\r180\t9.6\t9.6_100.cif,2.361978281068259,3.0,2.4923258752629542,2.768957552716725,2,0,2,1,5,r180_t9.6_t9.6_100.cif,180,9.6,100,0.1801100000000133
d:\New folder\project\data\r180\t9.6\t9.6_120.cif,2.2860383231631833,3.011332736672321,2.681758165712289,2.634917038140057,3,2,4,4,13,r180_t9.6_t9.6_120.cif,180,9.6,120,0.04821000000004
d:\New folder\project\data\r180\t9.6\t9.6_140.cif,3.0,3.0,3.0,2.5905003007724865,0,0,0,2,2,r180_t9.6_t9.6_140.cif,180,9.6,140,0.2380800000000817
d:\New folder\project\data\r180\t9.6\t9.6_160.cif,3.0,3.0,3.0,2.6090195464330366,0,0,0,2,2,r180_t9.6_t9.6_160.cif,180,9.6,160,0.3038700000000744
d:\New folder\project\data\r180\t9.6\t9.6_180.cif,3.0,3.0,3.0,3.0,0,0,0,0,0,r180_t9.6_t9.6_180.cif,180,9.6,180,0.3678500000000895
d:\New folder\project\data\r180\t9.6\t9.6_20.cif,2.3791536586692916,3.0,3.0,3.0,4,0,0,0,4,r180_t9.6_t9.6_20.cif,180,9.6,20,0.5651700000000801
d:\New folder\project\data\r180\t9.6\t9.6_200.cif,3.0,3.0,3.0,3.0,0,0,0,0,0,r180_t9.6_t9.6_200.cif,180,9.6,200,0.3892700000000104
d:\New folder\project\data\r180\t9.6\t9.6_220.cif,3.0,3.0,2.6503892373610896,3.0,0,0,2,0,2,r180_t9.6_t9.6_220.cif,180,9.6,220,0.3347400000000107
d:\New folder\project\data\r180\t9.6\t9.6_240.cif,3.0,3.0,2.5390355849068147,3.0,0,0,2,0,2,r180_t9.6_t9.6_240.cif,180,9.6,240,0.2081800000000839
d:\New folder\project\data\r180\t9.6\t9.6_260.cif,2.421731961740411,3.0,2.769949309177008,2.5252232464923523,2,0,2,2,6,r180_t9.6_t9.6_260.cif,180,9.6,260,0.1389199999999846
d:\New folder\project\data\r180\t9.6\t9.6_280.cif,3.0,3.0443857320266527,2.586325803245249,2.5186054762054155,0,2,4,2,8,r180_t9.6_t9.6_280.cif,180,9.6,280,0.0397400000000516
d:\New folder\project\data\r180\t9.6\t9.6_300.cif,2.216108239962426,2.714868128431001,2.1855433748247886,1.825728100290162,2,2,6,1,11,r180_t9.6_t9.6_300.cif,180,9.6,300,-0.2634699999999839
d:\New folder\project\data\r180\t9.6\t9.6_320.cif,2.2104503131185975,2.757433122076696,1.96142002122838,1.9450230239655277,2,2,4,1,9,r180_t9.6_t9.6_320.cif,180,9.6,320,-0.2876599999999598
d:\New folder\project\data\r180\t9.6\t9.6_340.cif,2.2351405135044398,2.7962536850994884,2.214088998793605,1.9988298775391062,2,2,6,1,11,r180_t9.6_t9.6_340.cif,180,9.6,340,-0.2501599999999371
d:\New folder\project\data\r180\t9.6\t9.6_40.cif,2.481141562495783,3.0,3.0,3.0,2,0,0,0,2,r180_t9.6_t9.6_40.cif,180,9.6,40,0.539410000000089
d:\New folder\project\data\r180\t9.6\t9.6_60.cif,2.417833686048657,3.0,2.539240746591343,3.0,4,0,2,0,6,r180_t9.6_t9.6_60.cif,180,9.6,60,0.460700000000088
d:\New folder\project\data\r180\t9.6\t9.6_80.cif,3.0,3.0,2.576404499980701,3.0,0,0,2,0,2,r180_t9.6_t9.6_80.cif,180,9.6,80,0.3567900000000463
d:\New folder\project\data\r200\t0\t0_0.cif,2.320099931065734,3.000338068347061,2.4192855372419038,2.6418762982645796,3,4,6,3,16,r200_t0_t0_0.cif,200,0.0,0,0.0315699999999878
d:\New folder\project\data\r200\t0\t0_100.cif,2.4665436463698045,3.095534590984311,2.2288174753900187,2.4510224017342015,4,2,2,2,10,r200_t0_t0_100.cif,200,0.0,100,0.1313300000000481
d:\New folder\project\data\r200\t0\t0_120.cif,2.2876252702140714,2.739052498705573,2.543116445263406,2.164156933245014,6,2,4,2,14,r200_t0_t0_120.cif,200,0.0,120,0.0746599999999944
d:\New folder\project\data\r200\t0\t0_140.cif,3.0,2.926217156639333,2.598969334166905,2.5844744459903386,0,2,2,4,8,r200_t0_t0_140.cif,200,0.0,140,0.1834600000000819
d:\New folder\project\data\r200\t0\t0_160.cif,3.0,3.0,3.0,2.7364543828839674,0,0,0,4,4,r200_t0_t0_160.cif,200,0.0,160,0.3063500000000658
d:\New folder\project\data\r200\t0\t0_180.cif,3.0,3.0,2.3688357649337206,2.3459367803340445,0,0,2,2,4,r200_t0_t0_180.cif,200,0.0,180,0.1763600000000451
d:\New folder\project\data\r200\t0\t0_20.cif,2.4220032985055995,3.0,3.0,3.0,6,0,0,0,6,r200_t0_t0_20.cif,200,0.0,20,0.5086800000000267
d:\New folder\project\data\r200\t0\t0_200.cif,3.0,3.0,2.2647434996337066,2.5178934741527,0,0,2,2,4,r200_t0_t0_200.cif,200,0.0,200,0.1544900000000098
d:\New folder\project\data\r200\t0\t0_220.cif,3.0,3.0,2.3868665241008937,2.798730635757062,0,0,2,1,3,r200_t0_t0_220.cif,200,0.0,220,0.1053800000000819
d:\New folder\project\data\r200\t0\t0_240.cif,3.0,3.0,2.6846570295958267,2.6191483130902755,0,0,2,4,6,r200_t0_t0_240.cif,200,0.0,240,0.0142100000000482
d:\New folder\project\data\r200\t0\t0_260.cif,2.1735948897151802,3.0,3.0,2.2778790676655336,2,0,0,2,4,r200_t0_t0_260.cif,200,0.0,260,0.1846400000000585
d:\New folder\project\data\r200\t0\t0_280.cif,2.3324303778105486,3.0,3.0,2.480974824437652,2,0,0,2,4,r200_t0_t0_280.cif,200,0.0,280,0.2626000000000204
d:\New folder\project\data\r200\t0\t0_300.cif,2.2492139613092452,2.717735637052748,2.1063190606749913,2.440646223916234,4,2,3,3,12,r200_t0_t0_300.cif,200,0.0,300,-0.1575199999999768
d:\New folder\project\data\r200\t0\t0_320.cif,2.232741712188351,2.7124807585523665,2.3445925357231268,2.3006637176196496,4,2,6,3,15,r200_t0_t0_320.cif,200,0.0,320,-0.2582099999999627
d:\New folder\project\data\r200\t0\t0_340.cif,2.3433003205547145,2.8692471493106124,2.2404053552106107,2.521509901698542,4,4,6,3,17,r200_t0_t0_340.cif,200,0.0,340,-0.1505399999999781
d:\New folder\project\data\r200\t0\t0_40.cif,2.253574183961242,3.0,3.0,3.0,4,0,0,0,4,r200_t0_t0_40.cif,200,0.0,40,0.5824999999999818
d:\New folder\project\data\r200\t0\t0_60.cif,3.0,3.0,2.269743976994471,3.0,0,0,2,0,2,r200_t0_t0_60.cif,200,0.0,60,0.4175900000000183
d:\New folder\project\data\r200\t0\t0_80.cif,3.0,3.0,2.059600733383701,3.0,0,0,2,0,2,r200_t0_t0_80.cif,200,0.0,80,0.3693400000000792
d:\New folder\project\data\r200\t1.2\t1.2_0.cif,2.3745452092584074,3.0,2.5611085289466398,2.732385939189822,2,0,3,4,9,r200_t1.2_t1.2_0.cif,200,1.2,0,0.1377200000000584
d:\New folder\project\data\r200\t1.2\t1.2_100.cif,2.36798219776775,3.0,2.2967481191723755,2.776648129146272,4,0,2,2,8,r200_t1.2_t1.2_100.cif,200,1.2,100,0.2104300000000876
d:\New folder\project\data\r200\t1.2\t1.2_120.cif,2.0802880354790045,3.011908630847519,2.6264519967394397,2.5045967908029203,4,1,2,4,11,r200_t1.2_t1.2_120.cif,200,1.2,120,0.1600500000000693
d:\New folder\project\data\r200\t1.2\t1.2_140.cif,2.4522177830088356,3.0,3.0,2.264513418630617,1,0,0,2,3,r200_t1.2_t1.2_140.cif,200,1.2,140,0.2661000000000513
d:\New folder\project\data\r200\t1.2\t1.2_160.cif,3.0,3.0,3.0,2.57574661013802,0,0,0,4,4,r200_t1.2_t1.2_160.cif,200,1.2,160,0.4461000000000013
d:\New folder\project\data\r200\t1.2\t1.2_180.cif,3.0,3.0,2.569138913667573,2.2645026510901896,0,0,2,2,4,r200_t1.2_t1.2_180.cif,200,1.2,180,0.3011599999999816
d:\New folder\project\data\r200\t1.2\t1.2_20.cif,2.3062014196791347,3.0,3.0,3.0,2,0,0,0,2,r200_t1.2_t1.2_20.cif,200,1.2,20,0.4513900000000603
d:\New folder\project\data\r200\t1.2\t1.2_200.cif,3.0,3.0,2.7559933012815874,2.4437894449386386,0,0,1,2,3,r200_t1.2_t1.2_200.cif,200,1.2,200,0.3419600000000855
d:\New folder\project\data\r200\t1.2\t1.2_220.cif,3.0,3.0,2.7927940321324742,2.398401138825788,0,0,2,2,4,r200_t1.2_t1.2_220.cif,200,1.2,220,0.1776700000000346
d:\New folder\project\data\r200\t1.2\t1.2_240.cif,2.2883686909283343,3.0,3.0,2.5065101144754602,4,0,0,3,7,r200_t1.2_t1.2_240.cif,200,1.2,240,0.2105200000000877
d:\New folder\project\data\r200\t1.2\t1.2_260.cif,2.1846259354640796,3.0,3.0,2.6967145194918283,1,0,0,5,6,r200_t1.2_t1.2_260.cif,200,1.2,260,0.1870000000000118
d:\New folder\project\data\r200\t1.2\t1.2_280.cif,2.343384917435715,2.8050952819060417,2.2276183721617993,2.4182759475522992,3,2,4,4,13,r200_t1.2_t1.2_280.cif,200,1.2,280,-0.0973999999999932
d:\New folder\project\data\r200\t1.2\t1.2_300.cif,2.2284931303822844,2.739724612530134,2.2970143809143244,2.1381360644079868,3,2,6,4,15,r200_t1.2_t1.2_300.cif,200,1.2,300,-0.3240599999999176
d:\New folder\project\data\r200\t1.2\t1.2_320.cif,2.370029757233502,2.9051410457320967,2.3840880306309793,2.2025122599022984,4,4,7,4,19,r200_t1.2_t1.2_320.cif,200,1.2,320,-0.3523000000000138
d:\New folder\project\data\r200\t1.2\t1.2_340.cif,2.242206810273277,2.8933871589262323,2.2567334729236634,2.2750789313498787,1,4,6,4,15,r200_t1.2_t1.2_340.cif,200,1.2,340,-0.2531099999999924
d:\New folder\project\data\r200\t1.2\t1.2_40.cif,1.984930596247891,3.0,3.0,3.0,2,0,0,0,2,r200_t1.2_t1.2_40.cif,200,1.2,40,0.575240000000008
d:\New folder\project\data\r200\t1.2\t1.2_60.cif,2.168475939045064,3.0,2.4869135548279653,3.0,2,0,2,0,4,r200_t1.2_t1.2_60.cif,200,1.2,60,0.4863400000000411
d:\New folder\project\data\r200\t1.2\t1.2_80.cif,3.0,3.0,2.201111767644532,3.0,0,0,2,0,2,r200_t1.2_t1.2_80.cif,200,1.2,80,0.3570100000000593
d:\New folder\project\data\r200\t2.4\t2.4_0.cif,2.408101675731935,3.0,2.7721042385535357,2.607594250426394,2,0,2,4,8,r200_t2.4_t2.4_0.cif,200,2.4,0,0.1153699999999844
d:\New folder\project\data\r200\t2.4\t2.4_100.cif,2.2801776406596863,3.0,3.0,2.399390414014108,2,0,0,2,4,r200_t2.4_t2.4_100.cif,200,2.4,100,0.1756500000000187
d:\New folder\project\data\r200\t2.4\t2.4_120.cif,2.1389397724089823,3.0,2.769512899678519,2.6616201208029135,2,0,2,4,8,r200_t2.4_t2.4_120.cif,200,2.4,120,0.1617200000000593
d:\New folder\project\data\r200\t2.4\t2.4_140.cif,2.2634617865127247,3.0,2.7783407835153757,2.413621119694446,2,0,1,2,5,r200_t2.4_t2.4_140.cif,200,2.4,140,0.3140300000000025
d:\New folder\project\data\r200\t2.4\t2.4_160.cif,2.2364675035326087,3.0,3.0,2.428900434274999,2,0,0,2,4,r200_t2.4_t2.4_160.cif,200,2.4,160,0.4858800000000656
d:\New folder\project\data\r200\t2.4\t2.4_180.cif,2.3712076612823347,3.0,3.0,2.792162322092806,2,0,0,2,4,r200_t2.4_t2.4_180.cif,200,2.4,180,0.6638700000000881
d:\New folder\project\data\r200\t2.4\t2.4_20.cif,3.0,3.0,3.0,2.3887206477460596,0,0,0,2,2,r200_t2.4_t2.4_20.cif,200,2.4,20,0.3547399999999925
d:\New folder\project\data\r200\t2.4\t2.4_200.cif,3.0,3.0,3.0,3.0,0,0,0,0,0,r200_t2.4_t2.4_200.cif,200,2.4,200,0.6755100000000311
d:\New folder\project\data\r200\t2.4\t2.4_220.cif,2.2645293377884794,2.706475545127815,1.7340808654911863,2.5963931625684307,6,2,2,2,12,r200_t2.4_t2.4_220.cif,200,2.4,220,-0.2750199999999267
d:\New folder\project\data\r200\t2.4\t2.4_240.cif,2.2853507658344525,3.1440220013884344,2.5124383012643294,2.3764688901666284,4,1,2,2,9,r200_t2.4_t2.4_240.cif,200,2.4,240,0.2748500000000149
d:\New folder\project\data\r200\t2.4\t2.4_260.cif,2.3245819767047218,3.0,2.5310514499007564,2.5794074313015796,4,0,2,6,12,r200_t2.4_t2.4_260.cif,200,2.4,260,0.1902499999999918
d:\New folder\project\data\r200\t2.4\t2.4_280.cif,2.3329887771644753,3.055876254104739,2.356864313709805,2.4618585501901467,2,1,3,4,10,r200_t2.4_t2.4_280.cif,200,2.4,280,-0.0656399999999166
d:\New folder\project\data\r200\t2.4\t2.4_300.cif,2.240903061742364,2.963191522100782,2.408671272671411,2.1025714533006976,3,4,5,4,16,r200_t2.4_t2.4_300.cif,200,2.4,300,-0.354319999999916
d:\New folder\project\data\r200\t2.4\t2.4_320.cif,2.337967092141234,2.891098749694764,2.4853225722820844,2.4146885302350114,2,4,6,6,18,r200_t2.4_t2.4_320.cif,200,2.4,320,-0.3324799999999186
d:\New folder\project\data\r200\t2.4\t2.4_340.cif,2.2722408501647133,2.889726883032113,2.3780232507570562,2.215661410666714,1,4,5,4,14,r200_t2.4_t2.4_340.cif,200,2.4,340,-0.2274699999999256
d:\New folder\project\data\r200\t2.4\t2.4_40.cif,2.3262524688312523,3.0,3.0,2.6714028311344586,2,0,0,2,4,r200_t2.4_t2.4_40.cif,200,2.4,40,0.4381200000000262
d:\New folder\project\data\r200\t2.4\t2.4_60.cif,2.2408839840777217,3.1283253322549944,3.0,3.0,2,2,0,0,4,r200_t2.4_t2.4_60.cif,200,2.4,60,0.4443300000000363
d:\New folder\project\data\r200\t2.4\t2.4_80.cif,3.0,3.0,2.5409070093280004,2.8263970934126093,0,0,2,1,3,r200_t2.4_t2.4_80.cif,200,2.4,80,0.3732700000000477
d:\New folder\project\data\r200\t3.6\t3.6_0.cif,3.0,3.0,2.661696141831574,2.494401629333521,0,0,2,4,6,r200_t3.6_t3.6_0.cif,200,3.6,0,0.2310300000000325
d:\New folder\project\data\r200\t3.6\t3.6_100.cif,2.3824793772137207,3.0,2.7642754739701525,2.336661920491788,4,0,2,2,8,r200_t3.6_t3.6_100.cif,200,3.6,100,0.2768200000000433
d:\New folder\project\data\r200\t3.6\t3.6_120.cif,2.3967097932908272,3.0,2.481936310466736,2.5568426926997567,4,0,2,4,10,r200_t3.6_t3.6_120.cif,200,3.6,120,0.1374400000000832
d:\New folder\project\data\r200\t3.6\t3.6_140.cif,2.33325352687733,3.0,2.301521777490003,3.0,3,0,2,0,5,r200_t3.6_t3.6_140.cif,200,3.6,140,0.2170899999999846
d:\New folder\project\data\r200\t3.6\t3.6_160.cif,2.299807166045651,2.7804207073398497,2.1938392130691575,2.642163362803274,3,2,4,4,13,r200_t3.6_t3.6_160.cif,200,3.6,160,-0.0060899999999719
d:\New folder\project\data\r200\t3.6\t3.6_180.cif,2.360221853649885,2.7325507777926057,1.8491678775921077,2.3821171232803606,4,2,2,2,10,r200_t3.6_t3.6_180.cif,200,3.6,180,0.1419200000000273
d:\New folder\project\data\r200\t3.6\t3.6_20.cif,3.0,3.0,3.0,2.2743071445439123,0,0,0,2,2,r200_t3.6_t3.6_20.cif,200,3.6,20,0.4337699999999813
d:\New folder\project\data\r200\t3.6\t3.6_200.cif,2.362982623767169,2.7167968542442686,1.7383086237007115,2.363587935082746,4,2,2,2,10,r200_t3.6_t3.6_200.cif,200,3.6,200,-0.0634999999999763
d:\New folder\project\data\r200\t3.6\t3.6_220.cif,2.1162952825673984,2.7146435569399916,1.7384282636605672,2.792213407367182,4,2,2,2,10,r200_t3.6_t3.6_220.cif,200,3.6,220,-0.2038299999999253
d:\New folder\project\data\r200\t3.6\t3.6_240.cif,2.117215065032828,2.7357000555719866,1.7669003632343627,2.6324446329607176,5,2,2,2,11,r200_t3.6_t3.6_240.cif,200,3.6,240,-0.2749099999999771
d:\New folder\project\data\r200\t3.6\t3.6_260.cif,2.0868327707701777,3.0,3.0,3.0,2,0,0,0,2,r200_t3.6_t3.6_260.cif,200,3.6,260,0.3512400000000752
d:\New folder\project\data\r200\t3.6\t3.6_280.cif,1.9992778078619526,3.0,3.0,3.0,2,0,0,0,2,r200_t3.6_t3.6_280.cif,200,3.6,280,0.4143400000000383
d:\New folder\project\data\r200\t3.6\t3.6_300.cif,2.0394474211867992,3.0,2.629514461954487,3.0,2,0,2,0,4,r200_t3.6_t3.6_300.cif,200,3.6,300,0.2994800000000168
d:\New folder\project\data\r200\t3.6\t3.6_320.cif,2.4254856505303515,3.0,2.415090590949034,2.386571058572518,2,0,2,2,6,r200_t3.6_t3.6_320.cif,200,3.6,320,0.3037699999999859
d:\New folder\project\data\r200\t3.6\t3.6_340.cif,2.3005267481877656,3.0,2.468252909540217,2.26797204535216,2,0,2,2,6,r200_t3.6_t3.6_340.cif,200,3.6,340,0.2998300000000427
d:\New folder\project\data\r200\t3.6\t3.6_40.cif,3.0,3.0,3.0,2.640557032009615,0,0,0,2,2,r200_t3.6_t3.6_40.cif,200,3.6,40,0.4883600000000569
d:\New folder\project\data\r200\t3.6\t3.6_60.cif,3.0,2.990136076444017,3.0,3.0,0,2,0,0,2,r200_t3.6_t3.6_60.cif,200,3.6,60,0.5607800000000225
d:\New folder\project\data\r200\t3.6\t3.6_80.cif,3.0,3.0,3.0,2.5126966610427304,0,0,0,2,2,r200_t3.6_t3.6_80.cif,200,3.6,80,0.3369600000000901
d:\New folder\project\data\r200\t4.8\t4.8_0.cif,2.3677087239901775,3.0,2.65295893827446,2.6491849278563206,2,0,2,4,8,r200_t4.8_t4.8_0.cif,200,4.8,0,0.2800000000000864
d:\New folder\project\data\r200\t4.8\t4.8_100.cif,2.4358679695701118,2.735111006262831,1.886029913058139,2.631955683087247,4,2,2,4,12,r200_t4.8_t4.8_100.cif,200,4.8,100,0.0749700000000075
d:\New folder\project\data\r200\t4.8\t4.8_120.cif,2.2454795020642955,3.0,2.8031687304145487,2.77759190704406,2,0,2,2,6,r200_t4.8_t4.8_120.cif,200,4.8,120,0.3412900000000718
d:\New folder\project\data\r200\t4.8\t4.8_140.cif,2.3391182477795898,3.0,2.480973236654928,2.717497928800318,2,0,2,2,6,r200_t4.8_t4.8_140.cif,200,4.8,140,0.31704000000002
d:\New folder\project\data\r200\t4.8\t4.8_160.cif,2.3191825450767127,2.8480466604967214,2.336227975143281,2.6079003425437026,4,2,4,4,14,r200_t4.8_t4.8_160.cif,200,4.8,160,0.1124600000000555
d:\New folder\project\data\r200\t4.8\t4.8_180.cif,2.336051592407231,2.787072686969604,1.9076880002504526,2.4352784669128367,4,2,2,2,10,r200_t4.8_t4.8_180.cif,200,4.8,180,0.1439400000000432
d:\New folder\project\data\r200\t4.8\t4.8_20.cif,2.3060121189824585,3.0,3.0,2.587578561593806,2,0,0,4,6,r200_t4.8_t4.8_20.cif,200,4.8,20,0.4707700000000159
d:\New folder\project\data\r200\t4.8\t4.8_200.cif,2.310628826224481,2.7650803645021136,1.827641246241965,2.374147248435605,4,2,2,2,10,r200_t4.8_t4.8_200.cif,200,4.8,200,0.1051600000000689
d:\New folder\project\data\r200\t4.8\t4.8_220.cif,2.233549300985953,2.7886575708194252,1.8444745395629611,2.7056916199931718,6,2,2,2,12,r200_t4.8_t4.8_220.cif,200,4.8,220,-0.0090099999999893
d:\New folder\project\data\r200\t4.8\t4.8_240.cif,2.015557498902927,2.796176810727373,1.8505503565198098,2.5276954498184727,4,2,2,2,10,r200_t4.8_t4.8_240.cif,200,4.8,240,-0.0885399999999663
d:\New folder\project\data\r200\t4.8\t4.8_260.cif,2.1424666654698683,3.0,3.0,3.0,4,0,0,0,4,r200_t4.8_t4.8_260.cif,200,4.8,260,0.3843900000000531
d:\New folder\project\data\r200\t4.8\t4.8_280.cif,2.034300572403156,3.0,3.0,3.0,2,0,0,0,2,r200_t4.8_t4.8_280.cif,200,4.8,280,0.4336799999999812
d:\New folder\project\data\r200\t4.8\t4.8_300.cif,2.35753392056063,3.0,2.5732331127016597,3.0,2,0,2,0,4,r200_t4.8_t4.8_300.cif,200,4.8,300,0.3270899999999983
d:\New folder\project\data\r200\t4.8\t4.8_320.cif,2.4791374488342504,3.0,2.2664780498465094,2.460259161557387,2,0,2,2,6,r200_t4.8_t4.8_320.cif,200,4.8,320,0.3289000000000897
d:\New folder\project\data\r200\t4.8\t4.8_340.cif,2.236068488283241,3.0,2.2752945106012774,2.2189925588085027,2,0,2,2,6,r200_t4.8_t4.8_340.cif,200,4.8,340,0.340059999999994
d:\New folder\project\data\r200\t4.8\t4.8_40.cif,3.0,3.0,3.0,2.6786053972733344,0,0,0,2,2,r200_t4.8_t4.8_40.cif,200,4.8,40,0.4864400000000159
d:\New folder\project\data\r200\t4.8\t4.8_60.cif,3.0,2.823526394425879,2.163394311628931,3.0,0,2,2,0,4,r200_t4.8_t4.8_60.cif,200,4.8,60,0.2974000000000387
d:\New folder\project\data\r200\t4.8\t4.8_80.cif,3.0,2.691859198426824,1.7475954640305134,2.7655073234844836,0,2,2,2,6,r200_t4.8_t4.8_80.cif,200,4.8,80,0.075649999999996
d:\New folder\project\data\r200\t6.0\t6.0_0.cif,2.417953961436763,3.0,3.0,2.7095698178284886,2,0,0,2,4,r200_t6.0_t6.0_0.cif,200,6.0,0,0.2558099999999967
d:\New folder\project\data\r200\t6.0\t6.0_100.cif,2.3984590927670686,2.7552181261791873,1.8595100026358027,2.5414702336247306,2,2,2,4,10,r200_t6.0_t6.0_100.cif,200,6.0,100,-0.0218299999999089
d:\New folder\project\data\r200\t6.0\t6.0_120.cif,2.3485350433522756,3.0,3.0,2.257338497963776,4,0,0,2,6,r200_t6.0_t6.0_120.cif,200,6.0,120,0.2762400000000298
d:\New folder\project\data\r200\t6.0\t6.0_140.cif,2.414967951685861,3.0,3.0,3.0,2,0,0,0,2,r200_t6.0_t6.0_140.cif,200,6.0,140,0.4019200000000182
d:\New folder\project\data\r200\t6.0\t6.0_160.cif,2.141992048364993,3.0,3.0,3.0,2,0,0,0,2,r200_t6.0_t6.0_160.cif,200,6.0,160,0.4862500000000409
d:\New folder\project\data\r200\t6.0\t6.0_180.cif,2.276158684359785,3.0,3.0,3.0,4,0,0,0,4,r200_t6.0_t6.0_180.cif,200,6.0,180,0.5318300000000136
d:\New folder\project\data\r200\t6.0\t6.0_20.cif,2.3755036532530465,3.0,3.0,2.4846511889742073,2,0,0,2,4,r200_t6.0_t6.0_20.cif,200,6.0,20,0.4319000000000415
d:\New folder\project\data\r200\t6.0\t6.0_200.cif,2.103214069839793,3.0,3.0,3.0,2,0,0,0,2,r200_t6.0_t6.0_200.cif,200,6.0,200,0.4981300000000601
d:\New folder\project\data\r200\t6.0\t6.0_220.cif,2.383658838064512,3.0,2.6163686354872757,3.0,4,0,2,0,6,r200_t6.0_t6.0_220.cif,200,6.0,220,0.3004600000000437
d:\New folder\project\data\r200\t6.0\t6.0_240.cif,1.8067149627138002,3.0,2.815745099238431,3.0,2,0,1,0,3,r200_t6.0_t6.0_240.cif,200,6.0,240,0.3044800000000123
d:\New folder\project\data\r200\t6.0\t6.0_260.cif,2.124566462412208,3.0,3.0,3.0,2,0,0,0,2,r200_t6.0_t6.0_260.cif,200,6.0,260,0.3519800000000259
d:\New folder\project\data\r200\t6.0\t6.0_280.cif,2.1836635153416992,3.0,3.0,3.0,2,0,0,0,2,r200_t6.0_t6.0_280.cif,200,6.0,280,0.3123699999999871
d:\New folder\project\data\r200\t6.0\t6.0_300.cif,2.1321572395535773,2.8540036760195076,2.464305887455795,1.772855474461637,4,6,4,2,16,r200_t6.0_t6.0_300.cif,200,6.0,300,-0.1215999999999439
d:\New folder\project\data\r200\t6.0\t6.0_320.cif,2.4872569623357412,3.101989990807887,2.533337274658584,2.7314823244772333,1,2,2,2,7,r200_t6.0_t6.0_320.cif,200,6.0,320,0.1878900000000385
d:\New folder\project\data\r200\t6.0\t6.0_340.cif,2.1292362111589616,3.0,2.6416585002316832,2.725365161244019,2,0,2,2,6,r200_t6.0_t6.0_340.cif,200,6.0,340,0.2761800000000676
d:\New folder\project\data\r200\t6.0\t6.0_40.cif,2.498759226126923,3.0,3.0,2.6239607562220533,1,0,0,2,3,r200_t6.0_t6.0_40.cif,200,6.0,40,0.4296600000000126
d:\New folder\project\data\r200\t6.0\t6.0_60.cif,3.0,2.8753105404681083,2.133653086349123,3.0,0,2,2,0,4,r200_t6.0_t6.0_60.cif,200,6.0,60,0.1979800000000295
d:\New folder\project\data\r200\t6.0\t6.0_80.cif,3.0,2.76256870544184,1.8298198800120011,2.674773193016701,0,2,2,2,6,r200_t6.0_t6.0_80.cif,200,6.0,80,0.0274400000000696
d:\New folder\project\data\r200\t7.2\t7.2_0.cif,2.4370676284437924,3.0,3.0,2.72153321746672,1,0,0,2,3,r200_t7.2_t7.2_0.cif,200,7.2,0,0.2656600000000253
d:\New folder\project\data\r200\t7.2\t7.2_100.cif,2.262027018708479,3.110682112246508,2.6295023741548524,2.7315325448898746,4,2,2,2,10,r200_t7.2_t7.2_100.cif,200,7.2,100,0.1487400000000889
d:\New folder\project\data\r200\t7.2\t7.2_120.cif,2.1910254563076967,2.997417067958789,3.0,2.6644067260343887,4,2,0,2,8,r200_t7.2_t7.2_120.cif,200,7.2,120,0.2675199999999904
d:\New folder\project\data\r200\t7.2\t7.2_140.cif,2.473283645901557,3.1237601157133508,3.0,3.0,1,2,0,0,3,r200_t7.2_t7.2_140.cif,200,7.2,140,0.4703000000000656
d:\New folder\project\data\r200\t7.2\t7.2_160.cif,2.2153983646716573,3.0,3.0,3.0,2,0,0,0,2,r200_t7.2_t7.2_160.cif,200,7.2,160,0.4740600000000086
d:\New folder\project\data\r200\t7.2\t7.2_180.cif,3.0,3.0,2.224685056520284,3.0,0,0,2,0,2,r200_t7.2_t7.2_180.cif,200,7.2,180,0.2463500000000067
d:\New folder\project\data\r200\t7.2\t7.2_20.cif,2.3388014644106967,3.0,3.0,2.7577111069304805,4,0,0,1,5,r200_t7.2_t7.2_20.cif,200,7.2,20,0.4391000000000531
d:\New folder\project\data\r200\t7.2\t7.2_200.cif,2.4305910947700413,3.0,2.114382911389008,3.0,1,0,2,0,3,r200_t7.2_t7.2_200.cif,200,7.2,200,0.2417000000000371
d:\New folder\project\data\r200\t7.2\t7.2_220.cif,3.0,3.0,2.2516428373514135,3.0,0,0,2,0,2,r200_t7.2_t7.2_220.cif,200,7.2,220,0.1863400000000865
d:\New folder\project\data\r200\t7.2\t7.2_240.cif,2.348573740328428,3.0,2.4624067659839106,3.0,2,0,2,0,4,r200_t7.2_t7.2_240.cif,200,7.2,240,0.0594500000000834
d:\New folder\project\data\r200\t7.2\t7.2_260.cif,2.272216592381884,3.158297166026505,3.0,2.3148706258427314,2,1,0,2,5,r200_t7.2_t7.2_260.cif,200,7.2,260,0.0326800000000275
d:\New folder\project\data\r200\t7.2\t7.2_280.cif,2.3052664827216622,2.922987149789157,2.687300056248505,2.1845758025125726,4,4,2,4,14,r200_t7.2_t7.2_280.cif,200,7.2,280,-0.0038599999999178
d:\New folder\project\data\r200\t7.2\t7.2_300.cif,2.1367873527378487,2.9022745494417244,2.433012376545828,1.764112579238848,4,6,3,2,15,r200_t7.2_t7.2_300.cif,200,7.2,300,-0.219789999999989
d:\New folder\project\data\r200\t7.2\t7.2_320.cif,2.2040973702766316,2.7595797384321026,2.389369913725897,2.1354044805595684,4,4,4,4,16,r200_t7.2_t7.2_320.cif,200,7.2,320,-0.2635099999999966
d:\New folder\project\data\r200\t7.2\t7.2_340.cif,2.2086680696092067,2.7878900375084763,2.300668579172675,1.9669519477541346,2,4,4,4,14,r200_t7.2_t7.2_340.cif,200,7.2,340,-0.3373699999999644
d:\New folder\project\data\r200\t7.2\t7.2_40.cif,2.2296892293756345,3.0,3.0,3.0,2,0,0,0,2,r200_t7.2_t7.2_40.cif,200,7.2,40,0.4798100000000431
d:\New folder\project\data\r200\t7.2\t7.2_60.cif,2.405597722114554,3.0,3.0,3.0,2,0,0,0,2,r200_t7.2_t7.2_60.cif,200,7.2,60,0.3001000000000431
d:\New folder\project\data\r200\t7.2\t7.2_80.cif,3.0,3.05086093365185,2.6479385474163513,3.0,0,2,2,0,4,r200_t7.2_t7.2_80.cif,200,7.2,80,0.259270000000015
d:\New folder\project\data\r200\t8.4\t8.4_0.cif,2.1354764706470504,3.0,3.0,3.0,2,0,0,0,2,r200_t8.4_t8.4_0.cif,200,8.4,0,0.4905300000000352
d:\New folder\project\data\r200\t8.4\t8.4_100.cif,2.1149391574921985,3.0614582785362545,2.304424344587457,2.547465591790158,2,2,2,2,8,r200_t8.4_t8.4_100.cif,200,8.4,100,0.158990000000017
d:\New folder\project\data\r200\t8.4\t8.4_120.cif,2.246156459208666,2.7482829261946975,2.6509433059486325,2.169231201687978,4,2,4,2,12,r200_t8.4_t8.4_120.cif,200,8.4,120,0.1069300000000339
d:\New folder\project\data\r200\t8.4\t8.4_140.cif,2.2855646276860804,2.767723605926597,3.0,2.28486488798164,3,2,0,4,9,r200_t8.4_t8.4_140.cif,200,8.4,140,-0.1228499999999712
d:\New folder\project\data\r200\t8.4\t8.4_160.cif,3.0,3.0,2.7010330257285986,2.644966395377474,0,0,2,2,4,r200_t8.4_t8.4_160.cif,200,8.4,160,0.2276400000000649
d:\New folder\project\data\r200\t8.4\t8.4_180.cif,3.0,3.0,2.2509320559724544,2.562930939260149,0,0,2,2,4,r200_t8.4_t8.4_180.cif,200,8.4,180,0.1462500000000091
d:\New folder\project\data\r200\t8.4\t8.4_20.cif,2.339225627714069,3.0,3.0,3.0,4,0,0,0,4,r200_t8.4_t8.4_20.cif,200,8.4,20,0.5032800000000179
d:\New folder\project\data\r200\t8.4\t8.4_200.cif,3.0,3.0,2.141916594179623,3.0,0,0,2,0,2,r200_t8.4_t8.4_200.cif,200,8.4,200,0.13704000000007
d:\New folder\project\data\r200\t8.4\t8.4_220.cif,3.0,3.0,2.206023343526156,3.0,0,0,2,0,2,r200_t8.4_t8.4_220.cif,200,8.4,220,0.1088399999999865
d:\New folder\project\data\r200\t8.4\t8.4_240.cif,3.0,3.0,2.474964463898828,2.570788239429359,0,0,2,2,4,r200_t8.4_t8.4_240.cif,200,8.4,240,-0.0208699999999453
d:\New folder\project\data\r200\t8.4\t8.4_260.cif,2.4364649017361186,3.0,3.0,2.155542860503516,2,0,0,2,4,r200_t8.4_t8.4_260.cif,200,8.4,260,0.0533900000000358
d:\New folder\project\data\r200\t8.4\t8.4_280.cif,3.0,3.0,3.0,2.265359408792415,0,0,0,2,2,r200_t8.4_t8.4_280.cif,200,8.4,280,0.2026299999999992
d:\New folder\project\data\r200\t8.4\t8.4_300.cif,2.305753257323514,2.9266109904053246,2.814170772887259,2.158736481613115,6,4,3,4,17,r200_t8.4_t8.4_300.cif,200,8.4,300,-0.1123499999999921
d:\New folder\project\data\r200\t8.4\t8.4_320.cif,2.158885104993076,2.906621114452592,2.4707231142994033,2.1956201780248,4,5,2,4,15,r200_t8.4_t8.4_320.cif,200,8.4,320,-0.2528999999999541
d:\New folder\project\data\r200\t8.4\t8.4_340.cif,2.2186230049652482,2.810883296346033,2.435739953488672,1.9975830775652894,2,3,2,4,11,r200_t8.4_t8.4_340.cif,200,8.4,340,-0.2569799999999986
d:\New folder\project\data\r200\t8.4\t8.4_40.cif,2.0263859506086455,3.0,3.0,3.0,2,0,0,0,2,r200_t8.4_t8.4_40.cif,200,8.4,40,0.5822500000000446
d:\New folder\project\data\r200\t8.4\t8.4_60.cif,2.413282861735675,3.0,2.3180472257575984,3.0,2,0,2,0,4,r200_t8.4_t8.4_60.cif,200,8.4,60,0.3965900000000601
d:\New folder\project\data\r200\t8.4\t8.4_80.cif,3.0,3.0,2.21273899873574,3.0,0,0,2,0,2,r200_t8.4_t8.4_80.cif,200,8.4,80,0.323030000000017
d:\New folder\project\data\r200\t9.6\t9.6_0.cif,2.260808063016982,3.1589249412940674,2.5442430624021872,2.7453429057819054,2,1,4,4,11,r200_t9.6_t9.6_0.cif,200,9.6,0,0.2023900000000367
d:\New folder\project\data\r200\t9.6\t9.6_100.cif,2.4033060171818343,3.074779854184557,2.5282484737359425,2.4066018231144053,5,2,4,2,13,r200_t9.6_t9.6_100.cif,200,9.6,100,0.128590000000031
d:\New folder\project\data\r200\t9.6\t9.6_120.cif,2.2193542178278944,2.751546145833962,2.528464992428835,2.3541487457953676,6,2,4,3,15,r200_t9.6_t9.6_120.cif,200,9.6,120,0.1216299999999819
d:\New folder\project\data\r200\t9.6\t9.6_140.cif,2.4125836685586526,2.834975004990481,2.449395700610725,2.430230738043333,4,2,2,4,12,r200_t9.6_t9.6_140.cif,200,9.6,140,0.1840700000000197
d:\New folder\project\data\r200\t9.6\t9.6_160.cif,3.0,3.0,3.0,2.6298044599272914,0,0,0,4,4,r200_t9.6_t9.6_160.cif,200,9.6,160,0.35450000000003
d:\New folder\project\data\r200\t9.6\t9.6_180.cif,3.0,3.0,2.3199094065809263,2.334860256429666,0,0,2,2,4,r200_t9.6_t9.6_180.cif,200,9.6,180,0.1843600000000833
d:\New folder\project\data\r200\t9.6\t9.6_20.cif,2.3721975403031337,3.0,3.0,3.0,4,0,0,0,4,r200_t9.6_t9.6_20.cif,200,9.6,20,0.4968900000000076
d:\New folder\project\data\r200\t9.6\t9.6_200.cif,3.0,3.0,2.2693975527058066,2.5218931880866435,0,0,2,2,4,r200_t9.6_t9.6_200.cif,200,9.6,200,0.1603300000000445
d:\New folder\project\data\r200\t9.6\t9.6_220.cif,3.0,3.0,2.333622201885235,2.8183613288149165,0,0,2,1,3,r200_t9.6_t9.6_220.cif,200,9.6,220,0.0939500000000634
d:\New folder\project\data\r200\t9.6\t9.6_240.cif,3.0,3.0,2.7789080731982807,2.6124731395351435,0,0,2,4,6,r200_t9.6_t9.6_240.cif,200,9.6,240,0.0586500000000569
d:\New folder\project\data\r200\t9.6\t9.6_260.cif,2.1458217931596244,3.0,3.0,2.401322813531319,2,0,0,2,4,r200_t9.6_t9.6_260.cif,200,9.6,260,0.2247300000000223
d:\New folder\project\data\r200\t9.6\t9.6_280.cif,2.4458670129196536,3.0,3.0,2.7324309390645576,2,0,0,4,6,r200_t9.6_t9.6_280.cif,200,9.6,280,0.237190000000055
d:\New folder\project\data\r200\t9.6\t9.6_300.cif,2.2280206273343985,2.732135022187406,2.3636442705745435,2.5644782557398136,4,2,6,5,17,r200_t9.6_t9.6_300.cif,200,9.6,300,-0.2348399999999628
d:\New folder\project\data\r200\t9.6\t9.6_320.cif,2.206006803423493,2.8385451246949036,2.2560782854534605,2.4866524645683157,2,3,5,3,13,r200_t9.6_t9.6_320.cif,200,9.6,320,-0.1824899999999161
d:\New folder\project\data\r200\t9.6\t9.6_340.cif,2.3424549509891386,2.883214969870148,2.258651351268639,2.4932091224900472,3,4,6,3,16,r200_t9.6_t9.6_340.cif,200,9.6,340,-0.178229999999985
d:\New folder\project\data\r200\t9.6\t9.6_40.cif,2.253581804661365,3.0,3.0,3.0,4,0,0,0,4,r200_t9.6_t9.6_40.cif,200,9.6,40,0.5923000000000229
d:\New folder\project\data\r200\t9.6\t9.6_60.cif,3.0,3.0,2.249317952591525,3.0,0,0,2,0,2,r200_t9.6_t9.6_60.cif,200,9.6,60,0.4118000000000847
d:\New folder\project\data\r200\t9.6\t9.6_80.cif,3.0,3.0,2.088664861507313,3.0,0,0,2,0,2,r200_t9.6_t9.6_80.cif,200,9.6,80,0.3783900000000813
d:\New folder\project\data\r220\t0\t0_0.cif,2.358928381413009,3.0,3.0,3.0,2,0,0,0,2,r220_t0_t0_0.cif,220,0.0,0,0.5113600000000815
d:\New folder\project\data\r220\t0\t0_100.cif,2.3156018099285545,2.9332299296016453,2.0708536691355226,2.124938439166531,2,2,2,2,8,r220_t0_t0_100.cif,220,0.0,100,-0.1350299999999151
d:\New folder\project\data\r220\t0\t0_120.cif,2.3309421864899873,2.863905600520808,2.426346416736656,2.2996513448889275,4,2,3,3,12,r220_t0_t0_120.cif,220,0.0,120,-0.2353299999999762
d:\New folder\project\data\r220\t0\t0_140.cif,2.337535406499281,2.889566403137965,2.4664567470016183,2.566212493798753,4,2,2,4,12,r220_t0_t0_140.cif,220,0.0,140,0.1808100000000649
d:\New folder\project\data\r220\t0\t0_160.cif,3.0,3.0,3.0,2.5561933554375535,0,0,0,2,2,r220_t0_t0_160.cif,220,0.0,160,0.3032900000000609
d:\New folder\project\data\r220\t0\t0_180.cif,3.0,3.0,3.0,2.3346052149720347,0,0,0,2,2,r220_t0_t0_180.cif,220,0.0,180,0.2683700000000044
d:\New folder\project\data\r220\t0\t0_20.cif,2.3795132370033905,3.0,3.0,3.0,2,0,0,0,2,r220_t0_t0_20.cif,220,0.0,20,0.4209000000000742
d:\New folder\project\data\r220\t0\t0_200.cif,3.0,3.0,2.426851201459346,2.421111371410981,0,0,2,2,4,r220_t0_t0_200.cif,220,0.0,200,0.1643000000000256
d:\New folder\project\data\r220\t0\t0_220.cif,3.0,3.0,2.273963675541076,2.7491167537594983,0,0,2,4,6,r220_t0_t0_220.cif,220,0.0,220,0.0789500000000771
d:\New folder\project\data\r220\t0\t0_240.cif,3.0,3.0,2.3417397507894524,2.664997805240533,0,0,2,6,8,r220_t0_t0_240.cif,220,0.0,240,-0.0153500000000121
d:\New folder\project\data\r220\t0\t0_260.cif,2.4353098192266174,3.0,2.820560041724249,2.4703098068576974,2,0,1,4,7,r220_t0_t0_260.cif,220,0.0,260,0.0539100000000871
d:\New folder\project\data\r220\t0\t0_280.cif,2.1748635300264514,3.0,3.0,2.288517173406634,2,0,0,2,4,r220_t0_t0_280.cif,220,0.0,280,0.2157900000000836
d:\New folder\project\data\r220\t0\t0_300.cif,2.2814691996056196,2.746285464403849,2.2633728841835783,2.6412305126814357,4,1,2,4,11,r220_t0_t0_300.cif,220,0.0,300,0.0481600000000526
d:\New folder\project\data\r220\t0\t0_320.cif,2.3304865416007314,2.7248026563725496,1.7347057924996552,2.7017824270376734,6,2,2,4,14,r220_t0_t0_320.cif,220,0.0,320,-0.2048099999999522
d:\New folder\project\data\r220\t0\t0_340.cif,2.2115896538094333,2.743052540560575,1.762911138868184,2.552820652650372,4,2,2,1,9,r220_t0_t0_340.cif,220,0.0,340,-0.0697799999999233
d:\New folder\project\data\r220\t0\t0_40.cif,2.4119014947726973,3.0,3.0,3.0,4,0,0,0,4,r220_t0_t0_40.cif,220,0.0,40,0.4866800000000921
d:\New folder\project\data\r220\t0\t0_60.cif,2.2395542960950086,3.0,3.0,3.0,4,0,0,0,4,r220_t0_t0_60.cif,220,0.0,60,0.4855900000000019
d:\New folder\project\data\r220\t0\t0_80.cif,3.0,3.0,2.2190020392610776,3.0,0,0,2,0,2,r220_t0_t0_80.cif,220,0.0,80,0.3456500000000915
d:\New folder\project\data\r220\t1.2\t1.2_0.cif,2.3619044743923356,3.1113224474065815,2.529257563887781,2.769047744860785,2,1,2,2,7,r220_t1.2_t1.2_0.cif,220,1.2,0,0.1037499999999909
d:\New folder\project\data\r220\t1.2\t1.2_100.cif,3.0,3.0,2.2174057428343854,2.7351228399333456,0,0,2,2,4,r220_t1.2_t1.2_100.cif,220,1.2,100,0.0928600000000869
d:\New folder\project\data\r220\t1.2\t1.2_120.cif,2.305079039913685,2.8964882957160656,2.435716573921356,2.016478916228397,4,2,3,2,11,r220_t1.2_t1.2_120.cif,220,1.2,120,-0.1588600000000042
d:\New folder\project\data\r220\t1.2\t1.2_140.cif,2.4920513569746903,3.0,2.7434472646023753,2.36604843076209,1,0,1,2,4,r220_t1.2_t1.2_140.cif,220,1.2,140,0.2041400000000521
d:\New folder\project\data\r220\t1.2\t1.2_160.cif,3.0,3.0,3.0,2.3992515905353957,0,0,0,2,2,r220_t1.2_t1.2_160.cif,220,1.2,160,0.3501300000000356
d:\New folder\project\data\r220\t1.2\t1.2_180.cif,3.0,3.0,3.0,2.465307279204518,0,0,0,2,2,r220_t1.2_t1.2_180.cif,220,1.2,180,0.4450500000000374
d:\New folder\project\data\r220\t1.2\t1.2_20.cif,3.0,3.0,3.0,2.8023472915202676,0,0,0,1,1,r220_t1.2_t1.2_20.cif,220,1.2,20,0.3638200000000324
d:\New folder\project\data\r220\t1.2\t1.2_200.cif,3.0,3.0,3.0,2.3671336947795245,0,0,0,2,2,r220_t1.2_t1.2_200.cif,220,1.2,200,0.41671000000008
d:\New folder\project\data\r220\t1.2\t1.2_220.cif,3.0,3.0,2.7454630044715196,2.6037032522913304,0,0,1,2,3,r220_t1.2_t1.2_220.cif,220,1.2,220,0.273869999999988
d:\New folder\project\data\r220\t1.2\t1.2_240.cif,3.0,3.0,3.0,2.300262445042576,0,0,0,2,2,r220_t1.2_t1.2_240.cif,220,1.2,240,0.2676500000000033
d:\New folder\project\data\r220\t1.2\t1.2_260.cif,2.3875749901331087,3.0,3.0,2.4359003217943607,3,0,0,3,6,r220_t1.2_t1.2_260.cif,220,1.2,260,0.2551200000000335
d:\New folder\project\data\r220\t1.2\t1.2_280.cif,2.3030625418698825,3.0,3.0,2.559027409616406,1,0,0,2,3,r220_t1.2_t1.2_280.cif,220,1.2,280,0.2198900000000776
d:\New folder\project\data\r220\t1.2\t1.2_300.cif,2.1277444357788857,2.7310088878581773,2.1868431875303034,2.1906237943846514,3,2,4,4,13,r220_t1.2_t1.2_300.cif,220,1.2,300,-0.3828999999999496
d:\New folder\project\data\r220\t1.2\t1.2_320.cif,2.2555127372904877,2.73254288213757,1.7447410052873533,2.3817059645947602,5,2,2,4,13,r220_t1.2_t1.2_320.cif,220,1.2,320,-0.3564399999999068
d:\New folder\project\data\r220\t1.2\t1.2_340.cif,2.2415809111983673,2.751165244723703,2.273561326476376,2.485512003059694,3,2,4,4,13,r220_t1.2_t1.2_340.cif,220,1.2,340,-0.1414099999999507
d:\New folder\project\data\r220\t1.2\t1.2_40.cif,2.245335335874395,3.0,3.0,3.0,2,0,0,0,2,r220_t1.2_t1.2_40.cif,220,1.2,40,0.4177300000000059
d:\New folder\project\data\r220\t1.2\t1.2_60.cif,1.9345879192839641,3.0,3.0,2.7033999610486275,2,0,0,2,4,r220_t1.2_t1.2_60.cif,220,1.2,60,0.3941500000000815
d:\New folder\project\data\r220\t1.2\t1.2_80.cif,2.3785054421207765,3.0,2.4049111058885795,3.0,2,0,2,0,4,r220_t1.2_t1.2_80.cif,220,1.2,80,0.370200000000068
d:\New folder\project\data\r220\t2.4\t2.4_0.cif,3.0,3.0,3.0,2.5616573578521717,0,0,0,2,2,r220_t2.4_t2.4_0.cif,220,2.4,0,0.220640000000003
d:\New folder\project\data\r220\t2.4\t2.4_100.cif,3.0,3.0,3.0,2.6102498887567784,0,0,0,2,2,r220_t2.4_t2.4_100.cif,220,2.4,100,0.286420000000021
d:\New folder\project\data\r220\t2.4\t2.4_120.cif,2.288441426502283,3.146382991663453,3.0,2.3983884760578387,3,1,0,4,8,r220_t2.4_t2.4_120.cif,220,2.4,120,0.0183000000000674
d:\New folder\project\data\r220\t2.4\t2.4_140.cif,2.451057766754377,3.0,3.0,2.553149968080663,2,0,0,2,4,r220_t2.4_t2.4_140.cif,220,2.4,140,0.1782699999999977
d:\New folder\project\data\r220\t2.4\t2.4_160.cif,2.339706129565301,3.0,3.0,2.500693009478609,2,0,0,2,4,r220_t2.4_t2.4_160.cif,220,2.4,160,0.3516400000000885
d:\New folder\project\data\r220\t2.4\t2.4_180.cif,3.0,3.0,3.0,3.0,0,0,0,0,0,r220_t2.4_t2.4_180.cif,220,2.4,180,0.5366999999999962
d:\New folder\project\data\r220\t2.4\t2.4_20.cif,3.0,3.0,3.0,2.386349391338423,0,0,0,2,2,r220_t2.4_t2.4_20.cif,220,2.4,20,0.3474400000000059
d:\New folder\project\data\r220\t2.4\t2.4_200.cif,2.395061230668359,3.1521506859580977,3.0,2.72228676270793,2,1,0,2,5,r220_t2.4_t2.4_200.cif,220,2.4,200,0.6847500000000082
d:\New folder\project\data\r220\t2.4\t2.4_220.cif,3.0,3.1101150162601945,3.0,3.0,0,2,0,0,2,r220_t2.4_t2.4_220.cif,220,2.4,220,0.6393400000000611
d:\New folder\project\data\r220\t2.4\t2.4_240.cif,2.330054642612325,3.0,3.0,2.5337163798815796,2,0,0,2,4,r220_t2.4_t2.4_240.cif,220,2.4,240,0.1554300000000239
d:\New folder\project\data\r220\t2.4\t2.4_260.cif,2.1466042779122585,3.0,3.0,2.705572841643057,2,0,0,6,8,r220_t2.4_t2.4_260.cif,220,2.4,260,0.2361900000000787
d:\New folder\project\data\r220\t2.4\t2.4_280.cif,2.429117894741293,3.0,3.0,2.6285901842760833,2,0,0,4,6,r220_t2.4_t2.4_280.cif,220,2.4,280,0.2106499999999869
d:\New folder\project\data\r220\t2.4\t2.4_300.cif,2.1467823264734003,2.7821093134275783,2.2740031660748694,2.1385418831422087,3,2,3,4,12,r220_t2.4_t2.4_300.cif,220,2.4,300,-0.34245999999996
d:\New folder\project\data\r220\t2.4\t2.4_320.cif,2.184450559884408,2.7555082029136346,2.276569981172454,2.22621597075115,5,2,2,4,13,r220_t2.4_t2.4_320.cif,220,2.4,320,-0.3425199999999222
d:\New folder\project\data\r220\t2.4\t2.4_340.cif,2.2530021580426074,2.9208186886264094,2.3315496683559127,2.376980052299547,3,3,2,4,12,r220_t2.4_t2.4_340.cif,220,2.4,340,-0.1276399999999284
d:\New folder\project\data\r220\t2.4\t2.4_40.cif,3.0,3.0,3.0,2.3819942491933768,0,0,0,2,2,r220_t2.4_t2.4_40.cif,220,2.4,40,0.3955600000000459
d:\New folder\project\data\r220\t2.4\t2.4_60.cif,2.1300400137138,3.0,3.0,2.4841200176097145,2,0,0,2,4,r220_t2.4_t2.4_60.cif,220,2.4,60,0.3721199999999953
d:\New folder\project\data\r220\t2.4\t2.4_80.cif,2.409883638641541,3.0,2.688826117449441,3.0,2,0,2,0,4,r220_t2.4_t2.4_80.cif,220,2.4,80,0.3783500000000686
d:\New folder\project\data\r220\t3.6\t3.6_0.cif,3.0,3.0,3.0,2.3002259545498642,0,0,0,2,2,r220_t3.6_t3.6_0.cif,220,3.6,0,0.2770000000000436
d:\New folder\project\data\r220\t3.6\t3.6_100.cif,2.4879250614911705,3.130144765154158,3.0,2.2810009553021264,1,1,0,2,4,r220_t3.6_t3.6_100.cif,220,3.6,100,0.3423200000000861
d:\New folder\project\data\r220\t3.6\t3.6_120.cif,2.470116741077959,3.0,3.0,2.6455212684332174,2,0,0,4,6,r220_t3.6_t3.6_120.cif,220,3.6,120,0.1265500000000656
d:\New folder\project\data\r220\t3.6\t3.6_140.cif,2.4619410823330155,3.0,2.8095945101146502,2.655983761188966,1,0,2,1,4,r220_t3.6_t3.6_140.cif,220,3.6,140,0.0801600000000917
d:\New folder\project\data\r220\t3.6\t3.6_160.cif,2.2676699664390605,3.0,3.0,2.8066345838060216,1,0,0,1,2,r220_t3.6_t3.6_160.cif,220,3.6,160,0.2634400000000596
d:\New folder\project\data\r220\t3.6\t3.6_180.cif,2.297741987990612,2.767941119231275,1.7963612173018553,2.453962079950113,2,2,2,2,8,r220_t3.6_t3.6_180.cif,220,3.6,180,-0.0218499999999721
d:\New folder\project\data\r220\t3.6\t3.6_20.cif,3.0,3.0,3.0,2.4433007450916477,0,0,0,2,2,r220_t3.6_t3.6_20.cif,220,3.6,20,0.3980099999999993
d:\New folder\project\data\r220\t3.6\t3.6_200.cif,2.386204397855905,2.724859269583334,1.8707772093882586,2.5107068159863735,4,2,2,2,10,r220_t3.6_t3.6_200.cif,220,3.6,200,0.1727300000000013
d:\New folder\project\data\r220\t3.6\t3.6_220.cif,2.3185415463868373,2.6930884686910384,1.7604618180168377,2.5890109976170494,6,2,2,2,12,r220_t3.6_t3.6_220.cif,220,3.6,220,-0.0758499999999458
d:\New folder\project\data\r220\t3.6\t3.6_240.cif,2.0706661039977687,2.7284383567591295,1.7899062170178917,2.6976728881321534,4,2,2,4,12,r220_t3.6_t3.6_240.cif,220,3.6,240,-0.2755700000000161
d:\New folder\project\data\r220\t3.6\t3.6_260.cif,2.140388189519043,2.793394480992521,1.8599392060216733,2.6075012241746673,5,2,2,8,17,r220_t3.6_t3.6_260.cif,220,3.6,260,-0.4193799999999328
d:\New folder\project\data\r220\t3.6\t3.6_280.cif,2.2094805992199937,3.0,3.0,2.76496949026892,2,0,0,3,5,r220_t3.6_t3.6_280.cif,220,3.6,280,0.1463899999999967
d:\New folder\project\data\r220\t3.6\t3.6_300.cif,2.2895931074568643,3.0,3.0,3.0,3,0,0,0,3,r220_t3.6_t3.6_300.cif,220,3.6,300,0.274560000000065
d:\New folder\project\data\r220\t3.6\t3.6_320.cif,3.0,3.0,3.0,2.6211705512271926,0,0,0,2,2,r220_t3.6_t3.6_320.cif,220,3.6,320,0.2811199999999871
d:\New folder\project\data\r220\t3.6\t3.6_340.cif,3.0,3.0,2.657489275854582,2.1962941484827754,0,0,2,2,4,r220_t3.6_t3.6_340.cif,220,3.6,340,0.3229300000000421
d:\New folder\project\data\r220\t3.6\t3.6_40.cif,3.0,3.0,3.0,2.3414731370805146,0,0,0,2,2,r220_t3.6_t3.6_40.cif,220,3.6,40,0.5009200000000646
d:\New folder\project\data\r220\t3.6\t3.6_60.cif,3.0,3.156207378650708,3.0,2.593670210511604,0,1,0,2,3,r220_t3.6_t3.6_60.cif,220,3.6,60,0.5046300000000201
d:\New folder\project\data\r220\t3.6\t3.6_80.cif,3.0,2.998613782450017,3.0,3.0,0,2,0,0,2,r220_t3.6_t3.6_80.cif,220,3.6,80,0.6091600000000881
d:\New folder\project\data\r220\t4.8\t4.8_0.cif,2.2942996208192663,3.0,3.0,2.3872926070488685,2,0,0,2,4,r220_t4.8_t4.8_0.cif,220,4.8,0,0.3338400000000092
d:\New folder\project\data\r220\t4.8\t4.8_100.cif,3.0,2.7166654133106585,2.0002720519501693,2.5569723380201683,0,2,2,4,8,r220_t4.8_t4.8_100.cif,220,4.8,100,0.1747500000000172
d:\New folder\project\data\r220\t4.8\t4.8_120.cif,3.0,3.0,3.0,2.5456062417802885,0,0,0,2,2,r220_t4.8_t4.8_120.cif,220,4.8,120,0.2239100000000462
d:\New folder\project\data\r220\t4.8\t4.8_140.cif,2.450584907822072,3.0,3.0,2.6866568133124016,2,0,0,4,6,r220_t4.8_t4.8_140.cif,220,4.8,140,0.0593400000000201
d:\New folder\project\data\r220\t4.8\t4.8_160.cif,2.128212278784969,2.7922438618723247,1.8174707176596971,2.5071485631590003,2,2,2,2,8,r220_t4.8_t4.8_160.cif,220,4.8,160,-0.0162100000000009
d:\New folder\project\data\r220\t4.8\t4.8_180.cif,2.3181612926557777,2.7748110735590217,1.8746473348787451,2.4925928293297943,2,2,2,2,8,r220_t4.8_t4.8_180.cif,220,4.8,180,0.122569999999996
d:\New folder\project\data\r220\t4.8\t4.8_20.cif,3.0,3.0,3.0,2.7468552234685792,0,0,0,2,2,r220_t4.8_t4.8_20.cif,220,4.8,20,0.3964600000000473
d:\New folder\project\data\r220\t4.8\t4.8_200.cif,2.365766063716574,2.750942375645647,1.8755443518334893,2.5058135802030836,4,1,1,2,8,r220_t4.8_t4.8_200.cif,220,4.8,200,0.1514600000000427
d:\New folder\project\data\r220\t4.8\t4.8_220.cif,2.2060373287614743,2.7240450485809373,1.807398981666572,2.59433613900104,4,2,2,2,10,r220_t4.8_t4.8_220.cif,220,4.8,220,-0.0491999999999279
d:\New folder\project\data\r220\t4.8\t4.8_240.cif,2.2378928020484334,2.8848373550825857,1.8713643006124636,2.6080028095200496,6,4,2,6,18,r220_t4.8_t4.8_240.cif,220,4.8,240,-0.1870699999999487
d:\New folder\project\data\r220\t4.8\t4.8_260.cif,2.260158355905472,2.8521312624303308,1.9848878908944267,2.3941902035032663,5,4,2,6,17,r220_t4.8_t4.8_260.cif,220,4.8,260,-0.2877799999999979
d:\New folder\project\data\r220\t4.8\t4.8_280.cif,2.3198172312146275,3.0,3.0,3.0,4,0,0,0,4,r220_t4.8_t4.8_280.cif,220,4.8,280,0.216319999999996
d:\New folder\project\data\r220\t4.8\t4.8_300.cif,2.229376563897841,3.0,3.0,3.0,2,0,0,0,2,r220_t4.8_t4.8_300.cif,220,4.8,300,0.2205000000000154
d:\New folder\project\data\r220\t4.8\t4.8_320.cif,3.0,3.0,2.770331468886165,2.738070646634711,0,0,2,2,4,r220_t4.8_t4.8_320.cif,220,4.8,320,0.2972800000000006
d:\New folder\project\data\r220\t4.8\t4.8_340.cif,2.4299828417480045,3.0,2.4937482542777567,2.2962348336918565,2,0,2,2,6,r220_t4.8_t4.8_340.cif,220,4.8,340,0.2973800000000892
d:\New folder\project\data\r220\t4.8\t4.8_40.cif,2.3871825278358845,3.0,3.0,2.6336418489705555,2,0,0,4,6,r220_t4.8_t4.8_40.cif,220,4.8,40,0.5108900000000176
d:\New folder\project\data\r220\t4.8\t4.8_60.cif,3.0,3.059760361579519,2.8130178205143643,2.7306130325823705,0,2,2,2,6,r220_t4.8_t4.8_60.cif,220,4.8,60,0.4933900000000903
d:\New folder\project\data\r220\t4.8\t4.8_80.cif,3.0,2.70315528750379,1.850830516923108,3.0,0,2,2,0,4,r220_t4.8_t4.8_80.cif,220,4.8,80,0.2213300000000799
d:\New folder\project\data\r220\t6.0\t6.0_0.cif,2.192826773151695,3.0,3.0,2.7701036532474386,1,0,0,2,3,r220_t6.0_t6.0_0.cif,220,6.0,0,0.2260200000000622
d:\New folder\project\data\r220\t6.0\t6.0_100.cif,2.4244336652446274,2.8218005271675373,2.022981488897784,2.328855373234207,2,2,2,2,8,r220_t6.0_t6.0_100.cif,220,6.0,100,0.0045700000000579
d:\New folder\project\data\r220\t6.0\t6.0_120.cif,2.423777247942427,3.1089615533983816,2.528599826677825,2.462542001486614,2,2,4,3,11,r220_t6.0_t6.0_120.cif,220,6.0,120,0.0040900000000192
d:\New folder\project\data\r220\t6.0\t6.0_140.cif,3.0,3.0,3.0,2.4612724121166907,0,0,0,2,2,r220_t6.0_t6.0_140.cif,220,6.0,140,0.1861099999999851
d:\New folder\project\data\r220\t6.0\t6.0_160.cif,2.4798331566164853,3.0,3.0,3.0,1,0,0,0,1,r220_t6.0_t6.0_160.cif,220,6.0,160,0.4459900000000516
d:\New folder\project\data\r220\t6.0\t6.0_180.cif,3.0,3.0,3.0,3.0,0,0,0,0,0,r220_t6.0_t6.0_180.cif,220,6.0,180,0.4921800000000758
d:\New folder\project\data\r220\t6.0\t6.0_20.cif,2.4238682022343268,3.0,3.0,2.574601626178404,2,0,0,3,5,r220_t6.0_t6.0_20.cif,220,6.0,20,0.3470500000000811
d:\New folder\project\data\r220\t6.0\t6.0_200.cif,2.214971080506133,3.0,3.0,3.0,2,0,0,0,2,r220_t6.0_t6.0_200.cif,220,6.0,200,0.4805499999999938
d:\New folder\project\data\r220\t6.0\t6.0_220.cif,2.303924026059835,3.0,2.4109888347448294,3.0,2,0,2,0,4,r220_t6.0_t6.0_220.cif,220,6.0,220,0.2778500000000576
d:\New folder\project\data\r220\t6.0\t6.0_240.cif,2.3471030390468433,3.0,2.525743886865749,3.0,3,0,2,0,5,r220_t6.0_t6.0_240.cif,220,6.0,240,0.1594400000000178
d:\New folder\project\data\r220\t6.0\t6.0_260.cif,2.013561043993497,3.0,3.0,3.0,2,0,0,0,2,r220_t6.0_t6.0_260.cif,220,6.0,260,0.1657800000000406
d:\New folder\project\data\r220\t6.0\t6.0_280.cif,2.3098587959999035,3.141375929269815,3.0,3.0,2,1,0,0,3,r220_t6.0_t6.0_280.cif,220,6.0,280,0.2031500000000505
d:\New folder\project\data\r220\t6.0\t6.0_300.cif,2.4008113915601776,3.0978601143737206,2.555027293086045,2.7979386431164985,4,2,2,1,9,r220_t6.0_t6.0_300.cif,220,6.0,300,0.1575599999999895
d:\New folder\project\data\r220\t6.0\t6.0_320.cif,2.2353327999535155,2.862628926615408,2.3121491370881864,2.236249126082263,4,6,6,4,20,r220_t6.0_t6.0_320.cif,220,6.0,320,-0.3671299999999746
d:\New folder\project\data\r220\t6.0\t6.0_340.cif,2.163073809551098,2.77490851303701,2.2300414306497824,2.1135844184427723,2,4,4,4,14,r220_t6.0_t6.0_340.cif,220,6.0,340,-0.3639899999999443
d:\New folder\project\data\r220\t6.0\t6.0_40.cif,2.2201779063743246,3.0,3.0,2.361315759198999,2,0,0,2,4,r220_t6.0_t6.0_40.cif,220,6.0,40,0.4546300000000656
d:\New folder\project\data\r220\t6.0\t6.0_60.cif,2.460864783343279,2.805287933174306,1.9614235133019922,2.7810015715882264,2,2,2,2,8,r220_t6.0_t6.0_60.cif,220,6.0,60,0.1621499999999969
d:\New folder\project\data\r220\t6.0\t6.0_80.cif,3.0,2.74658586671146,1.856332781339372,2.8083945845841174,0,2,2,1,5,r220_t6.0_t6.0_80.cif,220,6.0,80,0.0695400000000745
d:\New folder\project\data\r220\t7.2\t7.2_0.cif,2.2964567912999856,2.756172963093893,1.8520483470981683,1.9709930214549933,3,4,2,4,13,r220_t7.2_t7.2_0.cif,220,7.2,0,-0.3045299999999997
d:\New folder\project\data\r220\t7.2\t7.2_100.cif,2.3700999151533386,2.88575342669624,2.6203010859037272,2.556913395959469,2,2,2,2,8,r220_t7.2_t7.2_100.cif,220,7.2,100,0.0322700000000395
d:\New folder\project\data\r220\t7.2\t7.2_120.cif,2.359661437598884,2.9772503661562992,2.60222318158823,2.4608592326929077,6,4,4,4,18,r220_t7.2_t7.2_120.cif,220,7.2,120,-0.14067
d:\New folder\project\data\r220\t7.2\t7.2_140.cif,3.0,3.146684814995393,3.0,3.0,0,1,0,0,1,r220_t7.2_t7.2_140.cif,220,7.2,140,0.3206800000000385
d:\New folder\project\data\r220\t7.2\t7.2_160.cif,3.0,3.0,3.0,3.0,0,0,0,0,0,r220_t7.2_t7.2_160.cif,220,7.2,160,0.4765899999999874
d:\New folder\project\data\r220\t7.2\t7.2_180.cif,3.0,3.0,2.656259679625373,3.0,0,0,2,0,2,r220_t7.2_t7.2_180.cif,220,7.2,180,0.2672900000000027
d:\New folder\project\data\r220\t7.2\t7.2_20.cif,2.3652315189291917,3.0,3.0,2.7945552081716305,2,0,0,3,5,r220_t7.2_t7.2_20.cif,220,7.2,20,0.363770000000045
d:\New folder\project\data\r220\t7.2\t7.2_200.cif,3.0,3.0,2.3928771947633285,3.0,0,0,2,0,2,r220_t7.2_t7.2_200.cif,220,7.2,200,0.2224200000000564
d:\New folder\project\data\r220\t7.2\t7.2_220.cif,3.0,3.0,2.141560914323488,3.0,0,0,2,0,2,r220_t7.2_t7.2_220.cif,220,7.2,220,0.1627799999999979
d:\New folder\project\data\r220\t7.2\t7.2_240.cif,3.0,3.0,2.2023780869609535,2.794315758880275,0,0,2,2,4,r220_t7.2_t7.2_240.cif,220,7.2,240,0.0192299999999931
d:\New folder\project\data\r220\t7.2\t7.2_260.cif,2.3959968776636273,3.0,2.6342293772736687,2.334195138957493,2,0,2,2,6,r220_t7.2_t7.2_260.cif,220,7.2,260,-0.0208000000000083
d:\New folder\project\data\r220\t7.2\t7.2_280.cif,3.0,3.1074468523938146,3.0,2.3278751881429587,0,2,0,2,4,r220_t7.2_t7.2_280.cif,220,7.2,280,0.0889300000000048
d:\New folder\project\data\r220\t7.2\t7.2_300.cif,2.1618627941524986,2.8468286830375504,2.4227696092210786,2.252795929720108,4,6,6,4,20,r220_t7.2_t7.2_300.cif,220,7.2,300,-0.35191999999995
d:\New folder\project\data\r220\t7.2\t7.2_320.cif,2.2761097076187236,2.9026781172731613,2.381742421031,2.1996000712565986,4,6,6,4,20,r220_t7.2_t7.2_320.cif,220,7.2,320,-0.4195999999999458
d:\New folder\project\data\r220\t7.2\t7.2_340.cif,2.2020143652050885,2.7553966130813934,2.3044307329748963,2.0548091824554997,2,4,4,4,14,r220_t7.2_t7.2_340.cif,220,7.2,340,-0.3341199999999844
d:\New folder\project\data\r220\t7.2\t7.2_40.cif,2.2454997122631264,3.0,3.0,2.741953020047891,4,0,0,2,6,r220_t7.2_t7.2_40.cif,220,7.2,40,0.4830699999999979
d:\New folder\project\data\r220\t7.2\t7.2_60.cif,2.325369353590257,3.0,3.0,3.0,2,0,0,0,2,r220_t7.2_t7.2_60.cif,220,7.2,60,0.4166700000000674
d:\New folder\project\data\r220\t7.2\t7.2_80.cif,3.0,2.997411462921656,2.137843396889161,3.0,0,2,1,0,3,r220_t7.2_t7.2_80.cif,220,7.2,80,0.1365200000000186
d:\New folder\project\data\r220\t8.4\t8.4_0.cif,2.304811795388477,2.7672324977106,1.9263522629574874,1.9736972876681045,4,3,1,4,12,r220_t8.4_t8.4_0.cif,220,8.4,0,-0.242059999999924
d:\New folder\project\data\r220\t8.4\t8.4_100.cif,3.0,3.0077281291345326,2.112521151921952,2.28189777389594,0,2,2,2,6,r220_t8.4_t8.4_100.cif,220,8.4,100,-0.0261799999999539
d:\New folder\project\data\r220\t8.4\t8.4_120.cif,2.468881462592581,2.8934831833127928,2.291458563690134,2.147955873867854,3,2,2,2,9,r220_t8.4_t8.4_120.cif,220,8.4,120,-0.1542599999999083
d:\New folder\project\data\r220\t8.4\t8.4_140.cif,3.0,2.9619035087051375,2.7273665696993357,2.6250810426693634,0,2,2,2,6,r220_t8.4_t8.4_140.cif,220,8.4,140,0.3156200000000808
d:\New folder\project\data\r220\t8.4\t8.4_160.cif,2.3912335638502977,3.0,3.0,3.0,2,0,0,0,2,r220_t8.4_t8.4_160.cif,220,8.4,160,0.3166100000000824
d:\New folder\project\data\r220\t8.4\t8.4_180.cif,2.490045081271227,3.0,2.791655938622632,2.3939696517973528,1,0,1,2,4,r220_t8.4_t8.4_180.cif,220,8.4,180,0.2153200000000197
d:\New folder\project\data\r220\t8.4\t8.4_20.cif,3.0,3.0,3.0,3.0,0,0,0,0,0,r220_t8.4_t8.4_20.cif,220,8.4,20,0.4200000000000727
d:\New folder\project\data\r220\t8.4\t8.4_200.cif,3.0,3.0,2.4637125578953163,2.5643777372628387,0,0,2,2,4,r220_t8.4_t8.4_200.cif,220,8.4,200,0.1571300000000519
d:\New folder\project\data\r220\t8.4\t8.4_220.cif,3.0,3.0,2.1943364338815234,2.7677845748771075,0,0,2,2,4,r220_t8.4_t8.4_220.cif,220,8.4,220,0.0720499999999901
d:\New folder\project\data\r220\t8.4\t8.4_240.cif,3.0,3.0,2.296589710794369,2.725828065629758,0,0,2,4,6,r220_t8.4_t8.4_240.cif,220,8.4,240,-0.0285199999999576
d:\New folder\project\data\r220\t8.4\t8.4_260.cif,3.0,3.0,2.5279725524648358,2.2697902986417247,0,0,2,2,4,r220_t8.4_t8.4_260.cif,220,8.4,260,-0.0272099999999682
d:\New folder\project\data\r220\t8.4\t8.4_280.cif,2.490465826903686,3.0,3.0,2.2196811836927988,2,0,0,2,4,r220_t8.4_t8.4_280.cif,220,8.4,280,0.1610299999999824
d:\New folder\project\data\r220\t8.4\t8.4_300.cif,2.2326828470439666,2.856954197958693,2.6610728722868346,2.1442695888325733,2,4,4,4,14,r220_t8.4_t8.4_300.cif,220,8.4,300,-0.1479399999999486
d:\New folder\project\data\r220\t8.4\t8.4_320.cif,2.1164217688671103,2.941181928380449,2.4629886036868385,2.2221423210726567,2,5,4,4,15,r220_t8.4_t8.4_320.cif,220,8.4,320,-0.296989999999937
d:\New folder\project\data\r220\t8.4\t8.4_340.cif,2.2383236034594933,2.7279802942531552,1.8602203285709342,1.9737255895947816,2,3,1,4,10,r220_t8.4_t8.4_340.cif,220,8.4,340,-0.2676699999999528
d:\New folder\project\data\r220\t8.4\t8.4_40.cif,2.197423660261611,3.0,3.0,3.0,2,0,0,0,2,r220_t8.4_t8.4_40.cif,220,8.4,40,0.4976400000000467
d:\New folder\project\data\r220\t8.4\t8.4_60.cif,2.1308179697520098,3.0,3.0,3.0,2,0,0,0,2,r220_t8.4_t8.4_60.cif,220,8.4,60,0.5035500000000184
d:\New folder\project\data\r220\t8.4\t8.4_80.cif,3.0,3.134789078643777,2.286043320716014,3.0,0,2,2,0,4,r220_t8.4_t8.4_80.cif,220,8.4,80,0.3052999999999883
d:\New folder\project\data\r220\t9.6\t9.6_0.cif,2.3555608430970243,3.0376160979708664,2.2978124314377975,3.0,3,3,2,0,8,r220_t9.6_t9.6_0.cif,220,9.6,0,0.1827200000000175
d:\New folder\project\data\r220\t9.6\t9.6_100.cif,2.3079226673437914,2.9748657234294704,2.100305873636791,2.1399580741816076,2,2,2,2,8,r220_t9.6_t9.6_100.cif,220,9.6,100,-0.1450300000000197
d:\New folder\project\data\r220\t9.6\t9.6_120.cif,2.318085733782981,2.8470232259403536,2.5085946483725894,2.408495149232383,4,2,4,4,14,r220_t9.6_t9.6_120.cif,220,9.6,120,-0.1988499999999931
d:\New folder\project\data\r220\t9.6\t9.6_140.cif,2.377215337912273,2.9218836149032636,2.458321707880173,2.5688392253007017,4,2,2,4,12,r220_t9.6_t9.6_140.cif,220,9.6,140,0.1934100000000853
d:\New folder\project\data\r220\t9.6\t9.6_160.cif,3.0,3.0,3.0,2.458962410816954,0,0,0,2,2,r220_t9.6_t9.6_160.cif,220,9.6,160,0.3127400000000762
d:\New folder\project\data\r220\t9.6\t9.6_180.cif,3.0,3.0,3.0,2.381206544116131,0,0,0,2,2,r220_t9.6_t9.6_180.cif,220,9.6,180,0.3432900000000245
d:\New folder\project\data\r220\t9.6\t9.6_20.cif,3.0,3.0,3.0,3.0,0,0,0,0,0,r220_t9.6_t9.6_20.cif,220,9.6,20,0.4296100000000251
d:\New folder\project\data\r220\t9.6\t9.6_200.cif,3.0,3.0,2.670050005478562,2.4280624408262463,0,0,2,2,4,r220_t9.6_t9.6_200.cif,220,9.6,200,0.2113200000000006
d:\New folder\project\data\r220\t9.6\t9.6_220.cif,3.0,3.0,2.34322397832588,2.735989878402436,0,0,2,2,4,r220_t9.6_t9.6_220.cif,220,9.6,220,0.1171000000000503
d:\New folder\project\data\r220\t9.6\t9.6_240.cif,3.0,3.0,2.469271759564328,2.687852628252307,0,0,2,6,8,r220_t9.6_t9.6_240.cif,220,9.6,240,0.0425800000000435
d:\New folder\project\data\r220\t9.6\t9.6_260.cif,2.2895557469900405,3.0,3.0,2.425631834604399,2,0,0,4,6,r220_t9.6_t9.6_260.cif,220,9.6,260,0.1696900000000596
d:\New folder\project\data\r220\t9.6\t9.6_280.cif,2.0941711837965173,3.0,3.0,2.411858367427537,2,0,0,2,4,r220_t9.6_t9.6_280.cif,220,9.6,280,0.2302200000000311
d:\New folder\project\data\r220\t9.6\t9.6_300.cif,2.312749239014097,2.752729667734298,1.7720053767525306,2.5507161090088655,6,2,2,3,13,r220_t9.6_t9.6_300.cif,220,9.6,300,-0.1541199999999207
d:\New folder\project\data\r220\t9.6\t9.6_320.cif,2.276632417136191,2.731588286552915,1.7425848927375214,2.5850047057462695,6,2,2,4,14,r220_t9.6_t9.6_320.cif,220,9.6,320,-0.2622099999999818
d:\New folder\project\data\r220\t9.6\t9.6_340.cif,2.1728096686328398,2.7321425298894795,2.2479675704134765,2.289745167749058,3,2,4,2,11,r220_t9.6_t9.6_340.cif,220,9.6,340,-0.0880199999999149
d:\New folder\project\data\r220\t9.6\t9.6_40.cif,2.306877570309877,3.0,3.0,3.0,2,0,0,0,2,r220_t9.6_t9.6_40.cif,220,9.6,40,0.4750400000000354
d:\New folder\project\data\r220\t9.6\t9.6_60.cif,2.2850912438505664,3.0,3.0,3.0,4,0,0,0,4,r220_t9.6_t9.6_60.cif,220,9.6,60,0.527930000000083
d:\New folder\project\data\r220\t9.6\t9.6_80.cif,3.0,3.0,2.1493640142156862,3.0,0,0,2,0,2,r220_t9.6_t9.6_80.cif,220,9.6,80,0.3452399999999898
d:\New folder\project\data\r240\t0\t0_0.cif,3.0,3.0,3.0,3.0,0,0,0,0,0,r240_t0_t0_0.cif,240,0.0,0,0.4992200000000366
d:\New folder\project\data\r240\t0\t0_100.cif,3.0,3.0,3.0,3.0,0,0,0,0,0,r240_t0_t0_100.cif,240,0.0,100,0.4092699999999922
d:\New folder\project\data\r240\t0\t0_120.cif,2.2956694342400112,2.8725946051001934,2.38660632979874,2.299264145400469,4,2,4,3,13,r240_t0_t0_120.cif,240,0.0,120,-0.2994699999999284
d:\New folder\project\data\r240\t0\t0_140.cif,3.0,3.0,3.0,3.0,0,0,0,0,0,r240_t0_t0_140.cif,240,0.0,140,0.488140000000044
d:\New folder\project\data\r240\t0\t0_160.cif,3.0,3.0,3.0,3.0,0,0,0,0,0,r240_t0_t0_160.cif,240,0.0,160,0.5328800000000911
d:\New folder\project\data\r240\t0\t0_180.cif,3.0,3.0,3.0,3.0,0,0,0,0,0,r240_t0_t0_180.cif,240,0.0,180,0.5262200000000803
d:\New folder\project\data\r240\t0\t0_20.cif,3.0,3.0,3.0,3.0,0,0,0,0,0,r240_t0_t0_20.cif,240,0.0,20,0.5455699999999979
d:\New folder\project\data\r240\t0\t0_200.cif,3.0,3.0,3.0,3.0,0,0,0,0,0,r240_t0_t0_200.cif,240,0.0,200,0.5679000000000087
d:\New folder\project\data\r240\t0\t0_220.cif,3.0,3.0,3.0,3.0,0,0,0,0,0,r240_t0_t0_220.cif,240,0.0,220,0.5011000000000649
d:\New folder\project\data\r240\t0\t0_240.cif,3.0,3.0,3.0,3.0,0,0,0,0,0,r240_t0_t0_240.cif,240,0.0,240,0.4509100000000217
d:\New folder\project\data\r240\t0\t0_260.cif,3.0,3.0,3.0,3.0,0,0,0,0,0,r240_t0_t0_260.cif,240,0.0,260,0.4217200000000503
d:\New folder\project\data\r240\t0\t0_280.cif,3.0,3.0,3.0,3.0,0,0,0,0,0,r240_t0_t0_280.cif,240,0.0,280,0.4528500000000122
d:\New folder\project\data\r240\t0\t0_300.cif,3.0,3.0,3.0,3.0,0,0,0,0,0,r240_t0_t0_300.cif,240,0.0,300,0.4274700000000848
d:\New folder\project\data\r240\t0\t0_320.cif,3.0,3.0,2.4627955091807276,3.0,0,0,2,0,2,r240_t0_t0_320.cif,240,0.0,320,0.2793100000000095
d:\New folder\project\data\r240\t0\t0_340.cif,3.0,3.0,2.4752692984437186,3.0,0,0,2,0,2,r240_t0_t0_340.cif,240,0.0,340,0.2847300000000814
d:\New folder\project\data\r240\t0\t0_40.cif,3.0,3.0,3.0,3.0,0,0,0,0,0,r240_t0_t0_40.cif,240,0.0,40,0.5640799999999899
d:\New folder\project\data\r240\t0\t0_60.cif,3.0,3.0,3.0,3.0,0,0,0,0,0,r240_t0_t0_60.cif,240,0.0,60,0.5368200000000343
d:\New folder\project\data\r240\t0\t0_80.cif,3.0,3.0,3.0,3.0,0,0,0,0,0,r240_t0_t0_80.cif,240,0.0,80,0.47921000000008
d:\New folder\project\data\r240\t1.2\t1.2_0.cif,3.0,3.0,3.0,3.0,0,0,0,0,0,r240_t1.2_t1.2_0.cif,240,1.2,0,0.5886500000000296
d:\New folder\project\data\r240\t1.2\t1.2_100.cif,3.0,3.0,3.0,3.0,0,0,0,0,0,r240_t1.2_t1.2_100.cif,240,1.2,100,0.4737099999999827
d:\New folder\project\data\r240\t1.2\t1.2_120.cif,3.0,3.0,3.0,3.0,0,0,0,0,0,r240_t1.2_t1.2_120.cif,240,1.2,120,0.4051699999999982
d:\New folder\project\data\r240\t1.2\t1.2_140.cif,3.0,3.0,3.0,3.0,0,0,0,0,0,r240_t1.2_t1.2_140.cif,240,1.2,140,0.4566200000000435
d:\New folder\project\data\r240\t1.2\t1.2_160.cif,3.0,3.0,3.0,3.0,0,0,0,0,0,r240_t1.2_t1.2_160.cif,240,1.2,160,0.5031700000000683
d:\New folder\project\data\r240\t1.2\t1.2_180.cif,3.0,3.0,3.0,3.0,0,0,0,0,0,r240_t1.2_t1.2_180.cif,240,1.2,180,0.565710000000081
d:\New folder\project\data\r240\t1.2\t1.2_20.cif,3.0,3.0,3.0,3.0,0,0,0,0,0,r240_t1.2_t1.2_20.cif,240,1.2,20,0.6078400000000101
d:\New folder\project\data\r240\t1.2\t1.2_200.cif,3.0,3.0,3.0,3.0,0,0,0,0,0,r240_t1.2_t1.2_200.cif,240,1.2,200,0.5820899999999938
d:\New folder\project\data\r240\t1.2\t1.2_220.cif,3.0,3.0,3.0,3.0,0,0,0,0,0,r240_t1.2_t1.2_220.cif,240,1.2,220,0.5778800000000501
d:\New folder\project\data\r240\t1.2\t1.2_240.cif,3.0,3.0,3.0,3.0,0,0,0,0,0,r240_t1.2_t1.2_240.cif,240,1.2,240,0.5419300000000931
d:\New folder\project\data\r240\t1.2\t1.2_260.cif,3.0,3.0,3.0,3.0,0,0,0,0,0,r240_t1.2_t1.2_260.cif,240,1.2,260,0.4737499999999954
d:\New folder\project\data\r240\t1.2\t1.2_280.cif,3.0,3.0,3.0,3.0,0,0,0,0,0,r240_t1.2_t1.2_280.cif,240,1.2,280,0.4821500000000469
d:\New folder\project\data\r240\t1.2\t1.2_300.cif,3.0,3.0,3.0,3.0,0,0,0,0,0,r240_t1.2_t1.2_300.cif,240,1.2,300,0.4384200000000646
d:\New folder\project\data\r240\t1.2\t1.2_320.cif,3.0,3.0,3.0,3.0,0,0,0,0,0,r240_t1.2_t1.2_320.cif,240,1.2,320,0.3520900000000893
d:\New folder\project\data\r240\t1.2\t1.2_340.cif,3.0,3.0,3.0,3.0,0,0,0,0,0,r240_t1.2_t1.2_340.cif,240,1.2,340,0.4687099999999873
d:\New folder\project\data\r240\t1.2\t1.2_40.cif,3.0,3.0,3.0,3.0,0,0,0,0,0,r240_t1.2_t1.2_40.cif,240,1.2,40,0.585550000000012
d:\New folder\project\data\r240\t1.2\t1.2_60.cif,3.0,3.0,3.0,3.0,0,0,0,0,0,r240_t1.2_t1.2_60.cif,240,1.2,60,0.4922599999999875
d:\New folder\project\data\r240\t1.2\t1.2_80.cif,3.0,3.0,3.0,3.0,0,0,0,0,0,r240_t1.2_t1.2_80.cif,240,1.2,80,0.551930000000084
d:\New folder\project\data\r240\t2.4\t2.4_0.cif,3.0,3.0,3.0,3.0,0,0,0,0,0,r240_t2.4_t2.4_0.cif,240,2.4,0,0.5376600000000735
d:\New folder\project\data\r240\t2.4\t2.4_100.cif,3.0,3.0,3.0,3.0,0,0,0,0,0,r240_t2.4_t2.4_100.cif,240,2.4,100,0.5156700000000001
d:\New folder\project\data\r240\t2.4\t2.4_120.cif,3.0,3.0,3.0,3.0,0,0,0,0,0,r240_t2.4_t2.4_120.cif,240,2.4,120,0.4374200000000883
d:\New folder\project\data\r240\t2.4\t2.4_140.cif,3.0,3.0,3.0,3.0,0,0,0,0,0,r240_t2.4_t2.4_140.cif,240,2.4,140,0.4476600000000417
d:\New folder\project\data\r240\t2.4\t2.4_160.cif,3.0,3.0,3.0,3.0,0,0,0,0,0,r240_t2.4_t2.4_160.cif,240,2.4,160,0.4931599999999889
d:\New folder\project\data\r240\t2.4\t2.4_180.cif,3.0,3.0,3.0,3.0,0,0,0,0,0,r240_t2.4_t2.4_180.cif,240,2.4,180,0.5733099999999922
d:\New folder\project\data\r240\t2.4\t2.4_20.cif,3.0,3.0,3.0,3.0,0,0,0,0,0,r240_t2.4_t2.4_20.cif,240,2.4,20,0.5659400000000687
d:\New folder\project\data\r240\t2.4\t2.4_200.cif,3.0,3.0,3.0,3.0,0,0,0,0,0,r240_t2.4_t2.4_200.cif,240,2.4,200,0.628060000000005
d:\New folder\project\data\r240\t2.4\t2.4_220.cif,3.0,3.0,3.0,3.0,0,0,0,0,0,r240_t2.4_t2.4_220.cif,240,2.4,220,0.6460200000000214
d:\New folder\project\data\r240\t2.4\t2.4_240.cif,2.0871806092678815,3.0,2.631793576476631,2.6927004206801644,2,0,2,2,6,r240_t2.4_t2.4_240.cif,240,2.4,240,0.1795299999999997
d:\New folder\project\data\r240\t2.4\t2.4_260.cif,3.0,3.0,3.0,3.0,0,0,0,0,0,r240_t2.4_t2.4_260.cif,240,2.4,260,0.5299400000000105
d:\New folder\project\data\r240\t2.4\t2.4_280.cif,3.0,3.0,3.0,3.0,0,0,0,0,0,r240_t2.4_t2.4_280.cif,240,2.4,280,0.5190800000000309
d:\New folder\project\data\r240\t2.4\t2.4_300.cif,3.0,3.0,3.0,3.0,0,0,0,0,0,r240_t2.4_t2.4_300.cif,240,2.4,300,0.4872800000000552
d:\New folder\project\data\r240\t2.4\t2.4_320.cif,3.0,3.0,3.0,3.0,0,0,0,0,0,r240_t2.4_t2.4_320.cif,240,2.4,320,0.4068200000000388
d:\New folder\project\data\r240\t2.4\t2.4_340.cif,3.0,3.0,3.0,3.0,0,0,0,0,0,r240_t2.4_t2.4_340.cif,240,2.4,340,0.4687000000000125
d:\New folder\project\data\r240\t2.4\t2.4_40.cif,3.0,3.0,3.0,3.0,0,0,0,0,0,r240_t2.4_t2.4_40.cif,240,2.4,40,0.5667700000000195
d:\New folder\project\data\r240\t2.4\t2.4_60.cif,3.0,3.0,3.0,3.0,0,0,0,0,0,r240_t2.4_t2.4_60.cif,240,2.4,60,0.4765600000000631
d:\New folder\project\data\r240\t2.4\t2.4_80.cif,3.0,3.0,3.0,3.0,0,0,0,0,0,r240_t2.4_t2.4_80.cif,240,2.4,80,0.5604700000000093
d:\New folder\project\data\r240\t3.6\t3.6_0.cif,3.0,3.0,3.0,3.0,0,0,0,0,0,r240_t3.6_t3.6_0.cif,240,3.6,0,0.5046399999999949
d:\New folder\project\data\r240\t3.6\t3.6_100.cif,3.0,3.0,3.0,3.0,0,0,0,0,0,r240_t3.6_t3.6_100.cif,240,3.6,100,0.541780000000017
d:\New folder\project\data\r240\t3.6\t3.6_120.cif,3.0,3.0,3.0,3.0,0,0,0,0,0,r240_t3.6_t3.6_120.cif,240,3.6,120,0.4393400000000156
d:\New folder\project\data\r240\t3.6\t3.6_140.cif,3.0,3.0,3.0,3.0,0,0,0,0,0,r240_t3.6_t3.6_140.cif,240,3.6,140,0.4404500000000553
d:\New folder\project\data\r240\t3.6\t3.6_160.cif,3.0,3.0,3.0,3.0,0,0,0,0,0,r240_t3.6_t3.6_160.cif,240,3.6,160,0.4260100000000193
d:\New folder\project\data\r240\t3.6\t3.6_180.cif,3.0,3.0,3.0,3.0,0,0,0,0,0,r240_t3.6_t3.6_180.cif,240,3.6,180,0.5831100000000333
d:\New folder\project\data\r240\t3.6\t3.6_20.cif,3.0,3.0,3.0,3.0,0,0,0,0,0,r240_t3.6_t3.6_20.cif,240,3.6,20,0.5355400000000827
d:\New folder\project\data\r240\t3.6\t3.6_200.cif,3.0,3.0,3.0,3.0,0,0,0,0,0,r240_t3.6_t3.6_200.cif,240,3.6,200,0.6420900000000529
d:\New folder\project\data\r240\t3.6\t3.6_220.cif,3.0,3.0,3.0,3.0,0,0,0,0,0,r240_t3.6_t3.6_220.cif,240,3.6,220,0.6243900000000622
d:\New folder\project\data\r240\t3.6\t3.6_240.cif,3.0,3.0,3.0,3.0,0,0,0,0,0,r240_t3.6_t3.6_240.cif,240,3.6,240,0.5724999999999909
d:\New folder\project\data\r240\t3.6\t3.6_260.cif,3.0,3.0,3.0,3.0,0,0,0,0,0,r240_t3.6_t3.6_260.cif,240,3.6,260,0.52604000000008
d:\New folder\project\data\r240\t3.6\t3.6_280.cif,3.0,3.0,3.0,3.0,0,0,0,0,0,r240_t3.6_t3.6_280.cif,240,3.6,280,0.5394300000000385
d:\New folder\project\data\r240\t3.6\t3.6_300.cif,3.0,3.0,3.0,3.0,0,0,0,0,0,r240_t3.6_t3.6_300.cif,240,3.6,300,0.522829999999999
d:\New folder\project\data\r240\t3.6\t3.6_320.cif,3.0,3.0,3.0,3.0,0,0,0,0,0,r240_t3.6_t3.6_320.cif,240,3.6,320,0.4735699999999951
d:\New folder\project\data\r240\t3.6\t3.6_340.cif,3.0,3.0,3.0,3.0,0,0,0,0,0,r240_t3.6_t3.6_340.cif,240,3.6,340,0.4562900000000809
d:\New folder\project\data\r240\t3.6\t3.6_40.cif,3.0,3.0,3.0,3.0,0,0,0,0,0,r240_t3.6_t3.6_40.cif,240,3.6,40,0.5467200000000503
d:\New folder\project\data\r240\t3.6\t3.6_60.cif,3.0,3.0,3.0,3.0,0,0,0,0,0,r240_t3.6_t3.6_60.cif,240,3.6,60,0.4752700000000232
d:\New folder\project\data\r240\t3.6\t3.6_80.cif,3.0,3.0,3.0,3.0,0,0,0,0,0,r240_t3.6_t3.6_80.cif,240,3.6,80,0.5394200000000637
d:\New folder\project\data\r240\t4.8\t4.8_0.cif,3.0,3.0,3.0,3.0,0,0,0,0,0,r240_t4.8_t4.8_0.cif,240,4.8,0,0.5132600000000593
d:\New folder\project\data\r240\t4.8\t4.8_100.cif,3.0,3.0,2.8249751050909393,3.0,0,0,1,0,1,r240_t4.8_t4.8_100.cif,240,4.8,100,0.4699400000000651
d:\New folder\project\data\r240\t4.8\t4.8_120.cif,3.0,3.0,3.0,3.0,0,0,0,0,0,r240_t4.8_t4.8_120.cif,240,4.8,120,0.3702600000000302
d:\New folder\project\data\r240\t4.8\t4.8_140.cif,3.0,3.0,3.0,3.0,0,0,0,0,0,r240_t4.8_t4.8_140.cif,240,4.8,140,0.4521799999999984
d:\New folder\project\data\r240\t4.8\t4.8_160.cif,3.0,3.0,3.0,3.0,0,0,0,0,0,r240_t4.8_t4.8_160.cif,240,4.8,160,0.5427700000000186
d:\New folder\project\data\r240\t4.8\t4.8_180.cif,3.0,3.0,3.0,3.0,0,0,0,0,0,r240_t4.8_t4.8_180.cif,240,4.8,180,0.60320999999999
d:\New folder\project\data\r240\t4.8\t4.8_20.cif,3.0,3.0,3.0,3.0,0,0,0,0,0,r240_t4.8_t4.8_20.cif,240,4.8,20,0.5382900000000745
d:\New folder\project\data\r240\t4.8\t4.8_200.cif,3.0,3.0,3.0,3.0,0,0,0,0,0,r240_t4.8_t4.8_200.cif,240,4.8,200,0.6360200000000304
d:\New folder\project\data\r240\t4.8\t4.8_220.cif,3.0,3.0,3.0,3.0,0,0,0,0,0,r240_t4.8_t4.8_220.cif,240,4.8,220,0.5816200000000435
d:\New folder\project\data\r240\t4.8\t4.8_240.cif,3.0,3.0,3.0,3.0,0,0,0,0,0,r240_t4.8_t4.8_240.cif,240,4.8,240,0.5296000000000731
d:\New folder\project\data\r240\t4.8\t4.8_260.cif,3.0,3.0,3.0,3.0,0,0,0,0,0,r240_t4.8_t4.8_260.cif,240,4.8,260,0.508570000000077
d:\New folder\project\data\r240\t4.8\t4.8_280.cif,3.0,3.0,3.0,3.0,0,0,0,0,0,r240_t4.8_t4.8_280.cif,240,4.8,280,0.5376899999999978
d:\New folder\project\data\r240\t4.8\t4.8_300.cif,3.0,3.0,3.0,3.0,0,0,0,0,0,r240_t4.8_t4.8_300.cif,240,4.8,300,0.5260200000000168
d:\New folder\project\data\r240\t4.8\t4.8_320.cif,3.0,3.0,3.0,3.0,0,0,0,0,0,r240_t4.8_t4.8_320.cif,240,4.8,320,0.4678800000000365
d:\New folder\project\data\r240\t4.8\t4.8_340.cif,3.0,3.0,3.0,3.0,0,0,0,0,0,r240_t4.8_t4.8_340.cif,240,4.8,340,0.4461300000000392
d:\New folder\project\data\r240\t4.8\t4.8_40.cif,3.0,3.0,3.0,3.0,0,0,0,0,0,r240_t4.8_t4.8_40.cif,240,4.8,40,0.5382799999999861
d:\New folder\project\data\r240\t4.8\t4.8_60.cif,3.0,3.0,3.0,3.0,0,0,0,0,0,r240_t4.8_t4.8_60.cif,240,4.8,60,0.4861400000000913
d:\New folder\project\data\r240\t4.8\t4.8_80.cif,3.0,3.0,3.0,3.0,0,0,0,0,0,r240_t4.8_t4.8_80.cif,240,4.8,80,0.5372899999999845
d:\New folder\project\data\r240\t6.0\t6.0_0.cif,3.0,3.0,3.0,3.0,0,0,0,0,0,r240_t6.0_t6.0_0.cif,240,6.0,0,0.5288199999999961
d:\New folder\project\data\r240\t6.0\t6.0_100.cif,3.0,2.7958982861008255,1.9131935024215871,2.780179428192244,0,2,2,2,6,r240_t6.0_t6.0_100.cif,240,6.0,100,-0.0066699999999855
d:\New folder\project\data\r240\t6.0\t6.0_120.cif,3.0,3.0,3.0,3.0,0,0,0,0,0,r240_t6.0_t6.0_120.cif,240,6.0,120,0.3714200000000573
d:\New folder\project\data\r240\t6.0\t6.0_140.cif,3.0,3.0,3.0,3.0,0,0,0,0,0,r240_t6.0_t6.0_140.cif,240,6.0,140,0.4891099999999824
d:\New folder\project\data\r240\t6.0\t6.0_160.cif,3.0,3.0,3.0,3.0,0,0,0,0,0,r240_t6.0_t6.0_160.cif,240,6.0,160,0.5850900000000365
d:\New folder\project\data\r240\t6.0\t6.0_180.cif,3.0,3.0,3.0,3.0,0,0,0,0,0,r240_t6.0_t6.0_180.cif,240,6.0,180,0.6249800000000505
d:\New folder\project\data\r240\t6.0\t6.0_20.cif,3.0,3.0,3.0,3.0,0,0,0,0,0,r240_t6.0_t6.0_20.cif,240,6.0,20,0.5588800000000447
d:\New folder\project\data\r240\t6.0\t6.0_200.cif,3.0,3.0,3.0,3.0,0,0,0,0,0,r240_t6.0_t6.0_200.cif,240,6.0,200,0.6362300000000687
d:\New folder\project\data\r240\t6.0\t6.0_220.cif,3.0,3.0,3.0,3.0,0,0,0,0,0,r240_t6.0_t6.0_220.cif,240,6.0,220,0.5802100000000792
d:\New folder\project\data\r240\t6.0\t6.0_240.cif,3.0,3.0,3.0,3.0,0,0,0,0,0,r240_t6.0_t6.0_240.cif,240,6.0,240,0.5140400000000227
d:\New folder\project\data\r240\t6.0\t6.0_260.cif,3.0,3.0,3.0,3.0,0,0,0,0,0,r240_t6.0_t6.0_260.cif,240,6.0,260,0.4820100000000593
d:\New folder\project\data\r240\t6.0\t6.0_280.cif,3.0,3.0,3.0,3.0,0,0,0,0,0,r240_t6.0_t6.0_280.cif,240,6.0,280,0.5132800000000088
d:\New folder\project\data\r240\t6.0\t6.0_300.cif,3.0,3.0,3.0,3.0,0,0,0,0,0,r240_t6.0_t6.0_300.cif,240,6.0,300,0.4605900000000247
d:\New folder\project\data\r240\t6.0\t6.0_320.cif,3.0,3.0,3.0,3.0,0,0,0,0,0,r240_t6.0_t6.0_320.cif,240,6.0,320,0.3830400000000509
d:\New folder\project\data\r240\t6.0\t6.0_340.cif,3.0,3.0,3.0,3.0,0,0,0,0,0,r240_t6.0_t6.0_340.cif,240,6.0,340,0.3955399999999827
d:\New folder\project\data\r240\t6.0\t6.0_40.cif,3.0,3.0,3.0,3.0,0,0,0,0,0,r240_t6.0_t6.0_40.cif,240,6.0,40,0.5584499999999935
d:\New folder\project\data\r240\t6.0\t6.0_60.cif,3.0,3.0,3.0,3.0,0,0,0,0,0,r240_t6.0_t6.0_60.cif,240,6.0,60,0.4770300000000134
d:\New folder\project\data\r240\t6.0\t6.0_80.cif,3.0,3.0,3.0,3.0,0,0,0,0,0,r240_t6.0_t6.0_80.cif,240,6.0,80,0.522860000000037
d:\New folder\project\data\r240\t7.2\t7.2_0.cif,3.0,3.0,3.0,3.0,0,0,0,0,0,r240_t7.2_t7.2_0.cif,240,7.2,0,0.5651500000000169
d:\New folder\project\data\r240\t7.2\t7.2_100.cif,3.0,3.0,3.0,3.0,0,0,0,0,0,r240_t7.2_t7.2_100.cif,240,7.2,100,0.3365400000000136
d:\New folder\project\data\r240\t7.2\t7.2_120.cif,3.0,3.0,3.0,3.0,0,0,0,0,0,r240_t7.2_t7.2_120.cif,240,7.2,120,0.3744000000000369
d:\New folder\project\data\r240\t7.2\t7.2_140.cif,3.0,3.0,3.0,3.0,0,0,0,0,0,r240_t7.2_t7.2_140.cif,240,7.2,140,0.5211900000000469
d:\New folder\project\data\r240\t7.2\t7.2_160.cif,3.0,3.0,3.0,3.0,0,0,0,0,0,r240_t7.2_t7.2_160.cif,240,7.2,160,0.5969200000000683
d:\New folder\project\data\r240\t7.2\t7.2_180.cif,3.0,3.0,3.0,3.0,0,0,0,0,0,r240_t7.2_t7.2_180.cif,240,7.2,180,0.6172200000000885
d:\New folder\project\data\r240\t7.2\t7.2_20.cif,3.0,3.0,3.0,3.0,0,0,0,0,0,r240_t7.2_t7.2_20.cif,240,7.2,20,0.5882100000000037
d:\New folder\project\data\r240\t7.2\t7.2_200.cif,3.0,3.0,3.0,3.0,0,0,0,0,0,r240_t7.2_t7.2_200.cif,240,7.2,200,0.6187600000000657
d:\New folder\project\data\r240\t7.2\t7.2_220.cif,3.0,3.0,3.0,3.0,0,0,0,0,0,r240_t7.2_t7.2_220.cif,240,7.2,220,0.5464500000000498
d:\New folder\project\data\r240\t7.2\t7.2_240.cif,3.0,3.0,3.0,3.0,0,0,0,0,0,r240_t7.2_t7.2_240.cif,240,7.2,240,0.472340000000031
d:\New folder\project\data\r240\t7.2\t7.2_260.cif,3.0,3.0,3.0,3.0,0,0,0,0,0,r240_t7.2_t7.2_260.cif,240,7.2,260,0.4442099999999982
d:\New folder\project\data\r240\t7.2\t7.2_280.cif,3.0,3.0,3.0,3.0,0,0,0,0,0,r240_t7.2_t7.2_280.cif,240,7.2,280,0.4832800000000361
d:\New folder\project\data\r240\t7.2\t7.2_300.cif,2.4554002975750318,3.0,2.6922431672434377,3.0,1,0,1,0,2,r240_t7.2_t7.2_300.cif,240,7.2,300,0.2194000000000642
d:\New folder\project\data\r240\t7.2\t7.2_320.cif,2.0950357863101434,2.792552193139311,2.1270863504229367,2.1350470407465965,2,4,4,4,14,r240_t7.2_t7.2_320.cif,240,7.2,320,-0.4028299999999944
d:\New folder\project\data\r240\t7.2\t7.2_340.cif,2.2676962833734233,2.9017662006805374,2.3229451617712646,2.185530631896358,2,4,4,4,14,r240_t7.2_t7.2_340.cif,240,7.2,340,-0.2347399999999879
d:\New folder\project\data\r240\t7.2\t7.2_40.cif,3.0,3.0,3.0,3.0,0,0,0,0,0,r240_t7.2_t7.2_40.cif,240,7.2,40,0.5847200000000612
d:\New folder\project\data\r240\t7.2\t7.2_60.cif,3.0,3.0,3.0,3.0,0,0,0,0,0,r240_t7.2_t7.2_60.cif,240,7.2,60,0.539600000000064
d:\New folder\project\data\r240\t7.2\t7.2_80.cif,3.0,3.0,3.0,3.0,0,0,0,0,0,r240_t7.2_t7.2_80.cif,240,7.2,80,0.5376600000000735
d:\New folder\project\data\r240\t8.4\t8.4_0.cif,3.0,3.0,3.0,3.0,0,0,0,0,0,r240_t8.4_t8.4_0.cif,240,8.4,0,0.6091700000000628
d:\New folder\project\data\r240\t8.4\t8.4_100.cif,3.0,3.0,3.0,3.0,0,0,0,0,0,r240_t8.4_t8.4_100.cif,240,8.4,100,0.3798600000000078
d:\New folder\project\data\r240\t8.4\t8.4_120.cif,2.3399859727369448,2.863942356609079,2.3608336862557193,2.086576897099655,4,2,4,2,12,r240_t8.4_t8.4_120.cif,240,8.4,120,-0.3173399999999446
d:\New folder\project\data\r240\t8.4\t8.4_140.cif,3.0,3.0,3.0,3.0,0,0,0,0,0,r240_t8.4_t8.4_140.cif,240,8.4,140,0.498860000000036
d:\New folder\project\data\r240\t8.4\t8.4_160.cif,3.0,3.0,3.0,3.0,0,0,0,0,0,r240_t8.4_t8.4_160.cif,240,8.4,160,0.5439400000000205
d:\New folder\project\data\r240\t8.4\t8.4_180.cif,3.0,3.0,3.0,3.0,0,0,0,0,0,r240_t8.4_t8.4_180.cif,240,8.4,180,0.6075900000000729
d:\New folder\project\data\r240\t8.4\t8.4_20.cif,3.0,3.0,3.0,3.0,0,0,0,0,0,r240_t8.4_t8.4_20.cif,240,8.4,20,0.606640000000084
d:\New folder\project\data\r240\t8.4\t8.4_200.cif,3.0,3.0,3.0,3.0,0,0,0,0,0,r240_t8.4_t8.4_200.cif,240,8.4,200,0.5811300000000301
d:\New folder\project\data\r240\t8.4\t8.4_220.cif,3.0,3.0,3.0,3.0,0,0,0,0,0,r240_t8.4_t8.4_220.cif,240,8.4,220,0.53550000000007
d:\New folder\project\data\r240\t8.4\t8.4_240.cif,3.0,3.0,3.0,3.0,0,0,0,0,0,r240_t8.4_t8.4_240.cif,240,8.4,240,0.4521000000000867
d:\New folder\project\data\r240\t8.4\t8.4_260.cif,3.0,3.0,3.0,3.0,0,0,0,0,0,r240_t8.4_t8.4_260.cif,240,8.4,260,0.0
d:\New folder\project\data\r240\t8.4\t8.4_280.cif,3.0,3.0,3.0,3.0,0,0,0,0,0,r240_t8.4_t8.4_280.cif,240,8.4,280,0.0
d:\New folder\project\data\r240\t8.4\t8.4_300.cif,3.0,3.0,3.0,3.0,0,0,0,0,0,r240_t8.4_t8.4_300.cif,240,8.4,300,0.0
d:\New folder\project\data\r240\t8.4\t8.4_320.cif,3.0,3.0,3.0,3.0,0,0,0,0,0,r240_t8.4_t8.4_320.cif,240,8.4,320,0.0
d:\New folder\project\data\r240\t8.4\t8.4_340.cif,3.0,3.0,3.0,3.0,0,0,0,0,0,r240_t8.4_t8.4_340.cif,240,8.4,340,0.0
d:\New folder\project\data\r240\t8.4\t8.4_40.cif,3.0,3.0,3.0,3.0,0,0,0,0,0,r240_t8.4_t8.4_40.cif,240,8.4,40,0.5900700000000825
d:\New folder\project\data\r240\t8.4\t8.4_60.cif,3.0,3.0,3.0,3.0,0,0,0,0,0,r240_t8.4_t8.4_60.cif,240,8.4,60,0.5598899999999958
d:\New folder\project\data\r240\t8.4\t8.4_80.cif,3.0,3.0,3.0,3.0,0,0,0,0,0,r240_t8.4_t8.4_80.cif,240,8.4,80,0.541339999999991
d:\New folder\project\data\r240\t9.6\t9.6_0.cif,3.0,3.0,3.0,3.0,0,0,0,0,0,r240_t9.6_t9.6_0.cif,240,9.6,0,0.6319500000000744
d:\New folder\project\data\r240\t9.6\t9.6_100.cif,3.0,3.0,3.0,3.0,0,0,0,0,0,r240_t9.6_t9.6_100.cif,240,9.6,100,0.375440000000026
d:\New folder\project\data\r240\t9.6\t9.6_120.cif,3.0,3.0,3.0,3.0,0,0,0,0,0,r240_t9.6_t9.6_120.cif,240,9.6,120,0.3553400000000692
d:\New folder\project\data\r240\t9.6\t9.6_140.cif,3.0,3.0,3.0,3.0,0,0,0,0,0,r240_t9.6_t9.6_140.cif,240,9.6,140,0.4778499999999894
d:\New folder\project\data\r240\t9.6\t9.6_160.cif,3.0,3.0,3.0,3.0,0,0,0,0,0,r240_t9.6_t9.6_160.cif,240,9.6,160,0.4997600000000375
d:\New folder\project\data\r240\t9.6\t9.6_180.cif,3.0,3.0,3.0,3.0,0,0,0,0,0,r240_t9.6_t9.6_180.cif,240,9.6,180,0.5591000000000577
d:\New folder\project\data\r240\t9.6\t9.6_20.cif,3.0,3.0,3.0,3.0,0,0,0,0,0,r240_t9.6_t9.6_20.cif,240,9.6,20,0.6104700000000776
d:\New folder\project\data\r240\t9.6\t9.6_200.cif,3.0,3.0,3.0,3.0,0,0,0,0,0,r240_t9.6_t9.6_200.cif,240,9.6,200,0.567480000000046
d:\New folder\project\data\r240\t9.6\t9.6_220.cif,3.0,3.0,3.0,3.0,0,0,0,0,0,r240_t9.6_t9.6_220.cif,240,9.6,220,0.529480000000035
d:\New folder\project\data\r240\t9.6\t9.6_240.cif,3.0,3.0,3.0,3.0,0,0,0,0,0,r240_t9.6_t9.6_240.cif,240,9.6,240,0.43850000000009
d:\New folder\project\data\r240\t9.6\t9.6_260.cif,3.0,3.0,3.0,3.0,0,0,0,0,0,r240_t9.6_t9.6_260.cif,240,9.6,260,0.4356500000000096
d:\New folder\project\data\r240\t9.6\t9.6_280.cif,3.0,3.0,3.0,3.0,0,0,0,0,0,r240_t9.6_t9.6_280.cif,240,9.6,280,0.4347099999999955
d:\New folder\project\data\r240\t9.6\t9.6_300.cif,3.0,3.0,3.0,3.0,0,0,0,0,0,r240_t9.6_t9.6_300.cif,240,9.6,300,0.347560000000044
d:\New folder\project\data\r240\t9.6\t9.6_320.cif,3.0,3.0,2.7978325810859666,3.0,0,0,2,0,2,r240_t9.6_t9.6_320.cif,240,9.6,320,0.3589400000000751
d:\New folder\project\data\r240\t9.6\t9.6_340.cif,3.0,3.0,3.0,3.0,0,0,0,0,0,r240_t9.6_t9.6_340.cif,240,9.6,340,0.4976900000000341
d:\New folder\project\data\r240\t9.6\t9.6_40.cif,3.0,3.0,3.0,3.0,0,0,0,0,0,r240_t9.6_t9.6_40.cif,240,9.6,40,0.5945199999999886
d:\New folder\project\data\r240\t9.6\t9.6_60.cif,3.0,3.0,3.0,3.0,0,0,0,0,0,r240_t9.6_t9.6_60.cif,240,9.6,60,0.5315200000000004
d:\New folder\project\data\r240\t9.6\t9.6_80.cif,3.0,3.0,3.0,3.0,0,0,0,0,0,r240_t9.6_t9.6_80.cif,240,9.6,80,0.5198400000000447
d:\New folder\project\data\r260\t0\t0_0.cif,2.4852364905198274,3.0,2.578823213041785,2.7618685667232654,1,0,2,1,4,r260_t0_t0_0.cif,260,0.0,0,0.1721300000000383
d:\New folder\project\data\r260\t0\t0_100.cif,2.2707604625415208,3.0,2.72902483807085,3.0,2,0,2,0,4,r260_t0_t0_100.cif,260,0.0,100,0.2314000000000078
d:\New folder\project\data\r260\t0\t0_120.cif,2.1498191362273205,3.0,2.2975017956043104,3.0,4,0,2,0,6,r260_t0_t0_120.cif,260,0.0,120,0.2667999999999892
d:\New folder\project\data\r260\t0\t0_140.cif,2.2737471795256976,3.0,2.825992460406395,3.0,2,0,2,0,4,r260_t0_t0_140.cif,260,0.0,140,0.380390000000034
d:\New folder\project\data\r260\t0\t0_160.cif,2.2724441995641,3.0,3.0,3.0,4,0,0,0,4,r260_t0_t0_160.cif,260,0.0,160,0.4366800000000239
d:\New folder\project\data\r260\t0\t0_180.cif,2.054302012066784,3.0,2.6978454848290103,3.0,2,0,2,0,4,r260_t0_t0_180.cif,260,0.0,180,0.3819100000000617
d:\New folder\project\data\r260\t0\t0_20.cif,3.0,3.0,3.0,3.0,0,0,0,0,0,r260_t0_t0_20.cif,260,0.0,20,0.4715899999999919
d:\New folder\project\data\r260\t0\t0_200.cif,2.4651804382505134,3.0,2.459102782162459,2.459266582536814,2,0,2,2,6,r260_t0_t0_200.cif,260,0.0,200,0.1994300000000066
d:\New folder\project\data\r260\t0\t0_220.cif,3.0,3.0,2.5759085364460113,2.359948173597651,0,0,2,2,4,r260_t0_t0_220.cif,260,0.0,220,0.093529999999987
d:\New folder\project\data\r260\t0\t0_240.cif,2.2059846934009,3.0,3.0,2.754607675648305,4,0,0,2,6,r260_t0_t0_240.cif,260,0.0,240,0.1211500000000569
d:\New folder\project\data\r260\t0\t0_260.cif,1.8962633122509034,3.0,3.0,2.734689499406765,2,0,0,2,4,r260_t0_t0_260.cif,260,0.0,260,0.1427500000000918
d:\New folder\project\data\r260\t0\t0_280.cif,2.302174486418868,3.0,2.307917776276711,2.719242462584791,4,0,2,2,8,r260_t0_t0_280.cif,260,0.0,280,-0.0333099999999149
d:\New folder\project\data\r260\t0\t0_300.cif,2.433370870066578,3.0,2.1445974961459844,3.0,2,0,2,0,4,r260_t0_t0_300.cif,260,0.0,300,0.0345200000000431
d:\New folder\project\data\r260\t0\t0_320.cif,2.3599015905912433,3.0,2.087786877199643,3.0,2,0,2,0,4,r260_t0_t0_320.cif,260,0.0,320,0.1292300000000068
d:\New folder\project\data\r260\t0\t0_340.cif,2.4475811107123757,3.0,2.256824023958818,3.0,2,0,2,0,4,r260_t0_t0_340.cif,260,0.0,340,0.1788099999999985
d:\New folder\project\data\r260\t0\t0_40.cif,2.4690329784151093,3.0,3.0,3.0,2,0,0,0,2,r260_t0_t0_40.cif,260,0.0,40,0.3596900000000005
d:\New folder\project\data\r260\t0\t0_60.cif,3.0,3.0,3.0,3.0,0,0,0,0,0,r260_t0_t0_60.cif,260,0.0,60,0.2361799999999903
d:\New folder\project\data\r260\t0\t0_80.cif,3.0,3.0,2.5192775085175843,3.0,0,0,2,0,2,r260_t0_t0_80.cif,260,0.0,80,0.1406800000000885
d:\New folder\project\data\r260\t1.2\t1.2_0.cif,2.4783609135404534,3.0,3.0,3.0,1,0,0,0,1,r260_t1.2_t1.2_0.cif,260,1.2,0,0.4102300000000696
d:\New folder\project\data\r260\t1.2\t1.2_100.cif,2.3878724584450923,3.0,2.693150059877401,3.0,2,0,2,0,4,r260_t1.2_t1.2_100.cif,260,1.2,100,0.197550000000092
d:\New folder\project\data\r260\t1.2\t1.2_120.cif,3.0,3.0,3.0,3.0,0,0,0,0,0,r260_t1.2_t1.2_120.cif,260,1.2,120,0.388300000000072
d:\New folder\project\data\r260\t1.2\t1.2_140.cif,2.0160326621534046,3.0,3.0,3.0,2,0,0,0,2,r260_t1.2_t1.2_140.cif,260,1.2,140,0.3999300000000403
d:\New folder\project\data\r260\t1.2\t1.2_160.cif,2.3900439280934678,3.0,3.0,3.0,4,0,0,0,4,r260_t1.2_t1.2_160.cif,260,1.2,160,0.4000100000000657
d:\New folder\project\data\r260\t1.2\t1.2_180.cif,1.958802544151309,3.0,3.0,3.0,2,0,0,0,2,r260_t1.2_t1.2_180.cif,260,1.2,180,0.3515700000000379
d:\New folder\project\data\r260\t1.2\t1.2_20.cif,3.0,3.0,3.0,3.0,0,0,0,0,0,r260_t1.2_t1.2_20.cif,260,1.2,20,0.5274400000000696
d:\New folder\project\data\r260\t1.2\t1.2_200.cif,2.4414890025371623,3.0,2.687390835724175,2.747887062249035,2,0,2,2,6,r260_t1.2_t1.2_200.cif,260,1.2,200,0.293510000000083
d:\New folder\project\data\r260\t1.2\t1.2_220.cif,3.0,3.0,2.5741417751384184,2.5291537134576996,0,0,2,2,4,r260_t1.2_t1.2_220.cif,260,1.2,220,0.2567300000000614
d:\New folder\project\data\r260\t1.2\t1.2_240.cif,2.1636507972471963,3.0,3.0,2.8192671095646715,2,0,0,1,3,r260_t1.2_t1.2_240.cif,260,1.2,240,0.2696799999999939
d:\New folder\project\data\r260\t1.2\t1.2_260.cif,3.0,3.0,3.0,3.0,0,0,0,0,0,r260_t1.2_t1.2_260.cif,260,1.2,260,0.2677800000000161
d:\New folder\project\data\r260\t1.2\t1.2_280.cif,2.198817657045036,3.0,2.5880130244146473,3.0,2,0,2,0,4,r260_t1.2_t1.2_280.cif,260,1.2,280,0.0023200000000542
d:\New folder\project\data\r260\t1.2\t1.2_300.cif,3.0,3.0,2.4024251111660058,3.0,0,0,2,0,2,r260_t1.2_t1.2_300.cif,260,1.2,300,0.0911600000000589
d:\New folder\project\data\r260\t1.2\t1.2_320.cif,3.0,3.0,2.3433412719450475,3.0,0,0,2,0,2,r260_t1.2_t1.2_320.cif,260,1.2,320,0.1424400000000787
d:\New folder\project\data\r260\t1.2\t1.2_340.cif,2.3000715359217416,3.1199881665674782,2.3145769952890984,3.0,2,2,2,0,6,r260_t1.2_t1.2_340.cif,260,1.2,340,0.0714600000000018
d:\New folder\project\data\r260\t1.2\t1.2_40.cif,2.3122669387601618,3.0,3.0,3.0,2,0,0,0,2,r260_t1.2_t1.2_40.cif,260,1.2,40,0.4346699999999828
d:\New folder\project\data\r260\t1.2\t1.2_60.cif,3.0,3.0,2.515696526557518,3.0,0,0,2,0,2,r260_t1.2_t1.2_60.cif,260,1.2,60,0.1924300000000585
d:\New folder\project\data\r260\t1.2\t1.2_80.cif,3.0,3.0,2.319084667534378,3.0,0,0,2,0,2,r260_t1.2_t1.2_80.cif,260,1.2,80,0.1109900000000152
d:\New folder\project\data\r260\t2.4\t2.4_0.cif,2.404623845866445,3.0,3.0,3.0,2,0,0,0,2,r260_t2.4_t2.4_0.cif,260,2.4,0,0.4017200000000684
d:\New folder\project\data\r260\t2.4\t2.4_100.cif,2.4696430186674454,3.0,2.433456743779813,3.0,1,0,2,0,3,r260_t2.4_t2.4_100.cif,260,2.4,100,0.1653600000000779
d:\New folder\project\data\r260\t2.4\t2.4_120.cif,3.0,3.0,3.0,3.0,0,0,0,0,0,r260_t2.4_t2.4_120.cif,260,2.4,120,0.4927300000000514
d:\New folder\project\data\r260\t2.4\t2.4_140.cif,1.9765435088725467,3.0,3.0,3.0,2,0,0,0,2,r260_t2.4_t2.4_140.cif,260,2.4,140,0.306440000000066
d:\New folder\project\data\r260\t2.4\t2.4_160.cif,2.4315666275381176,3.0,2.6903307216710357,3.0,4,0,2,0,6,r260_t2.4_t2.4_160.cif,260,2.4,160,0.2823700000000144
d:\New folder\project\data\r260\t2.4\t2.4_180.cif,2.229442456373566,3.0,2.480775876767102,3.0,2,0,2,0,4,r260_t2.4_t2.4_180.cif,260,2.4,180,0.2492900000000872
d:\New folder\project\data\r260\t2.4\t2.4_20.cif,2.3752158570897444,3.0,3.0,3.0,3,0,0,0,3,r260_t2.4_t2.4_20.cif,260,2.4,20,0.4641800000000557
d:\New folder\project\data\r260\t2.4\t2.4_200.cif,2.393415944402113,3.0,2.5361338486217706,3.0,2,0,2,0,4,r260_t2.4_t2.4_200.cif,260,2.4,200,0.293890000000033
d:\New folder\project\data\r260\t2.4\t2.4_220.cif,2.4951040760218577,3.0,2.4982915073242387,2.8226456932110753,1,0,2,1,4,r260_t2.4_t2.4_220.cif,260,2.4,220,0.3364599999999882
d:\New folder\project\data\r260\t2.4\t2.4_240.cif,2.0564469150451172,3.0,2.6855720330520483,2.496963759844226,2,0,2,2,6,r260_t2.4_t2.4_240.cif,260,2.4,240,0.1815700000000788
d:\New folder\project\data\r260\t2.4\t2.4_260.cif,2.0873454309228068,3.0,3.0,2.791572453423752,2,0,0,3,5,r260_t2.4_t2.4_260.cif,260,2.4,260,0.1757300000000441
d:\New folder\project\data\r260\t2.4\t2.4_280.cif,1.9835400400591974,3.0,3.0,3.0,2,0,0,0,2,r260_t2.4_t2.4_280.cif,260,2.4,280,0.0645500000000538
d:\New folder\project\data\r260\t2.4\t2.4_300.cif,2.4952066150733883,3.0,3.0,3.0,1,0,0,0,1,r260_t2.4_t2.4_300.cif,260,2.4,300,0.2080100000000584
d:\New folder\project\data\r260\t2.4\t2.4_320.cif,2.254153908189826,3.145687278378383,2.642166295323146,3.0,2,1,1,0,4,r260_t2.4_t2.4_320.cif,260,2.4,320,0.2289500000000544
d:\New folder\project\data\r260\t2.4\t2.4_340.cif,2.423546793696516,3.0,3.0,3.0,2,0,0,0,2,r260_t2.4_t2.4_340.cif,260,2.4,340,0.382060000000024
d:\New folder\project\data\r260\t2.4\t2.4_40.cif,2.44849214599743,3.0,3.0,3.0,2,0,0,0,2,r260_t2.4_t2.4_40.cif,260,2.4,40,0.3766000000000531
d:\New folder\project\data\r260\t2.4\t2.4_60.cif,3.0,3.0,2.355439889456675,2.5370977934956467,0,0,2,2,4,r260_t2.4_t2.4_60.cif,260,2.4,60,0.1604500000000825
d:\New folder\project\data\r260\t2.4\t2.4_80.cif,3.0,3.0,2.2608190840831606,3.0,0,0,2,0,2,r260_t2.4_t2.4_80.cif,260,2.4,80,0.1978800000000546
d:\New folder\project\data\r260\t3.6\t3.6_0.cif,2.2433144092634056,3.0,3.0,3.0,4,0,0,0,4,r260_t3.6_t3.6_0.cif,260,3.6,0,0.3931700000000546
d:\New folder\project\data\r260\t3.6\t3.6_100.cif,2.3573285098205976,3.0,3.0,3.0,2,0,0,0,2,r260_t3.6_t3.6_100.cif,260,3.6,100,0.376480000000015
d:\New folder\project\data\r260\t3.6\t3.6_120.cif,2.4823884884159715,3.0,3.0,2.7281059128368566,1,0,0,1,2,r260_t3.6_t3.6_120.cif,260,3.6,120,0.1271600000000035
d:\New folder\project\data\r260\t3.6\t3.6_140.cif,2.440558279353308,3.0,2.715862702799556,2.688159632505954,1,0,2,1,4,r260_t3.6_t3.6_140.cif,260,3.6,140,0.144580000000019
d:\New folder\project\data\r260\t3.6\t3.6_160.cif,3.0,3.0,2.4442958867874403,3.0,0,0,2,0,2,r260_t3.6_t3.6_160.cif,260,3.6,160,0.1829900000000179
d:\New folder\project\data\r260\t3.6\t3.6_180.cif,3.0,3.0,2.7392938512098675,3.0,0,0,2,0,2,r260_t3.6_t3.6_180.cif,260,3.6,180,0.3440300000000889
d:\New folder\project\data\r260\t3.6\t3.6_20.cif,2.2156093168812863,3.0,3.0,3.0,2,0,0,0,2,r260_t3.6_t3.6_20.cif,260,3.6,20,0.492650000000026
d:\New folder\project\data\r260\t3.6\t3.6_200.cif,3.0,3.0,2.416352503433661,3.0,0,0,2,0,2,r260_t3.6_t3.6_200.cif,260,3.6,200,0.3083700000000817
d:\New folder\project\data\r260\t3.6\t3.6_220.cif,3.0,2.7693916276057173,1.784146395102598,2.6354215482885683,0,2,2,2,6,r260_t3.6_t3.6_220.cif,260,3.6,220,-0.075909999999908
d:\New folder\project\data\r260\t3.6\t3.6_240.cif,2.389451106282464,2.726417758924466,1.7376661732792775,2.5806373675961565,2,2,2,3,9,r260_t3.6_t3.6_240.cif,260,3.6,240,-0.3499099999999089
d:\New folder\project\data\r260\t3.6\t3.6_260.cif,3.0,3.0,3.0,3.0,0,0,0,0,0,r260_t3.6_t3.6_260.cif,260,3.6,260,0.229910000000018
d:\New folder\project\data\r260\t3.6\t3.6_280.cif,2.2506528957661285,2.990241340816265,2.5490200903308633,2.3785310737285434,5,2,6,1,14,r260_t3.6_t3.6_280.cif,260,3.6,280,-0.3078100000000177
d:\New folder\project\data\r260\t3.6\t3.6_300.cif,2.335455202606069,2.9111619525253563,2.383793284103578,2.765942771049183,4,2,4,1,11,r260_t3.6_t3.6_300.cif,260,3.6,300,-0.1499999999999772
d:\New folder\project\data\r260\t3.6\t3.6_320.cif,3.0,3.0,3.0,3.0,0,0,0,0,0,r260_t3.6_t3.6_320.cif,260,3.6,320,0.4890400000000454
d:\New folder\project\data\r260\t3.6\t3.6_340.cif,2.2905040817006728,3.0,3.0,3.0,2,0,0,0,2,r260_t3.6_t3.6_340.cif,260,3.6,340,0.4560300000000552
d:\New folder\project\data\r260\t3.6\t3.6_40.cif,2.367948572936125,3.0,3.0,2.7556574225725283,4,0,0,2,6,r260_t3.6_t3.6_40.cif,260,3.6,40,0.36850000000004
d:\New folder\project\data\r260\t3.6\t3.6_60.cif,3.0,3.0,2.7857418953312125,2.686903416763311,0,0,2,2,4,r260_t3.6_t3.6_60.cif,260,3.6,60,0.2495499999999992
d:\New folder\project\data\r260\t3.6\t3.6_80.cif,3.0,3.0,2.4635441792831756,3.0,0,0,2,0,2,r260_t3.6_t3.6_80.cif,260,3.6,80,0.2139900000000807
d:\New folder\project\data\r260\t4.8\t4.8_0.cif,2.328858242226209,3.0,3.0,3.0,6,0,0,0,6,r260_t4.8_t4.8_0.cif,260,4.8,0,0.3693700000000035
d:\New folder\project\data\r260\t4.8\t4.8_100.cif,2.3757218818649153,2.845288300795307,1.8677808124134747,3.0,3,2,2,0,7,r260_t4.8_t4.8_100.cif,260,4.8,100,0.0463799999999992
d:\New folder\project\data\r260\t4.8\t4.8_120.cif,2.2088598773490817,3.0,2.5989048187905466,2.6423267389896075,2,0,4,3,9,r260_t4.8_t4.8_120.cif,260,4.8,120,-0.2152899999999817
d:\New folder\project\data\r260\t4.8\t4.8_140.cif,2.3268346028224394,3.0,2.6384799765705473,2.535778223638908,2,0,4,1,7,r260_t4.8_t4.8_140.cif,260,4.8,140,-0.2426299999999628
d:\New folder\project\data\r260\t4.8\t4.8_160.cif,3.0,3.0,2.657946989930342,3.0,0,0,2,0,2,r260_t4.8_t4.8_160.cif,260,4.8,160,0.1634800000000495
d:\New folder\project\data\r260\t4.8\t4.8_180.cif,3.0,3.0,2.4485522146555665,3.0,0,0,2,0,2,r260_t4.8_t4.8_180.cif,260,4.8,180,0.2697600000000193
d:\New folder\project\data\r260\t4.8\t4.8_20.cif,2.394372871312408,3.0,3.0,3.0,4,0,0,0,4,r260_t4.8_t4.8_20.cif,260,4.8,20,0.4892899999999827
d:\New folder\project\data\r260\t4.8\t4.8_200.cif,3.0,3.0,2.578109651247499,3.0,0,0,2,0,2,r260_t4.8_t4.8_200.cif,260,4.8,200,0.3406400000000076
d:\New folder\project\data\r260\t4.8\t4.8_220.cif,2.3717826050268624,2.734622305114729,1.7452511417529206,2.3438861759074925,2,2,2,2,8,r260_t4.8_t4.8_220.cif,260,4.8,220,-0.0920999999999594
d:\New folder\project\data\r260\t4.8\t4.8_240.cif,2.3067072271790328,2.9818106231557473,1.8295856456207347,2.742310421235101,4,3,1,8,16,r260_t4.8_t4.8_240.cif,260,4.8,240,-0.2453899999999294
d:\New folder\project\data\r260\t4.8\t4.8_260.cif,2.2511086033454117,2.8886027637005784,2.3841606852053245,2.5200115447875544,6,3,3,6,18,r260_t4.8_t4.8_260.cif,260,4.8,260,-0.4379900000000134
d:\New folder\project\data\r260\t4.8\t4.8_280.cif,2.2329997015127505,3.133552358046066,2.5565413929610847,2.609112891553851,4,2,6,1,13,r260_t4.8_t4.8_280.cif,260,4.8,280,-0.2504599999999755
d:\New folder\project\data\r260\t4.8\t4.8_300.cif,2.262035225388414,2.759085849832679,2.2865611574163256,2.289249485170552,5,2,6,3,16,r260_t4.8_t4.8_300.cif,260,4.8,300,-0.412719999999922
d:\New folder\project\data\r260\t4.8\t4.8_320.cif,2.2014861678911473,3.0,3.0,3.0,2,0,0,0,2,r260_t4.8_t4.8_320.cif,260,4.8,320,0.3589000000000624
d:\New folder\project\data\r260\t4.8\t4.8_340.cif,2.035873029769606,3.0,3.0,3.0,2,0,0,0,2,r260_t4.8_t4.8_340.cif,260,4.8,340,0.4727700000000823
d:\New folder\project\data\r260\t4.8\t4.8_40.cif,3.0,3.0,3.0,3.0,0,0,0,0,0,r260_t4.8_t4.8_40.cif,260,4.8,40,0.4349799999999959
d:\New folder\project\data\r260\t4.8\t4.8_60.cif,3.0,3.0,2.537768012919365,2.7950870764171514,0,0,2,2,4,r260_t4.8_t4.8_60.cif,260,4.8,60,0.2843599999999924
d:\New folder\project\data\r260\t4.8\t4.8_80.cif,3.0,3.0,2.2587133624129354,3.0,0,0,2,0,2,r260_t4.8_t4.8_80.cif,260,4.8,80,0.2922700000000304
d:\New folder\project\data\r260\t6.0\t6.0_0.cif,2.3207355984158506,3.0,3.0,3.0,6,0,0,0,6,r260_t6.0_t6.0_0.cif,260,6.0,0,0.3666200000000117
d:\New folder\project\data\r260\t6.0\t6.0_100.cif,1.9540995085956343,2.909705451377943,1.9977813430647462,3.0,2,2,2,0,6,r260_t6.0_t6.0_100.cif,260,6.0,100,0.0431700000000319
d:\New folder\project\data\r260\t6.0\t6.0_120.cif,2.399997298028808,3.0,2.4402793816087764,2.7129318121009414,6,0,3,4,13,r260_t6.0_t6.0_120.cif,260,6.0,120,-0.1548899999999093
d:\New folder\project\data\r260\t6.0\t6.0_140.cif,3.0,3.0,3.0,3.0,0,0,0,0,0,r260_t6.0_t6.0_140.cif,260,6.0,140,0.2533700000000181
d:\New folder\project\data\r260\t6.0\t6.0_160.cif,2.33448577211296,3.047277201929622,2.490346279929355,2.4985805564320054,4,2,4,2,12,r260_t6.0_t6.0_160.cif,260,6.0,160,-0.2031299999999873
d:\New folder\project\data\r260\t6.0\t6.0_180.cif,3.0,3.0,3.0,3.0,0,0,0,0,0,r260_t6.0_t6.0_180.cif,260,6.0,180,0.4607799999999997
d:\New folder\project\data\r260\t6.0\t6.0_20.cif,2.0084020838519434,3.0,3.0,3.0,2,0,0,0,2,r260_t6.0_t6.0_20.cif,260,6.0,20,0.4743100000000595
d:\New folder\project\data\r260\t6.0\t6.0_200.cif,3.0,3.0,3.0,3.0,0,0,0,0,0,r260_t6.0_t6.0_200.cif,260,6.0,200,0.5468900000000758
d:\New folder\project\data\r260\t6.0\t6.0_220.cif,3.0,3.0,3.0,3.0,0,0,0,0,0,r260_t6.0_t6.0_220.cif,260,6.0,220,0.3589699999999993
d:\New folder\project\data\r260\t6.0\t6.0_240.cif,2.370835208437753,2.8930777036071174,2.63094105860502,2.15608201905267,8,2,1,2,13,r260_t6.0_t6.0_240.cif,260,6.0,240,-0.1760699999999815
d:\New folder\project\data\r260\t6.0\t6.0_260.cif,2.3779084783940547,3.0,3.0,3.0,2,0,0,0,2,r260_t6.0_t6.0_260.cif,260,6.0,260,0.285060000000044
d:\New folder\project\data\r260\t6.0\t6.0_280.cif,2.301114153759493,3.0,2.778173019021524,3.0,4,0,3,0,7,r260_t6.0_t6.0_280.cif,260,6.0,280,0.0419000000000551
d:\New folder\project\data\r260\t6.0\t6.0_300.cif,2.3856727399687143,3.0,2.786771154491904,3.0,2,0,3,0,5,r260_t6.0_t6.0_300.cif,260,6.0,300,0.1972200000000157
d:\New folder\project\data\r260\t6.0\t6.0_320.cif,3.0,3.0,2.7212919005775817,3.0,0,0,2,0,2,r260_t6.0_t6.0_320.cif,260,6.0,320,0.2996100000000297
d:\New folder\project\data\r260\t6.0\t6.0_340.cif,2.4348022506322256,3.0,3.0,2.7721281111577323,2,0,0,2,4,r260_t6.0_t6.0_340.cif,260,6.0,340,0.2853300000000445
d:\New folder\project\data\r260\t6.0\t6.0_40.cif,2.3214145590687565,3.0,3.0,3.0,2,0,0,0,2,r260_t6.0_t6.0_40.cif,260,6.0,40,0.3599199999999882
d:\New folder\project\data\r260\t6.0\t6.0_60.cif,3.0,3.0,2.673292505111913,2.6656039156603026,0,0,2,2,4,r260_t6.0_t6.0_60.cif,260,6.0,60,0.3049100000000635
d:\New folder\project\data\r260\t6.0\t6.0_80.cif,3.0,3.0,2.586823251527262,3.0,0,0,2,0,2,r260_t6.0_t6.0_80.cif,260,6.0,80,0.3145400000000791
d:\New folder\project\data\r260\t7.2\t7.2_0.cif,3.0,3.0,3.0,3.0,0,0,0,0,0,r260_t7.2_t7.2_0.cif,260,7.2,0,0.2370600000000422
d:\New folder\project\data\r260\t7.2\t7.2_100.cif,2.248412299173161,3.0,2.772206969736682,3.0,4,0,2,0,6,r260_t7.2_t7.2_100.cif,260,7.2,100,0.0551800000000639
d:\New folder\project\data\r260\t7.2\t7.2_120.cif,3.0,3.0,3.0,3.0,0,0,0,0,0,r260_t7.2_t7.2_120.cif,260,7.2,120,0.2188700000000381
d:\New folder\project\data\r260\t7.2\t7.2_140.cif,2.4242017481592817,3.0,2.6541071196029047,2.619370117145345,2,0,4,2,8,r260_t7.2_t7.2_140.cif,260,7.2,140,-0.0980299999999942
d:\New folder\project\data\r260\t7.2\t7.2_160.cif,2.3606265823255423,2.945225655916519,2.379508655227472,2.5888112002915022,4,2,3,2,11,r260_t7.2_t7.2_160.cif,260,7.2,160,-0.0863399999999501
d:\New folder\project\data\r260\t7.2\t7.2_180.cif,2.477766175285164,3.0,3.0,3.0,1,0,0,0,1,r260_t7.2_t7.2_180.cif,260,7.2,180,0.493090000000052
d:\New folder\project\data\r260\t7.2\t7.2_20.cif,3.0,3.0,3.0,3.0,0,0,0,0,0,r260_t7.2_t7.2_20.cif,260,7.2,20,0.4794200000000046
d:\New folder\project\data\r260\t7.2\t7.2_200.cif,3.0,3.0,3.0,3.0,0,0,0,0,0,r260_t7.2_t7.2_200.cif,260,7.2,200,0.4993100000000368
d:\New folder\project\data\r260\t7.2\t7.2_220.cif,2.393184670657554,3.0,2.715507367063265,2.62131491459247,2,0,2,2,6,r260_t7.2_t7.2_220.cif,260,7.2,220,0.0989500000000589
d:\New folder\project\data\r260\t7.2\t7.2_240.cif,2.41379500700871,3.0,3.0,3.0,2,0,0,0,2,r260_t7.2_t7.2_240.cif,260,7.2,240,0.1718500000000631
d:\New folder\project\data\r260\t7.2\t7.2_260.cif,2.0592183537011084,3.0,2.696072585887094,3.0,2,0,2,0,4,r260_t7.2_t7.2_260.cif,260,7.2,260,0.058589999999981
d:\New folder\project\data\r260\t7.2\t7.2_280.cif,2.30987736324884,3.0,2.6176429166244586,2.7637207526863037,2,0,4,2,8,r260_t7.2_t7.2_280.cif,260,7.2,280,0.0287400000000843
d:\New folder\project\data\r260\t7.2\t7.2_300.cif,2.4529387101973663,3.0,2.499238913750304,3.0,1,0,2,0,3,r260_t7.2_t7.2_300.cif,260,7.2,300,0.188760000000002
d:\New folder\project\data\r260\t7.2\t7.2_320.cif,2.29315352031046,3.0,2.5514503480751793,3.0,2,0,2,0,4,r260_t7.2_t7.2_320.cif,260,7.2,320,0.2460300000000188
d:\New folder\project\data\r260\t7.2\t7.2_340.cif,3.0,3.0,2.5386173060376267,2.7316984317612714,0,0,2,1,3,r260_t7.2_t7.2_340.cif,260,7.2,340,0.1302699999999959
d:\New folder\project\data\r260\t7.2\t7.2_40.cif,3.0,3.0,3.0,3.0,0,0,0,0,0,r260_t7.2_t7.2_40.cif,260,7.2,40,0.494419999999991
d:\New folder\project\data\r260\t7.2\t7.2_60.cif,3.0,3.0,3.0,3.0,0,0,0,0,0,r260_t7.2_t7.2_60.cif,260,7.2,60,0.3521100000000388
d:\New folder\project\data\r260\t7.2\t7.2_80.cif,3.0,3.0,3.0,3.0,0,0,0,0,0,r260_t7.2_t7.2_80.cif,260,7.2,80,0.421069999999986
d:\New folder\project\data\r260\t8.4\t8.4_0.cif,3.0,3.0,2.76204071643198,3.0,0,0,2,0,2,r260_t8.4_t8.4_0.cif,260,8.4,0,0.0453100000000858
d:\New folder\project\data\r260\t8.4\t8.4_100.cif,3.0,3.0,2.5300585732685166,3.0,0,0,2,0,2,r260_t8.4_t8.4_100.cif,260,8.4,100,0.1265799999999899
d:\New folder\project\data\r260\t8.4\t8.4_120.cif,2.3537802017804106,3.0,2.2886673504641424,3.0,2,0,2,0,4,r260_t8.4_t8.4_120.cif,260,8.4,120,0.0940800000000763
d:\New folder\project\data\r260\t8.4\t8.4_140.cif,2.4810774351944684,3.0,2.7681974274400245,3.0,2,0,2,0,4,r260_t8.4_t8.4_140.cif,260,8.4,140,0.3071300000000292
d:\New folder\project\data\r260\t8.4\t8.4_160.cif,2.3728292709847922,3.0,3.0,3.0,2,0,0,0,2,r260_t8.4_t8.4_160.cif,260,8.4,160,0.4821800000000849
d:\New folder\project\data\r260\t8.4\t8.4_180.cif,2.286771251690321,3.0,3.0,3.0,2,0,0,0,2,r260_t8.4_t8.4_180.cif,260,8.4,180,0.473920000000021
d:\New folder\project\data\r260\t8.4\t8.4_20.cif,3.0,3.0,3.0,3.0,0,0,0,0,0,r260_t8.4_t8.4_20.cif,260,8.4,20,0.5046800000000076
d:\New folder\project\data\r260\t8.4\t8.4_200.cif,2.2850616124635827,3.0,2.7411867845145705,2.5681865343044388,2,0,2,2,6,r260_t8.4_t8.4_200.cif,260,8.4,200,0.2380800000000817
d:\New folder\project\data\r260\t8.4\t8.4_220.cif,2.3114957592859238,3.0,3.0,2.655364930811086,2,0,0,3,5,r260_t8.4_t8.4_220.cif,260,8.4,220,0.0263300000000299
d:\New folder\project\data\r260\t8.4\t8.4_240.cif,2.159085738887618,3.0,3.0,3.0,4,0,0,0,4,r260_t8.4_t8.4_240.cif,260,8.4,240,0.1041600000000926
d:\New folder\project\data\r260\t8.4\t8.4_260.cif,2.197967164972722,3.0,3.0,3.0,2,0,0,0,2,r260_t8.4_t8.4_260.cif,260,8.4,260,0.2286400000000412
d:\New folder\project\data\r260\t8.4\t8.4_280.cif,2.322989441446822,3.0,2.541322500357638,2.5641635292482032,4,0,2,2,8,r260_t8.4_t8.4_280.cif,260,8.4,280,-0.0037499999999681
d:\New folder\project\data\r260\t8.4\t8.4_300.cif,2.3452068254876983,3.0,2.412138576783283,3.0,2,0,2,0,4,r260_t8.4_t8.4_300.cif,260,8.4,300,0.1457100000000082
d:\New folder\project\data\r260\t8.4\t8.4_320.cif,2.0026786369894936,3.0,2.2698228099007562,3.0,2,0,2,0,4,r260_t8.4_t8.4_320.cif,260,8.4,320,0.2658800000000383
d:\New folder\project\data\r260\t8.4\t8.4_340.cif,2.353787319962767,3.0,2.546708578655441,3.0,2,0,2,0,4,r260_t8.4_t8.4_340.cif,260,8.4,340,0.1874599999999873
d:\New folder\project\data\r260\t8.4\t8.4_40.cif,3.0,3.0,3.0,3.0,0,0,0,0,0,r260_t8.4_t8.4_40.cif,260,8.4,40,0.4281700000000228
d:\New folder\project\data\r260\t8.4\t8.4_60.cif,3.0,3.0,3.0,3.0,0,0,0,0,0,r260_t8.4_t8.4_60.cif,260,8.4,60,0.2953400000000101
d:\New folder\project\data\r260\t8.4\t8.4_80.cif,3.0,3.0,2.547196293621762,3.0,0,0,2,0,2,r260_t8.4_t8.4_80.cif,260,8.4,80,0.1417600000000902
d:\New folder\project\data\r260\t9.6\t9.6_0.cif,2.428880648400198,3.0,2.6877721493467543,3.0,1,0,2,0,3,r260_t9.6_t9.6_0.cif,260,9.6,0,0.1821100000000797
d:\New folder\project\data\r260\t9.6\t9.6_100.cif,2.1777720065567774,3.0,2.655356818049052,3.0,2,0,2,0,4,r260_t9.6_t9.6_100.cif,260,9.6,100,0.1874700000000757
d:\New folder\project\data\r260\t9.6\t9.6_120.cif,2.1421369205205227,3.0,2.427628231444891,3.0,4,0,2,0,6,r260_t9.6_t9.6_120.cif,260,9.6,120,0.305560000000014
d:\New folder\project\data\r260\t9.6\t9.6_140.cif,3.0,3.0,3.0,3.0,0,0,0,0,0,r260_t9.6_t9.6_140.cif,260,9.6,140,0.4527199999999993
d:\New folder\project\data\r260\t9.6\t9.6_160.cif,2.408073103212871,3.0,3.0,3.0,2,0,0,0,2,r260_t9.6_t9.6_160.cif,260,9.6,160,0.4309700000000021
d:\New folder\project\data\r260\t9.6\t9.6_180.cif,2.0696726619349364,3.0,2.7255655848774243,3.0,2,0,2,0,4,r260_t9.6_t9.6_180.cif,260,9.6,180,0.3541999999999916
d:\New folder\project\data\r260\t9.6\t9.6_20.cif,2.4462467205275287,3.0,3.0,3.0,2,0,0,0,2,r260_t9.6_t9.6_20.cif,260,9.6,20,0.4241000000000667
d:\New folder\project\data\r260\t9.6\t9.6_200.cif,3.0,3.0,2.718296706491459,2.713143499464124,0,0,2,2,4,r260_t9.6_t9.6_200.cif,260,9.6,200,0.3083500000000185
d:\New folder\project\data\r260\t9.6\t9.6_220.cif,3.0,3.0,2.5588438794572834,2.3372220517864117,0,0,2,2,4,r260_t9.6_t9.6_220.cif,260,9.6,220,0.0951300000000401
d:\New folder\project\data\r260\t9.6\t9.6_240.cif,2.3543292083089407,3.0,3.0,2.822777174023527,3,0,0,1,4,r260_t9.6_t9.6_240.cif,260,9.6,240,0.1842800000000579
d:\New folder\project\data\r260\t9.6\t9.6_260.cif,2.025332776078323,3.0,3.0,2.550780951653967,2,0,0,2,4,r260_t9.6_t9.6_260.cif,260,9.6,260,0.0952200000000402
d:\New folder\project\data\r260\t9.6\t9.6_280.cif,2.4897621100792655,3.0,2.381673372064015,2.801371883891994,2,0,2,1,5,r260_t9.6_t9.6_280.cif,260,9.6,280,0.0609800000000859
d:\New folder\project\data\r260\t9.6\t9.6_300.cif,3.0,3.0,2.2511452351682855,3.0,0,0,2,0,2,r260_t9.6_t9.6_300.cif,260,9.6,300,0.0753100000000586
d:\New folder\project\data\r260\t9.6\t9.6_320.cif,3.0,3.0,2.246194971230648,3.0,0,0,2,0,2,r260_t9.6_t9.6_320.cif,260,9.6,320,0.1539400000000341
d:\New folder\project\data\r260\t9.6\t9.6_340.cif,3.0,3.0,2.306340937848131,3.0,0,0,2,0,2,r260_t9.6_t9.6_340.cif,260,9.6,340,0.1621099999999842
d:\New folder\project\data\r260\t9.6\t9.6_40.cif,3.0,3.0,3.0,3.0,0,0,0,0,0,r260_t9.6_t9.6_40.cif,260,9.6,40,0.4315500000000156
d:\New folder\project\data\r260\t9.6\t9.6_60.cif,3.0,3.0,3.0,3.0,0,0,0,0,0,r260_t9.6_t9.6_60.cif,260,9.6,60,0.2163300000000845
d:\New folder\project\data\r260\t9.6\t9.6_80.cif,3.0,3.0,2.5340377360566366,3.0,0,0,2,0,2,r260_t9.6_t9.6_80.cif,260,9.6,80,0.1277300000000423
d:\New folder\project\data\r280\t0\t0_0.cif,3.0,3.0,2.6093099994300606,2.3798253940542375,0,0,2,2,4,r280_t0_t0_0.cif,280,0.0,0,0.114810000000034
d:\New folder\project\data\r280\t0\t0_100.cif,2.3944065719368863,3.0,2.6514683404239263,3.0,8,0,4,0,12,r280_t0_t0_100.cif,280,0.0,100,-0.0624500000000125
d:\New folder\project\data\r280\t0\t0_120.cif,2.290838645936589,3.0,3.0,3.0,2,0,0,0,2,r280_t0_t0_120.cif,280,0.0,120,0.3660899999999856
d:\New folder\project\data\r280\t0\t0_140.cif,2.1728174157161475,3.0,3.0,3.0,2,0,0,0,2,r280_t0_t0_140.cif,280,0.0,140,0.5270000000000437
d:\New folder\project\data\r280\t0\t0_160.cif,2.1959978827503814,3.0,3.0,3.0,2,0,0,0,2,r280_t0_t0_160.cif,280,0.0,160,0.5637199999999893
d:\New folder\project\data\r280\t0\t0_180.cif,2.2604507605879327,3.0,2.8152826362837855,3.0,2,0,1,0,3,r280_t0_t0_180.cif,280,0.0,180,0.4672199999999975
d:\New folder\project\data\r280\t0\t0_20.cif,3.0,3.0,3.0,3.0,0,0,0,0,0,r280_t0_t0_20.cif,280,0.0,20,0.4429600000000846
d:\New folder\project\data\r280\t0\t0_200.cif,2.1995009321108974,3.0,2.4626406592288923,3.0,2,0,2,0,4,r280_t0_t0_200.cif,280,0.0,200,0.2668600000000651
d:\New folder\project\data\r280\t0\t0_220.cif,2.394858872517104,3.0,2.39169842436563,2.7798882054776692,4,0,2,2,8,r280_t0_t0_220.cif,280,0.0,220,0.1428200000000288
d:\New folder\project\data\r280\t0\t0_240.cif,2.2862643772720226,3.0,2.8098211031946327,3.0,4,0,1,0,5,r280_t0_t0_240.cif,280,0.0,240,0.150600000000054
d:\New folder\project\data\r280\t0\t0_260.cif,2.0153204859058675,3.0,3.0,3.0,4,0,0,0,4,r280_t0_t0_260.cif,280,0.0,260,0.230760000000032
d:\New folder\project\data\r280\t0\t0_280.cif,2.1419087588018466,3.0,2.6954665665693027,2.8114252403594415,4,0,2,2,8,r280_t0_t0_280.cif,280,0.0,280,-0.0149799999999231
d:\New folder\project\data\r280\t0\t0_300.cif,3.0,3.0,2.623446862422133,2.5067478900906575,0,0,2,2,4,r280_t0_t0_300.cif,280,0.0,300,-0.0469600000000127
d:\New folder\project\data\r280\t0\t0_320.cif,3.0,3.0,2.28905903628729,2.4493738894838515,0,0,2,2,4,r280_t0_t0_320.cif,280,0.0,320,-0.0572599999999283
d:\New folder\project\data\r280\t0\t0_340.cif,2.444668225870191,3.0,2.274940319266273,2.6401253241786535,2,0,2,2,6,r280_t0_t0_340.cif,280,0.0,340,-0.0023999999999659
d:\New folder\project\data\r280\t0\t0_40.cif,3.0,3.0,3.0,3.0,0,0,0,0,0,r280_t0_t0_40.cif,280,0.0,40,0.3615100000000666
d:\New folder\project\data\r280\t0\t0_60.cif,3.0,3.0,3.0,3.0,0,0,0,0,0,r280_t0_t0_60.cif,280,0.0,60,0.2267400000000634
d:\New folder\project\data\r280\t0\t0_80.cif,2.1420914012966095,2.823308866664304,2.109987936370336,2.4615697423072667,5,1,2,3,11,r280_t0_t0_80.cif,280,0.0,80,-0.2615399999999681
d:\New folder\project\data\r280\t1.2\t1.2_0.cif,2.319800188992012,3.0,3.0,3.0,2,0,0,0,2,r280_t1.2_t1.2_0.cif,280,1.2,0,0.3328700000000708
d:\New folder\project\data\r280\t1.2\t1.2_100.cif,3.0,3.0,3.0,3.0,0,0,0,0,0,r280_t1.2_t1.2_100.cif,280,1.2,100,0.302340000000072
d:\New folder\project\data\r280\t1.2\t1.2_120.cif,3.0,3.0,3.0,3.0,0,0,0,0,0,r280_t1.2_t1.2_120.cif,280,1.2,120,0.4874000000000933
d:\New folder\project\data\r280\t1.2\t1.2_140.cif,2.4197649828412944,3.0,3.0,3.0,2,0,0,0,2,r280_t1.2_t1.2_140.cif,280,1.2,140,0.4544799999999895
d:\New folder\project\data\r280\t1.2\t1.2_160.cif,2.3913436778393304,3.0,2.53086650288631,3.0,2,0,2,0,4,r280_t1.2_t1.2_160.cif,280,1.2,160,0.3888200000000097
d:\New folder\project\data\r280\t1.2\t1.2_180.cif,2.0037277842356223,3.0,2.517220075360837,3.0,2,0,2,0,4,r280_t1.2_t1.2_180.cif,280,1.2,180,0.3541400000000294
d:\New folder\project\data\r280\t1.2\t1.2_20.cif,2.298960306267698,3.0,3.0,3.0,2,0,0,0,2,r280_t1.2_t1.2_20.cif,280,1.2,20,0.4967800000000579
d:\New folder\project\data\r280\t1.2\t1.2_200.cif,2.053728194659076,3.0,2.587883288728939,3.0,2,0,2,0,4,r280_t1.2_t1.2_200.cif,280,1.2,200,0.2496700000000373
d:\New folder\project\data\r280\t1.2\t1.2_220.cif,2.2945005948666113,3.0,2.421115483673984,2.806162014670094,4,0,2,2,8,r280_t1.2_t1.2_220.cif,280,1.2,220,0.178229999999985
d:\New folder\project\data\r280\t1.2\t1.2_240.cif,1.9334089300984516,3.0,3.0,3.0,2,0,0,0,2,r280_t1.2_t1.2_240.cif,280,1.2,240,0.2796900000000732
d:\New folder\project\data\r280\t1.2\t1.2_260.cif,2.2281346151801307,3.0,3.0,2.6783818774806942,5,0,0,1,6,r280_t1.2_t1.2_260.cif,280,1.2,260,0.1359899999999925
d:\New folder\project\data\r280\t1.2\t1.2_280.cif,2.1687163960353444,3.0,2.613261121808491,2.572157511106288,3,0,2,2,7,r280_t1.2_t1.2_280.cif,280,1.2,280,-0.0849799999999731
d:\New folder\project\data\r280\t1.2\t1.2_300.cif,3.0,3.0,2.7206653028003682,2.3528295051527177,0,0,2,2,4,r280_t1.2_t1.2_300.cif,280,1.2,300,-0.0572399999999788
d:\New folder\project\data\r280\t1.2\t1.2_320.cif,2.495187680188449,3.0,2.491523299239823,2.379822605694078,1,0,2,2,5,r280_t1.2_t1.2_320.cif,280,1.2,320,-0.0199499999999943
d:\New folder\project\data\r280\t1.2\t1.2_340.cif,2.4296845511326595,3.0,2.4052803851469453,2.716058939685878,2,0,2,2,6,r280_t1.2_t1.2_340.cif,280,1.2,340,0.0074100000000498
d:\New folder\project\data\r280\t1.2\t1.2_40.cif,2.4294932802040567,3.0,3.0,3.0,2,0,0,0,2,r280_t1.2_t1.2_40.cif,280,1.2,40,0.4706600000000662
d:\New folder\project\data\r280\t1.2\t1.2_60.cif,2.4181689130421233,3.0,2.7671061973871023,3.0,2,0,2,0,4,r280_t1.2_t1.2_60.cif,280,1.2,60,0.2455300000000306
d:\New folder\project\data\r280\t1.2\t1.2_80.cif,2.4032035912765934,3.0,2.368407438524182,3.0,2,0,2,0,4,r280_t1.2_t1.2_80.cif,280,1.2,80,0.0907500000000709
d:\New folder\project\data\r280\t2.4\t2.4_0.cif,2.281008497547215,3.0,3.0,3.0,2,0,0,0,2,r280_t2.4_t2.4_0.cif,280,2.4,0,0.3607700000000022
d:\New folder\project\data\r280\t2.4\t2.4_100.cif,2.143715477311202,3.0,2.543438571872516,3.0,2,0,3,0,5,r280_t2.4_t2.4_100.cif,280,2.4,100,0.0535100000000738
d:\New folder\project\data\r280\t2.4\t2.4_120.cif,3.0,3.0,3.0,3.0,0,0,0,0,0,r280_t2.4_t2.4_120.cif,280,2.4,120,0.4690200000000004
d:\New folder\project\data\r280\t2.4\t2.4_140.cif,2.481944679213532,3.0,3.0,3.0,2,0,0,0,2,r280_t2.4_t2.4_140.cif,280,2.4,140,0.3209000000000515
d:\New folder\project\data\r280\t2.4\t2.4_160.cif,2.345326787330311,3.0,2.6110167471810697,3.0,2,0,2,0,4,r280_t2.4_t2.4_160.cif,280,2.4,160,0.2544400000000451
d:\New folder\project\data\r280\t2.4\t2.4_180.cif,2.3094969842675037,3.0,2.533760689043981,3.0,2,0,2,0,4,r280_t2.4_t2.4_180.cif,280,2.4,180,0.2001500000000078
d:\New folder\project\data\r280\t2.4\t2.4_20.cif,2.3174952701368428,3.0,3.0,3.0,2,0,0,0,2,r280_t2.4_t2.4_20.cif,280,2.4,20,0.5161300000000892
d:\New folder\project\data\r280\t2.4\t2.4_200.cif,2.2541989033037613,3.0,2.2400361730268346,3.0,2,0,2,0,4,r280_t2.4_t2.4_200.cif,280,2.4,200,0.1925100000000839
d:\New folder\project\data\r280\t2.4\t2.4_220.cif,2.4643756165187094,3.0,2.2724488474837363,3.0,2,0,2,0,4,r280_t2.4_t2.4_220.cif,280,2.4,220,0.1796300000000883
d:\New folder\project\data\r280\t2.4\t2.4_240.cif,2.1935120283121856,3.0,2.8184333927572824,3.0,2,0,2,0,4,r280_t2.4_t2.4_240.cif,280,2.4,240,0.2476599999999962
d:\New folder\project\data\r280\t2.4\t2.4_260.cif,3.0,3.0,3.0,3.0,0,0,0,0,0,r280_t2.4_t2.4_260.cif,280,2.4,260,0.3041699999999991
d:\New folder\project\data\r280\t2.4\t2.4_280.cif,2.2553992544777435,3.09272739733406,2.311900448738607,3.0,4,2,2,0,8,r280_t2.4_t2.4_280.cif,280,2.4,280,-0.0877799999999524
d:\New folder\project\data\r280\t2.4\t2.4_300.cif,2.3283414554380863,3.0,2.5192980578800643,2.6468724040402103,4,0,2,2,8,r280_t2.4_t2.4_300.cif,280,2.4,300,0.0082800000000133
d:\New folder\project\data\r280\t2.4\t2.4_320.cif,2.1824904358551747,3.0,2.6619606508578686,2.3699026249356616,2,0,1,2,5,r280_t2.4_t2.4_320.cif,280,2.4,320,0.0852899999999863
d:\New folder\project\data\r280\t2.4\t2.4_340.cif,2.072265223023129,3.0,3.0,3.0,2,0,0,0,2,r280_t2.4_t2.4_340.cif,280,2.4,340,0.2991800000000921
d:\New folder\project\data\r280\t2.4\t2.4_40.cif,3.0,3.0,3.0,3.0,0,0,0,0,0,r280_t2.4_t2.4_40.cif,280,2.4,40,0.4256000000000313
d:\New folder\project\data\r280\t2.4\t2.4_60.cif,3.0,3.0,2.468907815543174,3.0,0,0,2,0,2,r280_t2.4_t2.4_60.cif,280,2.4,60,0.1824700000000803
d:\New folder\project\data\r280\t2.4\t2.4_80.cif,3.0,3.0,2.381955249946371,3.0,0,0,2,0,2,r280_t2.4_t2.4_80.cif,280,2.4,80,0.1577100000000655
d:\New folder\project\data\r280\t3.6\t3.6_0.cif,2.308385611519627,3.0,3.0,3.0,2,0,0,0,2,r280_t3.6_t3.6_0.cif,280,3.6,0,0.429010000000062
d:\New folder\project\data\r280\t3.6\t3.6_100.cif,2.3733799619816436,3.0,2.545643124416234,3.0,4,0,2,0,6,r280_t3.6_t3.6_100.cif,280,3.6,100,0.1998800000000073
d:\New folder\project\data\r280\t3.6\t3.6_120.cif,2.335407552463424,3.0,2.802013133653443,3.0,4,0,2,0,6,r280_t3.6_t3.6_120.cif,280,3.6,120,0.038970000000063
d:\New folder\project\data\r280\t3.6\t3.6_140.cif,2.410422273647066,3.0,2.532029930707795,2.678826365509867,2,0,2,1,5,r280_t3.6_t3.6_140.cif,280,3.6,140,0.0344099999999798
d:\New folder\project\data\r280\t3.6\t3.6_160.cif,3.0,3.0,2.796715528322209,3.0,0,0,1,0,1,r280_t3.6_t3.6_160.cif,280,3.6,160,0.1212600000000065
d:\New folder\project\data\r280\t3.6\t3.6_180.cif,3.0,3.0,2.442580482227335,3.0,0,0,2,0,2,r280_t3.6_t3.6_180.cif,280,3.6,180,0.158580000000029
d:\New folder\project\data\r280\t3.6\t3.6_20.cif,2.123724408940303,3.0,3.0,3.0,4,0,0,0,4,r280_t3.6_t3.6_20.cif,280,3.6,20,0.5242299999999886
d:\New folder\project\data\r280\t3.6\t3.6_200.cif,3.0,3.0,2.141002518517114,3.0,0,0,2,0,2,r280_t3.6_t3.6_200.cif,280,3.6,200,0.1910400000000436
d:\New folder\project\data\r280\t3.6\t3.6_220.cif,3.0,3.0,2.338123790601223,3.0,0,0,2,0,2,r280_t3.6_t3.6_220.cif,280,3.6,220,0.2375500000000556
d:\New folder\project\data\r280\t3.6\t3.6_240.cif,2.2821599288646364,2.7733929896156635,1.7823242239133323,2.362263675972688,6,2,2,3,13,r280_t3.6_t3.6_240.cif,280,3.6,240,-0.4014399999999796
d:\New folder\project\data\r280\t3.6\t3.6_260.cif,3.0,3.0,3.0,3.0,0,0,0,0,0,r280_t3.6_t3.6_260.cif,280,3.6,260,0.321260000000052
d:\New folder\project\data\r280\t3.6\t3.6_280.cif,2.323611079307484,2.8063608477416304,2.541461976325977,2.232627302384746,5,2,6,3,16,r280_t3.6_t3.6_280.cif,280,3.6,280,-0.3948299999999562
d:\New folder\project\data\r280\t3.6\t3.6_300.cif,2.329068534316688,2.8332755227620194,2.324610850929736,2.113287181063151,4,2,4,2,12,r280_t3.6_t3.6_300.cif,280,3.6,300,-0.2238599999999451
d:\New folder\project\data\r280\t3.6\t3.6_320.cif,2.123913147081941,3.0,2.724343426257313,3.0,2,0,4,0,6,r280_t3.6_t3.6_320.cif,280,3.6,320,0.1691299999999955
d:\New folder\project\data\r280\t3.6\t3.6_340.cif,2.1912549886917754,3.0,3.0,3.0,2,0,0,0,2,r280_t3.6_t3.6_340.cif,280,3.6,340,0.3761800000000903
d:\New folder\project\data\r280\t3.6\t3.6_40.cif,2.088108276210037,3.0,3.0,3.0,2,0,0,0,2,r280_t3.6_t3.6_40.cif,280,3.6,40,0.4184500000000071
d:\New folder\project\data\r280\t3.6\t3.6_60.cif,2.474941674058644,3.0,2.37681846260935,3.0,2,0,2,0,4,r280_t3.6_t3.6_60.cif,280,3.6,60,0.1620300000000725
d:\New folder\project\data\r280\t3.6\t3.6_80.cif,3.0,3.0,2.3050293643457818,3.0,0,0,2,0,2,r280_t3.6_t3.6_80.cif,280,3.6,80,0.1468500000000858
d:\New folder\project\data\r280\t4.8\t4.8_0.cif,2.4008218274798914,3.0,3.0,3.0,4,0,0,0,4,r280_t4.8_t4.8_0.cif,280,4.8,0,0.4413600000000315
d:\New folder\project\data\r280\t4.8\t4.8_100.cif,2.2607153611356905,3.0,2.430420590851135,3.0,2,0,2,0,4,r280_t4.8_t4.8_100.cif,280,4.8,100,0.2712400000000343
d:\New folder\project\data\r280\t4.8\t4.8_120.cif,1.9804958071636423,3.0,2.77931704358066,2.7361473582785907,2,0,2,4,8,r280_t4.8_t4.8_120.cif,280,4.8,120,-0.0770099999999729
d:\New folder\project\data\r280\t4.8\t4.8_140.cif,2.1055970663072063,3.0,2.5430481250456785,2.7035449525342896,2,0,2,4,8,r280_t4.8_t4.8_140.cif,280,4.8,140,-0.1756500000000187
d:\New folder\project\data\r280\t4.8\t4.8_160.cif,2.369221808381009,3.0,2.7181489428376224,3.0,2,0,2,0,4,r280_t4.8_t4.8_160.cif,280,4.8,160,0.0120299999999815
d:\New folder\project\data\r280\t4.8\t4.8_180.cif,3.0,3.0,2.725430638401646,3.0,0,0,1,0,1,r280_t4.8_t4.8_180.cif,280,4.8,180,0.1981400000000803
d:\New folder\project\data\r280\t4.8\t4.8_20.cif,2.265853423809249,3.0,3.0,3.0,4,0,0,0,4,r280_t4.8_t4.8_20.cif,280,4.8,20,0.4956900000000814
d:\New folder\project\data\r280\t4.8\t4.8_200.cif,3.0,3.0,2.460220633090411,3.0,0,0,2,0,2,r280_t4.8_t4.8_200.cif,280,4.8,200,0.2591400000000021
d:\New folder\project\data\r280\t4.8\t4.8_220.cif,3.0,3.0,2.4252035452102154,3.0,0,0,2,0,2,r280_t4.8_t4.8_220.cif,280,4.8,220,0.2623200000000452
d:\New folder\project\data\r280\t4.8\t4.8_240.cif,2.249574252495937,2.797012574003337,2.1305843413519705,2.224179340943835,9,2,3,4,18,r280_t4.8_t4.8_240.cif,280,4.8,240,-0.3090499999999565
d:\New folder\project\data\r280\t4.8\t4.8_260.cif,2.330541923283213,2.798366850203938,2.3871279792061366,1.8166883169958061,6,2,4,2,14,r280_t4.8_t4.8_260.cif,280,4.8,260,-0.5292099999999209
d:\New folder\project\data\r280\t4.8\t4.8_280.cif,2.2498314978617544,2.7181377740906005,2.4889424838661744,2.2011885638049438,4,2,6,3,15,r280_t4.8_t4.8_280.cif,280,4.8,280,-0.3660199999999349
d:\New folder\project\data\r280\t4.8\t4.8_300.cif,2.1396190831854907,2.7092428473304184,2.520391619353621,1.7961519182541217,4,2,4,2,12,r280_t4.8_t4.8_300.cif,280,4.8,300,-0.3707899999999426
d:\New folder\project\data\r280\t4.8\t4.8_320.cif,2.0407320773050466,2.7650237095870103,2.436673100810514,1.8180650974095247,4,2,2,2,10,r280_t4.8_t4.8_320.cif,280,4.8,320,-0.2794299999999339
d:\New folder\project\data\r280\t4.8\t4.8_340.cif,2.189455736494932,3.0,3.0,3.0,2,0,0,0,2,r280_t4.8_t4.8_340.cif,280,4.8,340,0.4036700000000337
d:\New folder\project\data\r280\t4.8\t4.8_40.cif,2.267825610327785,3.0,3.0,3.0,4,0,0,0,4,r280_t4.8_t4.8_40.cif,280,4.8,40,0.4285800000000108
d:\New folder\project\data\r280\t4.8\t4.8_60.cif,3.0,3.0,2.1619269242006616,3.0,0,0,2,0,2,r280_t4.8_t4.8_60.cif,280,4.8,60,0.2214200000000801
d:\New folder\project\data\r280\t4.8\t4.8_80.cif,3.0,3.0,2.2781118355988887,3.0,0,0,2,0,2,r280_t4.8_t4.8_80.cif,280,4.8,80,0.2274700000000393
d:\New folder\project\data\r280\t6.0\t6.0_0.cif,3.0,3.0,3.0,3.0,0,0,0,0,0,r280_t6.0_t6.0_0.cif,280,6.0,0,0.3990300000000388
d:\New folder\project\data\r280\t6.0\t6.0_100.cif,2.302073143619116,2.7523993292150895,2.371043899541187,2.2537700549644697,4,2,4,4,14,r280_t6.0_t6.0_100.cif,280,6.0,100,-0.3504799999999477
d:\New folder\project\data\r280\t6.0\t6.0_120.cif,3.0,3.0,3.0,3.0,0,0,0,0,0,r280_t6.0_t6.0_120.cif,280,6.0,120,0.3221399999999903
d:\New folder\project\data\r280\t6.0\t6.0_140.cif,3.0,3.0,3.0,2.64688922277967,0,0,0,2,2,r280_t6.0_t6.0_140.cif,280,6.0,140,0.1866700000000491
d:\New folder\project\data\r280\t6.0\t6.0_160.cif,2.425383192201279,3.0,2.5330398345625644,2.4772045206689284,2,0,2,2,6,r280_t6.0_t6.0_160.cif,280,6.0,160,-0.021539999999959
d:\New folder\project\data\r280\t6.0\t6.0_180.cif,2.384215528445436,2.848156328720461,2.2059632372352658,2.5490152031876074,2,1,2,2,7,r280_t6.0_t6.0_180.cif,280,6.0,180,-0.0923099999999976
d:\New folder\project\data\r280\t6.0\t6.0_20.cif,2.291309698152303,3.0,3.0,3.0,2,0,0,0,2,r280_t6.0_t6.0_20.cif,280,6.0,20,0.4844699999999875
d:\New folder\project\data\r280\t6.0\t6.0_200.cif,3.0,3.0,3.0,3.0,0,0,0,0,0,r280_t6.0_t6.0_200.cif,280,6.0,200,0.4346699999999828
d:\New folder\project\data\r280\t6.0\t6.0_220.cif,3.0,3.0,3.0,3.0,0,0,0,0,0,r280_t6.0_t6.0_220.cif,280,6.0,220,0.2472700000000713
d:\New folder\project\data\r280\t6.0\t6.0_240.cif,2.3450633454387715,3.0,3.0,3.0,2,0,0,0,2,r280_t6.0_t6.0_240.cif,280,6.0,240,0.3108399999999847
d:\New folder\project\data\r280\t6.0\t6.0_260.cif,2.332031891486952,3.0,2.8037810203047915,3.0,2,0,2,0,4,r280_t6.0_t6.0_260.cif,280,6.0,260,0.250560000000064
d:\New folder\project\data\r280\t6.0\t6.0_280.cif,2.2947901155024,3.1537811248725727,2.6917697922932566,3.0,4,1,2,0,7,r280_t6.0_t6.0_280.cif,280,6.0,280,0.1689400000000205
d:\New folder\project\data\r280\t6.0\t6.0_300.cif,3.0,3.0,3.0,3.0,0,0,0,0,0,r280_t6.0_t6.0_300.cif,280,6.0,300,0.4426500000000715
d:\New folder\project\data\r280\t6.0\t6.0_320.cif,2.3007040279686235,3.0,3.0,3.0,2,0,0,0,2,r280_t6.0_t6.0_320.cif,280,6.0,320,0.367870000000039
d:\New folder\project\data\r280\t6.0\t6.0_340.cif,2.3868628788207076,3.0,3.0,3.0,2,0,0,0,2,r280_t6.0_t6.0_340.cif,280,6.0,340,0.302310000000034
d:\New folder\project\data\r280\t6.0\t6.0_40.cif,2.05088517000412,3.0,3.0,3.0,2,0,0,0,2,r280_t6.0_t6.0_40.cif,280,6.0,40,0.4373199999999997
d:\New folder\project\data\r280\t6.0\t6.0_60.cif,2.3914762054797842,3.0,2.337437234947635,3.0,2,0,2,0,4,r280_t6.0_t6.0_60.cif,280,6.0,60,0.2386500000000069
d:\New folder\project\data\r280\t6.0\t6.0_80.cif,3.0,3.0,2.2104274008266716,3.0,0,0,2,0,2,r280_t6.0_t6.0_80.cif,280,6.0,80,0.1821500000000924
d:\New folder\project\data\r280\t7.2\t7.2_0.cif,3.0,3.0,3.0,3.0,0,0,0,0,0,r280_t7.2_t7.2_0.cif,280,7.2,0,0.2592799999999897
d:\New folder\project\data\r280\t7.2\t7.2_100.cif,2.2797827023026045,3.0,2.421948640688062,2.6567399668335563,4,0,2,2,8,r280_t7.2_t7.2_100.cif,280,7.2,100,0.1605400000000827
d:\New folder\project\data\r280\t7.2\t7.2_120.cif,3.0,3.0,2.552723387326198,2.5720836781584544,0,0,2,2,4,r280_t7.2_t7.2_120.cif,280,7.2,120,0.2293100000000549
d:\New folder\project\data\r280\t7.2\t7.2_140.cif,2.3933654160772897,3.1150979664138028,2.5511071080661014,2.53489568828374,2,2,3,4,11,r280_t7.2_t7.2_140.cif,280,7.2,140,-0.1101299999999128
d:\New folder\project\data\r280\t7.2\t7.2_160.cif,2.3226588270724875,3.038392712032786,2.312168976846921,2.33668226516133,2,2,2,2,8,r280_t7.2_t7.2_160.cif,280,7.2,160,-0.0141800000000102
d:\New folder\project\data\r280\t7.2\t7.2_180.cif,2.4510575322748087,2.918524850983024,2.154498884337001,2.6457006514535215,2,2,2,2,8,r280_t7.2_t7.2_180.cif,280,7.2,180,0.0077700000000504
d:\New folder\project\data\r280\t7.2\t7.2_20.cif,3.0,3.0,3.0,3.0,0,0,0,0,0,r280_t7.2_t7.2_20.cif,280,7.2,20,0.4799600000000055
d:\New folder\project\data\r280\t7.2\t7.2_200.cif,2.2539083059046567,3.0,3.0,3.0,2,0,0,0,2,r280_t7.2_t7.2_200.cif,280,7.2,200,0.3621200000000044
d:\New folder\project\data\r280\t7.2\t7.2_220.cif,3.0,3.0,3.0,3.0,0,0,0,0,0,r280_t7.2_t7.2_220.cif,280,7.2,220,0.357270000000085
d:\New folder\project\data\r280\t7.2\t7.2_240.cif,2.0978552695319324,3.0,3.0,3.0,2,0,0,0,2,r280_t7.2_t7.2_240.cif,280,7.2,240,0.2788400000000592
d:\New folder\project\data\r280\t7.2\t7.2_260.cif,2.3166316989929463,3.0,3.0,3.0,2,0,0,0,2,r280_t7.2_t7.2_260.cif,280,7.2,260,0.3389400000000933
d:\New folder\project\data\r280\t7.2\t7.2_280.cif,3.0,3.0,2.650289373232699,3.0,0,0,2,0,2,r280_t7.2_t7.2_280.cif,280,7.2,280,0.3205900000000383
d:\New folder\project\data\r280\t7.2\t7.2_300.cif,2.4288323290708846,3.0,2.242361117819478,3.0,2,0,2,0,4,r280_t7.2_t7.2_300.cif,280,7.2,300,0.3301000000000158
d:\New folder\project\data\r280\t7.2\t7.2_320.cif,2.463576207856716,3.0,2.3670712636903604,3.0,2,0,2,0,4,r280_t7.2_t7.2_320.cif,280,7.2,320,0.2966400000000249
d:\New folder\project\data\r280\t7.2\t7.2_340.cif,2.3609406142826197,3.0,2.6621782076989042,2.726713898718165,4,0,2,1,7,r280_t7.2_t7.2_340.cif,280,7.2,340,0.1226400000000467
d:\New folder\project\data\r280\t7.2\t7.2_40.cif,2.376215581293132,3.0,3.0,3.0,2,0,0,0,2,r280_t7.2_t7.2_40.cif,280,7.2,40,0.4264200000000073
d:\New folder\project\data\r280\t7.2\t7.2_60.cif,2.399403947731446,3.084690149059808,2.6625856699770094,2.772148024084126,1,1,2,1,5,r280_t7.2_t7.2_60.cif,280,7.2,60,0.1335100000000011
d:\New folder\project\data\r280\t7.2\t7.2_80.cif,3.0,3.015367210758839,2.760795319050184,3.0,0,2,1,0,3,r280_t7.2_t7.2_80.cif,280,7.2,80,0.1677100000000564
d:\New folder\project\data\r280\t8.4\t8.4_0.cif,3.0,3.0,3.0,2.671034764761511,0,0,0,2,2,r280_t8.4_t8.4_0.cif,280,8.4,0,0.1824900000000298
d:\New folder\project\data\r280\t8.4\t8.4_100.cif,2.151603254019003,3.0,2.6810904443547,2.732308875542543,2,0,2,2,6,r280_t8.4_t8.4_100.cif,280,8.4,100,0.1435200000000804
d:\New folder\project\data\r280\t8.4\t8.4_120.cif,2.473537576102932,3.0,2.822916694364731,2.5784551602635846,2,0,1,2,5,r280_t8.4_t8.4_120.cif,280,8.4,120,0.2664800000000014
d:\New folder\project\data\r280\t8.4\t8.4_140.cif,2.408063654832244,3.0,3.0,3.0,2,0,0,0,2,r280_t8.4_t8.4_140.cif,280,8.4,140,0.4156199999999899
d:\New folder\project\data\r280\t8.4\t8.4_160.cif,2.195398245407965,3.0,3.0,2.772832600124631,2,0,0,2,4,r280_t8.4_t8.4_160.cif,280,8.4,160,0.428670000000011
d:\New folder\project\data\r280\t8.4\t8.4_180.cif,2.157867027313002,3.0,3.0,3.0,2,0,0,0,2,r280_t8.4_t8.4_180.cif,280,8.4,180,0.5103500000000167
d:\New folder\project\data\r280\t8.4\t8.4_20.cif,3.0,3.0,3.0,3.0,0,0,0,0,0,r280_t8.4_t8.4_20.cif,280,8.4,20,0.4937700000000404
d:\New folder\project\data\r280\t8.4\t8.4_200.cif,2.2114712415066755,3.0,3.0,3.0,2,0,0,0,2,r280_t8.4_t8.4_200.cif,280,8.4,200,0.371939999999995
d:\New folder\project\data\r280\t8.4\t8.4_220.cif,2.3590253797322327,3.0,2.7558167114007683,3.0,6,0,2,0,8,r280_t8.4_t8.4_220.cif,280,8.4,220,0.1793300000000499
d:\New folder\project\data\r280\t8.4\t8.4_240.cif,2.4523930953206703,3.0,3.0,3.0,4,0,0,0,4,r280_t8.4_t8.4_240.cif,280,8.4,240,0.2310899999999947
d:\New folder\project\data\r280\t8.4\t8.4_260.cif,2.190374491881571,3.0,3.0,3.0,4,0,0,0,4,r280_t8.4_t8.4_260.cif,280,8.4,260,0.2214400000000296
d:\New folder\project\data\r280\t8.4\t8.4_280.cif,2.3294594430687994,3.0,2.7958827892339673,3.0,2,0,2,0,4,r280_t8.4_t8.4_280.cif,280,8.4,280,0.215059999999994
d:\New folder\project\data\r280\t8.4\t8.4_300.cif,3.0,3.0,2.470308666740555,2.826368625525848,0,0,2,2,4,r280_t8.4_t8.4_300.cif,280,8.4,300,0.0508700000000317
d:\New folder\project\data\r280\t8.4\t8.4_320.cif,2.416537075615306,3.0,2.4538424500268627,3.0,2,0,2,0,4,r280_t8.4_t8.4_320.cif,280,8.4,320,0.102510000000052
d:\New folder\project\data\r280\t8.4\t8.4_340.cif,2.2892019433621877,3.0,2.4030807376291126,2.7583135748788967,2,0,2,2,6,r280_t8.4_t8.4_340.cif,280,8.4,340,0.0747999999999819
d:\New folder\project\data\r280\t8.4\t8.4_40.cif,3.0,3.0,3.0,3.0,0,0,0,0,0,r280_t8.4_t8.4_40.cif,280,8.4,40,0.4543500000000904
d:\New folder\project\data\r280\t8.4\t8.4_60.cif,2.415317454141044,2.833376892353818,1.882461728293449,2.5882588603277905,2,2,2,1,7,r280_t8.4_t8.4_60.cif,280,8.4,60,-0.0431699999999182
d:\New folder\project\data\r280\t8.4\t8.4_80.cif,2.000811044055847,2.757840906530632,2.075367649033479,2.408780776499858,7,2,3,4,16,r280_t8.4_t8.4_80.cif,280,8.4,80,-0.3606399999999894
d:\New folder\project\data\r280\t9.6\t9.6_0.cif,3.0,3.0,2.8081203371358465,2.4115331464961685,0,0,1,2,3,r280_t9.6_t9.6_0.cif,280,9.6,0,0.1710400000000618
d:\New folder\project\data\r280\t9.6\t9.6_100.cif,3.0,3.0,3.0,3.0,0,0,0,0,0,r280_t9.6_t9.6_100.cif,280,9.6,100,0.1871300000000246
d:\New folder\project\data\r280\t9.6\t9.6_120.cif,3.0,3.0,3.0,3.0,0,0,0,0,0,r280_t9.6_t9.6_120.cif,280,9.6,120,0.467010000000073
d:\New folder\project\data\r280\t9.6\t9.6_140.cif,2.1847255735152658,3.0,3.0,3.0,2,0,0,0,2,r280_t9.6_t9.6_140.cif,280,9.6,140,0.5406000000000404
d:\New folder\project\data\r280\t9.6\t9.6_160.cif,2.3570520067310383,3.0,2.729335042802499,3.0,2,0,2,0,4,r280_t9.6_t9.6_160.cif,280,9.6,160,0.517840000000092
d:\New folder\project\data\r280\t9.6\t9.6_180.cif,2.085223096796864,3.0,2.6984624974252838,3.0,2,0,2,0,4,r280_t9.6_t9.6_180.cif,280,9.6,180,0.4449700000000121
d:\New folder\project\data\r280\t9.6\t9.6_20.cif,3.0,3.0,3.0,3.0,0,0,0,0,0,r280_t9.6_t9.6_20.cif,280,9.6,20,0.4981500000000096
d:\New folder\project\data\r280\t9.6\t9.6_200.cif,2.2508816671812406,3.0,3.0,3.0,2,0,0,0,2,r280_t9.6_t9.6_200.cif,280,9.6,200,0.3759300000000394
d:\New folder\project\data\r280\t9.6\t9.6_220.cif,2.487135522085613,3.0,2.4868467379782024,3.0,3,0,2,0,5,r280_t9.6_t9.6_220.cif,280,9.6,220,0.1951599999999871
d:\New folder\project\data\r280\t9.6\t9.6_240.cif,3.0,3.0,3.0,3.0,0,0,0,0,0,r280_t9.6_t9.6_240.cif,280,9.6,240,0.366579999999999
d:\New folder\project\data\r280\t9.6\t9.6_260.cif,2.3014721386610395,3.0,3.0,3.0,3,0,0,0,3,r280_t9.6_t9.6_260.cif,280,9.6,260,0.2911000000000285
d:\New folder\project\data\r280\t9.6\t9.6_280.cif,2.203528855318126,3.0,2.6659785523155035,2.6497979309969244,4,0,2,2,8,r280_t9.6_t9.6_280.cif,280,9.6,280,-0.0719500000000152
d:\New folder\project\data\r280\t9.6\t9.6_300.cif,3.0,3.0,2.6645676355877237,2.4337177044830423,0,0,2,2,4,r280_t9.6_t9.6_300.cif,280,9.6,300,-0.048469999999952
d:\New folder\project\data\r280\t9.6\t9.6_320.cif,3.0,3.0,2.382440294222284,2.4180442477493695,0,0,2,2,4,r280_t9.6_t9.6_320.cif,280,9.6,320,-0.0467599999999492
d:\New folder\project\data\r280\t9.6\t9.6_340.cif,3.0,3.0,2.6379472513506355,3.0,0,0,2,0,2,r280_t9.6_t9.6_340.cif,280,9.6,340,0.1068000000000211
d:\New folder\project\data\r280\t9.6\t9.6_40.cif,3.0,3.0,3.0,3.0,0,0,0,0,0,r280_t9.6_t9.6_40.cif,280,9.6,40,0.4873900000000049
d:\New folder\project\data\r280\t9.6\t9.6_60.cif,3.0,3.0,3.0,3.0,0,0,0,0,0,r280_t9.6_t9.6_60.cif,280,9.6,60,0.4325800000000299
d:\New folder\project\data\r280\t9.6\t9.6_80.cif,3.0,3.0,3.0,3.0,0,0,0,0,0,r280_t9.6_t9.6_80.cif,280,9.6,80,0.3656300000000101
d:\New folder\project\data\r300\t0\t0_0.cif,3.0,3.0,3.0,2.290973428221137,0,0,0,2,2,r300_t0_t0_0.cif,300,0.0,0,0.2642000000000735
d:\New folder\project\data\r300\t0\t0_100.cif,3.0,3.0,3.0,3.0,0,0,0,0,0,r300_t0_t0_100.cif,300,0.0,100,0.354910000000018
d:\New folder\project\data\r300\t0\t0_120.cif,2.1503073196581264,3.0,3.0,2.6043871448466214,2,0,0,2,4,r300_t0_t0_120.cif,300,0.0,120,0.394580000000019
d:\New folder\project\data\r300\t0\t0_140.cif,3.0,3.0,3.0,3.0,0,0,0,0,0,r300_t0_t0_140.cif,300,0.0,140,0.5479400000000396
d:\New folder\project\data\r300\t0\t0_160.cif,3.0,3.0,3.0,3.0,0,0,0,0,0,r300_t0_t0_160.cif,300,0.0,160,0.6649300000000267
d:\New folder\project\data\r300\t0\t0_180.cif,3.0,3.0,3.0,3.0,0,0,0,0,0,r300_t0_t0_180.cif,300,0.0,180,0.6491800000000012
d:\New folder\project\data\r300\t0\t0_20.cif,3.0,3.0,3.0,2.5429204393547553,0,0,0,2,2,r300_t0_t0_20.cif,300,0.0,20,0.4638400000000047
d:\New folder\project\data\r300\t0\t0_200.cif,3.0,3.0,3.0,3.0,0,0,0,0,0,r300_t0_t0_200.cif,300,0.0,200,0.6393199999999979
d:\New folder\project\data\r300\t0\t0_220.cif,3.0,3.0,3.0,3.0,0,0,0,0,0,r300_t0_t0_220.cif,300,0.0,220,0.5895300000000816
d:\New folder\project\data\r300\t0\t0_240.cif,3.0,3.0,3.0,3.0,0,0,0,0,0,r300_t0_t0_240.cif,300,0.0,240,0.5419500000000426
d:\New folder\project\data\r300\t0\t0_260.cif,3.0,3.0,2.7338485649195006,2.779991660766202,0,0,1,2,3,r300_t0_t0_260.cif,300,0.0,260,0.194119999999998
d:\New folder\project\data\r300\t0\t0_280.cif,3.0,3.0,2.6818105158537495,3.0,0,0,2,0,2,r300_t0_t0_280.cif,300,0.0,280,0.1126800000000685
d:\New folder\project\data\r300\t0\t0_300.cif,3.0,3.0,2.6621040064787747,2.3213371969988255,0,0,2,2,4,r300_t0_t0_300.cif,300,0.0,300,0.0550500000000511
d:\New folder\project\data\r300\t0\t0_320.cif,2.4862728597492323,3.0,2.6100304872967692,2.116515600438772,2,0,2,2,6,r300_t0_t0_320.cif,300,0.0,320,0.0108500000000049
d:\New folder\project\data\r300\t0\t0_340.cif,3.0,3.0,2.79995338875822,2.483258852040317,0,0,2,4,6,r300_t0_t0_340.cif,300,0.0,340,-0.012079999999969
d:\New folder\project\data\r300\t0\t0_40.cif,3.0,3.0,3.0,3.0,0,0,0,0,0,r300_t0_t0_40.cif,300,0.0,40,0.619860000000017
d:\New folder\project\data\r300\t0\t0_60.cif,3.0,3.0,3.0,3.0,0,0,0,0,0,r300_t0_t0_60.cif,300,0.0,60,0.601470000000063
d:\New folder\project\data\r300\t0\t0_80.cif,3.0,3.0,3.0,3.0,0,0,0,0,0,r300_t0_t0_80.cif,300,0.0,80,0.468970000000013
d:\New folder\project\data\r300\t1.2\t1.2_0.cif,3.0,3.0,3.0,3.0,0,0,0,0,0,r300_t1.2_t1.2_0.cif,300,1.2,0,0.3780700000000934
d:\New folder\project\data\r300\t1.2\t1.2_100.cif,3.0,3.0,3.0,3.0,0,0,0,0,0,r300_t1.2_t1.2_100.cif,300,1.2,100,0.3950800000000072
d:\New folder\project\data\r300\t1.2\t1.2_120.cif,2.2090007916756322,3.0,3.0,3.0,2,0,0,0,2,r300_t1.2_t1.2_120.cif,300,1.2,120,0.3983400000000756
d:\New folder\project\data\r300\t1.2\t1.2_140.cif,3.0,3.0,2.8113603595484813,3.0,0,0,1,0,1,r300_t1.2_t1.2_140.cif,300,1.2,140,0.4804900000000316
d:\New folder\project\data\r300\t1.2\t1.2_160.cif,3.0,3.0,3.0,3.0,0,0,0,0,0,r300_t1.2_t1.2_160.cif,300,1.2,160,0.551050000000032
d:\New folder\project\data\r300\t1.2\t1.2_180.cif,3.0,3.0,3.0,3.0,0,0,0,0,0,r300_t1.2_t1.2_180.cif,300,1.2,180,0.5868900000000394
d:\New folder\project\data\r300\t1.2\t1.2_20.cif,3.0,3.0,3.0,3.0,0,0,0,0,0,r300_t1.2_t1.2_20.cif,300,1.2,20,0.5283400000000711
d:\New folder\project\data\r300\t1.2\t1.2_200.cif,3.0,3.0,3.0,3.0,0,0,0,0,0,r300_t1.2_t1.2_200.cif,300,1.2,200,0.583810000000085
d:\New folder\project\data\r300\t1.2\t1.2_220.cif,3.0,3.0,3.0,3.0,0,0,0,0,0,r300_t1.2_t1.2_220.cif,300,1.2,220,0.5386399999999867
d:\New folder\project\data\r300\t1.2\t1.2_240.cif,3.0,3.0,3.0,3.0,0,0,0,0,0,r300_t1.2_t1.2_240.cif,300,1.2,240,0.5502099999999928
d:\New folder\project\data\r300\t1.2\t1.2_260.cif,3.0,3.0,3.0,3.0,0,0,0,0,0,r300_t1.2_t1.2_260.cif,300,1.2,260,0.5177300000000287
d:\New folder\project\data\r300\t1.2\t1.2_280.cif,3.0,3.0,3.0,3.0,0,0,0,0,0,r300_t1.2_t1.2_280.cif,300,1.2,280,0.241950000000088
d:\New folder\project\data\r300\t1.2\t1.2_300.cif,3.0,3.0,2.691801647568516,2.244375618810606,0,0,2,2,4,r300_t1.2_t1.2_300.cif,300,1.2,300,0.0872000000000525
d:\New folder\project\data\r300\t1.2\t1.2_320.cif,3.0,3.0,2.804488170128277,2.1216226271257854,0,0,2,2,4,r300_t1.2_t1.2_320.cif,300,1.2,320,0.0530899999999974
d:\New folder\project\data\r300\t1.2\t1.2_340.cif,3.0,3.0,3.0,2.5444486190753586,0,0,0,2,2,r300_t1.2_t1.2_340.cif,300,1.2,340,0.1712800000000243
d:\New folder\project\data\r300\t1.2\t1.2_40.cif,3.0,3.0,3.0,3.0,0,0,0,0,0,r300_t1.2_t1.2_40.cif,300,1.2,40,0.6260600000000522
d:\New folder\project\data\r300\t1.2\t1.2_60.cif,3.0,3.0,3.0,3.0,0,0,0,0,0,r300_t1.2_t1.2_60.cif,300,1.2,60,0.5986100000000079
d:\New folder\project\data\r300\t1.2\t1.2_80.cif,3.0,3.0,3.0,3.0,0,0,0,0,0,r300_t1.2_t1.2_80.cif,300,1.2,80,0.5308300000000372
d:\New folder\project\data\r300\t2.4\t2.4_0.cif,3.0,3.0,3.0,2.6575038540398754,0,0,0,2,2,r300_t2.4_t2.4_0.cif,300,2.4,0,0.3907199999999875
d:\New folder\project\data\r300\t2.4\t2.4_100.cif,2.435447641491078,3.0,2.5450940212875057,2.4304322128529994,2,0,2,2,6,r300_t2.4_t2.4_100.cif,300,2.4,100,0.1684500000000071
d:\New folder\project\data\r300\t2.4\t2.4_120.cif,2.4607153763043295,3.0,3.0,3.0,2,0,0,0,2,r300_t2.4_t2.4_120.cif,300,2.4,120,0.3476400000000694
d:\New folder\project\data\r300\t2.4\t2.4_140.cif,3.0,3.0,2.7614724187494444,3.0,0,0,2,0,2,r300_t2.4_t2.4_140.cif,300,2.4,140,0.3853200000000925
d:\New folder\project\data\r300\t2.4\t2.4_160.cif,3.0,3.0,3.0,3.0,0,0,0,0,0,r300_t2.4_t2.4_160.cif,300,2.4,160,0.4259600000000318
d:\New folder\project\data\r300\t2.4\t2.4_180.cif,3.0,3.0,3.0,3.0,0,0,0,0,0,r300_t2.4_t2.4_180.cif,300,2.4,180,0.4979000000000724
d:\New folder\project\data\r300\t2.4\t2.4_20.cif,3.0,3.0,3.0,3.0,0,0,0,0,0,r300_t2.4_t2.4_20.cif,300,2.4,20,0.5197299999999814
d:\New folder\project\data\r300\t2.4\t2.4_200.cif,3.0,3.0,3.0,3.0,0,0,0,0,0,r300_t2.4_t2.4_200.cif,300,2.4,200,0.5348900000000185
d:\New folder\project\data\r300\t2.4\t2.4_220.cif,3.0,3.0,3.0,3.0,0,0,0,0,0,r300_t2.4_t2.4_220.cif,300,2.4,220,0.5029200000000174
d:\New folder\project\data\r300\t2.4\t2.4_240.cif,2.2566218091861665,3.0,2.4469934985866075,3.0,2,0,2,0,4,r300_t2.4_t2.4_240.cif,300,2.4,240,0.0252600000000029
d:\New folder\project\data\r300\t2.4\t2.4_260.cif,3.0,3.0,3.0,3.0,0,0,0,0,0,r300_t2.4_t2.4_260.cif,300,2.4,260,0.5560900000000402
d:\New folder\project\data\r300\t2.4\t2.4_280.cif,3.0,3.0,3.0,3.0,0,0,0,0,0,r300_t2.4_t2.4_280.cif,300,2.4,280,0.4727100000000064
d:\New folder\project\data\r300\t2.4\t2.4_300.cif,3.0,3.0,3.0,2.6632207424073604,0,0,0,2,2,r300_t2.4_t2.4_300.cif,300,2.4,300,0.2615600000000313
d:\New folder\project\data\r300\t2.4\t2.4_320.cif,2.4155375687275162,3.0,3.0,2.3289693339644852,2,0,0,2,4,r300_t2.4_t2.4_320.cif,300,2.4,320,0.2164599999999836
d:\New folder\project\data\r300\t2.4\t2.4_340.cif,2.321020377542611,3.0,3.0,3.0,3,0,0,0,3,r300_t2.4_t2.4_340.cif,300,2.4,340,0.2792299999999841
d:\New folder\project\data\r300\t2.4\t2.4_40.cif,3.0,3.0,3.0,3.0,0,0,0,0,0,r300_t2.4_t2.4_40.cif,300,2.4,40,0.5916100000000597
d:\New folder\project\data\r300\t2.4\t2.4_60.cif,3.0,3.0,3.0,3.0,0,0,0,0,0,r300_t2.4_t2.4_60.cif,300,2.4,60,0.4698300000000017
d:\New folder\project\data\r300\t2.4\t2.4_80.cif,3.0,3.0,3.0,3.0,0,0,0,0,0,r300_t2.4_t2.4_80.cif,300,2.4,80,0.4839000000000624
d:\New folder\project\data\r300\t3.6\t3.6_0.cif,3.0,3.0,3.0,3.0,0,0,0,0,0,r300_t3.6_t3.6_0.cif,300,3.6,0,0.4330100000000811
d:\New folder\project\data\r300\t3.6\t3.6_100.cif,3.0,3.0,2.783520295443048,3.0,0,0,2,0,2,r300_t3.6_t3.6_100.cif,300,3.6,100,0.2840700000000424
d:\New folder\project\data\r300\t3.6\t3.6_120.cif,2.031531963908286,3.0,2.715412665644926,3.0,2,0,2,0,4,r300_t3.6_t3.6_120.cif,300,3.6,120,0.1783000000000356
d:\New folder\project\data\r300\t3.6\t3.6_140.cif,3.0,3.0,3.0,3.0,0,0,0,0,0,r300_t3.6_t3.6_140.cif,300,3.6,140,0.3237800000000561
d:\New folder\project\data\r300\t3.6\t3.6_160.cif,3.0,3.0,3.0,3.0,0,0,0,0,0,r300_t3.6_t3.6_160.cif,300,3.6,160,0.269580000000019
d:\New folder\project\data\r300\t3.6\t3.6_180.cif,3.0,3.0,3.0,3.0,0,0,0,0,0,r300_t3.6_t3.6_180.cif,300,3.6,180,0.4628900000000158
d:\New folder\project\data\r300\t3.6\t3.6_20.cif,3.0,3.0,3.0,3.0,0,0,0,0,0,r300_t3.6_t3.6_20.cif,300,3.6,20,0.5172000000000025
d:\New folder\project\data\r300\t3.6\t3.6_200.cif,3.0,3.0,3.0,3.0,0,0,0,0,0,r300_t3.6_t3.6_200.cif,300,3.6,200,0.513930000000073
d:\New folder\project\data\r300\t3.6\t3.6_220.cif,3.0,3.0,3.0,3.0,0,0,0,0,0,r300_t3.6_t3.6_220.cif,300,3.6,220,0.4913999999999987
d:\New folder\project\data\r300\t3.6\t3.6_240.cif,3.0,3.0,3.0,3.0,0,0,0,0,0,r300_t3.6_t3.6_240.cif,300,3.6,240,0.5149400000000242
d:\New folder\project\data\r300\t3.6\t3.6_260.cif,3.0,3.0,3.0,3.0,0,0,0,0,0,r300_t3.6_t3.6_260.cif,300,3.6,260,0.535570000000007
d:\New folder\project\data\r300\t3.6\t3.6_280.cif,2.3475651709585397,2.718889983811452,2.677249442207107,1.8384483450178966,3,2,2,2,9,r300_t3.6_t3.6_280.cif,300,3.6,280,0.0220500000000356
d:\New folder\project\data\r300\t3.6\t3.6_300.cif,2.1696494768021113,2.6842002277794412,2.6372175147731567,1.792700809640249,4,2,4,2,12,r300_t3.6_t3.6_300.cif,300,3.6,300,-0.1814899999999397
d:\New folder\project\data\r300\t3.6\t3.6_320.cif,2.1340609260595373,2.7603370690103395,2.7376875639722025,1.832474758264244,4,2,2,2,10,r300_t3.6_t3.6_320.cif,300,3.6,320,-0.0816899999999805
d:\New folder\project\data\r300\t3.6\t3.6_340.cif,2.3030075314618754,3.0,3.0,3.0,2,0,0,0,2,r300_t3.6_t3.6_340.cif,300,3.6,340,0.3550099999999929
d:\New folder\project\data\r300\t3.6\t3.6_40.cif,3.0,3.0,3.0,3.0,0,0,0,0,0,r300_t3.6_t3.6_40.cif,300,3.6,40,0.5627700000000004
d:\New folder\project\data\r300\t3.6\t3.6_60.cif,3.0,3.0,3.0,3.0,0,0,0,0,0,r300_t3.6_t3.6_60.cif,300,3.6,60,0.4664300000000594
d:\New folder\project\data\r300\t3.6\t3.6_80.cif,3.0,3.0,2.811515644499509,3.0,0,0,1,0,1,r300_t3.6_t3.6_80.cif,300,3.6,80,0.3495100000000093
d:\New folder\project\data\r300\t4.8\t4.8_0.cif,3.0,3.0,3.0,3.0,0,0,0,0,0,r300_t4.8_t4.8_0.cif,300,4.8,0,0.5302300000000741
d:\New folder\project\data\r300\t4.8\t4.8_100.cif,3.0,2.6997279029669734,2.6314713978206012,1.8761920041242677,0,2,4,2,8,r300_t4.8_t4.8_100.cif,300,4.8,100,-0.1937199999999848
d:\New folder\project\data\r300\t4.8\t4.8_120.cif,3.0,3.0,3.0,3.0,0,0,0,0,0,r300_t4.8_t4.8_120.cif,300,4.8,120,0.4483400000000301
d:\New folder\project\data\r300\t4.8\t4.8_140.cif,2.276257518964766,3.0,2.547531276044682,2.581570616692799,2,0,2,2,6,r300_t4.8_t4.8_140.cif,300,4.8,140,-0.0078899999999748
d:\New folder\project\data\r300\t4.8\t4.8_160.cif,3.0,3.0,3.0,3.0,0,0,0,0,0,r300_t4.8_t4.8_160.cif,300,4.8,160,0.2489199999999982
d:\New folder\project\data\r300\t4.8\t4.8_180.cif,3.0,3.0,3.0,3.0,0,0,0,0,0,r300_t4.8_t4.8_180.cif,300,4.8,180,0.4694100000000389
d:\New folder\project\data\r300\t4.8\t4.8_20.cif,3.0,3.0,3.0,3.0,0,0,0,0,0,r300_t4.8_t4.8_20.cif,300,4.8,20,0.5570000000000164
d:\New folder\project\data\r300\t4.8\t4.8_200.cif,3.0,3.0,3.0,3.0,0,0,0,0,0,r300_t4.8_t4.8_200.cif,300,4.8,200,0.5222899999999981
d:\New folder\project\data\r300\t4.8\t4.8_220.cif,3.0,3.0,3.0,3.0,0,0,0,0,0,r300_t4.8_t4.8_220.cif,300,4.8,220,0.5075400000000627
d:\New folder\project\data\r300\t4.8\t4.8_240.cif,3.0,3.0,3.0,3.0,0,0,0,0,0,r300_t4.8_t4.8_240.cif,300,4.8,240,0.464020000000005
d:\New folder\project\data\r300\t4.8\t4.8_260.cif,3.0,3.0,3.0,3.0,0,0,0,0,0,r300_t4.8_t4.8_260.cif,300,4.8,260,0.4901399999999967
d:\New folder\project\data\r300\t4.8\t4.8_280.cif,2.4674664226447502,2.744860138029915,2.479207667160096,2.111994582659683,2,2,2,3,9,r300_t4.8_t4.8_280.cif,300,4.8,280,-0.1270799999999781
d:\New folder\project\data\r300\t4.8\t4.8_300.cif,2.1974174593251785,2.6962763588734777,2.6561260290024906,1.7850205920838298,4,2,4,2,12,r300_t4.8_t4.8_300.cif,300,4.8,300,-0.2177799999999479
d:\New folder\project\data\r300\t4.8\t4.8_320.cif,2.0860216478557962,2.716329793625869,2.779033396928971,1.7565454983374158,4,2,2,2,10,r300_t4.8_t4.8_320.cif,300,4.8,320,-0.1999599999999191
d:\New folder\project\data\r300\t4.8\t4.8_340.cif,2.4952970952629756,3.0,3.0,3.0,1,0,0,0,1,r300_t4.8_t4.8_340.cif,300,4.8,340,0.3757400000000643
d:\New folder\project\data\r300\t4.8\t4.8_40.cif,3.0,3.0,3.0,3.0,0,0,0,0,0,r300_t4.8_t4.8_40.cif,300,4.8,40,0.5704500000000507
d:\New folder\project\data\r300\t4.8\t4.8_60.cif,3.0,3.0,3.0,3.0,0,0,0,0,0,r300_t4.8_t4.8_60.cif,300,4.8,60,0.3745900000000119
d:\New folder\project\data\r300\t4.8\t4.8_80.cif,3.0,3.0,3.0,3.0,0,0,0,0,0,r300_t4.8_t4.8_80.cif,300,4.8,80,0.3084499999999934
d:\New folder\project\data\r300\t6.0\t6.0_0.cif,3.0,3.0,3.0,3.0,0,0,0,0,0,r300_t6.0_t6.0_0.cif,300,6.0,0,0.5745000000000573
d:\New folder\project\data\r300\t6.0\t6.0_100.cif,2.483272319497384,2.7198449818828,3.0,2.2429936200043166,2,2,0,4,8,r300_t6.0_t6.0_100.cif,300,6.0,100,-0.2443599999999151
d:\New folder\project\data\r300\t6.0\t6.0_120.cif,2.3650395479169344,2.722576223342231,3.0,2.0871557579667326,3,2,0,3,8,r300_t6.0_t6.0_120.cif,300,6.0,120,-0.3212099999999509
d:\New folder\project\data\r300\t6.0\t6.0_140.cif,3.0,3.0,3.0,2.5843805049894204,0,0,0,2,2,r300_t6.0_t6.0_140.cif,300,6.0,140,0.3505800000000363
d:\New folder\project\data\r300\t6.0\t6.0_160.cif,2.4317702389495905,3.0,3.0,2.3433213279127902,2,0,0,2,4,r300_t6.0_t6.0_160.cif,300,6.0,160,0.090059999999994
d:\New folder\project\data\r300\t6.0\t6.0_180.cif,3.0,3.0,3.0,3.0,0,0,0,0,0,r300_t6.0_t6.0_180.cif,300,6.0,180,0.4889100000000326
d:\New folder\project\data\r300\t6.0\t6.0_20.cif,3.0,3.0,3.0,3.0,0,0,0,0,0,r300_t6.0_t6.0_20.cif,300,6.0,20,0.5884800000000041
d:\New folder\project\data\r300\t6.0\t6.0_200.cif,3.0,3.0,3.0,3.0,0,0,0,0,0,r300_t6.0_t6.0_200.cif,300,6.0,200,0.5526500000000851
d:\New folder\project\data\r300\t6.0\t6.0_220.cif,3.0,3.0,3.0,3.0,0,0,0,0,0,r300_t6.0_t6.0_220.cif,300,6.0,220,0.5289500000000089
d:\New folder\project\data\r300\t6.0\t6.0_240.cif,3.0,3.0,3.0,3.0,0,0,0,0,0,r300_t6.0_t6.0_240.cif,300,6.0,240,0.4539800000000014
d:\New folder\project\data\r300\t6.0\t6.0_260.cif,3.0,3.0,3.0,3.0,0,0,0,0,0,r300_t6.0_t6.0_260.cif,300,6.0,260,0.486150000000066
d:\New folder\project\data\r300\t6.0\t6.0_280.cif,3.0,3.0,3.0,3.0,0,0,0,0,0,r300_t6.0_t6.0_280.cif,300,6.0,280,0.5848100000000613
d:\New folder\project\data\r300\t6.0\t6.0_300.cif,3.0,3.142804385739298,3.0,3.0,0,2,0,0,2,r300_t6.0_t6.0_300.cif,300,6.0,300,0.6244800000000623
d:\New folder\project\data\r300\t6.0\t6.0_320.cif,2.1569822471054416,2.7118336189944685,2.4597740318165773,1.75569904301906,4,2,2,2,10,r300_t6.0_t6.0_320.cif,300,6.0,320,-0.2922999999999547
d:\New folder\project\data\r300\t6.0\t6.0_340.cif,3.0,3.0,3.0,3.0,0,0,0,0,0,r300_t6.0_t6.0_340.cif,300,6.0,340,0.4778100000000904
d:\New folder\project\data\r300\t6.0\t6.0_40.cif,3.0,3.0,3.0,3.0,0,0,0,0,0,r300_t6.0_t6.0_40.cif,300,6.0,40,0.5876299999999901
d:\New folder\project\data\r300\t6.0\t6.0_60.cif,3.0,3.0,3.0,3.0,0,0,0,0,0,r300_t6.0_t6.0_60.cif,300,6.0,60,0.4641500000000178
d:\New folder\project\data\r300\t6.0\t6.0_80.cif,2.473917380926392,2.810765946201913,2.583184857831366,1.9944393347500318,1,2,4,2,9,r300_t6.0_t6.0_80.cif,300,6.0,80,-0.3113099999999349
d:\New folder\project\data\r300\t7.2\t7.2_0.cif,3.0,3.0,3.0,3.0,0,0,0,0,0,r300_t7.2_t7.2_0.cif,300,7.2,0,0.5470599999999877
d:\New folder\project\data\r300\t7.2\t7.2_100.cif,2.4098356816841955,2.75719631654477,2.570214833289985,2.2533395235828015,3,2,2,4,11,r300_t7.2_t7.2_100.cif,300,7.2,100,-0.1714899999999488
d:\New folder\project\data\r300\t7.2\t7.2_120.cif,3.0,3.0,3.0,2.252498749987469,0,0,0,2,2,r300_t7.2_t7.2_120.cif,300,7.2,120,0.2544599999999946
d:\New folder\project\data\r300\t7.2\t7.2_140.cif,3.0,3.0,3.0,2.709219412380087,0,0,0,4,4,r300_t7.2_t7.2_140.cif,300,7.2,140,0.4429000000000087
d:\New folder\project\data\r300\t7.2\t7.2_160.cif,3.0,3.0,3.0,2.451435270386418,0,0,0,2,2,r300_t7.2_t7.2_160.cif,300,7.2,160,0.3749200000000883
d:\New folder\project\data\r300\t7.2\t7.2_180.cif,3.0,3.0,3.0,3.0,0,0,0,0,0,r300_t7.2_t7.2_180.cif,300,7.2,180,0.55304000000001
d:\New folder\project\data\r300\t7.2\t7.2_20.cif,3.0,3.0,3.0,3.0,0,0,0,0,0,r300_t7.2_t7.2_20.cif,300,7.2,20,0.601949999999988
d:\New folder\project\data\r300\t7.2\t7.2_200.cif,3.0,3.0,3.0,3.0,0,0,0,0,0,r300_t7.2_t7.2_200.cif,300,7.2,200,0.601280000000088
d:\New folder\project\data\r300\t7.2\t7.2_220.cif,3.0,3.0,3.0,3.0,0,0,0,0,0,r300_t7.2_t7.2_220.cif,300,7.2,220,0.5697099999999864
d:\New folder\project\data\r300\t7.2\t7.2_240.cif,3.0,3.0,3.0,3.0,0,0,0,0,0,r300_t7.2_t7.2_240.cif,300,7.2,240,0.4882499999999936
d:\New folder\project\data\r300\t7.2\t7.2_260.cif,3.0,3.0,3.0,3.0,0,0,0,0,0,r300_t7.2_t7.2_260.cif,300,7.2,260,0.4493400000000065
d:\New folder\project\data\r300\t7.2\t7.2_280.cif,3.0,3.0,3.0,3.0,0,0,0,0,0,r300_t7.2_t7.2_280.cif,300,7.2,280,0.4758600000000115
d:\New folder\project\data\r300\t7.2\t7.2_300.cif,3.0,3.0,2.7485412405169356,3.0,0,0,2,0,2,r300_t7.2_t7.2_300.cif,300,7.2,300,0.4004800000000159
d:\New folder\project\data\r300\t7.2\t7.2_320.cif,3.0,3.0,2.472980650823547,3.0,0,0,2,0,2,r300_t7.2_t7.2_320.cif,300,7.2,320,0.3625600000000304
d:\New folder\project\data\r300\t7.2\t7.2_340.cif,3.0,3.0,2.565517087989315,2.56819327978235,0,0,2,2,4,r300_t7.2_t7.2_340.cif,300,7.2,340,0.1455300000000079
d:\New folder\project\data\r300\t7.2\t7.2_40.cif,3.0,3.0,3.0,3.0,0,0,0,0,0,r300_t7.2_t7.2_40.cif,300,7.2,40,0.6223300000000336
d:\New folder\project\data\r300\t7.2\t7.2_60.cif,3.0,3.0,3.0,3.0,0,0,0,0,0,r300_t7.2_t7.2_60.cif,300,7.2,60,0.5228400000000875
d:\New folder\project\data\r300\t7.2\t7.2_80.cif,3.0,3.0,3.0,3.0,0,0,0,0,0,r300_t7.2_t7.2_80.cif,300,7.2,80,0.4380100000000766
d:\New folder\project\data\r300\t8.4\t8.4_0.cif,3.0,3.0,3.0,2.8002987156817105,0,0,0,2,2,r300_t8.4_t8.4_0.cif,300,8.4,0,0.3974500000000489
d:\New folder\project\data\r300\t8.4\t8.4_100.cif,3.0,3.0,2.776711139461681,2.574525547049136,0,0,2,2,4,r300_t8.4_t8.4_100.cif,300,8.4,100,0.1738800000000537
d:\New folder\project\data\r300\t8.4\t8.4_120.cif,2.3882053523931535,3.0,3.0,2.3052212842511306,2,0,0,2,4,r300_t8.4_t8.4_120.cif,300,8.4,120,0.3328700000000708
d:\New folder\project\data\r300\t8.4\t8.4_140.cif,3.0,3.0,3.0,2.6334904302496893,0,0,0,2,2,r300_t8.4_t8.4_140.cif,300,8.4,140,0.4876100000000178
d:\New folder\project\data\r300\t8.4\t8.4_160.cif,3.0,3.0,3.0,2.652178201132016,0,0,0,2,2,r300_t8.4_t8.4_160.cif,300,8.4,160,0.5342800000000807
d:\New folder\project\data\r300\t8.4\t8.4_180.cif,3.0,3.0,3.0,3.0,0,0,0,0,0,r300_t8.4_t8.4_180.cif,300,8.4,180,0.656029999999987
d:\New folder\project\data\r300\t8.4\t8.4_20.cif,3.0,3.0,3.0,3.0,0,0,0,0,0,r300_t8.4_t8.4_20.cif,300,8.4,20,0.5753399999999829
d:\New folder\project\data\r300\t8.4\t8.4_200.cif,3.0,3.0,3.0,3.0,0,0,0,0,0,r300_t8.4_t8.4_200.cif,300,8.4,200,0.6334300000000894
d:\New folder\project\data\r300\t8.4\t8.4_220.cif,3.0,3.0,3.0,3.0,0,0,0,0,0,r300_t8.4_t8.4_220.cif,300,8.4,220,0.5987200000000712
d:\New folder\project\data\r300\t8.4\t8.4_240.cif,3.0,3.0,3.0,3.0,0,0,0,0,0,r300_t8.4_t8.4_240.cif,300,8.4,240,0.526010000000042
d:\New folder\project\data\r300\t8.4\t8.4_260.cif,3.0,3.0,3.0,3.0,0,0,0,0,0,r300_t8.4_t8.4_260.cif,300,8.4,260,0.423020000000065
d:\New folder\project\data\r300\t8.4\t8.4_280.cif,3.0,3.0,2.5967383279138265,3.0,0,0,2,0,2,r300_t8.4_t8.4_280.cif,300,8.4,280,0.2258699999999862
d:\New folder\project\data\r300\t8.4\t8.4_300.cif,3.0,3.0,2.747879943186744,2.560909480068088,0,0,2,2,4,r300_t8.4_t8.4_300.cif,300,8.4,300,0.1004599999999982
d:\New folder\project\data\r300\t8.4\t8.4_320.cif,3.0,3.0,2.675318818679078,2.3319660035864356,0,0,2,2,4,r300_t8.4_t8.4_320.cif,300,8.4,320,0.0773900000000367
d:\New folder\project\data\r300\t8.4\t8.4_340.cif,3.0,3.0,2.7535803752094186,2.6633865248512247,0,0,1,4,5,r300_t8.4_t8.4_340.cif,300,8.4,340,0.1134600000000318
d:\New folder\project\data\r300\t8.4\t8.4_40.cif,3.0,3.0,3.0,3.0,0,0,0,0,0,r300_t8.4_t8.4_40.cif,300,8.4,40,0.6458400000000211
d:\New folder\project\data\r300\t8.4\t8.4_60.cif,3.0,3.0,3.0,3.0,0,0,0,0,0,r300_t8.4_t8.4_60.cif,300,8.4,60,0.5853400000000875
d:\New folder\project\data\r300\t8.4\t8.4_80.cif,3.0,3.0,3.0,3.0,0,0,0,0,0,r300_t8.4_t8.4_80.cif,300,8.4,80,0.5115900000000693
d:\New folder\project\data\r300\t9.6\t9.6_0.cif,3.0,3.0,3.0,2.609271737432082,0,0,0,2,2,r300_t9.6_t9.6_0.cif,300,9.6,0,0.3517600000000129
d:\New folder\project\data\r300\t9.6\t9.6_100.cif,2.263712710486245,3.0,3.0,3.0,2,0,0,0,2,r300_t9.6_t9.6_100.cif,300,9.6,100,0.2614700000000312
d:\New folder\project\data\r300\t9.6\t9.6_120.cif,2.143476106503475,3.0,3.0,2.829108681186414,2,0,0,1,3,r300_t9.6_t9.6_120.cif,300,9.6,120,0.4131899999999859
d:\New folder\project\data\r300\t9.6\t9.6_140.cif,3.0,3.0,3.0,3.0,0,0,0,0,0,r300_t9.6_t9.6_140.cif,300,9.6,140,0.5619100000000117
d:\New folder\project\data\r300\t9.6\t9.6_160.cif,3.0,3.0,3.0,3.0,0,0,0,0,0,r300_t9.6_t9.6_160.cif,300,9.6,160,0.0
d:\New folder\project\data\r300\t9.6\t9.6_180.cif,3.0,3.0,3.0,3.0,0,0,0,0,0,r300_t9.6_t9.6_180.cif,300,9.6,180,0.6558200000000625
d:\New folder\project\data\r300\t9.6\t9.6_20.cif,3.0,3.0,3.0,3.0,0,0,0,0,0,r300_t9.6_t9.6_20.cif,300,9.6,20,0.5397900000000391
d:\New folder\project\data\r300\t9.6\t9.6_200.cif,3.0,3.0,3.0,3.0,0,0,0,0,0,r300_t9.6_t9.6_200.cif,300,9.6,200,0.6267500000000155
d:\New folder\project\data\r300\t9.6\t9.6_220.cif,3.0,3.0,3.0,3.0,0,0,0,0,0,r300_t9.6_t9.6_220.cif,300,9.6,220,0.5828400000000329
d:\New folder\project\data\r300\t9.6\t9.6_240.cif,3.0,3.0,3.0,3.0,0,0,0,0,0,r300_t9.6_t9.6_240.cif,300,9.6,240,0.5397700000000896
d:\New folder\project\data\r300\t9.6\t9.6_260.cif,3.0,3.0,3.0,3.0,0,0,0,0,0,r300_t9.6_t9.6_260.cif,300,9.6,260,0.4478599999999915
d:\New folder\project\data\r300\t9.6\t9.6_280.cif,3.0,3.0,3.0,3.0,0,0,0,0,0,r300_t9.6_t9.6_280.cif,300,9.6,280,0.3747500000000627
d:\New folder\project\data\r300\t9.6\t9.6_300.cif,3.0,3.0,2.659013051290443,2.325331541472009,0,0,2,2,4,r300_t9.6_t9.6_300.cif,300,9.6,300,0.0579700000000684
d:\New folder\project\data\r300\t9.6\t9.6_320.cif,3.0,3.0,2.8212418131230197,2.2008313917442663,0,0,1,2,3,r300_t9.6_t9.6_320.cif,300,9.6,320,0.0388400000000501
d:\New folder\project\data\r300\t9.6\t9.6_340.cif,3.0,3.0,3.0,2.610842490531103,0,0,0,4,4,r300_t9.6_t9.6_340.cif,300,9.6,340,0.1137200000000575
d:\New folder\project\data\r300\t9.6\t9.6_40.cif,3.0,3.0,3.0,3.0,0,0,0,0,0,r300_t9.6_t9.6_40.cif,300,9.6,40,0.6482799999999997
d:\New folder\project\data\r300\t9.6\t9.6_60.cif,3.0,3.0,3.0,3.0,0,0,0,0,0,r300_t9.6_t9.6_60.cif,300,9.6,60,0.6168800000000374
d:\New folder\project\data\r300\t9.6\t9.6_80.cif,3.0,3.0,3.0,3.0,0,0,0,0,0,r300_t9.6_t9.6_80.cif,300,9.6,80,0.5371200000000727
d:\New folder\project\data\r320\t0\t0_0.cif,3.0,3.0,3.0,2.520944410193745,0,0,0,4,4,r320_t0_t0_0.cif,320,0.0,0,0.2637300000000095
d:\New folder\project\data\r320\t0\t0_100.cif,2.320911540035363,3.0,3.0,2.4643093912329155,4,0,0,2,6,r320_t0_t0_100.cif,320,0.0,100,0.2672800000000279
d:\New folder\project\data\r320\t0\t0_120.cif,1.9965652237238056,3.0,3.0,3.0,2,0,0,0,2,r320_t0_t0_120.cif,320,0.0,120,0.3828399999999874
d:\New folder\project\data\r320\t0\t0_140.cif,2.274033380682795,3.0,3.0,2.616752439542788,4,0,0,2,6,r320_t0_t0_140.cif,320,0.0,140,0.6077200000000857
d:\New folder\project\data\r320\t0\t0_160.cif,2.2417909791541217,3.0,3.0,3.0,2,0,0,0,2,r320_t0_t0_160.cif,320,0.0,160,0.6952100000000883
d:\New folder\project\data\r320\t0\t0_180.cif,2.4615508109941806,3.0,2.6611566255438888,3.0,2,0,2,0,4,r320_t0_t0_180.cif,320,0.0,180,0.5065000000000737
d:\New folder\project\data\r320\t0\t0_20.cif,3.0,3.0,3.0,2.199742548898311,0,0,0,2,2,r320_t0_t0_20.cif,320,0.0,20,0.4899100000000089
d:\New folder\project\data\r320\t0\t0_200.cif,3.0,3.0,2.412630066952538,3.0,0,0,2,0,2,r320_t0_t0_200.cif,320,0.0,200,0.421030000000087
d:\New folder\project\data\r320\t0\t0_220.cif,1.9490116413767062,3.0,2.0305603161813695,2.0284575229282575,6,0,2,2,10,r320_t0_t0_220.cif,320,0.0,220,0.2704899999999952
d:\New folder\project\data\r320\t0\t0_240.cif,2.281845752132692,3.0,3.0,3.0,6,0,0,0,6,r320_t0_t0_240.cif,320,0.0,240,0.2787200000000212
d:\New folder\project\data\r320\t0\t0_260.cif,2.307406322248538,3.0,2.6408990835959987,2.615922640238246,4,0,2,4,10,r320_t0_t0_260.cif,320,0.0,260,0.1809000000000651
d:\New folder\project\data\r320\t0\t0_280.cif,2.4709874411456676,3.0,2.384794571687789,2.7684682321363323,2,0,2,4,8,r320_t0_t0_280.cif,320,0.0,280,0.0698800000000119
d:\New folder\project\data\r320\t0\t0_300.cif,3.0,3.0,2.435323895179999,2.4587555864504225,0,0,2,2,4,r320_t0_t0_300.cif,320,0.0,300,0.0555500000000392
d:\New folder\project\data\r320\t0\t0_320.cif,3.0,3.0,2.6371449656527597,2.1689471109737646,0,0,2,2,4,r320_t0_t0_320.cif,320,0.0,320,0.0748600000000578
d:\New folder\project\data\r320\t0\t0_340.cif,3.0,3.0,3.0,2.1448420094034386,0,0,0,2,2,r320_t0_t0_340.cif,320,0.0,340,0.1473300000000108
d:\New folder\project\data\r320\t0\t0_40.cif,3.0,3.0965458423020884,3.0,2.7009283629806875,0,2,0,2,4,r320_t0_t0_40.cif,320,0.0,40,0.5694600000000491
d:\New folder\project\data\r320\t0\t0_60.cif,2.0173620405777357,2.8253674593678513,2.0774336332100614,2.230133520005541,6,2,2,4,14,r320_t0_t0_60.cif,320,0.0,60,0.0572799999999915
d:\New folder\project\data\r320\t0\t0_80.cif,1.9229664411573377,3.0,2.5634490554655516,2.1943358907085275,3,0,4,3,10,r320_t0_t0_80.cif,320,0.0,80,0.0679200000000719
d:\New folder\project\data\r320\t1.2\t1.2_0.cif,2.29148547461336,3.0,3.0,2.7229466482299087,2,0,0,4,6,r320_t1.2_t1.2_0.cif,320,1.2,0,0.3134200000000646
d:\New folder\project\data\r320\t1.2\t1.2_100.cif,2.4168533226870377,3.0,3.0,2.687922953359533,2,0,0,4,6,r320_t1.2_t1.2_100.cif,320,1.2,100,0.3076200000000426
d:\New folder\project\data\r320\t1.2\t1.2_120.cif,2.0180170738368197,3.0,3.0,3.0,2,0,0,0,2,r320_t1.2_t1.2_120.cif,320,1.2,120,0.4170300000000679
d:\New folder\project\data\r320\t1.2\t1.2_140.cif,2.2368407054425985,3.0,2.41411161880392,3.0,2,0,2,0,4,r320_t1.2_t1.2_140.cif,320,1.2,140,0.4714400000000296
d:\New folder\project\data\r320\t1.2\t1.2_160.cif,3.0,3.0,2.2967152821865584,3.0,0,0,2,0,2,r320_t1.2_t1.2_160.cif,320,1.2,160,0.4981900000000223
d:\New folder\project\data\r320\t1.2\t1.2_180.cif,2.3306471972018725,3.0,2.569625722854214,3.0,2,0,2,0,4,r320_t1.2_t1.2_180.cif,320,1.2,180,0.2884700000000748
d:\New folder\project\data\r320\t1.2\t1.2_20.cif,2.4072222643865793,3.0,3.0,2.72723396211905,2,0,0,4,6,r320_t1.2_t1.2_20.cif,320,1.2,20,0.5552300000000514
d:\New folder\project\data\r320\t1.2\t1.2_200.cif,1.7806059683575894,3.0,2.031753810167981,2.2415276729317424,4,0,2,3,9,r320_t1.2_t1.2_200.cif,320,1.2,200,0.0385400000000117
d:\New folder\project\data\r320\t1.2\t1.2_220.cif,1.8965811657272535,2.8872882810810916,2.032628028510321,2.04287121910801,6,2,2,4,14,r320_t1.2_t1.2_220.cif,320,1.2,220,-0.1610799999999699
d:\New folder\project\data\r320\t1.2\t1.2_240.cif,2.164476061043745,2.8213003627904856,2.2957716043836145,1.925324468377096,8,2,2,3,15,r320_t1.2_t1.2_240.cif,320,1.2,240,-0.1277699999999413
d:\New folder\project\data\r320\t1.2\t1.2_260.cif,2.254371955825929,3.0,3.0,2.559154982603559,3,0,0,2,5,r320_t1.2_t1.2_260.cif,320,1.2,260,0.2148900000000821
d:\New folder\project\data\r320\t1.2\t1.2_280.cif,2.472452798526829,3.0,2.540191415474001,2.666095095830978,1,0,2,4,7,r320_t1.2_t1.2_280.cif,320,1.2,280,0.0701200000000881
d:\New folder\project\data\r320\t1.2\t1.2_300.cif,3.0,3.0,2.633195927094701,2.3015401496336665,0,0,2,2,4,r320_t1.2_t1.2_300.cif,320,1.2,300,0.1014499999999998
d:\New folder\project\data\r320\t1.2\t1.2_320.cif,3.0,3.0,3.0,2.0876401223065244,0,0,0,2,2,r320_t1.2_t1.2_320.cif,320,1.2,320,0.1827900000000681
d:\New folder\project\data\r320\t1.2\t1.2_340.cif,3.0,3.0,3.0,2.206655440126778,0,0,0,2,2,r320_t1.2_t1.2_340.cif,320,1.2,340,0.2533900000000813
d:\New folder\project\data\r320\t1.2\t1.2_40.cif,2.298824048985745,2.9917990351377894,3.0,2.822949543446387,2,2,0,1,5,r320_t1.2_t1.2_40.cif,320,1.2,40,0.6138200000000325
d:\New folder\project\data\r320\t1.2\t1.2_60.cif,3.0,3.1339933348814983,2.503901821300749,3.0,0,2,2,0,4,r320_t1.2_t1.2_60.cif,320,1.2,60,0.4393800000000283
d:\New folder\project\data\r320\t1.2\t1.2_80.cif,3.0,3.0,2.6792920981309996,2.6726460680956463,0,0,2,4,6,r320_t1.2_t1.2_80.cif,320,1.2,80,0.2746700000000146
d:\New folder\project\data\r320\t2.4\t2.4_0.cif,2.1416502849169814,3.0,3.0,2.606325008881049,2,0,0,2,4,r320_t2.4_t2.4_0.cif,320,2.4,0,0.4092300000000932
d:\New folder\project\data\r320\t2.4\t2.4_100.cif,2.48184878457123,3.0,3.0,2.28834106471031,1,0,0,2,3,r320_t2.4_t2.4_100.cif,320,2.4,100,0.2885700000000497
d:\New folder\project\data\r320\t2.4\t2.4_120.cif,3.0,3.0,3.0,2.521274900144225,0,0,0,2,2,r320_t2.4_t2.4_120.cif,320,2.4,120,0.347340000000031
d:\New folder\project\data\r320\t2.4\t2.4_140.cif,2.4137574503209285,3.0,2.3212820697167857,3.0,4,0,2,0,6,r320_t2.4_t2.4_140.cif,320,2.4,140,0.3672200000000885
d:\New folder\project\data\r320\t2.4\t2.4_160.cif,3.0,3.0,2.6180219366803623,3.0,0,0,2,0,2,r320_t2.4_t2.4_160.cif,320,2.4,160,0.451650000000086
d:\New folder\project\data\r320\t2.4\t2.4_180.cif,2.4370761352704435,3.0,2.553117888498268,3.0,2,0,2,0,4,r320_t2.4_t2.4_180.cif,320,2.4,180,0.1009900000000243
d:\New folder\project\data\r320\t2.4\t2.4_20.cif,2.432837676409191,3.0,3.0,2.362751168693168,2,0,0,2,4,r320_t2.4_t2.4_20.cif,320,2.4,20,0.4529499999999871
d:\New folder\project\data\r320\t2.4\t2.4_200.cif,1.7796865663860941,3.0,2.0338760474712148,2.4267781141554376,4,0,2,4,10,r320_t2.4_t2.4_200.cif,320,2.4,200,-0.1180799999999635
d:\New folder\project\data\r320\t2.4\t2.4_220.cif,1.970762877846246,3.023113999761197,2.244565527484196,2.069420741541619,5,3,2,4,14,r320_t2.4_t2.4_220.cif,320,2.4,220,-0.2858999999999696
d:\New folder\project\data\r320\t2.4\t2.4_240.cif,2.3892816102986307,3.0,2.3371442673792933,3.0,4,0,2,0,6,r320_t2.4_t2.4_240.cif,320,2.4,240,0.3751000000000886
d:\New folder\project\data\r320\t2.4\t2.4_260.cif,2.4178262791861127,3.1237568967897897,3.0,3.0,3,1,0,0,4,r320_t2.4_t2.4_260.cif,320,2.4,260,0.3646499999999832
d:\New folder\project\data\r320\t2.4\t2.4_280.cif,3.0,3.0,3.0,3.0,0,0,0,0,0,r320_t2.4_t2.4_280.cif,320,2.4,280,0.3769500000000789
d:\New folder\project\data\r320\t2.4\t2.4_300.cif,2.427063317589657,3.0,2.7204052474541554,2.399885705071024,2,0,1,2,5,r320_t2.4_t2.4_300.cif,320,2.4,300,0.2383399999999937
d:\New folder\project\data\r320\t2.4\t2.4_320.cif,2.247587423690496,3.0,3.0,2.176437814483251,2,0,0,2,4,r320_t2.4_t2.4_320.cif,320,2.4,320,0.3108900000000858
d:\New folder\project\data\r320\t2.4\t2.4_340.cif,2.36348420767358,3.0,3.0,2.49994874730816,4,0,0,2,6,r320_t2.4_t2.4_340.cif,320,2.4,340,0.3380799999999908
d:\New folder\project\data\r320\t2.4\t2.4_40.cif,2.4547992908329443,3.0,2.5219045926589816,2.702314612881506,2,0,2,2,6,r320_t2.4_t2.4_40.cif,320,2.4,40,0.4209900000000743
d:\New folder\project\data\r320\t2.4\t2.4_60.cif,3.0,3.0,2.3781081967599897,3.0,0,0,2,0,2,r320_t2.4_t2.4_60.cif,320,2.4,60,0.2936100000000579
d:\New folder\project\data\r320\t2.4\t2.4_80.cif,3.0,3.0,2.3259904740935564,2.3583966895439374,0,0,2,2,4,r320_t2.4_t2.4_80.cif,320,2.4,80,0.2354200000000901
d:\New folder\project\data\r320\t3.6\t3.6_0.cif,2.266061454097267,3.0,3.0,2.7632942819897233,4,0,0,2,6,r320_t3.6_t3.6_0.cif,320,3.6,0,0.4873200000000679
d:\New folder\project\data\r320\t3.6\t3.6_100.cif,2.2685005991065186,3.0,2.8145782240066533,2.3734498271500297,2,0,2,2,6,r320_t3.6_t3.6_100.cif,320,3.6,100,0.2549300000000585
d:\New folder\project\data\r320\t3.6\t3.6_120.cif,3.0,3.0,3.0,3.0,0,0,0,0,0,r320_t3.6_t3.6_120.cif,320,3.6,120,0.468900000000076
d:\New folder\project\data\r320\t3.6\t3.6_140.cif,2.3875172361212136,3.0,2.555128076574138,3.0,1,0,2,0,3,r320_t3.6_t3.6_140.cif,320,3.6,140,0.2194200000000137
d:\New folder\project\data\r320\t3.6\t3.6_160.cif,3.0,3.0,2.615010127361935,3.0,0,0,2,0,2,r320_t3.6_t3.6_160.cif,320,3.6,160,0.1865900000000238
d:\New folder\project\data\r320\t3.6\t3.6_180.cif,3.0,3.0,2.4099134485480684,3.0,0,0,2,0,2,r320_t3.6_t3.6_180.cif,320,3.6,180,0.0286100000000715
d:\New folder\project\data\r320\t3.6\t3.6_20.cif,2.4325848612372782,3.0,3.0,2.529214676297216,2,0,0,2,4,r320_t3.6_t3.6_20.cif,320,3.6,20,0.4207600000000866
d:\New folder\project\data\r320\t3.6\t3.6_200.cif,1.7779804210000498,3.0,2.2011098070534874,2.3180924394329403,4,0,2,4,10,r320_t3.6_t3.6_200.cif,320,3.6,200,-0.1611899999999195
d:\New folder\project\data\r320\t3.6\t3.6_220.cif,1.7797716091164164,3.0,2.3348282825348567,2.53052154103592,4,0,2,7,13,r320_t3.6_t3.6_220.cif,320,3.6,220,-0.2647599999999102
d:\New folder\project\data\r320\t3.6\t3.6_240.cif,1.7799512851975439,2.991959679914615,2.3752139797068437,2.476240756351944,4,2,2,7,15,r320_t3.6_t3.6_240.cif,320,3.6,240,-0.2216099999999414
d:\New folder\project\data\r320\t3.6\t3.6_260.cif,3.0,2.9981441380966105,3.0,2.5461444495212753,0,2,0,3,5,r320_t3.6_t3.6_260.cif,320,3.6,260,0.2740300000000388
d:\New folder\project\data\r320\t3.6\t3.6_280.cif,2.3132624192939995,2.9385774198680528,2.3921027874646335,1.7773426820614853,2,4,2,2,10,r320_t3.6_t3.6_280.cif,320,3.6,280,0.0200100000000702
d:\New folder\project\data\r320\t3.6\t3.6_300.cif,2.2857398350527594,2.757803883992768,2.470668270665204,1.873988739281904,4,2,2,2,10,r320_t3.6_t3.6_300.cif,320,3.6,300,0.0845800000000736
d:\New folder\project\data\r320\t3.6\t3.6_320.cif,2.2790985633008347,2.732929909053369,2.457441271768198,1.8382610011127434,4,2,2,2,10,r320_t3.6_t3.6_320.cif,320,3.6,320,0.1193000000000665
d:\New folder\project\data\r320\t3.6\t3.6_340.cif,2.2043051236044797,2.7576981451038005,2.530220471446361,1.7890427452856321,6,2,2,2,12,r320_t3.6_t3.6_340.cif,320,3.6,340,0.0259900000000925
d:\New folder\project\data\r320\t3.6\t3.6_40.cif,2.2997764015145163,3.0,2.4365809431789898,3.0,2,0,2,0,4,r320_t3.6_t3.6_40.cif,320,3.6,40,0.3247099999999818
d:\New folder\project\data\r320\t3.6\t3.6_60.cif,2.449685703111023,3.0,2.573096454444527,3.0,2,0,2,0,4,r320_t3.6_t3.6_60.cif,320,3.6,60,0.1416000000000394
d:\New folder\project\data\r320\t3.6\t3.6_80.cif,2.220930198054206,3.0,2.3932190984860577,2.52546291082738,2,0,2,2,6,r320_t3.6_t3.6_80.cif,320,3.6,80,0.1468200000000479
d:\New folder\project\data\r320\t4.8\t4.8_0.cif,2.0662747224277758,3.0,3.0,3.0,2,0,0,0,2,r320_t4.8_t4.8_0.cif,320,4.8,0,0.529480000000035
d:\New folder\project\data\r320\t4.8\t4.8_100.cif,2.1528253337637318,2.7093118296270884,2.610582008150586,1.8835586610765815,3,2,2,2,9,r320_t4.8_t4.8_100.cif,320,4.8,100,-0.1695199999999204
d:\New folder\project\data\r320\t4.8\t4.8_120.cif,2.3758047402769287,2.701360280871704,3.0,1.7172172304850382,2,2,0,2,6,r320_t4.8_t4.8_120.cif,320,4.8,120,-0.2431899999999132
d:\New folder\project\data\r320\t4.8\t4.8_140.cif,2.4286058764258716,3.0,2.469419754605002,2.583584287662682,2,0,2,4,8,r320_t4.8_t4.8_140.cif,320,4.8,140,0.0228700000000117
d:\New folder\project\data\r320\t4.8\t4.8_160.cif,3.0,3.0,2.3850865498482836,2.6303183445173524,0,0,2,4,6,r320_t4.8_t4.8_160.cif,320,4.8,160,-0.026679999999942
d:\New folder\project\data\r320\t4.8\t4.8_180.cif,2.4201948759957386,3.0,2.42043171821306,2.5757694737087817,2,0,1,4,7,r320_t4.8_t4.8_180.cif,320,4.8,180,-0.0749499999999443
d:\New folder\project\data\r320\t4.8\t4.8_20.cif,2.409499599004364,3.0,3.0,3.0,4,0,0,0,4,r320_t4.8_t4.8_20.cif,320,4.8,20,0.4669000000000096
d:\New folder\project\data\r320\t4.8\t4.8_200.cif,1.7776789240752995,3.0,2.0402846778999715,2.1784360783353263,4,0,2,4,10,r320_t4.8_t4.8_200.cif,320,4.8,200,-0.2470399999999699
d:\New folder\project\data\r320\t4.8\t4.8_220.cif,1.7799290337595184,3.0,2.0372758987950634,2.3405262355907523,4,0,2,6,12,r320_t4.8_t4.8_220.cif,320,4.8,220,-0.2603399999999283
d:\New folder\project\data\r320\t4.8\t4.8_240.cif,3.0,3.0,3.0,2.1230483388724135,0,0,0,2,2,r320_t4.8_t4.8_240.cif,320,4.8,240,0.0861600000000635
d:\New folder\project\data\r320\t4.8\t4.8_260.cif,2.4825552641666757,2.772003182974,2.4497612152305694,2.1215957365879343,2,2,2,4,10,r320_t4.8_t4.8_260.cif,320,4.8,260,-0.1699399999999968
d:\New folder\project\data\r320\t4.8\t4.8_280.cif,2.4459803565968885,2.7639882455882576,2.3823295536180074,2.160664858865043,2,2,2,4,10,r320_t4.8_t4.8_280.cif,320,4.8,280,-0.1412500000000136
d:\New folder\project\data\r320\t4.8\t4.8_300.cif,2.4043267075826105,2.7226176335895227,2.2468290360809546,1.7353542503424673,2,2,2,2,8,r320_t4.8_t4.8_300.cif,320,4.8,300,-0.0841899999999213
d:\New folder\project\data\r320\t4.8\t4.8_320.cif,2.2901699405469635,2.698981335041714,2.419807558881078,1.734167908636953,4,2,2,2,10,r320_t4.8_t4.8_320.cif,320,4.8,320,-0.0739499999999679
d:\New folder\project\data\r320\t4.8\t4.8_340.cif,2.1625561263021176,2.716026897512469,2.5703094320515634,1.730710483886723,4,2,2,2,10,r320_t4.8_t4.8_340.cif,320,4.8,340,-0.1482099999999491
d:\New folder\project\data\r320\t4.8\t4.8_40.cif,2.034225492136896,3.0,2.376982482625351,2.0330252790178833,4,0,2,1,7,r320_t4.8_t4.8_40.cif,320,4.8,40,0.2423700000000508
d:\New folder\project\data\r320\t4.8\t4.8_60.cif,2.0180513085767156,2.8336843843304296,2.095129189327799,2.0129791657978315,6,2,2,4,14,r320_t4.8_t4.8_60.cif,320,4.8,60,-0.3197099999999864
d:\New folder\project\data\r320\t4.8\t4.8_80.cif,2.0178433269577036,2.7351235108804572,2.0963715746118163,1.9654710922224519,6,2,2,4,14,r320_t4.8_t4.8_80.cif,320,4.8,80,-0.3120799999999235
d:\New folder\project\data\r320\t6.0\t6.0_0.cif,3.0,3.0,3.0,3.0,0,0,0,0,0,r320_t6.0_t6.0_0.cif,320,6.0,0,0.5454300000000103
d:\New folder\project\data\r320\t6.0\t6.0_100.cif,2.4089702873056593,2.7183769610497657,2.390297626005546,1.9229028808454862,4,2,2,2,10,r320_t6.0_t6.0_100.cif,320,6.0,100,-0.1326699999999618
d:\New folder\project\data\r320\t6.0\t6.0_120.cif,2.4638828840762894,2.707014085316562,3.0,2.085280652907486,2,2,0,3,7,r320_t6.0_t6.0_120.cif,320,6.0,120,-0.159059999999954
d:\New folder\project\data\r320\t6.0\t6.0_140.cif,3.0,3.0,3.0,2.662291899721966,0,0,0,2,2,r320_t6.0_t6.0_140.cif,320,6.0,140,0.4233900000000403
d:\New folder\project\data\r320\t6.0\t6.0_160.cif,3.0,3.0,3.0,2.3556515789778905,0,0,0,2,2,r320_t6.0_t6.0_160.cif,320,6.0,160,0.1963600000000269
d:\New folder\project\data\r320\t6.0\t6.0_180.cif,2.415409949212174,3.0,2.7169391211788865,2.5048289454344443,2,0,2,4,8,r320_t6.0_t6.0_180.cif,320,6.0,180,-0.0267499999999927
d:\New folder\project\data\r320\t6.0\t6.0_20.cif,2.1439265279756103,3.0,3.0,3.0,2,0,0,0,2,r320_t6.0_t6.0_20.cif,320,6.0,20,0.4938799999999901
d:\New folder\project\data\r320\t6.0\t6.0_200.cif,1.7799573742271972,3.0,2.0353941525605004,2.409346014057273,4,0,2,6,12,r320_t6.0_t6.0_200.cif,320,6.0,200,-0.1782799999999724
d:\New folder\project\data\r320\t6.0\t6.0_220.cif,1.7800722366408266,3.0,2.0344100146479414,2.3972060692924675,4,0,2,8,14,r320_t6.0_t6.0_220.cif,320,6.0,220,-0.2076999999999316
d:\New folder\project\data\r320\t6.0\t6.0_240.cif,2.298579442338351,3.0,3.0,2.4611701854472026,2,0,0,4,6,r320_t6.0_t6.0_240.cif,320,6.0,240,0.0944200000000137
d:\New folder\project\data\r320\t6.0\t6.0_260.cif,2.40617144128205,3.0,3.0,2.1814048975763543,2,0,0,2,4,r320_t6.0_t6.0_260.cif,320,6.0,260,0.2208300000000918
d:\New folder\project\data\r320\t6.0\t6.0_280.cif,3.0,3.0,3.0,2.401329886824045,0,0,0,2,2,r320_t6.0_t6.0_280.cif,320,6.0,280,0.3249000000000706
d:\New folder\project\data\r320\t6.0\t6.0_300.cif,2.3682490338648967,3.0792646947034408,2.6560453134565956,3.0,2,2,2,0,6,r320_t6.0_t6.0_300.cif,320,6.0,300,0.6409400000000005
d:\New folder\project\data\r320\t6.0\t6.0_320.cif,3.0,2.9947986998702203,3.0,3.0,0,2,0,0,2,r320_t6.0_t6.0_320.cif,320,6.0,320,0.7114599999999882
d:\New folder\project\data\r320\t6.0\t6.0_340.cif,2.214414919716349,2.7141970112619243,3.0,1.7340516803931654,4,2,0,2,8,r320_t6.0_t6.0_340.cif,320,6.0,340,-0.2408100000000104
d:\New folder\project\data\r320\t6.0\t6.0_40.cif,2.1158813909918393,3.0,2.474450649720011,2.034941298932144,6,0,3,2,11,r320_t6.0_t6.0_40.cif,320,6.0,40,0.2232300000000577
d:\New folder\project\data\r320\t6.0\t6.0_60.cif,1.7853482155016824,2.8654744006917783,2.295346120399097,1.9882502607605628,3,4,4,4,15,r320_t6.0_t6.0_60.cif,320,6.0,60,-0.5437499999999318
d:\New folder\project\data\r320\t6.0\t6.0_80.cif,2.3061183862117565,2.7500896513022766,2.4661799224859595,1.9035946085496218,4,2,4,2,12,r320_t6.0_t6.0_80.cif,320,6.0,80,-0.4059199999999237
d:\New folder\project\data\r320\t7.2\t7.2_0.cif,3.0,3.0,3.0,2.4965180141164556,0,0,0,2,2,r320_t7.2_t7.2_0.cif,320,7.2,0,0.3576400000000603
d:\New folder\project\data\r320\t7.2\t7.2_100.cif,2.3061509765867534,2.7541871800234112,2.334351995803742,2.287099632297101,3,2,2,4,11,r320_t7.2_t7.2_100.cif,320,7.2,100,-0.1299799999999322
d:\New folder\project\data\r320\t7.2\t7.2_120.cif,2.261414504779092,2.8064429500983876,2.3780926866371335,2.1706816500365114,2,2,2,4,10,r320_t7.2_t7.2_120.cif,320,7.2,120,0.0839600000000473
d:\New folder\project\data\r320\t7.2\t7.2_140.cif,3.0,3.0,3.0,2.3213610425589284,0,0,0,2,2,r320_t7.2_t7.2_140.cif,320,7.2,140,0.4186500000000706
d:\New folder\project\data\r320\t7.2\t7.2_160.cif,3.0,3.0,3.0,2.376225194638005,0,0,0,2,2,r320_t7.2_t7.2_160.cif,320,7.2,160,0.541810000000055
d:\New folder\project\data\r320\t7.2\t7.2_180.cif,2.39104650439514,3.0935019128099084,2.3419858859275386,2.5647648281930797,2,2,2,4,10,r320_t7.2_t7.2_180.cif,320,7.2,180,0.0103900000000294
d:\New folder\project\data\r320\t7.2\t7.2_20.cif,2.182492843514673,3.0,3.0,2.714107277811536,1,0,0,2,3,r320_t7.2_t7.2_20.cif,320,7.2,20,0.437720000000013
d:\New folder\project\data\r320\t7.2\t7.2_200.cif,1.7803631405801492,2.9188646159187286,2.0332743433821094,2.395159406807451,4,2,2,6,14,r320_t7.2_t7.2_200.cif,320,7.2,200,-0.1790599999999358
d:\New folder\project\data\r320\t7.2\t7.2_220.cif,1.9980756310871932,3.0,2.031704989468163,2.326561773699615,6,0,2,6,14,r320_t7.2_t7.2_220.cif,320,7.2,220,0.0576399999999921
d:\New folder\project\data\r320\t7.2\t7.2_240.cif,2.0333745406263377,3.0,3.0,2.5927143542968762,2,0,0,6,8,r320_t7.2_t7.2_240.cif,320,7.2,240,0.1868500000000494
d:\New folder\project\data\r320\t7.2\t7.2_260.cif,2.2339294990752485,3.0,2.7050071927139614,2.5541207401273915,2,0,2,4,8,r320_t7.2_t7.2_260.cif,320,7.2,260,0.1940100000000484
d:\New folder\project\data\r320\t7.2\t7.2_280.cif,2.497970034836809,3.0,2.313666634681106,2.4217088941615863,2,0,2,2,6,r320_t7.2_t7.2_280.cif,320,7.2,280,0.3002599999999802
d:\New folder\project\data\r320\t7.2\t7.2_300.cif,3.0,3.0,2.2067023884067902,3.0,0,0,2,0,2,r320_t7.2_t7.2_300.cif,320,7.2,300,0.3835500000000138
d:\New folder\project\data\r320\t7.2\t7.2_320.cif,3.0,3.0,2.4292857956512766,2.4953199069401464,0,0,2,2,4,r320_t7.2_t7.2_320.cif,320,7.2,320,0.2635300000000597
d:\New folder\project\data\r320\t7.2\t7.2_340.cif,3.0,3.0,2.787857610515913,3.0,0,0,2,0,2,r320_t7.2_t7.2_340.cif,320,7.2,340,0.2796100000000479
d:\New folder\project\data\r320\t7.2\t7.2_40.cif,2.1178479211919834,2.8607622155463637,2.3437544746176457,2.056974100108954,6,3,4,6,19,r320_t7.2_t7.2_40.cif,320,7.2,40,-0.4407800000000179
d:\New folder\project\data\r320\t7.2\t7.2_60.cif,1.7850427252037155,2.8899099935217585,2.2916240257520526,2.024906121359184,3,4,4,4,15,r320_t7.2_t7.2_60.cif,320,7.2,60,-0.5572199999999157
d:\New folder\project\data\r320\t7.2\t7.2_80.cif,1.786168041744309,2.7652330277687955,2.4158769089131944,1.969160172241503,3,2,4,4,13,r320_t7.2_t7.2_80.cif,320,7.2,80,-0.4770199999999249
d:\New folder\project\data\r320\t8.4\t8.4_0.cif,3.0,3.0,3.0,2.395637416734473,0,0,0,2,2,r320_t8.4_t8.4_0.cif,320,8.4,0,0.3357200000000375
d:\New folder\project\data\r320\t8.4\t8.4_100.cif,2.204463082017381,3.0,2.437172483546777,2.6908724492627876,2,0,2,4,8,r320_t8.4_t8.4_100.cif,320,8.4,100,0.1541200000000344
d:\New folder\project\data\r320\t8.4\t8.4_120.cif,2.2786242563473493,3.0,2.5577990152906187,2.354518720878568,2,0,2,2,6,r320_t8.4_t8.4_120.cif,320,8.4,120,0.2698199999999815
d:\New folder\project\data\r320\t8.4\t8.4_140.cif,2.3793642042779446,3.0,3.0,2.343392721268648,2,0,0,2,4,r320_t8.4_t8.4_140.cif,320,8.4,140,0.4375700000000506
d:\New folder\project\data\r320\t8.4\t8.4_160.cif,2.2035175757293137,3.0,3.0,2.7682061041339074,2,0,0,2,4,r320_t8.4_t8.4_160.cif,320,8.4,160,0.6876000000000886
d:\New folder\project\data\r320\t8.4\t8.4_180.cif,3.0,3.0,3.0,2.410681171802196,0,0,0,2,2,r320_t8.4_t8.4_180.cif,320,8.4,180,0.4448800000000119
d:\New folder\project\data\r320\t8.4\t8.4_20.cif,3.0,3.0,3.0,2.2966849459542837,0,0,0,2,2,r320_t8.4_t8.4_20.cif,320,8.4,20,0.4372500000000627
d:\New folder\project\data\r320\t8.4\t8.4_200.cif,1.779113709808363,3.0,2.0273225044583585,2.2148123412613,4,0,2,4,10,r320_t8.4_t8.4_200.cif,320,8.4,200,0.1702099999999973
d:\New folder\project\data\r320\t8.4\t8.4_220.cif,2.005175268833035,3.0,2.0287063319795413,2.175857811019263,6,0,2,4,12,r320_t8.4_t8.4_220.cif,320,8.4,220,0.2568800000000237
d:\New folder\project\data\r320\t8.4\t8.4_240.cif,2.225034124088089,3.0,3.0,2.6276460391441407,4,0,0,4,8,r320_t8.4_t8.4_240.cif,320,8.4,240,0.2181900000000496
d:\New folder\project\data\r320\t8.4\t8.4_260.cif,2.4560240907203896,3.0,2.427712132254001,2.238935485637583,4,0,2,2,8,r320_t8.4_t8.4_260.cif,320,8.4,260,0.1239000000000487
d:\New folder\project\data\r320\t8.4\t8.4_280.cif,3.0,3.0,2.2462130684188595,2.4217834000880814,0,0,2,2,4,r320_t8.4_t8.4_280.cif,320,8.4,280,0.1604200000000446
d:\New folder\project\data\r320\t8.4\t8.4_300.cif,3.0,3.0,2.2472837695734267,2.576247943050502,0,0,2,2,4,r320_t8.4_t8.4_300.cif,320,8.4,300,0.1315700000000106
d:\New folder\project\data\r320\t8.4\t8.4_320.cif,3.0,3.0,2.465720720658619,2.3462875702453436,0,0,2,2,4,r320_t8.4_t8.4_320.cif,320,8.4,320,0.1322300000000495
d:\New folder\project\data\r320\t8.4\t8.4_340.cif,3.0,3.0,2.732610268352324,2.3627314943587727,0,0,2,2,4,r320_t8.4_t8.4_340.cif,320,8.4,340,0.1414500000000771
d:\New folder\project\data\r320\t8.4\t8.4_40.cif,3.0,3.0,3.0,2.801103227932587,0,0,0,2,2,r320_t8.4_t8.4_40.cif,320,8.4,40,0.5389099999999871
d:\New folder\project\data\r320\t8.4\t8.4_60.cif,1.7881111797358489,2.8883394554849273,2.263458251175234,2.0697560848375502,4,4,4,4,16,r320_t8.4_t8.4_60.cif,320,8.4,60,-0.4121099999999842
d:\New folder\project\data\r320\t8.4\t8.4_80.cif,1.7893344155615891,2.793244938285885,2.244682662791524,1.9880026358712914,4,4,4,4,16,r320_t8.4_t8.4_80.cif,320,8.4,80,-0.4529999999999745
d:\New folder\project\data\r320\t9.6\t9.6_0.cif,3.0,3.0,3.0,2.4530378303596354,0,0,0,2,2,r320_t9.6_t9.6_0.cif,320,9.6,0,0.3039100000000871
d:\New folder\project\data\r320\t9.6\t9.6_100.cif,2.321339616686156,3.0,3.0,2.4420630569723096,4,0,0,2,6,r320_t9.6_t9.6_100.cif,320,9.6,100,0.2585900000000265
d:\New folder\project\data\r320\t9.6\t9.6_120.cif,1.9219756247530357,3.0,3.0,3.0,2,0,0,0,2,r320_t9.6_t9.6_120.cif,320,9.6,120,0.425389999999993
d:\New folder\project\data\r320\t9.6\t9.6_140.cif,2.1023563375087537,3.0,3.0,3.0,2,0,0,0,2,r320_t9.6_t9.6_140.cif,320,9.6,140,0.5800600000000031
d:\New folder\project\data\r320\t9.6\t9.6_160.cif,2.305765606888934,3.0,2.68289827848512,3.0,2,0,2,0,4,r320_t9.6_t9.6_160.cif,320,9.6,160,0.6636399999999867
d:\New folder\project\data\r320\t9.6\t9.6_180.cif,2.443611180361958,3.0,2.585056405232433,3.0,2,0,2,0,4,r320_t9.6_t9.6_180.cif,320,9.6,180,0.4650400000000445
d:\New folder\project\data\r320\t9.6\t9.6_20.cif,3.0,3.0,3.0,2.2351196362094603,0,0,0,2,2,r320_t9.6_t9.6_20.cif,320,9.6,20,0.5184300000000803
d:\New folder\project\data\r320\t9.6\t9.6_200.cif,3.0,3.0,2.3228147620066184,3.0,0,0,2,0,2,r320_t9.6_t9.6_200.cif,320,9.6,200,0.3871199999999817
d:\New folder\project\data\r320\t9.6\t9.6_220.cif,2.006992157519824,3.0,2.030478636151054,2.0297381040451605,6,0,2,2,10,r320_t9.6_t9.6_220.cif,320,9.6,220,0.2335000000000491
d:\New folder\project\data\r320\t9.6\t9.6_240.cif,2.323136209403081,3.0,3.0,3.0,6,0,0,0,6,r320_t9.6_t9.6_240.cif,320,9.6,240,0.2776300000000447
d:\New folder\project\data\r320\t9.6\t9.6_260.cif,2.2906221641267894,3.0,2.7948011560490964,2.6867060154396776,4,0,2,4,10,r320_t9.6_t9.6_260.cif,320,9.6,260,0.2056600000000799
d:\New folder\project\data\r320\t9.6\t9.6_280.cif,2.401729702490411,3.0,2.4792326526021693,2.6397786205303166,2,0,2,4,8,r320_t9.6_t9.6_280.cif,320,9.6,280,0.0060799999999971
d:\New folder\project\data\r320\t9.6\t9.6_300.cif,3.0,3.0,2.494585819053479,2.38734570191912,0,0,2,2,4,r320_t9.6_t9.6_300.cif,320,9.6,300,0.0402100000000018
d:\New folder\project\data\r320\t9.6\t9.6_320.cif,3.0,3.0,3.0,2.1088863802421574,0,0,0,2,2,r320_t9.6_t9.6_320.cif,320,9.6,320,0.1014000000000123
d:\New folder\project\data\r320\t9.6\t9.6_340.cif,3.0,3.0,3.0,2.3844805719655358,0,0,0,3,3,r320_t9.6_t9.6_340.cif,320,9.6,340,0.1706199999999853
d:\New folder\project\data\r320\t9.6\t9.6_40.cif,3.0,3.118107375110097,3.0,2.6186776483747964,0,2,0,2,4,r320_t9.6_t9.6_40.cif,320,9.6,40,0.6213500000000067
d:\New folder\project\data\r320\t9.6\t9.6_60.cif,2.0160718711227603,2.97549664823028,2.095612109672283,2.250582428137784,6,2,2,4,14,r320_t9.6_t9.6_60.cif,320,9.6,60,0.1516900000000305
d:\New folder\project\data\r320\t9.6\t9.6_80.cif,2.4084289841032565,3.0,3.0,2.3080216479495728,2,0,0,2,4,r320_t9.6_t9.6_80.cif,320,9.6,80,0.2314099999999825
d:\New folder\project\data\r340\t0\t0_0.cif,3.0,3.0,3.0,2.5122970841662604,0,0,0,4,4,r340_t0_t0_0.cif,340,0.0,0,0.1783700000000863
d:\New folder\project\data\r340\t0\t0_100.cif,2.021754663374495,3.0,3.0,2.261715959972598,2,0,0,2,4,r340_t0_t0_100.cif,340,0.0,100,0.3858700000000681
d:\New folder\project\data\r340\t0\t0_120.cif,2.290342436464926,3.0,3.0,2.632003875683007,4,0,0,2,6,r340_t0_t0_120.cif,340,0.0,120,0.3882800000000088
d:\New folder\project\data\r340\t0\t0_140.cif,2.096541187041174,3.0,3.0,3.0,2,0,0,0,2,r340_t0_t0_140.cif,340,0.0,140,0.5005400000000009
d:\New folder\project\data\r340\t0\t0_160.cif,2.280675060208001,3.0,3.0,3.0,4,0,0,0,4,r340_t0_t0_160.cif,340,0.0,160,0.6645399999999881
d:\New folder\project\data\r340\t0\t0_180.cif,2.2110419244128456,3.0,2.5155992880787603,3.0,2,0,2,0,4,r340_t0_t0_180.cif,340,0.0,180,0.719789999999989
d:\New folder\project\data\r340\t0\t0_20.cif,3.0,3.0,3.0,2.375526542343696,0,0,0,2,2,r340_t0_t0_20.cif,340,0.0,20,0.4214400000000751
d:\New folder\project\data\r340\t0\t0_200.cif,3.0,3.0,2.7286713416560913,3.0,0,0,2,0,2,r340_t0_t0_200.cif,340,0.0,200,0.6934400000000096
d:\New folder\project\data\r340\t0\t0_220.cif,2.167992578881125,3.0,3.0,3.0,2,0,0,0,2,r340_t0_t0_220.cif,340,0.0,220,0.5459900000000744
d:\New folder\project\data\r340\t0\t0_240.cif,2.175634706835044,3.0,3.0,3.0,2,0,0,0,2,r340_t0_t0_240.cif,340,0.0,240,0.4989400000000614
d:\New folder\project\data\r340\t0\t0_260.cif,2.230388223714721,3.0,3.0,2.750497734475526,4,0,0,2,6,r340_t0_t0_260.cif,340,0.0,260,0.3818100000000868
d:\New folder\project\data\r340\t0\t0_280.cif,2.095514690945369,3.0,2.5038790139023606,2.5775902647651874,2,0,2,2,6,r340_t0_t0_280.cif,340,0.0,280,0.2967700000000377
d:\New folder\project\data\r340\t0\t0_300.cif,2.3604325790179255,3.0,2.2734067295227924,2.7696091118034367,2,0,2,2,6,r340_t0_t0_300.cif,340,0.0,300,0.1628200000000106
d:\New folder\project\data\r340\t0\t0_320.cif,3.0,3.0,2.309172448263802,2.3606518015837477,0,0,2,2,4,r340_t0_t0_320.cif,340,0.0,320,0.1325699999999869
d:\New folder\project\data\r340\t0\t0_340.cif,3.0,3.0,2.467776483334819,2.0898021357653453,0,0,2,2,4,r340_t0_t0_340.cif,340,0.0,340,0.1526300000000446
d:\New folder\project\data\r340\t0\t0_40.cif,3.0,3.0,3.0,2.2729383333768975,0,0,0,2,2,r340_t0_t0_40.cif,340,0.0,40,0.5369400000000724
d:\New folder\project\data\r340\t0\t0_60.cif,3.0,3.0796934022435485,3.0,2.749024045722325,0,2,0,2,4,r340_t0_t0_60.cif,340,0.0,60,0.6472100000000864
d:\New folder\project\data\r340\t0\t0_80.cif,2.2935593609095837,3.1339371804599523,3.0,2.4115263549526915,2,2,0,2,6,r340_t0_t0_80.cif,340,0.0,80,0.460739999999987
d:\New folder\project\data\r340\t1.2\t1.2_0.cif,2.39991432166238,3.0,3.0,2.59399920479998,2,0,0,4,6,r340_t1.2_t1.2_0.cif,340,1.2,0,0.3123300000000881
d:\New folder\project\data\r340\t1.2\t1.2_100.cif,2.17556697405214,3.0,3.0,2.6031831600812607,2,0,0,4,6,r340_t1.2_t1.2_100.cif,340,1.2,100,0.4202900000000227
d:\New folder\project\data\r340\t1.2\t1.2_120.cif,2.198218075065838,3.0,3.0,2.571852033687718,4,0,0,4,8,r340_t1.2_t1.2_120.cif,340,1.2,120,0.3514300000000503
d:\New folder\project\data\r340\t1.2\t1.2_140.cif,2.1529070818747478,3.0,3.0,3.0,2,0,0,0,2,r340_t1.2_t1.2_140.cif,340,1.2,140,0.3770800000000918
d:\New folder\project\data\r340\t1.2\t1.2_160.cif,2.1719169663832916,3.0,2.607578858052345,3.0,2,0,2,0,4,r340_t1.2_t1.2_160.cif,340,1.2,160,0.5600800000000845
d:\New folder\project\data\r340\t1.2\t1.2_180.cif,3.0,3.0,2.3355474054551326,3.0,0,0,2,0,2,r340_t1.2_t1.2_180.cif,340,1.2,180,0.5024300000000039
d:\New folder\project\data\r340\t1.2\t1.2_20.cif,2.263899180481067,3.0,3.0,2.6077155058524397,2,0,0,2,4,r340_t1.2_t1.2_20.cif,340,1.2,20,0.4656800000000203
d:\New folder\project\data\r340\t1.2\t1.2_200.cif,3.0,3.0,2.569682675716257,2.768598272923189,0,0,2,2,4,r340_t1.2_t1.2_200.cif,340,1.2,200,0.1039100000000416
d:\New folder\project\data\r340\t1.2\t1.2_220.cif,3.0,2.9432624234473774,2.7338786274591786,2.1869737872585553,0,2,4,2,8,r340_t1.2_t1.2_220.cif,340,1.2,220,-0.0638000000000147
d:\New folder\project\data\r340\t1.2\t1.2_240.cif,2.0913285548463905,2.8121627385317574,3.0,1.9983424466450466,2,2,0,2,6,r340_t1.2_t1.2_240.cif,340,1.2,240,-0.0899699999999938
d:\New folder\project\data\r340\t1.2\t1.2_260.cif,2.3591142330185852,2.8406645032179396,3.0,1.9719398009580626,6,2,0,2,10,r340_t1.2_t1.2_260.cif,340,1.2,260,0.0821100000000569
d:\New folder\project\data\r340\t1.2\t1.2_280.cif,2.015330442146393,3.0,3.0,3.0,2,0,0,0,2,r340_t1.2_t1.2_280.cif,340,1.2,280,0.4580799999999954
d:\New folder\project\data\r340\t1.2\t1.2_300.cif,2.2312619350394307,3.0,2.6983109133880836,2.7681223028799247,2,0,4,4,10,r340_t1.2_t1.2_300.cif,340,1.2,300,0.2088400000000092
d:\New folder\project\data\r340\t1.2\t1.2_320.cif,3.0,3.0,2.7035476585458995,2.238243759441576,0,0,4,2,6,r340_t1.2_t1.2_320.cif,340,1.2,320,0.1613300000000208
d:\New folder\project\data\r340\t1.2\t1.2_340.cif,3.0,3.0,3.0,2.0372793530785236,0,0,0,2,2,r340_t1.2_t1.2_340.cif,340,1.2,340,0.2204400000000532
d:\New folder\project\data\r340\t1.2\t1.2_40.cif,2.4418584857149637,3.0,3.0,2.7093773101206398,2,0,0,4,6,r340_t1.2_t1.2_40.cif,340,1.2,40,0.5194200000000819
d:\New folder\project\data\r340\t1.2\t1.2_60.cif,3.0,2.9890273848633035,2.5700582220275727,3.0,0,2,2,0,4,r340_t1.2_t1.2_60.cif,340,1.2,60,0.6471000000000231
d:\New folder\project\data\r340\t1.2\t1.2_80.cif,2.300010390127573,3.1534279388857662,3.0,2.623844870978763,2,2,0,2,6,r340_t1.2_t1.2_80.cif,340,1.2,80,0.4938100000000531
d:\New folder\project\data\r340\t2.4\t2.4_0.cif,2.327724830671038,3.0,3.0,2.6897969129439074,4,0,0,2,6,r340_t2.4_t2.4_0.cif,340,2.4,0,0.3861000000000558
d:\New folder\project\data\r340\t2.4\t2.4_100.cif,2.074603381014861,3.0,3.0,2.271116171116133,2,0,0,2,4,r340_t2.4_t2.4_100.cif,340,2.4,100,0.4378100000000131
d:\New folder\project\data\r340\t2.4\t2.4_120.cif,2.159979996447019,3.0,3.0,2.175201025006514,2,0,0,2,4,r340_t2.4_t2.4_120.cif,340,2.4,120,0.3784299999999803
d:\New folder\project\data\r340\t2.4\t2.4_140.cif,2.444748516061481,3.0,3.0,2.6881019167436655,2,0,0,2,4,r340_t2.4_t2.4_140.cif,340,2.4,140,0.3450200000000905
d:\New folder\project\data\r340\t2.4\t2.4_160.cif,3.0,3.0,2.385093581939469,3.0,0,0,2,0,2,r340_t2.4_t2.4_160.cif,340,2.4,160,0.4601300000000492
d:\New folder\project\data\r340\t2.4\t2.4_180.cif,3.0,3.0,2.3362776642908063,3.0,0,0,2,0,2,r340_t2.4_t2.4_180.cif,340,2.4,180,0.363990000000058
d:\New folder\project\data\r340\t2.4\t2.4_20.cif,2.0526179258759196,3.0,3.0,2.6194829048797055,2,0,0,2,4,r340_t2.4_t2.4_20.cif,340,2.4,20,0.5333300000000918
d:\New folder\project\data\r340\t2.4\t2.4_200.cif,1.781943221911294,3.0,2.2111195351776853,2.526141881223511,3,0,2,6,11,r340_t2.4_t2.4_200.cif,340,2.4,200,-0.0686999999999216
d:\New folder\project\data\r340\t2.4\t2.4_220.cif,1.781059402628168,3.0408750817204546,2.283712109128052,2.2721067910793136,3,2,2,5,12,r340_t2.4_t2.4_220.cif,340,2.4,220,-0.1773200000000088
d:\New folder\project\data\r340\t2.4\t2.4_240.cif,2.4438050266251956,3.0,3.0,3.0,2,0,0,0,2,r340_t2.4_t2.4_240.cif,340,2.4,240,0.396940000000086
d:\New folder\project\data\r340\t2.4\t2.4_260.cif,2.347366958878311,2.8988598373296948,2.627035311077416,1.9643025895563315,4,3,2,2,11,r340_t2.4_t2.4_260.cif,340,2.4,260,-0.0951599999999643
d:\New folder\project\data\r340\t2.4\t2.4_280.cif,2.4223814614424843,3.0,3.0,3.0,2,0,0,0,2,r340_t2.4_t2.4_280.cif,340,2.4,280,0.4720200000000432
d:\New folder\project\data\r340\t2.4\t2.4_300.cif,2.4361404076125632,3.0,3.0,3.0,2,0,0,0,2,r340_t2.4_t2.4_300.cif,340,2.4,300,0.4361800000000357
d:\New folder\project\data\r340\t2.4\t2.4_320.cif,2.230822353065669,3.0,3.0,3.0,2,0,0,0,2,r340_t2.4_t2.4_320.cif,340,2.4,320,0.4764999999999872
d:\New folder\project\data\r340\t2.4\t2.4_340.cif,2.1398372119452804,3.0,3.0,2.2749781620545892,2,0,0,2,4,r340_t2.4_t2.4_340.cif,340,2.4,340,0.4398800000000165
d:\New folder\project\data\r340\t2.4\t2.4_40.cif,3.0,3.0,2.451495270335701,2.508816619505617,0,0,2,2,4,r340_t2.4_t2.4_40.cif,340,2.4,40,0.4175700000000688
d:\New folder\project\data\r340\t2.4\t2.4_60.cif,3.0,3.0894043476964312,2.2390512370028564,3.0,0,2,2,0,4,r340_t2.4_t2.4_60.cif,340,2.4,60,0.4988500000000613
d:\New folder\project\data\r340\t2.4\t2.4_80.cif,2.4365062550802907,3.0,2.6374474552535987,2.532158277177789,4,0,2,2,8,r340_t2.4_t2.4_80.cif,340,2.4,80,0.3553100000000313
d:\New folder\project\data\r340\t3.6\t3.6_0.cif,2.3117748057266123,3.0,3.0,3.0,4,0,0,0,4,r340_t3.6_t3.6_0.cif,340,3.6,0,0.520430000000033
d:\New folder\project\data\r340\t3.6\t3.6_100.cif,2.027595900344986,3.0,2.6269744661025287,2.639948624832897,2,0,2,2,6,r340_t3.6_t3.6_100.cif,340,3.6,100,0.3160000000000309
d:\New folder\project\data\r340\t3.6\t3.6_120.cif,2.279427500168492,3.145870319663304,3.0,2.2149337185726004,4,2,0,2,8,r340_t3.6_t3.6_120.cif,340,3.6,120,0.4532800000000634
d:\New folder\project\data\r340\t3.6\t3.6_140.cif,3.0,3.0,3.0,3.0,0,0,0,0,0,r340_t3.6_t3.6_140.cif,340,3.6,140,0.5453800000000228
d:\New folder\project\data\r340\t3.6\t3.6_160.cif,2.453863536724476,3.0,2.4001449194229894,3.0,2,0,2,0,4,r340_t3.6_t3.6_160.cif,340,3.6,160,0.2407800000000861
d:\New folder\project\data\r340\t3.6\t3.6_180.cif,3.0,3.0,2.6229330146963092,3.0,0,0,2,0,2,r340_t3.6_t3.6_180.cif,340,3.6,180,0.2803099999999858
d:\New folder\project\data\r340\t3.6\t3.6_20.cif,2.2165532847729406,3.0,3.0,3.0,4,0,0,0,4,r340_t3.6_t3.6_20.cif,340,3.6,20,0.5993799999999965
d:\New folder\project\data\r340\t3.6\t3.6_200.cif,3.0,3.0,2.3557422221708877,2.5230823924034933,0,0,2,2,4,r340_t3.6_t3.6_200.cif,340,3.6,200,-0.0626199999999244
d:\New folder\project\data\r340\t3.6\t3.6_220.cif,1.7782205215472628,3.0,2.211736986431208,2.3772306125186202,4,0,2,6,12,r340_t3.6_t3.6_220.cif,340,3.6,220,-0.2110699999999497
d:\New folder\project\data\r340\t3.6\t3.6_240.cif,2.2148458751090376,3.0583761922379633,2.6625269796760254,2.616190952716263,2,2,4,5,13,r340_t3.6_t3.6_240.cif,340,3.6,240,-0.1614299999999957
d:\New folder\project\data\r340\t3.6\t3.6_260.cif,3.0,3.0790087407369153,3.0,2.362469438096574,0,2,0,2,4,r340_t3.6_t3.6_260.cif,340,3.6,260,0.1856400000000349
d:\New folder\project\data\r340\t3.6\t3.6_280.cif,3.0,3.1146118617308085,3.0,2.6146489401686552,0,2,0,2,4,r340_t3.6_t3.6_280.cif,340,3.6,280,0.3103700000000344
d:\New folder\project\data\r340\t3.6\t3.6_300.cif,2.2452843773058873,2.778807906067028,2.4629579592882456,1.823569184365683,2,2,2,2,8,r340_t3.6_t3.6_300.cif,340,3.6,300,0.0258499999999912
d:\New folder\project\data\r340\t3.6\t3.6_320.cif,2.2989406464012068,2.744178440571173,2.4054236266915963,1.8685507566253055,4,2,2,2,10,r340_t3.6_t3.6_320.cif,340,3.6,320,0.1151300000000219
d:\New folder\project\data\r340\t3.6\t3.6_340.cif,2.288210684603233,2.7439058639941467,2.2571889727727523,1.8213244590805246,4,2,2,2,10,r340_t3.6_t3.6_340.cif,340,3.6,340,0.1398000000000365
d:\New folder\project\data\r340\t3.6\t3.6_40.cif,2.4809318822056206,3.0,2.3722396287562524,2.60503099075945,2,0,2,2,6,r340_t3.6_t3.6_40.cif,340,3.6,40,0.3853300000000672
d:\New folder\project\data\r340\t3.6\t3.6_60.cif,3.0,3.0,2.203035111921297,3.0,0,0,2,0,2,r340_t3.6_t3.6_60.cif,340,3.6,60,0.3085100000000693
d:\New folder\project\data\r340\t3.6\t3.6_80.cif,1.9763352729957224,3.0,2.5283077595458394,2.6181350520283533,2,0,2,2,6,r340_t3.6_t3.6_80.cif,340,3.6,80,0.0402400000000398
d:\New folder\project\data\r340\t4.8\t4.8_0.cif,2.301855944460763,2.7341792479340845,2.3691063325863877,1.7643306220456063,2,2,2,2,8,r340_t4.8_t4.8_0.cif,340,4.8,0,-0.1260599999999385
d:\New folder\project\data\r340\t4.8\t4.8_100.cif,1.8903888231676023,2.8118099212730265,2.66025901318767,1.994919058221078,2,2,4,2,10,r340_t4.8_t4.8_100.cif,340,4.8,100,-0.1855399999999463
d:\New folder\project\data\r340\t4.8\t4.8_120.cif,1.8524002211123798,2.7356148090702854,2.5845739935728065,1.9754505732965617,2,2,2,2,8,r340_t4.8_t4.8_120.cif,340,4.8,120,0.1519100000000435
d:\New folder\project\data\r340\t4.8\t4.8_140.cif,2.3970242665615964,2.6955522186044005,2.637806021063541,1.7064690511797513,2,2,2,2,8,r340_t4.8_t4.8_140.cif,340,4.8,140,-0.3149499999999534
d:\New folder\project\data\r340\t4.8\t4.8_160.cif,3.0,3.0,2.607680313620539,2.6700369043170813,0,0,2,4,6,r340_t4.8_t4.8_160.cif,340,4.8,160,0.0864300000000639
d:\New folder\project\data\r340\t4.8\t4.8_180.cif,3.0,3.0,3.0,2.8205761691937545,0,0,0,1,1,r340_t4.8_t4.8_180.cif,340,4.8,180,0.325170000000071
d:\New folder\project\data\r340\t4.8\t4.8_20.cif,1.9616217298516911,3.0,3.0,3.0,2,0,0,0,2,r340_t4.8_t4.8_20.cif,340,4.8,20,0.6094300000000885
d:\New folder\project\data\r340\t4.8\t4.8_200.cif,2.4565147598129577,3.0,2.4474391786347995,2.2705795489964324,1,0,1,2,4,r340_t4.8_t4.8_200.cif,340,4.8,200,-0.0901799999999184
d:\New folder\project\data\r340\t4.8\t4.8_220.cif,1.77733587417324,3.0,2.037486073266062,2.317816787349304,4,0,2,5,11,r340_t4.8_t4.8_220.cif,340,4.8,220,-0.1515799999999671
d:\New folder\project\data\r340\t4.8\t4.8_240.cif,2.3898924132011627,3.0,2.806334462430714,2.535685502920067,2,0,2,4,8,r340_t4.8_t4.8_240.cif,340,4.8,240,0.0049999999999954
d:\New folder\project\data\r340\t4.8\t4.8_260.cif,3.0,3.0,2.706884620514968,2.1680909750007356,0,0,2,2,4,r340_t4.8_t4.8_260.cif,340,4.8,260,0.1832800000000816
d:\New folder\project\data\r340\t4.8\t4.8_280.cif,3.0,3.0,2.6659411190562565,2.259623278669009,0,0,2,2,4,r340_t4.8_t4.8_280.cif,340,4.8,280,0.2459200000000692
d:\New folder\project\data\r340\t4.8\t4.8_300.cif,2.330766016984664,2.760639939040124,2.5495190821204803,2.2573200968311014,2,2,4,4,12,r340_t4.8_t4.8_300.cif,340,4.8,300,-0.1264400000000023
d:\New folder\project\data\r340\t4.8\t4.8_320.cif,2.3240439298434064,2.735579118609083,2.2577043941434933,1.7735972848431976,2,2,2,2,8,r340_t4.8_t4.8_320.cif,340,4.8,320,0.0033100000000558
d:\New folder\project\data\r340\t4.8\t4.8_340.cif,2.4198974567339855,2.7056295782279163,2.2921103106533827,1.7271609717334504,4,2,2,2,10,r340_t4.8_t4.8_340.cif,340,4.8,340,-0.0526699999999209
d:\New folder\project\data\r340\t4.8\t4.8_40.cif,2.4462662452316857,3.0,2.5251672665620513,3.0,2,0,2,0,4,r340_t4.8_t4.8_40.cif,340,4.8,40,0.3413699999999835
d:\New folder\project\data\r340\t4.8\t4.8_60.cif,3.0,3.0,2.3504619648789657,3.0,0,0,2,0,2,r340_t4.8_t4.8_60.cif,340,4.8,60,0.2265899999999874
d:\New folder\project\data\r340\t4.8\t4.8_80.cif,1.9733027134820142,2.865181646314105,2.5160987960184116,2.0418433860735274,2,2,4,2,10,r340_t4.8_t4.8_80.cif,340,4.8,80,-0.2391499999999951
d:\New folder\project\data\r340\t6.0\t6.0_0.cif,3.0,3.0,3.0,3.0,0,0,0,0,0,r340_t6.0_t6.0_0.cif,340,6.0,0,0.5425900000000183
d:\New folder\project\data\r340\t6.0\t6.0_100.cif,2.237506860551839,2.813099642609459,2.567609643060138,1.9935067571756229,5,2,4,2,13,r340_t6.0_t6.0_100.cif,340,6.0,100,-0.2104399999999486
d:\New folder\project\data\r340\t6.0\t6.0_120.cif,2.1703722742820015,2.7485074647607073,2.3614589966043393,1.9778790735285252,4,2,2,2,10,r340_t6.0_t6.0_120.cif,340,6.0,120,0.0706099999999878
d:\New folder\project\data\r340\t6.0\t6.0_140.cif,2.442602277749434,2.7531826036025704,3.0,1.7916788467651172,2,2,0,2,6,r340_t6.0_t6.0_140.cif,340,6.0,140,-0.0457499999999981
d:\New folder\project\data\r340\t6.0\t6.0_160.cif,3.0,3.0,3.0,2.7092152346995175,0,0,0,4,4,r340_t6.0_t6.0_160.cif,340,6.0,160,0.4371800000000121
d:\New folder\project\data\r340\t6.0\t6.0_180.cif,3.0,3.0,3.0,2.3722050357737623,0,0,0,2,2,r340_t6.0_t6.0_180.cif,340,6.0,180,0.3535500000000411
d:\New folder\project\data\r340\t6.0\t6.0_20.cif,2.4044051893928096,3.0,3.0,3.0,2,0,0,0,2,r340_t6.0_t6.0_20.cif,340,6.0,20,0.5323100000000522
d:\New folder\project\data\r340\t6.0\t6.0_200.cif,2.495367381823901,3.0,3.0,2.487681691373802,1,0,0,4,5,r340_t6.0_t6.0_200.cif,340,6.0,200,0.0127800000000206
d:\New folder\project\data\r340\t6.0\t6.0_220.cif,3.0,3.0,3.0,2.6095922403457354,0,0,0,4,4,r340_t6.0_t6.0_220.cif,340,6.0,220,0.0395800000000008
d:\New folder\project\data\r340\t6.0\t6.0_240.cif,2.316006928721169,3.0,2.7420128954661918,2.4116853217215137,2,0,2,4,8,r340_t6.0_t6.0_240.cif,340,6.0,240,0.0957500000000664
d:\New folder\project\data\r340\t6.0\t6.0_260.cif,2.221761932821884,3.0,2.6493619738266743,2.14936149775902,2,0,2,2,6,r340_t6.0_t6.0_260.cif,340,6.0,260,0.186170000000061
d:\New folder\project\data\r340\t6.0\t6.0_280.cif,2.2788786408290194,3.0,2.6348920627561054,2.2759255246466457,2,0,2,2,6,r340_t6.0_t6.0_280.cif,340,6.0,280,0.2417199999999866
d:\New folder\project\data\r340\t6.0\t6.0_300.cif,2.3946436767100616,3.0,2.6037366670086737,2.4225111127827343,2,0,2,2,6,r340_t6.0_t6.0_300.cif,340,6.0,300,0.3234100000000808
d:\New folder\project\data\r340\t6.0\t6.0_320.cif,2.2315643568517487,3.017990291706438,2.8083229578005424,3.0,2,2,2,0,6,r340_t6.0_t6.0_320.cif,340,6.0,320,0.7233800000000201
d:\New folder\project\data\r340\t6.0\t6.0_340.cif,2.470318510514814,3.0739201206265445,3.0,3.0,2,2,0,0,4,r340_t6.0_t6.0_340.cif,340,6.0,340,0.6889100000000781
d:\New folder\project\data\r340\t6.0\t6.0_40.cif,2.4243711186209955,3.0,3.0,3.0,2,0,0,0,2,r340_t6.0_t6.0_40.cif,340,6.0,40,0.495010000000093
d:\New folder\project\data\r340\t6.0\t6.0_60.cif,2.0602719346216034,3.0,2.5014671602865115,2.0365496892968373,5,0,4,2,11,r340_t6.0_t6.0_60.cif,340,6.0,60,-0.0013199999999642
d:\New folder\project\data\r340\t6.0\t6.0_80.cif,2.247104971041426,2.891995477221063,2.450203313819242,2.0661650793806148,4,2,4,2,12,r340_t6.0_t6.0_80.cif,340,6.0,80,-0.277780000000007
d:\New folder\project\data\r340\t7.2\t7.2_0.cif,3.0,3.0,2.6255836258229475,2.7289580370651128,0,0,2,3,5,r340_t7.2_t7.2_0.cif,340,7.2,0,0.2883000000000493
d:\New folder\project\data\r340\t7.2\t7.2_100.cif,2.1846913125671907,2.834880762715942,2.3454829185248536,2.0213757815222495,4,2,2,2,10,r340_t7.2_t7.2_100.cif,340,7.2,100,-0.1190899999999146
d:\New folder\project\data\r340\t7.2\t7.2_120.cif,2.227315452861176,2.85706456896943,2.217657783053406,2.3383007587282694,2,2,2,3,9,r340_t7.2_t7.2_120.cif,340,7.2,120,0.1916300000000319
d:\New folder\project\data\r340\t7.2\t7.2_140.cif,3.0,3.0,2.3186994461709256,2.336370892912863,0,0,2,2,4,r340_t7.2_t7.2_140.cif,340,7.2,140,0.3159100000000308
d:\New folder\project\data\r340\t7.2\t7.2_160.cif,3.0,3.0,3.0,2.464639933939724,0,0,0,2,2,r340_t7.2_t7.2_160.cif,340,7.2,160,0.520719999999983
d:\New folder\project\data\r340\t7.2\t7.2_180.cif,3.0,3.0,3.0,2.2866889436061144,0,0,0,2,2,r340_t7.2_t7.2_180.cif,340,7.2,180,0.4923499999999876
d:\New folder\project\data\r340\t7.2\t7.2_20.cif,3.0,3.0,3.0,3.0,0,0,0,0,0,r340_t7.2_t7.2_20.cif,340,7.2,20,0.4731900000000451
d:\New folder\project\data\r340\t7.2\t7.2_200.cif,3.0,3.0,3.0,2.42277323591997,0,0,0,2,2,r340_t7.2_t7.2_200.cif,340,7.2,200,0.3416200000000344
d:\New folder\project\data\r340\t7.2\t7.2_220.cif,2.498362307382531,3.0,3.0,2.3556050805492785,1,0,0,2,3,r340_t7.2_t7.2_220.cif,340,7.2,220,0.2528700000000299
d:\New folder\project\data\r340\t7.2\t7.2_240.cif,2.004145710242853,3.0,3.0,2.3229481462765507,2,0,0,2,4,r340_t7.2_t7.2_240.cif,340,7.2,240,0.2936600000000453
d:\New folder\project\data\r340\t7.2\t7.2_260.cif,1.8987323552235988,3.0,3.0,2.737761845319436,2,0,0,6,8,r340_t7.2_t7.2_260.cif,340,7.2,260,0.3089800000000196
d:\New folder\project\data\r340\t7.2\t7.2_280.cif,2.1067384231838817,3.0,2.608902264201322,2.51647263676111,2,0,2,2,6,r340_t7.2_t7.2_280.cif,340,7.2,280,0.2771300000000565
d:\New folder\project\data\r340\t7.2\t7.2_300.cif,2.3149456295384514,3.0,2.4233924579972665,2.5560208545192125,2,0,2,2,6,r340_t7.2_t7.2_300.cif,340,7.2,300,0.3779000000000678
d:\New folder\project\data\r340\t7.2\t7.2_320.cif,2.4171448110324674,3.0,2.2229503567975497,3.0,2,0,2,0,4,r340_t7.2_t7.2_320.cif,340,7.2,320,0.5442500000000337
d:\New folder\project\data\r340\t7.2\t7.2_340.cif,3.0,3.0,2.2906265375043926,2.6386118896528927,0,0,2,2,4,r340_t7.2_t7.2_340.cif,340,7.2,340,0.341980000000035
d:\New folder\project\data\r340\t7.2\t7.2_40.cif,3.0,3.0,3.0,3.0,0,0,0,0,0,r340_t7.2_t7.2_40.cif,340,7.2,40,0.5035000000000309
d:\New folder\project\data\r340\t7.2\t7.2_60.cif,3.0,3.0,3.0,3.0,0,0,0,0,0,r340_t7.2_t7.2_60.cif,340,7.2,60,0.3577099999999973
d:\New folder\project\data\r340\t7.2\t7.2_80.cif,2.3101402484386746,2.8409947185396764,2.3911095982600905,1.9978211281570772,5,2,3,2,12,r340_t7.2_t7.2_80.cif,340,7.2,80,-0.2342299999999113
d:\New folder\project\data\r340\t8.4\t8.4_0.cif,3.0,3.0,2.78264210670885,2.556697419137266,0,0,2,4,6,r340_t8.4_t8.4_0.cif,340,8.4,0,0.1962399999999888
d:\New folder\project\data\r340\t8.4\t8.4_100.cif,1.789295278038831,3.0,2.6148779552365315,2.30526135803539,2,0,2,2,6,r340_t8.4_t8.4_100.cif,340,8.4,100,0.3946200000000317
d:\New folder\project\data\r340\t8.4\t8.4_120.cif,2.1678463891116326,3.0,2.3263070139486612,2.721250814464223,4,0,2,4,10,r340_t8.4_t8.4_120.cif,340,8.4,120,0.388590000000022
d:\New folder\project\data\r340\t8.4\t8.4_140.cif,2.436748261824262,3.0,2.4229970500670905,2.351350338357151,4,0,2,2,8,r340_t8.4_t8.4_140.cif,340,8.4,140,0.3768499999999903
d:\New folder\project\data\r340\t8.4\t8.4_160.cif,2.4674852879345117,3.0,3.0,2.432190328449982,2,0,0,2,4,r340_t8.4_t8.4_160.cif,340,8.4,160,0.4847300000000132
d:\New folder\project\data\r340\t8.4\t8.4_180.cif,2.1974692316592517,3.0,3.0,2.710161825967342,2,0,0,2,4,r340_t8.4_t8.4_180.cif,340,8.4,180,0.6907899999999927
d:\New folder\project\data\r340\t8.4\t8.4_20.cif,3.0,3.0,3.0,2.319907782239448,0,0,0,2,2,r340_t8.4_t8.4_20.cif,340,8.4,20,0.4106600000000071
d:\New folder\project\data\r340\t8.4\t8.4_200.cif,3.0,3.0,3.0,2.646181987487679,0,0,0,4,4,r340_t8.4_t8.4_200.cif,340,8.4,200,0.3800600000000713
d:\New folder\project\data\r340\t8.4\t8.4_220.cif,2.3164747423677854,3.0,3.0,2.2846035814180077,2,0,0,2,4,r340_t8.4_t8.4_220.cif,340,8.4,220,0.3847600000000284
d:\New folder\project\data\r340\t8.4\t8.4_240.cif,1.9294976534229384,3.0,3.0,2.6042563654238418,2,0,0,4,6,r340_t8.4_t8.4_240.cif,340,8.4,240,0.3568500000000085
d:\New folder\project\data\r340\t8.4\t8.4_260.cif,2.221645599820275,3.0,3.0,2.4845165961262943,4,0,0,2,6,r340_t8.4_t8.4_260.cif,340,8.4,260,0.3356700000000501
d:\New folder\project\data\r340\t8.4\t8.4_280.cif,2.3972778897267126,3.0,2.444970972593266,2.4113580285830616,4,0,2,2,8,r340_t8.4_t8.4_280.cif,340,8.4,280,0.2581000000000131
d:\New folder\project\data\r340\t8.4\t8.4_300.cif,2.3432608622281883,3.0,2.1664752701136356,2.6868611068221937,2,0,2,2,6,r340_t8.4_t8.4_300.cif,340,8.4,300,0.2539600000000064
d:\New folder\project\data\r340\t8.4\t8.4_320.cif,3.0,3.0,2.216871050946156,2.388417038991391,0,0,2,2,4,r340_t8.4_t8.4_320.cif,340,8.4,320,0.1836600000000317
d:\New folder\project\data\r340\t8.4\t8.4_340.cif,3.0,3.0,2.3119881528843518,2.4061399411832616,0,0,2,2,4,r340_t8.4_t8.4_340.cif,340,8.4,340,0.1824200000000928
d:\New folder\project\data\r340\t8.4\t8.4_40.cif,3.0,3.0,3.0,2.328030201258982,0,0,0,2,2,r340_t8.4_t8.4_40.cif,340,8.4,40,0.4923700000000508
d:\New folder\project\data\r340\t8.4\t8.4_60.cif,3.0,3.0,3.0,3.0,0,0,0,0,0,r340_t8.4_t8.4_60.cif,340,8.4,60,0.5434300000000576
d:\New folder\project\data\r340\t8.4\t8.4_80.cif,2.0903926529558943,3.0,2.8015491446766476,2.516653551248952,2,0,2,2,6,r340_t8.4_t8.4_80.cif,340,8.4,80,0.2882100000000491
d:\New folder\project\data\r340\t9.6\t9.6_0.cif,3.0,3.0,3.0,2.527812550757817,0,0,0,4,4,r340_t9.6_t9.6_0.cif,340,9.6,0,0.2019800000000486
d:\New folder\project\data\r340\t9.6\t9.6_100.cif,2.2807244985255006,3.0,3.0,2.293634809393228,3,0,0,2,5,r340_t9.6_t9.6_100.cif,340,9.6,100,0.3587800000000243
d:\New folder\project\data\r340\t9.6\t9.6_120.cif,2.2723225781288248,3.0,3.0,2.367904783326903,4,0,0,2,6,r340_t9.6_t9.6_120.cif,340,9.6,120,0.3776000000000294
d:\New folder\project\data\r340\t9.6\t9.6_140.cif,2.1408621915691657,3.0,3.0,3.0,2,0,0,0,2,r340_t9.6_t9.6_140.cif,340,9.6,140,0.4800300000000561
d:\New folder\project\data\r340\t9.6\t9.6_160.cif,2.2715487618560566,3.0,3.0,3.0,4,0,0,0,4,r340_t9.6_t9.6_160.cif,340,9.6,160,0.6748600000000806
d:\New folder\project\data\r340\t9.6\t9.6_180.cif,2.234335105539831,3.0,2.7660331447238553,3.0,2,0,2,0,4,r340_t9.6_t9.6_180.cif,340,9.6,180,0.7013699999999972
d:\New folder\project\data\r340\t9.6\t9.6_20.cif,3.0,3.0,3.0,2.349687679896829,0,0,0,2,2,r340_t9.6_t9.6_20.cif,340,9.6,20,0.4051000000000613
d:\New folder\project\data\r340\t9.6\t9.6_200.cif,3.0,3.0,2.565610230156258,3.0,0,0,2,0,2,r340_t9.6_t9.6_200.cif,340,9.6,200,0.3840900000000147
d:\New folder\project\data\r340\t9.6\t9.6_220.cif,2.2900775082569167,3.0,2.784135793840224,3.0,2,0,1,0,3,r340_t9.6_t9.6_220.cif,340,9.6,220,0.3430799999999863
d:\New folder\project\data\r340\t9.6\t9.6_240.cif,2.232152897028337,3.0,3.0,3.0,4,0,0,0,4,r340_t9.6_t9.6_240.cif,340,9.6,240,0.4271800000000212
d:\New folder\project\data\r340\t9.6\t9.6_260.cif,1.997334726405764,3.0,3.0,3.0,2,0,0,0,2,r340_t9.6_t9.6_260.cif,340,9.6,260,0.4547300000000405
d:\New folder\project\data\r340\t9.6\t9.6_280.cif,2.1863010186683827,3.0,2.419395304805037,2.615418403870015,2,0,2,2,6,r340_t9.6_t9.6_280.cif,340,9.6,280,0.2456200000000308
d:\New folder\project\data\r340\t9.6\t9.6_300.cif,2.325989374576471,3.0,2.3025835403774746,3.0,2,0,2,0,4,r340_t9.6_t9.6_300.cif,340,9.6,300,0.1689800000000332
d:\New folder\project\data\r340\t9.6\t9.6_320.cif,3.0,3.0,2.4818046531877807,2.268356594777835,0,0,2,2,4,r340_t9.6_t9.6_320.cif,340,9.6,320,0.1275900000000547
d:\New folder\project\data\r340\t9.6\t9.6_340.cif,3.0,3.0,3.0,2.0932052597405955,0,0,0,2,2,r340_t9.6_t9.6_340.cif,340,9.6,340,0.1680900000000065
d:\New folder\project\data\r340\t9.6\t9.6_40.cif,3.0,3.0,3.0,2.3173637741154383,0,0,0,2,2,r340_t9.6_t9.6_40.cif,340,9.6,40,0.543769999999995
d:\New folder\project\data\r340\t9.6\t9.6_60.cif,3.0,3.003656249749401,3.0,2.7132981652601496,0,2,0,2,4,r340_t9.6_t9.6_60.cif,340,9.6,60,0.6885800000000017
d:\New folder\project\data\r340\t9.6\t9.6_80.cif,2.1364860463125193,3.0,3.0,2.2753547432238945,2,0,0,2,4,r340_t9.6_t9.6_80.cif,340,9.6,80,0.4028200000000197
